solid OpenSCAD_Model
  facet normal 1 -0 0
    outer loop
      vertex -9.5 9.5 16.6
      vertex -9.5 11.9 2
      vertex -9.5 11.9 16.6
    endloop
  endfacet
  facet normal 1 0 0
    outer loop
      vertex -9.5 11.9 2
      vertex -9.5 9.5 16.6
      vertex -9.5 9.5 2
    endloop
  endfacet
  facet normal -0 0 1
    outer loop
      vertex -11.9 9.5 2
      vertex -9.5 -9.5 2
      vertex -9.5 9.5 2
    endloop
  endfacet
  facet normal 0 0 1
    outer loop
      vertex -9.5 -9.5 2
      vertex -11.9 9.5 2
      vertex -11.9 -9.5 2
    endloop
  endfacet
  facet normal -0 0 1
    outer loop
      vertex 9.5 9.5 2
      vertex 11.9 -9.5 2
      vertex 11.9 9.5 2
    endloop
  endfacet
  facet normal 0 0 1
    outer loop
      vertex 11.9 -9.5 2
      vertex 9.5 9.5 2
      vertex 9.5 -9.5 2
    endloop
  endfacet
  facet normal 0 0 1
    outer loop
      vertex 11.9 9.5 2
      vertex 16.15 16.15 2
      vertex 11.9 11.9 2
    endloop
  endfacet
  facet normal 0 0 1
    outer loop
      vertex 16.15 16.15 2
      vertex 9.5 11.9 2
      vertex 11.9 11.9 2
    endloop
  endfacet
  facet normal -0 0 1
    outer loop
      vertex 2.49049 10.2179 2
      vertex 9.5 9.5 2
      vertex 9.5 11.9 2
    endloop
  endfacet
  facet normal 0 0 1
    outer loop
      vertex 1.76777 8.23223 2
      vertex 9.5 9.5 2
      vertex 1.91511 8.39303 2
    endloop
  endfacet
  facet normal 0 0 1
    outer loop
      vertex 9.5 9.5 2
      vertex 2.5 10 2
      vertex 2.49049 9.78211 2
    endloop
  endfacet
  facet normal -0 0 1
    outer loop
      vertex 0.85505 12.3492 2
      vertex 9.5 11.9 2
      vertex 16.15 16.15 2
    endloop
  endfacet
  facet normal 0 0 1
    outer loop
      vertex 9.5 9.5 2
      vertex 2.49049 10.2179 2
      vertex 2.5 10 2
    endloop
  endfacet
  facet normal 0 0 1
    outer loop
      vertex 9.5 11.9 2
      vertex 2.46202 10.4341 2
      vertex 2.49049 10.2179 2
    endloop
  endfacet
  facet normal 0 0 1
    outer loop
      vertex 9.5 11.9 2
      vertex 2.41481 10.647 2
      vertex 2.46202 10.4341 2
    endloop
  endfacet
  facet normal 0 0 1
    outer loop
      vertex 9.5 11.9 2
      vertex 2.34923 10.8551 2
      vertex 2.41481 10.647 2
    endloop
  endfacet
  facet normal 0 0 1
    outer loop
      vertex 9.5 11.9 2
      vertex 2.26577 11.0565 2
      vertex 2.34923 10.8551 2
    endloop
  endfacet
  facet normal 0 0 1
    outer loop
      vertex 9.5 11.9 2
      vertex 2.16506 11.25 2
      vertex 2.26577 11.0565 2
    endloop
  endfacet
  facet normal 0 0 1
    outer loop
      vertex 9.5 11.9 2
      vertex 2.04788 11.4339 2
      vertex 2.16506 11.25 2
    endloop
  endfacet
  facet normal 0 0 1
    outer loop
      vertex 9.5 11.9 2
      vertex 1.91511 11.607 2
      vertex 2.04788 11.4339 2
    endloop
  endfacet
  facet normal 0 0 1
    outer loop
      vertex 9.5 11.9 2
      vertex 1.76777 11.7678 2
      vertex 1.91511 11.607 2
    endloop
  endfacet
  facet normal 0 0 1
    outer loop
      vertex 9.5 11.9 2
      vertex 1.60697 11.9151 2
      vertex 1.76777 11.7678 2
    endloop
  endfacet
  facet normal 0 0 1
    outer loop
      vertex 9.5 11.9 2
      vertex 1.43394 12.0479 2
      vertex 1.60697 11.9151 2
    endloop
  endfacet
  facet normal 0 0 1
    outer loop
      vertex 9.5 11.9 2
      vertex 1.25 12.1651 2
      vertex 1.43394 12.0479 2
    endloop
  endfacet
  facet normal 0 0 1
    outer loop
      vertex 9.5 11.9 2
      vertex 1.05655 12.2658 2
      vertex 1.25 12.1651 2
    endloop
  endfacet
  facet normal 0 0 1
    outer loop
      vertex 9.5 11.9 2
      vertex 0.85505 12.3492 2
      vertex 1.05655 12.2658 2
    endloop
  endfacet
  facet normal 0 0 1
    outer loop
      vertex 16.15 16.15 2
      vertex 0.647047 12.4148 2
      vertex 0.85505 12.3492 2
    endloop
  endfacet
  facet normal 0 0 1
    outer loop
      vertex 16.15 16.15 2
      vertex 0.43412 12.462 2
      vertex 0.647047 12.4148 2
    endloop
  endfacet
  facet normal 0 0 1
    outer loop
      vertex 16.15 16.15 2
      vertex 0.217889 12.4905 2
      vertex 0.43412 12.462 2
    endloop
  endfacet
  facet normal 0 0 1
    outer loop
      vertex 16.15 16.15 2
      vertex 0 12.5 2
      vertex 0.217889 12.4905 2
    endloop
  endfacet
  facet normal -0 0 1
    outer loop
      vertex -16.15 16.15 2
      vertex 0 12.5 2
      vertex 16.15 16.15 2
    endloop
  endfacet
  facet normal 0 0 1
    outer loop
      vertex 0 12.5 2
      vertex -16.15 16.15 2
      vertex -0.217889 12.4905 2
    endloop
  endfacet
  facet normal 0 0 1
    outer loop
      vertex -0.217889 12.4905 2
      vertex -16.15 16.15 2
      vertex -0.43412 12.462 2
    endloop
  endfacet
  facet normal 0 0 1
    outer loop
      vertex -9.5 9.5 2
      vertex -2.49049 10.2179 2
      vertex -9.5 11.9 2
    endloop
  endfacet
  facet normal 0 0 1
    outer loop
      vertex -2.46202 10.4341 2
      vertex -9.5 11.9 2
      vertex -2.49049 10.2179 2
    endloop
  endfacet
  facet normal 0 0 1
    outer loop
      vertex -2.41481 10.647 2
      vertex -9.5 11.9 2
      vertex -2.46202 10.4341 2
    endloop
  endfacet
  facet normal 0 0 1
    outer loop
      vertex -2.34923 10.8551 2
      vertex -9.5 11.9 2
      vertex -2.41481 10.647 2
    endloop
  endfacet
  facet normal 0 0 1
    outer loop
      vertex -2.26577 11.0565 2
      vertex -9.5 11.9 2
      vertex -2.34923 10.8551 2
    endloop
  endfacet
  facet normal 0 0 1
    outer loop
      vertex -2.16506 11.25 2
      vertex -9.5 11.9 2
      vertex -2.26577 11.0565 2
    endloop
  endfacet
  facet normal 0 0 1
    outer loop
      vertex -2.04788 11.4339 2
      vertex -9.5 11.9 2
      vertex -2.16506 11.25 2
    endloop
  endfacet
  facet normal 0 0 1
    outer loop
      vertex -1.91511 11.607 2
      vertex -9.5 11.9 2
      vertex -2.04788 11.4339 2
    endloop
  endfacet
  facet normal 0 0 1
    outer loop
      vertex -1.76777 11.7678 2
      vertex -9.5 11.9 2
      vertex -1.91511 11.607 2
    endloop
  endfacet
  facet normal 0 0 1
    outer loop
      vertex -1.60697 11.9151 2
      vertex -9.5 11.9 2
      vertex -1.76777 11.7678 2
    endloop
  endfacet
  facet normal 0 0 1
    outer loop
      vertex -1.43394 12.0479 2
      vertex -9.5 11.9 2
      vertex -1.60697 11.9151 2
    endloop
  endfacet
  facet normal 0 0 1
    outer loop
      vertex -1.25 12.1651 2
      vertex -9.5 11.9 2
      vertex -1.43394 12.0479 2
    endloop
  endfacet
  facet normal 0 0 1
    outer loop
      vertex -1.05655 12.2658 2
      vertex -9.5 11.9 2
      vertex -1.25 12.1651 2
    endloop
  endfacet
  facet normal 0 0 1
    outer loop
      vertex -0.85505 12.3492 2
      vertex -9.5 11.9 2
      vertex -1.05655 12.2658 2
    endloop
  endfacet
  facet normal 0 0 1
    outer loop
      vertex -16.15 16.15 2
      vertex -0.85505 12.3492 2
      vertex -0.647047 12.4148 2
    endloop
  endfacet
  facet normal 0 0 1
    outer loop
      vertex -0.43412 12.462 2
      vertex -16.15 16.15 2
      vertex -0.647047 12.4148 2
    endloop
  endfacet
  facet normal 0 0 1
    outer loop
      vertex -0.85505 12.3492 2
      vertex -16.15 16.15 2
      vertex -9.5 11.9 2
    endloop
  endfacet
  facet normal 0 0 1
    outer loop
      vertex -16.15 16.15 2
      vertex -11.9 9.5 2
      vertex -11.9 11.9 2
    endloop
  endfacet
  facet normal 0 0 1
    outer loop
      vertex -11.9 9.5 2
      vertex -16.15 16.15 2
      vertex -11.9 -9.5 2
    endloop
  endfacet
  facet normal 0 0 1
    outer loop
      vertex -16.15 -16.15 2
      vertex -11.9 -9.5 2
      vertex -16.15 16.15 2
    endloop
  endfacet
  facet normal 0 0 1
    outer loop
      vertex -9.5 11.9 2
      vertex -16.15 16.15 2
      vertex -11.9 11.9 2
    endloop
  endfacet
  facet normal 0 0 1
    outer loop
      vertex 16.15 16.15 2
      vertex 11.9 9.5 2
      vertex 16.15 -16.15 2
    endloop
  endfacet
  facet normal -0 0 1
    outer loop
      vertex 11.9 -9.5 2
      vertex 16.15 -16.15 2
      vertex 11.9 9.5 2
    endloop
  endfacet
  facet normal -0 0 1
    outer loop
      vertex 11.9 -11.9 2
      vertex 16.15 -16.15 2
      vertex 11.9 -9.5 2
    endloop
  endfacet
  facet normal -0 0 1
    outer loop
      vertex 9.5 -11.9 2
      vertex 16.15 -16.15 2
      vertex 11.9 -11.9 2
    endloop
  endfacet
  facet normal 0 0 1
    outer loop
      vertex 9.5 9.5 2
      vertex 2.49049 9.78211 2
      vertex 2.46202 9.56588 2
    endloop
  endfacet
  facet normal 0 0 1
    outer loop
      vertex 9.5 9.5 2
      vertex 2.46202 9.56588 2
      vertex 2.41481 9.35295 2
    endloop
  endfacet
  facet normal 0 0 1
    outer loop
      vertex 9.5 9.5 2
      vertex 2.41481 9.35295 2
      vertex 2.34923 9.14495 2
    endloop
  endfacet
  facet normal 0 0 1
    outer loop
      vertex 9.5 9.5 2
      vertex 2.34923 9.14495 2
      vertex 2.26577 8.94345 2
    endloop
  endfacet
  facet normal 0 0 1
    outer loop
      vertex 9.5 9.5 2
      vertex 2.26577 8.94345 2
      vertex 2.16506 8.75 2
    endloop
  endfacet
  facet normal 0 0 1
    outer loop
      vertex 9.5 9.5 2
      vertex 2.16506 8.75 2
      vertex 2.04788 8.56606 2
    endloop
  endfacet
  facet normal 0 0 1
    outer loop
      vertex 9.5 9.5 2
      vertex 2.04788 8.56606 2
      vertex 1.91511 8.39303 2
    endloop
  endfacet
  facet normal 0 0 1
    outer loop
      vertex 1.60697 8.08489 2
      vertex 9.5 9.5 2
      vertex 1.76777 8.23223 2
    endloop
  endfacet
  facet normal 0 0 1
    outer loop
      vertex 1.43394 7.95212 2
      vertex 9.5 9.5 2
      vertex 1.60697 8.08489 2
    endloop
  endfacet
  facet normal 0 0 1
    outer loop
      vertex 9.5 9.5 2
      vertex 1.43394 7.95212 2
      vertex 9.5 -9.5 2
    endloop
  endfacet
  facet normal -0 0 1
    outer loop
      vertex 1.25 7.83494 2
      vertex 9.5 -9.5 2
      vertex 1.43394 7.95212 2
    endloop
  endfacet
  facet normal -0 0 1
    outer loop
      vertex 1.05655 7.73423 2
      vertex 9.5 -9.5 2
      vertex 1.25 7.83494 2
    endloop
  endfacet
  facet normal -0 0 1
    outer loop
      vertex 0.85505 7.65077 2
      vertex 9.5 -9.5 2
      vertex 1.05655 7.73423 2
    endloop
  endfacet
  facet normal -0 0 1
    outer loop
      vertex 0.647047 7.58519 2
      vertex 9.5 -9.5 2
      vertex 0.85505 7.65077 2
    endloop
  endfacet
  facet normal -0 0 1
    outer loop
      vertex 0.43412 7.53798 2
      vertex 9.5 -9.5 2
      vertex 0.647047 7.58519 2
    endloop
  endfacet
  facet normal -0 0 1
    outer loop
      vertex 0.217889 7.50951 2
      vertex 9.5 -9.5 2
      vertex 0.43412 7.53798 2
    endloop
  endfacet
  facet normal -0 0 1
    outer loop
      vertex 0 7.5 2
      vertex 9.5 -9.5 2
      vertex 0.217889 7.50951 2
    endloop
  endfacet
  facet normal 0 0 1
    outer loop
      vertex 9.5 -9.5 2
      vertex 0 7.5 2
      vertex -9.5 -9.5 2
    endloop
  endfacet
  facet normal 0 0 1
    outer loop
      vertex -9.5 -9.5 2
      vertex 0 7.5 2
      vertex -0.217889 7.50951 2
    endloop
  endfacet
  facet normal 0 0 1
    outer loop
      vertex -9.5 -9.5 2
      vertex -0.217889 7.50951 2
      vertex -0.43412 7.53798 2
    endloop
  endfacet
  facet normal 0 0 1
    outer loop
      vertex -9.5 -9.5 2
      vertex -0.43412 7.53798 2
      vertex -0.647047 7.58519 2
    endloop
  endfacet
  facet normal 0 0 1
    outer loop
      vertex -9.5 -9.5 2
      vertex -0.647047 7.58519 2
      vertex -0.85505 7.65077 2
    endloop
  endfacet
  facet normal 0 0 1
    outer loop
      vertex -9.5 -9.5 2
      vertex -0.85505 7.65077 2
      vertex -1.05655 7.73423 2
    endloop
  endfacet
  facet normal 0 0 1
    outer loop
      vertex -9.5 -9.5 2
      vertex -1.05655 7.73423 2
      vertex -1.25 7.83494 2
    endloop
  endfacet
  facet normal 0 0 1
    outer loop
      vertex -9.5 -9.5 2
      vertex -1.25 7.83494 2
      vertex -1.43394 7.95212 2
    endloop
  endfacet
  facet normal 0 0 1
    outer loop
      vertex -9.5 9.5 2
      vertex -1.43394 7.95212 2
      vertex -1.60697 8.08489 2
    endloop
  endfacet
  facet normal 0 0 1
    outer loop
      vertex -9.5 9.5 2
      vertex -1.60697 8.08489 2
      vertex -1.76777 8.23223 2
    endloop
  endfacet
  facet normal 0 0 1
    outer loop
      vertex -9.5 9.5 2
      vertex -1.76777 8.23223 2
      vertex -1.91511 8.39303 2
    endloop
  endfacet
  facet normal 0 0 1
    outer loop
      vertex -9.5 9.5 2
      vertex -1.91511 8.39303 2
      vertex -2.04788 8.56606 2
    endloop
  endfacet
  facet normal 0 0 1
    outer loop
      vertex -9.5 9.5 2
      vertex -2.04788 8.56606 2
      vertex -2.16506 8.75 2
    endloop
  endfacet
  facet normal 0 0 1
    outer loop
      vertex -2.49049 10.2179 2
      vertex -9.5 9.5 2
      vertex -2.5 10 2
    endloop
  endfacet
  facet normal 0 0 1
    outer loop
      vertex -2.5 10 2
      vertex -9.5 9.5 2
      vertex -2.49049 9.78211 2
    endloop
  endfacet
  facet normal 0 0 1
    outer loop
      vertex -2.49049 9.78211 2
      vertex -9.5 9.5 2
      vertex -2.46202 9.56588 2
    endloop
  endfacet
  facet normal 0 0 1
    outer loop
      vertex -2.46202 9.56588 2
      vertex -9.5 9.5 2
      vertex -2.41481 9.35295 2
    endloop
  endfacet
  facet normal 0 0 1
    outer loop
      vertex -2.41481 9.35295 2
      vertex -9.5 9.5 2
      vertex -2.34923 9.14495 2
    endloop
  endfacet
  facet normal 0 0 1
    outer loop
      vertex -2.34923 9.14495 2
      vertex -9.5 9.5 2
      vertex -2.26577 8.94345 2
    endloop
  endfacet
  facet normal 0 0 1
    outer loop
      vertex -2.26577 8.94345 2
      vertex -9.5 9.5 2
      vertex -2.16506 8.75 2
    endloop
  endfacet
  facet normal 0 0 1
    outer loop
      vertex -1.43394 7.95212 2
      vertex -9.5 9.5 2
      vertex -9.5 -9.5 2
    endloop
  endfacet
  facet normal 0 0 1
    outer loop
      vertex 9.5 -9.5 2
      vertex -9.5 -9.5 2
      vertex 9.5 -11.9 2
    endloop
  endfacet
  facet normal 0 0 1
    outer loop
      vertex -9.5 -11.9 2
      vertex 9.5 -11.9 2
      vertex -9.5 -9.5 2
    endloop
  endfacet
  facet normal 0 0 1
    outer loop
      vertex 9.5 -11.9 2
      vertex -9.5 -11.9 2
      vertex 16.15 -16.15 2
    endloop
  endfacet
  facet normal 0 0 1
    outer loop
      vertex -16.15 -16.15 2
      vertex -9.5 -11.9 2
      vertex -11.9 -11.9 2
    endloop
  endfacet
  facet normal 0 0 1
    outer loop
      vertex -9.5 -11.9 2
      vertex -16.15 -16.15 2
      vertex 16.15 -16.15 2
    endloop
  endfacet
  facet normal 0 0 1
    outer loop
      vertex -11.9 -9.5 2
      vertex -16.15 -16.15 2
      vertex -11.9 -11.9 2
    endloop
  endfacet
  facet normal -0 0 1
    outer loop
      vertex -11.9 11.9 16.6
      vertex -9.5 9.5 16.6
      vertex -9.5 11.9 16.6
    endloop
  endfacet
  facet normal 0 0 1
    outer loop
      vertex -9.5 9.5 16.6
      vertex -11.9 11.9 16.6
      vertex -11.9 9.5 16.6
    endloop
  endfacet
  facet normal -1 0 0
    outer loop
      vertex -11.9 9.5 2
      vertex -11.9 11.9 16.6
      vertex -11.9 11.9 2
    endloop
  endfacet
  facet normal -1 -0 0
    outer loop
      vertex -11.9 11.9 16.6
      vertex -11.9 9.5 2
      vertex -11.9 9.5 16.6
    endloop
  endfacet
  facet normal 0 -1 0
    outer loop
      vertex -11.9 9.5 2
      vertex -9.5 9.5 16.6
      vertex -11.9 9.5 16.6
    endloop
  endfacet
  facet normal 0 -1 -0
    outer loop
      vertex -9.5 9.5 16.6
      vertex -11.9 9.5 2
      vertex -9.5 9.5 2
    endloop
  endfacet
  facet normal 0 1 -0
    outer loop
      vertex -9.5 11.9 2
      vertex -11.9 11.9 16.6
      vertex -9.5 11.9 16.6
    endloop
  endfacet
  facet normal 0 1 0
    outer loop
      vertex -11.9 11.9 16.6
      vertex -9.5 11.9 2
      vertex -11.9 11.9 2
    endloop
  endfacet
  facet normal 1 -0 0
    outer loop
      vertex -9.5 -11.9 16.6
      vertex -9.5 -9.5 2
      vertex -9.5 -9.5 16.6
    endloop
  endfacet
  facet normal 1 0 0
    outer loop
      vertex -9.5 -9.5 2
      vertex -9.5 -11.9 16.6
      vertex -9.5 -11.9 2
    endloop
  endfacet
  facet normal -0 0 1
    outer loop
      vertex -11.9 -9.5 16.6
      vertex -9.5 -11.9 16.6
      vertex -9.5 -9.5 16.6
    endloop
  endfacet
  facet normal 0 0 1
    outer loop
      vertex -9.5 -11.9 16.6
      vertex -11.9 -9.5 16.6
      vertex -11.9 -11.9 16.6
    endloop
  endfacet
  facet normal -1 0 0
    outer loop
      vertex -11.9 -11.9 2
      vertex -11.9 -9.5 16.6
      vertex -11.9 -9.5 2
    endloop
  endfacet
  facet normal -1 -0 0
    outer loop
      vertex -11.9 -9.5 16.6
      vertex -11.9 -11.9 2
      vertex -11.9 -11.9 16.6
    endloop
  endfacet
  facet normal 0 -1 0
    outer loop
      vertex -11.9 -11.9 2
      vertex -9.5 -11.9 16.6
      vertex -11.9 -11.9 16.6
    endloop
  endfacet
  facet normal 0 -1 -0
    outer loop
      vertex -9.5 -11.9 16.6
      vertex -11.9 -11.9 2
      vertex -9.5 -11.9 2
    endloop
  endfacet
  facet normal 0 1 -0
    outer loop
      vertex -9.5 -9.5 2
      vertex -11.9 -9.5 16.6
      vertex -9.5 -9.5 16.6
    endloop
  endfacet
  facet normal 0 1 0
    outer loop
      vertex -11.9 -9.5 16.6
      vertex -9.5 -9.5 2
      vertex -11.9 -9.5 2
    endloop
  endfacet
  facet normal 1 -0 0
    outer loop
      vertex 11.9 9.5 16.6
      vertex 11.9 11.9 2
      vertex 11.9 11.9 16.6
    endloop
  endfacet
  facet normal 1 0 0
    outer loop
      vertex 11.9 11.9 2
      vertex 11.9 9.5 16.6
      vertex 11.9 9.5 2
    endloop
  endfacet
  facet normal -0 0 1
    outer loop
      vertex 9.5 11.9 16.6
      vertex 11.9 9.5 16.6
      vertex 11.9 11.9 16.6
    endloop
  endfacet
  facet normal 0 0 1
    outer loop
      vertex 11.9 9.5 16.6
      vertex 9.5 11.9 16.6
      vertex 9.5 9.5 16.6
    endloop
  endfacet
  facet normal -1 0 0
    outer loop
      vertex 9.5 9.5 2
      vertex 9.5 11.9 16.6
      vertex 9.5 11.9 2
    endloop
  endfacet
  facet normal -1 -0 0
    outer loop
      vertex 9.5 11.9 16.6
      vertex 9.5 9.5 2
      vertex 9.5 9.5 16.6
    endloop
  endfacet
  facet normal 0 -1 0
    outer loop
      vertex 9.5 9.5 2
      vertex 11.9 9.5 16.6
      vertex 9.5 9.5 16.6
    endloop
  endfacet
  facet normal 0 -1 -0
    outer loop
      vertex 11.9 9.5 16.6
      vertex 9.5 9.5 2
      vertex 11.9 9.5 2
    endloop
  endfacet
  facet normal 0 1 -0
    outer loop
      vertex 11.9 11.9 2
      vertex 9.5 11.9 16.6
      vertex 11.9 11.9 16.6
    endloop
  endfacet
  facet normal 0 1 0
    outer loop
      vertex 9.5 11.9 16.6
      vertex 11.9 11.9 2
      vertex 9.5 11.9 2
    endloop
  endfacet
  facet normal 1 -0 0
    outer loop
      vertex 11.9 -11.9 16.6
      vertex 11.9 -9.5 2
      vertex 11.9 -9.5 16.6
    endloop
  endfacet
  facet normal 1 0 0
    outer loop
      vertex 11.9 -9.5 2
      vertex 11.9 -11.9 16.6
      vertex 11.9 -11.9 2
    endloop
  endfacet
  facet normal -0 0 1
    outer loop
      vertex 9.5 -9.5 16.6
      vertex 11.9 -11.9 16.6
      vertex 11.9 -9.5 16.6
    endloop
  endfacet
  facet normal 0 0 1
    outer loop
      vertex 11.9 -11.9 16.6
      vertex 9.5 -9.5 16.6
      vertex 9.5 -11.9 16.6
    endloop
  endfacet
  facet normal -1 0 0
    outer loop
      vertex 9.5 -11.9 2
      vertex 9.5 -9.5 16.6
      vertex 9.5 -9.5 2
    endloop
  endfacet
  facet normal -1 -0 0
    outer loop
      vertex 9.5 -9.5 16.6
      vertex 9.5 -11.9 2
      vertex 9.5 -11.9 16.6
    endloop
  endfacet
  facet normal 0 -1 0
    outer loop
      vertex 9.5 -11.9 2
      vertex 11.9 -11.9 16.6
      vertex 9.5 -11.9 16.6
    endloop
  endfacet
  facet normal 0 -1 -0
    outer loop
      vertex 11.9 -11.9 16.6
      vertex 9.5 -11.9 2
      vertex 11.9 -11.9 2
    endloop
  endfacet
  facet normal 0 1 -0
    outer loop
      vertex 11.9 -9.5 2
      vertex 9.5 -9.5 16.6
      vertex 11.9 -9.5 16.6
    endloop
  endfacet
  facet normal 0 1 0
    outer loop
      vertex 9.5 -9.5 16.6
      vertex 11.9 -9.5 2
      vertex 9.5 -9.5 2
    endloop
  endfacet
  facet normal 1 -0 0
    outer loop
      vertex -0.849999 -16 -3
      vertex -0.849999 2 -9
      vertex -0.849999 2 -3
    endloop
  endfacet
  facet normal 1 0 0
    outer loop
      vertex -0.849999 2 -9
      vertex -0.849999 -16 -3
      vertex -0.849999 -16 -9
    endloop
  endfacet
  facet normal 0 0 -1
    outer loop
      vertex -2.05 -16 -9
      vertex -0.849999 2 -9
      vertex -0.849999 -16 -9
    endloop
  endfacet
  facet normal -0 0 -1
    outer loop
      vertex -0.849999 2 -9
      vertex -2.05 -16 -9
      vertex -2.05 2 -9
    endloop
  endfacet
  facet normal 0 0 -1
    outer loop
      vertex 19.8 -19.8 -3
      vertex 14.1 0 -3
      vertex 19.8 19.8 -3
    endloop
  endfacet
  facet normal 0 0 -1
    outer loop
      vertex 19.8 -19.8 -3
      vertex 14.092 -0.183026 -3
      vertex 14.1 0 -3
    endloop
  endfacet
  facet normal 0 0 -1
    outer loop
      vertex 19.8 -19.8 -3
      vertex 14.0681 -0.36466 -3
      vertex 14.092 -0.183026 -3
    endloop
  endfacet
  facet normal 0 0 -1
    outer loop
      vertex 19.8 -19.8 -3
      vertex 14.0284 -0.54352 -3
      vertex 14.0681 -0.36466 -3
    endloop
  endfacet
  facet normal 0 0 -1
    outer loop
      vertex 19.8 -19.8 -3
      vertex 13.9734 -0.718242 -3
      vertex 14.0284 -0.54352 -3
    endloop
  endfacet
  facet normal 0 0 -1
    outer loop
      vertex 19.8 -19.8 -3
      vertex 13.9032 -0.887498 -3
      vertex 13.9734 -0.718242 -3
    endloop
  endfacet
  facet normal 0 0 -1
    outer loop
      vertex 19.8 -19.8 -3
      vertex 13.8187 -1.05 -3
      vertex 13.9032 -0.887498 -3
    endloop
  endfacet
  facet normal 0 0 -1
    outer loop
      vertex 19.8 -19.8 -3
      vertex 13.7202 -1.20451 -3
      vertex 13.8187 -1.05 -3
    endloop
  endfacet
  facet normal 0 0 -1
    outer loop
      vertex 19.8 -19.8 -3
      vertex 13.6087 -1.34985 -3
      vertex 13.7202 -1.20451 -3
    endloop
  endfacet
  facet normal 0 0 -1
    outer loop
      vertex 19.8 -19.8 -3
      vertex 13.4849 -1.48492 -3
      vertex 13.6087 -1.34985 -3
    endloop
  endfacet
  facet normal 0 0 -1
    outer loop
      vertex 19.8 -19.8 -3
      vertex 13.3499 -1.60869 -3
      vertex 13.4849 -1.48492 -3
    endloop
  endfacet
  facet normal 0 0 -1
    outer loop
      vertex 19.8 -19.8 -3
      vertex 13.2045 -1.72022 -3
      vertex 13.3499 -1.60869 -3
    endloop
  endfacet
  facet normal 0 0 -1
    outer loop
      vertex 19.8 -19.8 -3
      vertex 13.05 -1.81865 -3
      vertex 13.2045 -1.72022 -3
    endloop
  endfacet
  facet normal 0 0 -1
    outer loop
      vertex 19.8 -19.8 -3
      vertex 12.8875 -1.90325 -3
      vertex 13.05 -1.81865 -3
    endloop
  endfacet
  facet normal 0 0 -1
    outer loop
      vertex 19.8 -19.8 -3
      vertex 12.7182 -1.97335 -3
      vertex 12.8875 -1.90325 -3
    endloop
  endfacet
  facet normal 0 0 -1
    outer loop
      vertex 19.8 -19.8 -3
      vertex 12.5435 -2.02844 -3
      vertex 12.7182 -1.97335 -3
    endloop
  endfacet
  facet normal 0 0 -1
    outer loop
      vertex 19.8 -19.8 -3
      vertex 12.3647 -2.0681 -3
      vertex 12.5435 -2.02844 -3
    endloop
  endfacet
  facet normal 0 0 -1
    outer loop
      vertex 19.8 -19.8 -3
      vertex 12.183 -2.09201 -3
      vertex 12.3647 -2.0681 -3
    endloop
  endfacet
  facet normal 0 0 -1
    outer loop
      vertex 19.8 -19.8 -3
      vertex 12 -2.1 -3
      vertex 12.183 -2.09201 -3
    endloop
  endfacet
  facet normal 0 0 -1
    outer loop
      vertex 2.05 -16 -3
      vertex 12 -2.1 -3
      vertex 19.8 -19.8 -3
    endloop
  endfacet
  facet normal -0 0 -1
    outer loop
      vertex 12 -2.1 -3
      vertex 2.05 -16 -3
      vertex 11.817 -2.09201 -3
    endloop
  endfacet
  facet normal -0 0 -1
    outer loop
      vertex 11.817 -2.09201 -3
      vertex 2.05 -16 -3
      vertex 11.6353 -2.0681 -3
    endloop
  endfacet
  facet normal -0 0 -1
    outer loop
      vertex 11.6353 -2.0681 -3
      vertex 2.05 -16 -3
      vertex 11.4565 -2.02844 -3
    endloop
  endfacet
  facet normal -0 0 -1
    outer loop
      vertex 11.4565 -2.02844 -3
      vertex 2.05 -16 -3
      vertex 11.2818 -1.97335 -3
    endloop
  endfacet
  facet normal -0 0 -1
    outer loop
      vertex 11.2818 -1.97335 -3
      vertex 2.05 -16 -3
      vertex 11.1125 -1.90325 -3
    endloop
  endfacet
  facet normal -0 0 -1
    outer loop
      vertex 11.1125 -1.90325 -3
      vertex 2.05 -16 -3
      vertex 10.95 -1.81865 -3
    endloop
  endfacet
  facet normal -0 0 -1
    outer loop
      vertex 10.95 -1.81865 -3
      vertex 2.05 -16 -3
      vertex 10.7955 -1.72022 -3
    endloop
  endfacet
  facet normal -0 0 -1
    outer loop
      vertex 10.7955 -1.72022 -3
      vertex 2.05 -16 -3
      vertex 10.6501 -1.60869 -3
    endloop
  endfacet
  facet normal -0 0 -1
    outer loop
      vertex 10.6501 -1.60869 -3
      vertex 2.05 -16 -3
      vertex 10.5151 -1.48492 -3
    endloop
  endfacet
  facet normal -0 0 -1
    outer loop
      vertex 10.5151 -1.48492 -3
      vertex 2.05 -16 -3
      vertex 10.3913 -1.34985 -3
    endloop
  endfacet
  facet normal 0 0 -1
    outer loop
      vertex 2.05 2 -3
      vertex 10.3913 -1.34985 -3
      vertex 2.05 -16 -3
    endloop
  endfacet
  facet normal 0 0 -1
    outer loop
      vertex 10.3913 -1.34985 -3
      vertex 2.05 2 -3
      vertex 10.2798 -1.20451 -3
    endloop
  endfacet
  facet normal 0 0 -1
    outer loop
      vertex 2.05 2 -3
      vertex 9.9 0 -3
      vertex 9.90799 -0.183026 -3
    endloop
  endfacet
  facet normal 0 0 -1
    outer loop
      vertex 2.05 2 -3
      vertex 9.90799 -0.183026 -3
      vertex 9.9319 -0.36466 -3
    endloop
  endfacet
  facet normal 0 0 -1
    outer loop
      vertex 2.05 2 -3
      vertex 9.9319 -0.36466 -3
      vertex 9.97156 -0.54352 -3
    endloop
  endfacet
  facet normal 0 0 -1
    outer loop
      vertex 2.05 2 -3
      vertex 9.97156 -0.54352 -3
      vertex 10.0266 -0.718242 -3
    endloop
  endfacet
  facet normal 0 0 -1
    outer loop
      vertex 2.05 2 -3
      vertex 10.0266 -0.718242 -3
      vertex 10.0968 -0.887498 -3
    endloop
  endfacet
  facet normal 0 0 -1
    outer loop
      vertex 10.2798 -1.20451 -3
      vertex 2.05 2 -3
      vertex 10.1813 -1.05 -3
    endloop
  endfacet
  facet normal 0 0 -1
    outer loop
      vertex 9.9 0 -3
      vertex 2.49049 9.78211 -3
      vertex 2.5 10 -3
    endloop
  endfacet
  facet normal 0 0 -1
    outer loop
      vertex 9.9 0 -3
      vertex 2.46202 9.56588 -3
      vertex 2.49049 9.78211 -3
    endloop
  endfacet
  facet normal 0 0 -1
    outer loop
      vertex 9.9 0 -3
      vertex 2.05 2 -3
      vertex 2.04788 8.56606 -3
    endloop
  endfacet
  facet normal 0 0 -1
    outer loop
      vertex 9.9 0 -3
      vertex 2.41481 9.35295 -3
      vertex 2.46202 9.56588 -3
    endloop
  endfacet
  facet normal 0 0 -1
    outer loop
      vertex 9.9 0 -3
      vertex 2.34923 9.14495 -3
      vertex 2.41481 9.35295 -3
    endloop
  endfacet
  facet normal 0 0 -1
    outer loop
      vertex 9.9 0 -3
      vertex 2.26577 8.94345 -3
      vertex 2.34923 9.14495 -3
    endloop
  endfacet
  facet normal 0 0 -1
    outer loop
      vertex 10.1813 -1.05 -3
      vertex 2.05 2 -3
      vertex 10.0968 -0.887498 -3
    endloop
  endfacet
  facet normal 0 0 -1
    outer loop
      vertex 19.8 -19.8 -3
      vertex 0.849999 -16 -3
      vertex 2.05 -16 -3
    endloop
  endfacet
  facet normal 0 0 -1
    outer loop
      vertex -0.849999 2 -3
      vertex 0.849999 2 -3
      vertex 0.849999 -16 -3
    endloop
  endfacet
  facet normal 0 -0 -1
    outer loop
      vertex 0 7.5 -3
      vertex 0.849999 2 -3
      vertex -0.849999 2 -3
    endloop
  endfacet
  facet normal 0 0 -1
    outer loop
      vertex 0.849999 2 -3
      vertex 0.43412 7.53798 -3
      vertex 0.647047 7.58519 -3
    endloop
  endfacet
  facet normal 0 0 -1
    outer loop
      vertex 0.849999 2 -3
      vertex 0.217889 7.50951 -3
      vertex 0.43412 7.53798 -3
    endloop
  endfacet
  facet normal 0 0 -1
    outer loop
      vertex 0.849999 2 -3
      vertex 0 7.5 -3
      vertex 0.217889 7.50951 -3
    endloop
  endfacet
  facet normal -0 0 -1
    outer loop
      vertex 0 7.5 -3
      vertex -0.849999 2 -3
      vertex -0.217889 7.50951 -3
    endloop
  endfacet
  facet normal -0 0 -1
    outer loop
      vertex -0.217889 7.50951 -3
      vertex -0.849999 2 -3
      vertex -0.43412 7.53798 -3
    endloop
  endfacet
  facet normal 0 0 -1
    outer loop
      vertex -0.849999 2 -3
      vertex 0.849999 -16 -3
      vertex -0.849999 -16 -3
    endloop
  endfacet
  facet normal 0 0 -1
    outer loop
      vertex 19.8 -19.8 -3
      vertex -0.849999 -16 -3
      vertex 0.849999 -16 -3
    endloop
  endfacet
  facet normal 0 0 -1
    outer loop
      vertex -19.8 -19.8 -3
      vertex -0.849999 -16 -3
      vertex 19.8 -19.8 -3
    endloop
  endfacet
  facet normal 0 0 -1
    outer loop
      vertex -10.3913 -1.34985 -3
      vertex -2.05 2 -3
      vertex -2.05 -16 -3
    endloop
  endfacet
  facet normal 0 -0 -1
    outer loop
      vertex -9.9319 -0.36466 -3
      vertex -2.05 2 -3
      vertex -9.97156 -0.54352 -3
    endloop
  endfacet
  facet normal 0 -0 -1
    outer loop
      vertex -9.9 0 -3
      vertex -2.05 2 -3
      vertex -9.90799 -0.183026 -3
    endloop
  endfacet
  facet normal 0 0 -1
    outer loop
      vertex -9.90799 0.183026 -3
      vertex -2.05 2 -3
      vertex -9.9 0 -3
    endloop
  endfacet
  facet normal 0 0 -1
    outer loop
      vertex -9.9319 0.36466 -3
      vertex -2.05 2 -3
      vertex -9.90799 0.183026 -3
    endloop
  endfacet
  facet normal 0 0 -1
    outer loop
      vertex -9.97156 0.54352 -3
      vertex -2.05 2 -3
      vertex -9.9319 0.36466 -3
    endloop
  endfacet
  facet normal 0 0 -1
    outer loop
      vertex -10.0266 0.718242 -3
      vertex -2.05 2 -3
      vertex -9.97156 0.54352 -3
    endloop
  endfacet
  facet normal 0 0 -1
    outer loop
      vertex -10.0968 0.887498 -3
      vertex -2.05 2 -3
      vertex -10.0266 0.718242 -3
    endloop
  endfacet
  facet normal 0 0 -1
    outer loop
      vertex -10.2798 1.20451 -3
      vertex -2.05 2 -3
      vertex -10.1813 1.05 -3
    endloop
  endfacet
  facet normal 0 0 -1
    outer loop
      vertex -10.1813 1.05 -3
      vertex -2.05 2 -3
      vertex -10.0968 0.887498 -3
    endloop
  endfacet
  facet normal 0 -0 -1
    outer loop
      vertex -9.90799 -0.183026 -3
      vertex -2.05 2 -3
      vertex -9.9319 -0.36466 -3
    endloop
  endfacet
  facet normal 0 0 -1
    outer loop
      vertex -2.05 2 -3
      vertex -10.0266 -0.718242 -3
      vertex -9.97156 -0.54352 -3
    endloop
  endfacet
  facet normal 0 0 -1
    outer loop
      vertex -2.05 2 -3
      vertex -10.0968 -0.887498 -3
      vertex -10.0266 -0.718242 -3
    endloop
  endfacet
  facet normal 0 0 -1
    outer loop
      vertex -2.05 2 -3
      vertex -10.1813 -1.05 -3
      vertex -10.0968 -0.887498 -3
    endloop
  endfacet
  facet normal 0 0 -1
    outer loop
      vertex -2.05 2 -3
      vertex -10.2798 -1.20451 -3
      vertex -10.1813 -1.05 -3
    endloop
  endfacet
  facet normal 0 0 -1
    outer loop
      vertex -2.05 2 -3
      vertex -10.3913 -1.34985 -3
      vertex -10.2798 -1.20451 -3
    endloop
  endfacet
  facet normal 0 0 -1
    outer loop
      vertex -2.05 -16 -3
      vertex -10.5151 -1.48492 -3
      vertex -10.3913 -1.34985 -3
    endloop
  endfacet
  facet normal 0 0 -1
    outer loop
      vertex -2.05 -16 -3
      vertex -10.6501 -1.60869 -3
      vertex -10.5151 -1.48492 -3
    endloop
  endfacet
  facet normal 0 0 -1
    outer loop
      vertex -2.05 -16 -3
      vertex -10.7955 -1.72022 -3
      vertex -10.6501 -1.60869 -3
    endloop
  endfacet
  facet normal 0 0 -1
    outer loop
      vertex -2.05 -16 -3
      vertex -10.95 -1.81865 -3
      vertex -10.7955 -1.72022 -3
    endloop
  endfacet
  facet normal 0 0 -1
    outer loop
      vertex -2.05 -16 -3
      vertex -11.1125 -1.90325 -3
      vertex -10.95 -1.81865 -3
    endloop
  endfacet
  facet normal 0 0 -1
    outer loop
      vertex -2.05 -16 -3
      vertex -11.2818 -1.97335 -3
      vertex -11.1125 -1.90325 -3
    endloop
  endfacet
  facet normal 0 0 -1
    outer loop
      vertex -2.05 -16 -3
      vertex -11.4565 -2.02844 -3
      vertex -11.2818 -1.97335 -3
    endloop
  endfacet
  facet normal 0 0 -1
    outer loop
      vertex -2.05 -16 -3
      vertex -11.6353 -2.0681 -3
      vertex -11.4565 -2.02844 -3
    endloop
  endfacet
  facet normal 0 0 -1
    outer loop
      vertex -2.05 -16 -3
      vertex -11.817 -2.09201 -3
      vertex -11.6353 -2.0681 -3
    endloop
  endfacet
  facet normal 0 0 -1
    outer loop
      vertex -2.05 -16 -3
      vertex -12 -2.1 -3
      vertex -11.817 -2.09201 -3
    endloop
  endfacet
  facet normal 0 0 -1
    outer loop
      vertex -19.8 -19.8 -3
      vertex -12 -2.1 -3
      vertex -2.05 -16 -3
    endloop
  endfacet
  facet normal -0 0 -1
    outer loop
      vertex -12 -2.1 -3
      vertex -19.8 -19.8 -3
      vertex -12.183 -2.09201 -3
    endloop
  endfacet
  facet normal -0 0 -1
    outer loop
      vertex -12.183 -2.09201 -3
      vertex -19.8 -19.8 -3
      vertex -12.3647 -2.0681 -3
    endloop
  endfacet
  facet normal -0 0 -1
    outer loop
      vertex -12.3647 -2.0681 -3
      vertex -19.8 -19.8 -3
      vertex -12.5435 -2.02844 -3
    endloop
  endfacet
  facet normal -0 0 -1
    outer loop
      vertex -12.5435 -2.02844 -3
      vertex -19.8 -19.8 -3
      vertex -12.7182 -1.97335 -3
    endloop
  endfacet
  facet normal -0 0 -1
    outer loop
      vertex -12.7182 -1.97335 -3
      vertex -19.8 -19.8 -3
      vertex -12.8875 -1.90325 -3
    endloop
  endfacet
  facet normal -0 0 -1
    outer loop
      vertex -12.8875 -1.90325 -3
      vertex -19.8 -19.8 -3
      vertex -13.05 -1.81865 -3
    endloop
  endfacet
  facet normal -0 0 -1
    outer loop
      vertex -13.05 -1.81865 -3
      vertex -19.8 -19.8 -3
      vertex -13.2045 -1.72022 -3
    endloop
  endfacet
  facet normal -0 0 -1
    outer loop
      vertex -13.2045 -1.72022 -3
      vertex -19.8 -19.8 -3
      vertex -13.3499 -1.60869 -3
    endloop
  endfacet
  facet normal -0 0 -1
    outer loop
      vertex -13.3499 -1.60869 -3
      vertex -19.8 -19.8 -3
      vertex -13.4849 -1.48492 -3
    endloop
  endfacet
  facet normal -0 0 -1
    outer loop
      vertex -14.092 -0.183026 -3
      vertex -19.8 -19.8 -3
      vertex -14.1 0 -3
    endloop
  endfacet
  facet normal -0 0 -1
    outer loop
      vertex -14.0681 -0.36466 -3
      vertex -19.8 -19.8 -3
      vertex -14.092 -0.183026 -3
    endloop
  endfacet
  facet normal -0 0 -1
    outer loop
      vertex -14.0284 -0.54352 -3
      vertex -19.8 -19.8 -3
      vertex -14.0681 -0.36466 -3
    endloop
  endfacet
  facet normal -0 0 -1
    outer loop
      vertex -13.9734 -0.718242 -3
      vertex -19.8 -19.8 -3
      vertex -14.0284 -0.54352 -3
    endloop
  endfacet
  facet normal -0 0 -1
    outer loop
      vertex -13.9032 -0.887498 -3
      vertex -19.8 -19.8 -3
      vertex -13.9734 -0.718242 -3
    endloop
  endfacet
  facet normal -0 0 -1
    outer loop
      vertex -13.8187 -1.05 -3
      vertex -19.8 -19.8 -3
      vertex -13.9032 -0.887498 -3
    endloop
  endfacet
  facet normal -0 0 -1
    outer loop
      vertex -13.7202 -1.20451 -3
      vertex -19.8 -19.8 -3
      vertex -13.8187 -1.05 -3
    endloop
  endfacet
  facet normal -0 0 -1
    outer loop
      vertex -13.6087 -1.34985 -3
      vertex -19.8 -19.8 -3
      vertex -13.7202 -1.20451 -3
    endloop
  endfacet
  facet normal -0 0 -1
    outer loop
      vertex -13.4849 -1.48492 -3
      vertex -19.8 -19.8 -3
      vertex -13.6087 -1.34985 -3
    endloop
  endfacet
  facet normal -0 0 -1
    outer loop
      vertex -0.849999 -16 -3
      vertex -19.8 -19.8 -3
      vertex -2.05 -16 -3
    endloop
  endfacet
  facet normal 0 0 -1
    outer loop
      vertex 14.092 0.183026 -3
      vertex 19.8 19.8 -3
      vertex 14.1 0 -3
    endloop
  endfacet
  facet normal 0 0 -1
    outer loop
      vertex 14.0681 0.36466 -3
      vertex 19.8 19.8 -3
      vertex 14.092 0.183026 -3
    endloop
  endfacet
  facet normal 0 0 -1
    outer loop
      vertex 14.0284 0.54352 -3
      vertex 19.8 19.8 -3
      vertex 14.0681 0.36466 -3
    endloop
  endfacet
  facet normal 0 0 -1
    outer loop
      vertex 13.9734 0.718242 -3
      vertex 19.8 19.8 -3
      vertex 14.0284 0.54352 -3
    endloop
  endfacet
  facet normal 0 0 -1
    outer loop
      vertex 13.9032 0.887498 -3
      vertex 19.8 19.8 -3
      vertex 13.9734 0.718242 -3
    endloop
  endfacet
  facet normal 0 0 -1
    outer loop
      vertex 13.8187 1.05 -3
      vertex 19.8 19.8 -3
      vertex 13.9032 0.887498 -3
    endloop
  endfacet
  facet normal 0 0 -1
    outer loop
      vertex 13.7202 1.20451 -3
      vertex 19.8 19.8 -3
      vertex 13.8187 1.05 -3
    endloop
  endfacet
  facet normal 0 0 -1
    outer loop
      vertex 13.6087 1.34985 -3
      vertex 19.8 19.8 -3
      vertex 13.7202 1.20451 -3
    endloop
  endfacet
  facet normal 0 0 -1
    outer loop
      vertex 13.4849 1.48492 -3
      vertex 19.8 19.8 -3
      vertex 13.6087 1.34985 -3
    endloop
  endfacet
  facet normal 0 0 -1
    outer loop
      vertex 13.3499 1.60869 -3
      vertex 19.8 19.8 -3
      vertex 13.4849 1.48492 -3
    endloop
  endfacet
  facet normal 0 0 -1
    outer loop
      vertex 13.2045 1.72022 -3
      vertex 19.8 19.8 -3
      vertex 13.3499 1.60869 -3
    endloop
  endfacet
  facet normal 0 0 -1
    outer loop
      vertex 13.05 1.81865 -3
      vertex 19.8 19.8 -3
      vertex 13.2045 1.72022 -3
    endloop
  endfacet
  facet normal 0 0 -1
    outer loop
      vertex 12.8875 1.90325 -3
      vertex 19.8 19.8 -3
      vertex 13.05 1.81865 -3
    endloop
  endfacet
  facet normal 0 0 -1
    outer loop
      vertex 12.7182 1.97335 -3
      vertex 19.8 19.8 -3
      vertex 12.8875 1.90325 -3
    endloop
  endfacet
  facet normal 0 0 -1
    outer loop
      vertex 12.5435 2.02844 -3
      vertex 19.8 19.8 -3
      vertex 12.7182 1.97335 -3
    endloop
  endfacet
  facet normal 0 0 -1
    outer loop
      vertex 12.3647 2.0681 -3
      vertex 19.8 19.8 -3
      vertex 12.5435 2.02844 -3
    endloop
  endfacet
  facet normal 0 0 -1
    outer loop
      vertex 12.183 2.09201 -3
      vertex 19.8 19.8 -3
      vertex 12.3647 2.0681 -3
    endloop
  endfacet
  facet normal 0 0 -1
    outer loop
      vertex 12 2.1 -3
      vertex 19.8 19.8 -3
      vertex 12.183 2.09201 -3
    endloop
  endfacet
  facet normal 0 0 -1
    outer loop
      vertex 2.49049 10.2179 -3
      vertex 12 2.1 -3
      vertex 11.817 2.09201 -3
    endloop
  endfacet
  facet normal 0 0 -1
    outer loop
      vertex 2.5 10 -3
      vertex 11.817 2.09201 -3
      vertex 11.6353 2.0681 -3
    endloop
  endfacet
  facet normal 0 0 -1
    outer loop
      vertex 2.5 10 -3
      vertex 11.6353 2.0681 -3
      vertex 11.4565 2.02844 -3
    endloop
  endfacet
  facet normal 0 0 -1
    outer loop
      vertex 2.5 10 -3
      vertex 11.4565 2.02844 -3
      vertex 11.2818 1.97335 -3
    endloop
  endfacet
  facet normal 0 0 -1
    outer loop
      vertex 2.5 10 -3
      vertex 11.2818 1.97335 -3
      vertex 11.1125 1.90325 -3
    endloop
  endfacet
  facet normal 0 0 -1
    outer loop
      vertex 2.5 10 -3
      vertex 11.1125 1.90325 -3
      vertex 10.95 1.81865 -3
    endloop
  endfacet
  facet normal 0 0 -1
    outer loop
      vertex 2.5 10 -3
      vertex 10.95 1.81865 -3
      vertex 10.7955 1.72022 -3
    endloop
  endfacet
  facet normal 0 0 -1
    outer loop
      vertex 2.5 10 -3
      vertex 10.7955 1.72022 -3
      vertex 10.6501 1.60869 -3
    endloop
  endfacet
  facet normal 0 0 -1
    outer loop
      vertex 2.5 10 -3
      vertex 10.6501 1.60869 -3
      vertex 10.5151 1.48492 -3
    endloop
  endfacet
  facet normal 0 0 -1
    outer loop
      vertex 2.5 10 -3
      vertex 10.5151 1.48492 -3
      vertex 10.3913 1.34985 -3
    endloop
  endfacet
  facet normal 0 0 -1
    outer loop
      vertex 2.5 10 -3
      vertex 10.3913 1.34985 -3
      vertex 10.2798 1.20451 -3
    endloop
  endfacet
  facet normal 0 0 -1
    outer loop
      vertex 2.5 10 -3
      vertex 10.2798 1.20451 -3
      vertex 10.1813 1.05 -3
    endloop
  endfacet
  facet normal 0 0 -1
    outer loop
      vertex 2.5 10 -3
      vertex 10.1813 1.05 -3
      vertex 10.0968 0.887498 -3
    endloop
  endfacet
  facet normal 0 0 -1
    outer loop
      vertex 2.5 10 -3
      vertex 9.90799 0.183026 -3
      vertex 9.9 0 -3
    endloop
  endfacet
  facet normal 0 0 -1
    outer loop
      vertex 2.5 10 -3
      vertex 9.9319 0.36466 -3
      vertex 9.90799 0.183026 -3
    endloop
  endfacet
  facet normal 0 0 -1
    outer loop
      vertex 2.5 10 -3
      vertex 9.97156 0.54352 -3
      vertex 9.9319 0.36466 -3
    endloop
  endfacet
  facet normal 0 0 -1
    outer loop
      vertex 2.5 10 -3
      vertex 10.0266 0.718242 -3
      vertex 9.97156 0.54352 -3
    endloop
  endfacet
  facet normal 0 0 -1
    outer loop
      vertex 2.5 10 -3
      vertex 10.0968 0.887498 -3
      vertex 10.0266 0.718242 -3
    endloop
  endfacet
  facet normal 0 0 -1
    outer loop
      vertex 11.817 2.09201 -3
      vertex 2.5 10 -3
      vertex 2.49049 10.2179 -3
    endloop
  endfacet
  facet normal 0 0 -1
    outer loop
      vertex 12 2.1 -3
      vertex 2.49049 10.2179 -3
      vertex 2.46202 10.4341 -3
    endloop
  endfacet
  facet normal 0 0 -1
    outer loop
      vertex 12 2.1 -3
      vertex 2.46202 10.4341 -3
      vertex 19.8 19.8 -3
    endloop
  endfacet
  facet normal 0 0 -1
    outer loop
      vertex 2.41481 10.647 -3
      vertex 19.8 19.8 -3
      vertex 2.46202 10.4341 -3
    endloop
  endfacet
  facet normal 0 0 -1
    outer loop
      vertex 2.34923 10.8551 -3
      vertex 19.8 19.8 -3
      vertex 2.41481 10.647 -3
    endloop
  endfacet
  facet normal 0 0 -1
    outer loop
      vertex 2.26577 11.0565 -3
      vertex 19.8 19.8 -3
      vertex 2.34923 10.8551 -3
    endloop
  endfacet
  facet normal 0 0 -1
    outer loop
      vertex 2.16506 11.25 -3
      vertex 19.8 19.8 -3
      vertex 2.26577 11.0565 -3
    endloop
  endfacet
  facet normal 0 0 -1
    outer loop
      vertex 2.04788 11.4339 -3
      vertex 19.8 19.8 -3
      vertex 2.16506 11.25 -3
    endloop
  endfacet
  facet normal 0 0 -1
    outer loop
      vertex 1.91511 11.607 -3
      vertex 19.8 19.8 -3
      vertex 2.04788 11.4339 -3
    endloop
  endfacet
  facet normal 0 0 -1
    outer loop
      vertex 1.76777 11.7678 -3
      vertex 19.8 19.8 -3
      vertex 1.91511 11.607 -3
    endloop
  endfacet
  facet normal 0 0 -1
    outer loop
      vertex 1.60697 11.9151 -3
      vertex 19.8 19.8 -3
      vertex 1.76777 11.7678 -3
    endloop
  endfacet
  facet normal 0 0 -1
    outer loop
      vertex 1.43394 12.0479 -3
      vertex 19.8 19.8 -3
      vertex 1.60697 11.9151 -3
    endloop
  endfacet
  facet normal 0 0 -1
    outer loop
      vertex 1.25 12.1651 -3
      vertex 19.8 19.8 -3
      vertex 1.43394 12.0479 -3
    endloop
  endfacet
  facet normal 0 0 -1
    outer loop
      vertex 1.05655 12.2658 -3
      vertex 19.8 19.8 -3
      vertex 1.25 12.1651 -3
    endloop
  endfacet
  facet normal 0 0 -1
    outer loop
      vertex 0.85505 12.3492 -3
      vertex 19.8 19.8 -3
      vertex 1.05655 12.2658 -3
    endloop
  endfacet
  facet normal 0 0 -1
    outer loop
      vertex 0.647047 12.4148 -3
      vertex 19.8 19.8 -3
      vertex 0.85505 12.3492 -3
    endloop
  endfacet
  facet normal 0 0 -1
    outer loop
      vertex 0.43412 12.462 -3
      vertex 19.8 19.8 -3
      vertex 0.647047 12.4148 -3
    endloop
  endfacet
  facet normal 0 0 -1
    outer loop
      vertex 0.217889 12.4905 -3
      vertex 19.8 19.8 -3
      vertex 0.43412 12.462 -3
    endloop
  endfacet
  facet normal 0 0 -1
    outer loop
      vertex 0 12.5 -3
      vertex 19.8 19.8 -3
      vertex 0.217889 12.4905 -3
    endloop
  endfacet
  facet normal 0 0 -1
    outer loop
      vertex -19.8 19.8 -3
      vertex 0 12.5 -3
      vertex -0.217889 12.4905 -3
    endloop
  endfacet
  facet normal 0 0 -1
    outer loop
      vertex -19.8 19.8 -3
      vertex -0.217889 12.4905 -3
      vertex -0.43412 12.462 -3
    endloop
  endfacet
  facet normal 0 0 -1
    outer loop
      vertex -19.8 19.8 -3
      vertex -0.43412 12.462 -3
      vertex -0.647047 12.4148 -3
    endloop
  endfacet
  facet normal 0 0 -1
    outer loop
      vertex -19.8 19.8 -3
      vertex -0.647047 12.4148 -3
      vertex -0.85505 12.3492 -3
    endloop
  endfacet
  facet normal 0 0 -1
    outer loop
      vertex -10.3913 1.34985 -3
      vertex -2.05 2 -3
      vertex -10.2798 1.20451 -3
    endloop
  endfacet
  facet normal 0 0 -1
    outer loop
      vertex -10.5151 1.48492 -3
      vertex -2.05 2 -3
      vertex -10.3913 1.34985 -3
    endloop
  endfacet
  facet normal -0 0 -1
    outer loop
      vertex -2.05 2 -3
      vertex -10.5151 1.48492 -3
      vertex -2.16506 8.75 -3
    endloop
  endfacet
  facet normal 0 0 -1
    outer loop
      vertex -10.6501 1.60869 -3
      vertex -2.16506 8.75 -3
      vertex -10.5151 1.48492 -3
    endloop
  endfacet
  facet normal -0 0 -1
    outer loop
      vertex -2.16506 8.75 -3
      vertex -10.6501 1.60869 -3
      vertex -2.26577 8.94345 -3
    endloop
  endfacet
  facet normal 0 0 -1
    outer loop
      vertex -10.7955 1.72022 -3
      vertex -2.26577 8.94345 -3
      vertex -10.6501 1.60869 -3
    endloop
  endfacet
  facet normal 0 0 -1
    outer loop
      vertex -10.95 1.81865 -3
      vertex -2.26577 8.94345 -3
      vertex -10.7955 1.72022 -3
    endloop
  endfacet
  facet normal -0 0 -1
    outer loop
      vertex -2.26577 8.94345 -3
      vertex -10.95 1.81865 -3
      vertex -2.34923 9.14495 -3
    endloop
  endfacet
  facet normal 0 0 -1
    outer loop
      vertex -11.1125 1.90325 -3
      vertex -2.34923 9.14495 -3
      vertex -10.95 1.81865 -3
    endloop
  endfacet
  facet normal -0 0 -1
    outer loop
      vertex -2.34923 9.14495 -3
      vertex -11.1125 1.90325 -3
      vertex -2.41481 9.35295 -3
    endloop
  endfacet
  facet normal 0 0 -1
    outer loop
      vertex -11.2818 1.97335 -3
      vertex -2.41481 9.35295 -3
      vertex -11.1125 1.90325 -3
    endloop
  endfacet
  facet normal -0 0 -1
    outer loop
      vertex -2.41481 9.35295 -3
      vertex -11.2818 1.97335 -3
      vertex -2.46202 9.56588 -3
    endloop
  endfacet
  facet normal 0 0 -1
    outer loop
      vertex -11.4565 2.02844 -3
      vertex -2.46202 9.56588 -3
      vertex -11.2818 1.97335 -3
    endloop
  endfacet
  facet normal -0 0 -1
    outer loop
      vertex -2.46202 9.56588 -3
      vertex -11.4565 2.02844 -3
      vertex -2.49049 9.78211 -3
    endloop
  endfacet
  facet normal 0 0 -1
    outer loop
      vertex -11.6353 2.0681 -3
      vertex -2.49049 9.78211 -3
      vertex -11.4565 2.02844 -3
    endloop
  endfacet
  facet normal -0 0 -1
    outer loop
      vertex -2.49049 9.78211 -3
      vertex -11.6353 2.0681 -3
      vertex -2.5 10 -3
    endloop
  endfacet
  facet normal 0 0 -1
    outer loop
      vertex -11.817 2.09201 -3
      vertex -2.5 10 -3
      vertex -11.6353 2.0681 -3
    endloop
  endfacet
  facet normal -0 0 -1
    outer loop
      vertex -2.5 10 -3
      vertex -11.817 2.09201 -3
      vertex -2.49049 10.2179 -3
    endloop
  endfacet
  facet normal 0 0 -1
    outer loop
      vertex -12 2.1 -3
      vertex -2.49049 10.2179 -3
      vertex -11.817 2.09201 -3
    endloop
  endfacet
  facet normal -0 0 -1
    outer loop
      vertex -2.49049 10.2179 -3
      vertex -12 2.1 -3
      vertex -2.46202 10.4341 -3
    endloop
  endfacet
  facet normal 0 0 -1
    outer loop
      vertex -19.8 19.8 -3
      vertex -2.46202 10.4341 -3
      vertex -12 2.1 -3
    endloop
  endfacet
  facet normal 0 0 -1
    outer loop
      vertex -2.46202 10.4341 -3
      vertex -19.8 19.8 -3
      vertex -2.41481 10.647 -3
    endloop
  endfacet
  facet normal 0 0 -1
    outer loop
      vertex -2.41481 10.647 -3
      vertex -19.8 19.8 -3
      vertex -2.34923 10.8551 -3
    endloop
  endfacet
  facet normal 0 0 -1
    outer loop
      vertex -2.34923 10.8551 -3
      vertex -19.8 19.8 -3
      vertex -2.26577 11.0565 -3
    endloop
  endfacet
  facet normal 0 0 -1
    outer loop
      vertex -2.26577 11.0565 -3
      vertex -19.8 19.8 -3
      vertex -2.16506 11.25 -3
    endloop
  endfacet
  facet normal 0 0 -1
    outer loop
      vertex -2.16506 11.25 -3
      vertex -19.8 19.8 -3
      vertex -2.04788 11.4339 -3
    endloop
  endfacet
  facet normal 0 0 -1
    outer loop
      vertex -2.04788 11.4339 -3
      vertex -19.8 19.8 -3
      vertex -1.91511 11.607 -3
    endloop
  endfacet
  facet normal 0 0 -1
    outer loop
      vertex -19.8 19.8 -3
      vertex -12 2.1 -3
      vertex -12.183 2.09201 -3
    endloop
  endfacet
  facet normal 0 0 -1
    outer loop
      vertex -19.8 19.8 -3
      vertex -12.183 2.09201 -3
      vertex -12.3647 2.0681 -3
    endloop
  endfacet
  facet normal 0 0 -1
    outer loop
      vertex -1.91511 11.607 -3
      vertex -19.8 19.8 -3
      vertex -1.76777 11.7678 -3
    endloop
  endfacet
  facet normal 0 0 -1
    outer loop
      vertex -19.8 19.8 -3
      vertex -12.3647 2.0681 -3
      vertex -12.5435 2.02844 -3
    endloop
  endfacet
  facet normal 0 0 -1
    outer loop
      vertex -19.8 19.8 -3
      vertex -12.5435 2.02844 -3
      vertex -12.7182 1.97335 -3
    endloop
  endfacet
  facet normal 0 0 -1
    outer loop
      vertex -19.8 19.8 -3
      vertex -12.7182 1.97335 -3
      vertex -12.8875 1.90325 -3
    endloop
  endfacet
  facet normal 0 0 -1
    outer loop
      vertex -19.8 19.8 -3
      vertex -12.8875 1.90325 -3
      vertex -13.05 1.81865 -3
    endloop
  endfacet
  facet normal 0 0 -1
    outer loop
      vertex -19.8 19.8 -3
      vertex -13.05 1.81865 -3
      vertex -13.2045 1.72022 -3
    endloop
  endfacet
  facet normal 0 0 -1
    outer loop
      vertex -19.8 19.8 -3
      vertex -13.2045 1.72022 -3
      vertex -13.3499 1.60869 -3
    endloop
  endfacet
  facet normal 0 0 -1
    outer loop
      vertex -19.8 19.8 -3
      vertex -14.1 0 -3
      vertex -19.8 -19.8 -3
    endloop
  endfacet
  facet normal 0 0 -1
    outer loop
      vertex -14.1 0 -3
      vertex -19.8 19.8 -3
      vertex -14.092 0.183026 -3
    endloop
  endfacet
  facet normal 0 0 -1
    outer loop
      vertex -14.092 0.183026 -3
      vertex -19.8 19.8 -3
      vertex -14.0681 0.36466 -3
    endloop
  endfacet
  facet normal 0 0 -1
    outer loop
      vertex 0 12.5 -3
      vertex -19.8 19.8 -3
      vertex 19.8 19.8 -3
    endloop
  endfacet
  facet normal 0 0 -1
    outer loop
      vertex -1.05655 12.2658 -3
      vertex -19.8 19.8 -3
      vertex -0.85505 12.3492 -3
    endloop
  endfacet
  facet normal 0 0 -1
    outer loop
      vertex -1.25 12.1651 -3
      vertex -19.8 19.8 -3
      vertex -1.05655 12.2658 -3
    endloop
  endfacet
  facet normal 0 0 -1
    outer loop
      vertex -1.43394 12.0479 -3
      vertex -19.8 19.8 -3
      vertex -1.25 12.1651 -3
    endloop
  endfacet
  facet normal 0 0 -1
    outer loop
      vertex -1.60697 11.9151 -3
      vertex -19.8 19.8 -3
      vertex -1.43394 12.0479 -3
    endloop
  endfacet
  facet normal 0 0 -1
    outer loop
      vertex -1.76777 11.7678 -3
      vertex -19.8 19.8 -3
      vertex -1.60697 11.9151 -3
    endloop
  endfacet
  facet normal 0 0 -1
    outer loop
      vertex -13.4849 1.48492 -3
      vertex -19.8 19.8 -3
      vertex -13.3499 1.60869 -3
    endloop
  endfacet
  facet normal 0 0 -1
    outer loop
      vertex -13.6087 1.34985 -3
      vertex -19.8 19.8 -3
      vertex -13.4849 1.48492 -3
    endloop
  endfacet
  facet normal 0 0 -1
    outer loop
      vertex -13.7202 1.20451 -3
      vertex -19.8 19.8 -3
      vertex -13.6087 1.34985 -3
    endloop
  endfacet
  facet normal 0 0 -1
    outer loop
      vertex -13.8187 1.05 -3
      vertex -19.8 19.8 -3
      vertex -13.7202 1.20451 -3
    endloop
  endfacet
  facet normal 0 0 -1
    outer loop
      vertex -13.9032 0.887498 -3
      vertex -19.8 19.8 -3
      vertex -13.8187 1.05 -3
    endloop
  endfacet
  facet normal 0 0 -1
    outer loop
      vertex -13.9734 0.718242 -3
      vertex -19.8 19.8 -3
      vertex -13.9032 0.887498 -3
    endloop
  endfacet
  facet normal 0 0 -1
    outer loop
      vertex -14.0284 0.54352 -3
      vertex -19.8 19.8 -3
      vertex -13.9734 0.718242 -3
    endloop
  endfacet
  facet normal 0 0 -1
    outer loop
      vertex -14.0681 0.36466 -3
      vertex -19.8 19.8 -3
      vertex -14.0284 0.54352 -3
    endloop
  endfacet
  facet normal 0 0 -1
    outer loop
      vertex 9.9 0 -3
      vertex 2.16506 8.75 -3
      vertex 2.26577 8.94345 -3
    endloop
  endfacet
  facet normal 0 0 -1
    outer loop
      vertex 9.9 0 -3
      vertex 2.04788 8.56606 -3
      vertex 2.16506 8.75 -3
    endloop
  endfacet
  facet normal 0 0 -1
    outer loop
      vertex 2.05 2 -3
      vertex 1.91511 8.39303 -3
      vertex 2.04788 8.56606 -3
    endloop
  endfacet
  facet normal 0 0 -1
    outer loop
      vertex 2.05 2 -3
      vertex 1.76777 8.23223 -3
      vertex 1.91511 8.39303 -3
    endloop
  endfacet
  facet normal 0 0 -1
    outer loop
      vertex 2.05 2 -3
      vertex 1.60697 8.08489 -3
      vertex 1.76777 8.23223 -3
    endloop
  endfacet
  facet normal 0 0 -1
    outer loop
      vertex 2.05 2 -3
      vertex 1.43394 7.95212 -3
      vertex 1.60697 8.08489 -3
    endloop
  endfacet
  facet normal 0 0 -1
    outer loop
      vertex 2.05 2 -3
      vertex 1.25 7.83494 -3
      vertex 1.43394 7.95212 -3
    endloop
  endfacet
  facet normal 0 0 -1
    outer loop
      vertex 2.05 2 -3
      vertex 1.05655 7.73423 -3
      vertex 1.25 7.83494 -3
    endloop
  endfacet
  facet normal 0 0 -1
    outer loop
      vertex 2.05 2 -3
      vertex 0.85505 7.65077 -3
      vertex 1.05655 7.73423 -3
    endloop
  endfacet
  facet normal 0 0 -1
    outer loop
      vertex 0.647047 7.58519 -3
      vertex 2.05 2 -3
      vertex 0.849999 2 -3
    endloop
  endfacet
  facet normal 0 0 -1
    outer loop
      vertex 2.05 2 -3
      vertex 0.647047 7.58519 -3
      vertex 0.85505 7.65077 -3
    endloop
  endfacet
  facet normal -0 0 -1
    outer loop
      vertex -0.43412 7.53798 -3
      vertex -0.849999 2 -3
      vertex -0.647047 7.58519 -3
    endloop
  endfacet
  facet normal 0 0 -1
    outer loop
      vertex -2.05 2 -3
      vertex -0.647047 7.58519 -3
      vertex -0.849999 2 -3
    endloop
  endfacet
  facet normal -0 0 -1
    outer loop
      vertex -0.647047 7.58519 -3
      vertex -2.05 2 -3
      vertex -0.85505 7.65077 -3
    endloop
  endfacet
  facet normal -0 0 -1
    outer loop
      vertex -0.85505 7.65077 -3
      vertex -2.05 2 -3
      vertex -1.05655 7.73423 -3
    endloop
  endfacet
  facet normal -0 0 -1
    outer loop
      vertex -1.05655 7.73423 -3
      vertex -2.05 2 -3
      vertex -1.25 7.83494 -3
    endloop
  endfacet
  facet normal -0 0 -1
    outer loop
      vertex -1.25 7.83494 -3
      vertex -2.05 2 -3
      vertex -1.43394 7.95212 -3
    endloop
  endfacet
  facet normal -0 0 -1
    outer loop
      vertex -1.43394 7.95212 -3
      vertex -2.05 2 -3
      vertex -1.60697 8.08489 -3
    endloop
  endfacet
  facet normal -0 0 -1
    outer loop
      vertex -1.60697 8.08489 -3
      vertex -2.05 2 -3
      vertex -1.76777 8.23223 -3
    endloop
  endfacet
  facet normal -0 0 -1
    outer loop
      vertex -1.76777 8.23223 -3
      vertex -2.05 2 -3
      vertex -1.91511 8.39303 -3
    endloop
  endfacet
  facet normal -0 0 -1
    outer loop
      vertex -1.91511 8.39303 -3
      vertex -2.05 2 -3
      vertex -2.04788 8.56606 -3
    endloop
  endfacet
  facet normal -0 0 -1
    outer loop
      vertex -2.04788 8.56606 -3
      vertex -2.05 2 -3
      vertex -2.16506 8.75 -3
    endloop
  endfacet
  facet normal -1 0 0
    outer loop
      vertex -2.05 -16 -9
      vertex -2.05 2 -3
      vertex -2.05 2 -9
    endloop
  endfacet
  facet normal -1 -0 0
    outer loop
      vertex -2.05 2 -3
      vertex -2.05 -16 -9
      vertex -2.05 -16 -3
    endloop
  endfacet
  facet normal 0 -1 0
    outer loop
      vertex -2.05 -16 -9
      vertex -0.849999 -16 -3
      vertex -2.05 -16 -3
    endloop
  endfacet
  facet normal 0 -1 -0
    outer loop
      vertex -0.849999 -16 -3
      vertex -2.05 -16 -9
      vertex -0.849999 -16 -9
    endloop
  endfacet
  facet normal 0 1 -0
    outer loop
      vertex -0.849999 2 -9
      vertex -2.05 2 -3
      vertex -0.849999 2 -3
    endloop
  endfacet
  facet normal 0 1 0
    outer loop
      vertex -2.05 2 -3
      vertex -0.849999 2 -9
      vertex -2.05 2 -9
    endloop
  endfacet
  facet normal 1 -0 0
    outer loop
      vertex 2.05 -16 -3
      vertex 2.05 2 -9
      vertex 2.05 2 -3
    endloop
  endfacet
  facet normal 1 0 0
    outer loop
      vertex 2.05 2 -9
      vertex 2.05 -16 -3
      vertex 2.05 -16 -9
    endloop
  endfacet
  facet normal 0 0 -1
    outer loop
      vertex 0.849999 -16 -9
      vertex 2.05 2 -9
      vertex 2.05 -16 -9
    endloop
  endfacet
  facet normal -0 0 -1
    outer loop
      vertex 2.05 2 -9
      vertex 0.849999 -16 -9
      vertex 0.849999 2 -9
    endloop
  endfacet
  facet normal -1 0 0
    outer loop
      vertex 0.849999 -16 -9
      vertex 0.849999 2 -3
      vertex 0.849999 2 -9
    endloop
  endfacet
  facet normal -1 -0 0
    outer loop
      vertex 0.849999 2 -3
      vertex 0.849999 -16 -9
      vertex 0.849999 -16 -3
    endloop
  endfacet
  facet normal 0 -1 0
    outer loop
      vertex 0.849999 -16 -9
      vertex 2.05 -16 -3
      vertex 0.849999 -16 -3
    endloop
  endfacet
  facet normal 0 -1 -0
    outer loop
      vertex 2.05 -16 -3
      vertex 0.849999 -16 -9
      vertex 2.05 -16 -9
    endloop
  endfacet
  facet normal 0 1 -0
    outer loop
      vertex 2.05 2 -9
      vertex 0.849999 2 -3
      vertex 2.05 2 -3
    endloop
  endfacet
  facet normal 0 1 0
    outer loop
      vertex 0.849999 2 -3
      vertex 2.05 2 -9
      vertex 0.849999 2 -9
    endloop
  endfacet
  facet normal 1 -0 0
    outer loop
      vertex 19.8 -19.8 0
      vertex 19.8 19.8 -3
      vertex 19.8 19.8 0
    endloop
  endfacet
  facet normal 1 0 0
    outer loop
      vertex 19.8 19.8 -3
      vertex 19.8 -19.8 0
      vertex 19.8 -19.8 -3
    endloop
  endfacet
  facet normal 0 0 1
    outer loop
      vertex 19.8 19.8 0
      vertex 16.15 16.15 0
      vertex 19.8 -19.8 0
    endloop
  endfacet
  facet normal 0 0 1
    outer loop
      vertex 19.8 19.8 0
      vertex -16.15 16.15 0
      vertex 16.15 16.15 0
    endloop
  endfacet
  facet normal 0 0 1
    outer loop
      vertex -16.15 16.15 0
      vertex -19.8 19.8 0
      vertex -16.15 -16.15 0
    endloop
  endfacet
  facet normal -0 0 1
    outer loop
      vertex -19.8 19.8 0
      vertex -16.15 16.15 0
      vertex 19.8 19.8 0
    endloop
  endfacet
  facet normal -0 0 1
    outer loop
      vertex 16.15 -16.15 0
      vertex 19.8 -19.8 0
      vertex 16.15 16.15 0
    endloop
  endfacet
  facet normal -0 0 1
    outer loop
      vertex -16.15 -16.15 0
      vertex 19.8 -19.8 0
      vertex 16.15 -16.15 0
    endloop
  endfacet
  facet normal 0 0 1
    outer loop
      vertex -16.15 -16.15 0
      vertex -19.8 -19.8 0
      vertex 19.8 -19.8 0
    endloop
  endfacet
  facet normal 0 0 1
    outer loop
      vertex -19.8 -19.8 0
      vertex -16.15 -16.15 0
      vertex -19.8 19.8 0
    endloop
  endfacet
  facet normal -1 0 0
    outer loop
      vertex -19.8 -19.8 -3
      vertex -19.8 19.8 0
      vertex -19.8 19.8 -3
    endloop
  endfacet
  facet normal -1 -0 0
    outer loop
      vertex -19.8 19.8 0
      vertex -19.8 -19.8 -3
      vertex -19.8 -19.8 0
    endloop
  endfacet
  facet normal 0 -1 0
    outer loop
      vertex -19.8 -19.8 -3
      vertex 19.8 -19.8 0
      vertex -19.8 -19.8 0
    endloop
  endfacet
  facet normal 0 -1 -0
    outer loop
      vertex 19.8 -19.8 0
      vertex -19.8 -19.8 -3
      vertex 19.8 -19.8 -3
    endloop
  endfacet
  facet normal 0 1 -0
    outer loop
      vertex 19.8 19.8 -3
      vertex -19.8 19.8 0
      vertex 19.8 19.8 0
    endloop
  endfacet
  facet normal 0 1 0
    outer loop
      vertex -19.8 19.8 0
      vertex 19.8 19.8 -3
      vertex -19.8 19.8 -3
    endloop
  endfacet
  facet normal 1 -0 0
    outer loop
      vertex 16.15 -16.15 2
      vertex 16.15 16.15 0
      vertex 16.15 16.15 2
    endloop
  endfacet
  facet normal 1 0 0
    outer loop
      vertex 16.15 16.15 0
      vertex 16.15 -16.15 2
      vertex 16.15 -16.15 0
    endloop
  endfacet
  facet normal -1 0 0
    outer loop
      vertex -16.15 -16.15 0
      vertex -16.15 16.15 2
      vertex -16.15 16.15 0
    endloop
  endfacet
  facet normal -1 -0 0
    outer loop
      vertex -16.15 16.15 2
      vertex -16.15 -16.15 0
      vertex -16.15 -16.15 2
    endloop
  endfacet
  facet normal 0 -1 0
    outer loop
      vertex -16.15 -16.15 0
      vertex 16.15 -16.15 2
      vertex -16.15 -16.15 2
    endloop
  endfacet
  facet normal 0 -1 -0
    outer loop
      vertex 16.15 -16.15 2
      vertex -16.15 -16.15 0
      vertex 16.15 -16.15 0
    endloop
  endfacet
  facet normal 0 1 -0
    outer loop
      vertex 16.15 16.15 0
      vertex -16.15 16.15 2
      vertex 16.15 16.15 2
    endloop
  endfacet
  facet normal 0 1 0
    outer loop
      vertex -16.15 16.15 2
      vertex 16.15 16.15 0
      vertex -16.15 16.15 0
    endloop
  endfacet
  facet normal -0.991447 0.130512 0
    outer loop
      vertex -9.9319 -0.36466 -3
      vertex -9.90799 -0.183026 1.2
      vertex -9.90799 -0.183026 -3
    endloop
  endfacet
  facet normal -0.991447 0.130512 0
    outer loop
      vertex -9.90799 -0.183026 1.2
      vertex -9.9319 -0.36466 -3
      vertex -9.9319 -0.36466 1.2
    endloop
  endfacet
  facet normal -0.999048 0.0436135 0
    outer loop
      vertex -9.90799 -0.183026 -3
      vertex -9.9 0 1.2
      vertex -9.9 0 -3
    endloop
  endfacet
  facet normal -0.999048 0.0436135 0
    outer loop
      vertex -9.9 0 1.2
      vertex -9.90799 -0.183026 -3
      vertex -9.90799 -0.183026 1.2
    endloop
  endfacet
  facet normal 0.923702 -0.383111 0
    outer loop
      vertex -13.9734 0.718242 1.2
      vertex -13.9032 0.887498 -3
      vertex -13.9032 0.887498 1.2
    endloop
  endfacet
  facet normal 0.923702 -0.383111 0
    outer loop
      vertex -13.9032 0.887498 -3
      vertex -13.9734 0.718242 1.2
      vertex -13.9734 0.718242 -3
    endloop
  endfacet
  facet normal -0.793415 -0.608681 0
    outer loop
      vertex -10.2798 1.20451 -3
      vertex -10.3913 1.34985 1.2
      vertex -10.3913 1.34985 -3
    endloop
  endfacet
  facet normal -0.793415 -0.608681 0
    outer loop
      vertex -10.3913 1.34985 1.2
      vertex -10.2798 1.20451 -3
      vertex -10.2798 1.20451 1.2
    endloop
  endfacet
  facet normal -0.0436196 0.999048 0
    outer loop
      vertex -11.817 -2.09201 -3
      vertex -12 -2.1 1.2
      vertex -11.817 -2.09201 1.2
    endloop
  endfacet
  facet normal -0.0436196 0.999048 0
    outer loop
      vertex -12 -2.1 1.2
      vertex -11.817 -2.09201 -3
      vertex -12 -2.1 -3
    endloop
  endfacet
  facet normal -0.953795 0.300459 0
    outer loop
      vertex -10.0266 -0.718242 -3
      vertex -9.97156 -0.54352 1.2
      vertex -9.97156 -0.54352 -3
    endloop
  endfacet
  facet normal -0.953795 0.300459 0
    outer loop
      vertex -9.97156 -0.54352 1.2
      vertex -10.0266 -0.718242 -3
      vertex -10.0266 -0.718242 1.2
    endloop
  endfacet
  facet normal -0.737193 0.675683 0
    outer loop
      vertex -10.5151 -1.48492 -3
      vertex -10.3913 -1.34985 1.2
      vertex -10.3913 -1.34985 -3
    endloop
  endfacet
  facet normal -0.737193 0.675683 0
    outer loop
      vertex -10.3913 -1.34985 1.2
      vertex -10.5151 -1.48492 -3
      vertex -10.5151 -1.48492 1.2
    endloop
  endfacet
  facet normal -0.53731 0.843385 0
    outer loop
      vertex -10.7955 -1.72022 -3
      vertex -10.95 -1.81865 1.2
      vertex -10.7955 -1.72022 1.2
    endloop
  endfacet
  facet normal -0.53731 0.843385 0
    outer loop
      vertex -10.95 -1.81865 1.2
      vertex -10.7955 -1.72022 -3
      vertex -10.95 -1.81865 -3
    endloop
  endfacet
  facet normal -0.793415 0.608681 0
    outer loop
      vertex -10.3913 -1.34985 -3
      vertex -10.2798 -1.20451 1.2
      vertex -10.2798 -1.20451 -3
    endloop
  endfacet
  facet normal -0.793415 0.608681 0
    outer loop
      vertex -10.2798 -1.20451 1.2
      vertex -10.3913 -1.34985 -3
      vertex -10.3913 -1.34985 1.2
    endloop
  endfacet
  facet normal -0.382561 -0.92393 0
    outer loop
      vertex -11.2818 1.97335 -3
      vertex -11.1125 1.90325 1.2
      vertex -11.2818 1.97335 1.2
    endloop
  endfacet
  facet normal -0.382561 -0.92393 -0
    outer loop
      vertex -11.1125 1.90325 1.2
      vertex -11.2818 1.97335 -3
      vertex -11.1125 1.90325 -3
    endloop
  endfacet
  facet normal 0.382561 -0.92393 0
    outer loop
      vertex -12.8875 1.90325 -3
      vertex -12.7182 1.97335 1.2
      vertex -12.8875 1.90325 1.2
    endloop
  endfacet
  facet normal 0.382561 -0.92393 0
    outer loop
      vertex -12.7182 1.97335 1.2
      vertex -12.8875 1.90325 -3
      vertex -12.7182 1.97335 -3
    endloop
  endfacet
  facet normal -0.887219 -0.461348 0
    outer loop
      vertex -10.0968 0.887498 -3
      vertex -10.1813 1.05 1.2
      vertex -10.1813 1.05 -3
    endloop
  endfacet
  facet normal -0.887219 -0.461348 0
    outer loop
      vertex -10.1813 1.05 1.2
      vertex -10.0968 0.887498 -3
      vertex -10.0968 0.887498 1.2
    endloop
  endfacet
  facet normal -0.953795 -0.300459 0
    outer loop
      vertex -9.97156 0.54352 -3
      vertex -10.0266 0.718242 1.2
      vertex -10.0266 0.718242 -3
    endloop
  endfacet
  facet normal -0.953795 -0.300459 0
    outer loop
      vertex -10.0266 0.718242 1.2
      vertex -9.97156 0.54352 -3
      vertex -9.97156 0.54352 1.2
    endloop
  endfacet
  facet normal 0.0436196 0.999048 -0
    outer loop
      vertex -12 -2.1 -3
      vertex -12.183 -2.09201 1.2
      vertex -12 -2.1 1.2
    endloop
  endfacet
  facet normal 0.0436196 0.999048 0
    outer loop
      vertex -12.183 -2.09201 1.2
      vertex -12 -2.1 -3
      vertex -12.183 -2.09201 -3
    endloop
  endfacet
  facet normal -0.130466 0.991453 0
    outer loop
      vertex -11.6353 -2.0681 -3
      vertex -11.817 -2.09201 1.2
      vertex -11.6353 -2.0681 1.2
    endloop
  endfacet
  facet normal -0.130466 0.991453 0
    outer loop
      vertex -11.817 -2.09201 1.2
      vertex -11.6353 -2.0681 -3
      vertex -11.817 -2.09201 -3
    endloop
  endfacet
  facet normal -0.382561 0.92393 0
    outer loop
      vertex -11.1125 -1.90325 -3
      vertex -11.2818 -1.97335 1.2
      vertex -11.1125 -1.90325 1.2
    endloop
  endfacet
  facet normal -0.382561 0.92393 0
    outer loop
      vertex -11.2818 -1.97335 1.2
      vertex -11.1125 -1.90325 -3
      vertex -11.2818 -1.97335 -3
    endloop
  endfacet
  facet normal 0.737193 -0.675683 0
    outer loop
      vertex -13.6087 1.34985 1.2
      vertex -13.4849 1.48492 -3
      vertex -13.4849 1.48492 1.2
    endloop
  endfacet
  facet normal 0.737193 -0.675683 0
    outer loop
      vertex -13.4849 1.48492 -3
      vertex -13.6087 1.34985 1.2
      vertex -13.6087 1.34985 -3
    endloop
  endfacet
  facet normal -0.887219 0.461348 0
    outer loop
      vertex -10.1813 -1.05 -3
      vertex -10.0968 -0.887498 1.2
      vertex -10.0968 -0.887498 -3
    endloop
  endfacet
  facet normal -0.887219 0.461348 0
    outer loop
      vertex -10.0968 -0.887498 1.2
      vertex -10.1813 -1.05 -3
      vertex -10.1813 -1.05 1.2
    endloop
  endfacet
  facet normal -0.976287 0.21648 0
    outer loop
      vertex -9.97156 -0.54352 -3
      vertex -9.9319 -0.36466 1.2
      vertex -9.9319 -0.36466 -3
    endloop
  endfacet
  facet normal -0.976287 0.21648 0
    outer loop
      vertex -9.9319 -0.36466 1.2
      vertex -9.97156 -0.54352 -3
      vertex -9.97156 -0.54352 1.2
    endloop
  endfacet
  facet normal 0.461782 -0.886993 0
    outer loop
      vertex -13.05 1.81865 -3
      vertex -12.8875 1.90325 1.2
      vertex -13.05 1.81865 1.2
    endloop
  endfacet
  facet normal 0.461782 -0.886993 0
    outer loop
      vertex -12.8875 1.90325 1.2
      vertex -13.05 1.81865 -3
      vertex -12.8875 1.90325 -3
    endloop
  endfacet
  facet normal 0.999046 -0.0436679 0
    outer loop
      vertex -14.1 0 1.2
      vertex -14.092 0.183026 -3
      vertex -14.092 0.183026 1.2
    endloop
  endfacet
  facet normal 0.999046 -0.0436679 0
    outer loop
      vertex -14.092 0.183026 -3
      vertex -14.1 0 1.2
      vertex -14.1 0 -3
    endloop
  endfacet
  facet normal 0.608626 -0.793457 0
    outer loop
      vertex -13.3499 1.60869 -3
      vertex -13.2045 1.72022 1.2
      vertex -13.3499 1.60869 1.2
    endloop
  endfacet
  facet normal 0.608626 -0.793457 0
    outer loop
      vertex -13.2045 1.72022 1.2
      vertex -13.3499 1.60869 -3
      vertex -13.2045 1.72022 -3
    endloop
  endfacet
  facet normal 0.53731 0.843385 -0
    outer loop
      vertex -13.05 -1.81865 -3
      vertex -13.2045 -1.72022 1.2
      vertex -13.05 -1.81865 1.2
    endloop
  endfacet
  facet normal 0.53731 0.843385 0
    outer loop
      vertex -13.2045 -1.72022 1.2
      vertex -13.05 -1.81865 -3
      vertex -13.2045 -1.72022 -3
    endloop
  endfacet
  facet normal -0.999048 -0.0436135 0
    outer loop
      vertex -9.9 0 -3
      vertex -9.90799 0.183026 1.2
      vertex -9.90799 0.183026 -3
    endloop
  endfacet
  facet normal -0.999048 -0.0436135 0
    outer loop
      vertex -9.90799 0.183026 1.2
      vertex -9.9 0 -3
      vertex -9.9 0 1.2
    endloop
  endfacet
  facet normal -0.216549 -0.976272 0
    outer loop
      vertex -11.6353 2.0681 -3
      vertex -11.4565 2.02844 1.2
      vertex -11.6353 2.0681 1.2
    endloop
  endfacet
  facet normal -0.216549 -0.976272 -0
    outer loop
      vertex -11.4565 2.02844 1.2
      vertex -11.6353 2.0681 -3
      vertex -11.4565 2.02844 -3
    endloop
  endfacet
  facet normal -0.991447 -0.130512 0
    outer loop
      vertex -9.90799 0.183026 -3
      vertex -9.9319 0.36466 1.2
      vertex -9.9319 0.36466 -3
    endloop
  endfacet
  facet normal -0.991447 -0.130512 0
    outer loop
      vertex -9.9319 0.36466 1.2
      vertex -9.90799 0.183026 -3
      vertex -9.90799 0.183026 1.2
    endloop
  endfacet
  facet normal -0.608626 0.793457 0
    outer loop
      vertex -10.6501 -1.60869 -3
      vertex -10.7955 -1.72022 1.2
      vertex -10.6501 -1.60869 1.2
    endloop
  endfacet
  facet normal -0.608626 0.793457 0
    outer loop
      vertex -10.7955 -1.72022 1.2
      vertex -10.6501 -1.60869 -3
      vertex -10.7955 -1.72022 -3
    endloop
  endfacet
  facet normal 0 0 -1
    outer loop
      vertex -9.90799 -0.183026 1.2
      vertex -9.90799 0.183026 1.2
      vertex -9.9 0 1.2
    endloop
  endfacet
  facet normal 0 0 -1
    outer loop
      vertex -9.9319 -0.36466 1.2
      vertex -9.90799 0.183026 1.2
      vertex -9.90799 -0.183026 1.2
    endloop
  endfacet
  facet normal 0 0 -1
    outer loop
      vertex -9.9319 -0.36466 1.2
      vertex -9.9319 0.36466 1.2
      vertex -9.90799 0.183026 1.2
    endloop
  endfacet
  facet normal 0 0 -1
    outer loop
      vertex -9.97156 -0.54352 1.2
      vertex -9.9319 0.36466 1.2
      vertex -9.9319 -0.36466 1.2
    endloop
  endfacet
  facet normal 0 0 -1
    outer loop
      vertex -9.97156 -0.54352 1.2
      vertex -9.97156 0.54352 1.2
      vertex -9.9319 0.36466 1.2
    endloop
  endfacet
  facet normal 0 0 -1
    outer loop
      vertex -10.0266 -0.718242 1.2
      vertex -9.97156 0.54352 1.2
      vertex -9.97156 -0.54352 1.2
    endloop
  endfacet
  facet normal 0 0 -1
    outer loop
      vertex -10.0266 -0.718242 1.2
      vertex -10.0266 0.718242 1.2
      vertex -9.97156 0.54352 1.2
    endloop
  endfacet
  facet normal 0 0 -1
    outer loop
      vertex -10.0968 -0.887498 1.2
      vertex -10.0266 0.718242 1.2
      vertex -10.0266 -0.718242 1.2
    endloop
  endfacet
  facet normal 0 0 -1
    outer loop
      vertex -10.0968 -0.887498 1.2
      vertex -10.0968 0.887498 1.2
      vertex -10.0266 0.718242 1.2
    endloop
  endfacet
  facet normal 0 0 -1
    outer loop
      vertex -10.1813 -1.05 1.2
      vertex -10.0968 0.887498 1.2
      vertex -10.0968 -0.887498 1.2
    endloop
  endfacet
  facet normal 0 0 -1
    outer loop
      vertex -10.1813 -1.05 1.2
      vertex -10.1813 1.05 1.2
      vertex -10.0968 0.887498 1.2
    endloop
  endfacet
  facet normal 0 0 -1
    outer loop
      vertex -10.2798 -1.20451 1.2
      vertex -10.1813 1.05 1.2
      vertex -10.1813 -1.05 1.2
    endloop
  endfacet
  facet normal 0 0 -1
    outer loop
      vertex -10.2798 -1.20451 1.2
      vertex -10.2798 1.20451 1.2
      vertex -10.1813 1.05 1.2
    endloop
  endfacet
  facet normal 0 0 -1
    outer loop
      vertex -10.3913 -1.34985 1.2
      vertex -10.2798 1.20451 1.2
      vertex -10.2798 -1.20451 1.2
    endloop
  endfacet
  facet normal 0 0 -1
    outer loop
      vertex -10.3913 -1.34985 1.2
      vertex -10.3913 1.34985 1.2
      vertex -10.2798 1.20451 1.2
    endloop
  endfacet
  facet normal 0 0 -1
    outer loop
      vertex -10.5151 -1.48492 1.2
      vertex -10.3913 1.34985 1.2
      vertex -10.3913 -1.34985 1.2
    endloop
  endfacet
  facet normal 0 0 -1
    outer loop
      vertex -10.5151 -1.48492 1.2
      vertex -10.5151 1.48492 1.2
      vertex -10.3913 1.34985 1.2
    endloop
  endfacet
  facet normal 0 0 -1
    outer loop
      vertex -10.6501 -1.60869 1.2
      vertex -10.5151 1.48492 1.2
      vertex -10.5151 -1.48492 1.2
    endloop
  endfacet
  facet normal 0 0 -1
    outer loop
      vertex -10.6501 -1.60869 1.2
      vertex -10.6501 1.60869 1.2
      vertex -10.5151 1.48492 1.2
    endloop
  endfacet
  facet normal 0 0 -1
    outer loop
      vertex -10.7955 -1.72022 1.2
      vertex -10.6501 1.60869 1.2
      vertex -10.6501 -1.60869 1.2
    endloop
  endfacet
  facet normal 0 0 -1
    outer loop
      vertex -10.7955 -1.72022 1.2
      vertex -10.7955 1.72022 1.2
      vertex -10.6501 1.60869 1.2
    endloop
  endfacet
  facet normal 0 0 -1
    outer loop
      vertex -10.95 -1.81865 1.2
      vertex -10.7955 1.72022 1.2
      vertex -10.7955 -1.72022 1.2
    endloop
  endfacet
  facet normal 0 0 -1
    outer loop
      vertex -10.95 -1.81865 1.2
      vertex -10.95 1.81865 1.2
      vertex -10.7955 1.72022 1.2
    endloop
  endfacet
  facet normal 0 0 -1
    outer loop
      vertex -11.1125 -1.90325 1.2
      vertex -10.95 1.81865 1.2
      vertex -10.95 -1.81865 1.2
    endloop
  endfacet
  facet normal 0 0 -1
    outer loop
      vertex -11.1125 -1.90325 1.2
      vertex -11.1125 1.90325 1.2
      vertex -10.95 1.81865 1.2
    endloop
  endfacet
  facet normal 0 0 -1
    outer loop
      vertex -11.2818 -1.97335 1.2
      vertex -11.1125 1.90325 1.2
      vertex -11.1125 -1.90325 1.2
    endloop
  endfacet
  facet normal 0 0 -1
    outer loop
      vertex -11.2818 -1.97335 1.2
      vertex -11.2818 1.97335 1.2
      vertex -11.1125 1.90325 1.2
    endloop
  endfacet
  facet normal 0 0 -1
    outer loop
      vertex -11.4565 -2.02844 1.2
      vertex -11.2818 1.97335 1.2
      vertex -11.2818 -1.97335 1.2
    endloop
  endfacet
  facet normal 0 0 -1
    outer loop
      vertex -11.4565 -2.02844 1.2
      vertex -11.4565 2.02844 1.2
      vertex -11.2818 1.97335 1.2
    endloop
  endfacet
  facet normal 0 0 -1
    outer loop
      vertex -11.6353 -2.0681 1.2
      vertex -11.4565 2.02844 1.2
      vertex -11.4565 -2.02844 1.2
    endloop
  endfacet
  facet normal 0 0 -1
    outer loop
      vertex -11.6353 -2.0681 1.2
      vertex -11.6353 2.0681 1.2
      vertex -11.4565 2.02844 1.2
    endloop
  endfacet
  facet normal 0 0 -1
    outer loop
      vertex -11.817 -2.09201 1.2
      vertex -11.6353 2.0681 1.2
      vertex -11.6353 -2.0681 1.2
    endloop
  endfacet
  facet normal 0 0 -1
    outer loop
      vertex -11.817 -2.09201 1.2
      vertex -11.817 2.09201 1.2
      vertex -11.6353 2.0681 1.2
    endloop
  endfacet
  facet normal 0 0 -1
    outer loop
      vertex -12 -2.1 1.2
      vertex -11.817 2.09201 1.2
      vertex -11.817 -2.09201 1.2
    endloop
  endfacet
  facet normal 0 0 -1
    outer loop
      vertex -12 -2.1 1.2
      vertex -12 2.1 1.2
      vertex -11.817 2.09201 1.2
    endloop
  endfacet
  facet normal 0 0 -1
    outer loop
      vertex -12.183 -2.09201 1.2
      vertex -12 2.1 1.2
      vertex -12 -2.1 1.2
    endloop
  endfacet
  facet normal 0 0 -1
    outer loop
      vertex -12.183 -2.09201 1.2
      vertex -12.183 2.09201 1.2
      vertex -12 2.1 1.2
    endloop
  endfacet
  facet normal 0 0 -1
    outer loop
      vertex -12.3647 -2.0681 1.2
      vertex -12.183 2.09201 1.2
      vertex -12.183 -2.09201 1.2
    endloop
  endfacet
  facet normal 0 0 -1
    outer loop
      vertex -12.3647 -2.0681 1.2
      vertex -12.3647 2.0681 1.2
      vertex -12.183 2.09201 1.2
    endloop
  endfacet
  facet normal 0 0 -1
    outer loop
      vertex -12.5435 -2.02844 1.2
      vertex -12.3647 2.0681 1.2
      vertex -12.3647 -2.0681 1.2
    endloop
  endfacet
  facet normal 0 0 -1
    outer loop
      vertex -12.5435 -2.02844 1.2
      vertex -12.5435 2.02844 1.2
      vertex -12.3647 2.0681 1.2
    endloop
  endfacet
  facet normal 0 0 -1
    outer loop
      vertex -12.7182 -1.97335 1.2
      vertex -12.5435 2.02844 1.2
      vertex -12.5435 -2.02844 1.2
    endloop
  endfacet
  facet normal 0 0 -1
    outer loop
      vertex -12.7182 -1.97335 1.2
      vertex -12.7182 1.97335 1.2
      vertex -12.5435 2.02844 1.2
    endloop
  endfacet
  facet normal 0 0 -1
    outer loop
      vertex -12.8875 -1.90325 1.2
      vertex -12.7182 1.97335 1.2
      vertex -12.7182 -1.97335 1.2
    endloop
  endfacet
  facet normal 0 0 -1
    outer loop
      vertex -12.8875 -1.90325 1.2
      vertex -12.8875 1.90325 1.2
      vertex -12.7182 1.97335 1.2
    endloop
  endfacet
  facet normal 0 0 -1
    outer loop
      vertex -13.05 -1.81865 1.2
      vertex -12.8875 1.90325 1.2
      vertex -12.8875 -1.90325 1.2
    endloop
  endfacet
  facet normal 0 0 -1
    outer loop
      vertex -13.05 -1.81865 1.2
      vertex -13.05 1.81865 1.2
      vertex -12.8875 1.90325 1.2
    endloop
  endfacet
  facet normal 0 0 -1
    outer loop
      vertex -13.2045 -1.72022 1.2
      vertex -13.05 1.81865 1.2
      vertex -13.05 -1.81865 1.2
    endloop
  endfacet
  facet normal 0 0 -1
    outer loop
      vertex -13.2045 -1.72022 1.2
      vertex -13.2045 1.72022 1.2
      vertex -13.05 1.81865 1.2
    endloop
  endfacet
  facet normal 0 0 -1
    outer loop
      vertex -13.3499 -1.60869 1.2
      vertex -13.2045 1.72022 1.2
      vertex -13.2045 -1.72022 1.2
    endloop
  endfacet
  facet normal 0 0 -1
    outer loop
      vertex -13.3499 -1.60869 1.2
      vertex -13.3499 1.60869 1.2
      vertex -13.2045 1.72022 1.2
    endloop
  endfacet
  facet normal 0 0 -1
    outer loop
      vertex -13.4849 -1.48492 1.2
      vertex -13.3499 1.60869 1.2
      vertex -13.3499 -1.60869 1.2
    endloop
  endfacet
  facet normal 0 0 -1
    outer loop
      vertex -13.4849 -1.48492 1.2
      vertex -13.4849 1.48492 1.2
      vertex -13.3499 1.60869 1.2
    endloop
  endfacet
  facet normal 0 0 -1
    outer loop
      vertex -13.6087 -1.34985 1.2
      vertex -13.4849 1.48492 1.2
      vertex -13.4849 -1.48492 1.2
    endloop
  endfacet
  facet normal 0 0 -1
    outer loop
      vertex -13.6087 -1.34985 1.2
      vertex -13.6087 1.34985 1.2
      vertex -13.4849 1.48492 1.2
    endloop
  endfacet
  facet normal 0 0 -1
    outer loop
      vertex -13.7202 -1.20451 1.2
      vertex -13.6087 1.34985 1.2
      vertex -13.6087 -1.34985 1.2
    endloop
  endfacet
  facet normal 0 0 -1
    outer loop
      vertex -13.7202 -1.20451 1.2
      vertex -13.7202 1.20451 1.2
      vertex -13.6087 1.34985 1.2
    endloop
  endfacet
  facet normal 0 0 -1
    outer loop
      vertex -13.8187 -1.05 1.2
      vertex -13.7202 1.20451 1.2
      vertex -13.7202 -1.20451 1.2
    endloop
  endfacet
  facet normal 0 0 -1
    outer loop
      vertex -13.8187 -1.05 1.2
      vertex -13.8187 1.05 1.2
      vertex -13.7202 1.20451 1.2
    endloop
  endfacet
  facet normal 0 0 -1
    outer loop
      vertex -13.9032 -0.887498 1.2
      vertex -13.8187 1.05 1.2
      vertex -13.8187 -1.05 1.2
    endloop
  endfacet
  facet normal 0 0 -1
    outer loop
      vertex -13.9032 -0.887498 1.2
      vertex -13.9032 0.887498 1.2
      vertex -13.8187 1.05 1.2
    endloop
  endfacet
  facet normal 0 0 -1
    outer loop
      vertex -13.9734 -0.718242 1.2
      vertex -13.9032 0.887498 1.2
      vertex -13.9032 -0.887498 1.2
    endloop
  endfacet
  facet normal 0 0 -1
    outer loop
      vertex -13.9734 -0.718242 1.2
      vertex -13.9734 0.718242 1.2
      vertex -13.9032 0.887498 1.2
    endloop
  endfacet
  facet normal 0 0 -1
    outer loop
      vertex -14.0284 -0.54352 1.2
      vertex -13.9734 0.718242 1.2
      vertex -13.9734 -0.718242 1.2
    endloop
  endfacet
  facet normal 0 0 -1
    outer loop
      vertex -14.0284 -0.54352 1.2
      vertex -14.0284 0.54352 1.2
      vertex -13.9734 0.718242 1.2
    endloop
  endfacet
  facet normal 0 0 -1
    outer loop
      vertex -14.0681 -0.36466 1.2
      vertex -14.0284 0.54352 1.2
      vertex -14.0284 -0.54352 1.2
    endloop
  endfacet
  facet normal 0 0 -1
    outer loop
      vertex -14.0681 -0.36466 1.2
      vertex -14.0681 0.36466 1.2
      vertex -14.0284 0.54352 1.2
    endloop
  endfacet
  facet normal 0 0 -1
    outer loop
      vertex -14.092 -0.183026 1.2
      vertex -14.0681 0.36466 1.2
      vertex -14.0681 -0.36466 1.2
    endloop
  endfacet
  facet normal 0 0 -1
    outer loop
      vertex -14.092 -0.183026 1.2
      vertex -14.092 0.183026 1.2
      vertex -14.0681 0.36466 1.2
    endloop
  endfacet
  facet normal 0 -0 -1
    outer loop
      vertex -14.092 0.183026 1.2
      vertex -14.092 -0.183026 1.2
      vertex -14.1 0 1.2
    endloop
  endfacet
  facet normal 0.300742 0.953706 -0
    outer loop
      vertex -12.5435 -2.02844 -3
      vertex -12.7182 -1.97335 1.2
      vertex -12.5435 -2.02844 1.2
    endloop
  endfacet
  facet normal 0.300742 0.953706 0
    outer loop
      vertex -12.7182 -1.97335 1.2
      vertex -12.5435 -2.02844 -3
      vertex -12.7182 -1.97335 -3
    endloop
  endfacet
  facet normal 0.887219 0.461348 0
    outer loop
      vertex -13.8187 -1.05 1.2
      vertex -13.9032 -0.887498 -3
      vertex -13.9032 -0.887498 1.2
    endloop
  endfacet
  facet normal 0.887219 0.461348 0
    outer loop
      vertex -13.9032 -0.887498 -3
      vertex -13.8187 -1.05 1.2
      vertex -13.8187 -1.05 -3
    endloop
  endfacet
  facet normal 0.382561 0.92393 -0
    outer loop
      vertex -12.7182 -1.97335 -3
      vertex -12.8875 -1.90325 1.2
      vertex -12.7182 -1.97335 1.2
    endloop
  endfacet
  facet normal 0.382561 0.92393 0
    outer loop
      vertex -12.8875 -1.90325 1.2
      vertex -12.7182 -1.97335 -3
      vertex -12.8875 -1.90325 -3
    endloop
  endfacet
  facet normal 0.675784 0.7371 -0
    outer loop
      vertex -13.3499 -1.60869 -3
      vertex -13.4849 -1.48492 1.2
      vertex -13.3499 -1.60869 1.2
    endloop
  endfacet
  facet normal 0.675784 0.7371 0
    outer loop
      vertex -13.4849 -1.48492 1.2
      vertex -13.3499 -1.60869 -3
      vertex -13.4849 -1.48492 -3
    endloop
  endfacet
  facet normal 0.953857 -0.300261 0
    outer loop
      vertex -14.0284 0.54352 1.2
      vertex -13.9734 0.718242 -3
      vertex -13.9734 0.718242 1.2
    endloop
  endfacet
  facet normal 0.953857 -0.300261 0
    outer loop
      vertex -13.9734 0.718242 -3
      vertex -14.0284 0.54352 1.2
      vertex -14.0284 0.54352 -3
    endloop
  endfacet
  facet normal -0.923702 0.383111 0
    outer loop
      vertex -10.0968 -0.887498 -3
      vertex -10.0266 -0.718242 1.2
      vertex -10.0266 -0.718242 -3
    endloop
  endfacet
  facet normal -0.923702 0.383111 0
    outer loop
      vertex -10.0266 -0.718242 1.2
      vertex -10.0968 -0.887498 -3
      vertex -10.0968 -0.887498 1.2
    endloop
  endfacet
  facet normal 0.793415 0.608681 0
    outer loop
      vertex -13.6087 -1.34985 1.2
      vertex -13.7202 -1.20451 -3
      vertex -13.7202 -1.20451 1.2
    endloop
  endfacet
  facet normal 0.793415 0.608681 0
    outer loop
      vertex -13.7202 -1.20451 -3
      vertex -13.6087 -1.34985 1.2
      vertex -13.6087 -1.34985 -3
    endloop
  endfacet
  facet normal 0.53731 -0.843385 0
    outer loop
      vertex -13.2045 1.72022 -3
      vertex -13.05 1.81865 1.2
      vertex -13.2045 1.72022 1.2
    endloop
  endfacet
  facet normal 0.53731 -0.843385 0
    outer loop
      vertex -13.05 1.81865 1.2
      vertex -13.2045 1.72022 -3
      vertex -13.05 1.81865 -3
    endloop
  endfacet
  facet normal 0.843228 -0.537557 0
    outer loop
      vertex -13.8187 1.05 1.2
      vertex -13.7202 1.20451 -3
      vertex -13.7202 1.20451 1.2
    endloop
  endfacet
  facet normal 0.843228 -0.537557 0
    outer loop
      vertex -13.7202 1.20451 -3
      vertex -13.8187 1.05 1.2
      vertex -13.8187 1.05 -3
    endloop
  endfacet
  facet normal -0.300742 -0.953706 0
    outer loop
      vertex -11.4565 2.02844 -3
      vertex -11.2818 1.97335 1.2
      vertex -11.4565 2.02844 1.2
    endloop
  endfacet
  facet normal -0.300742 -0.953706 -0
    outer loop
      vertex -11.2818 1.97335 1.2
      vertex -11.4565 2.02844 -3
      vertex -11.2818 1.97335 -3
    endloop
  endfacet
  facet normal 0.608626 0.793457 -0
    outer loop
      vertex -13.2045 -1.72022 -3
      vertex -13.3499 -1.60869 1.2
      vertex -13.2045 -1.72022 1.2
    endloop
  endfacet
  facet normal 0.608626 0.793457 0
    outer loop
      vertex -13.3499 -1.60869 1.2
      vertex -13.2045 -1.72022 -3
      vertex -13.3499 -1.60869 -3
    endloop
  endfacet
  facet normal 0.300742 -0.953706 0
    outer loop
      vertex -12.7182 1.97335 -3
      vertex -12.5435 2.02844 1.2
      vertex -12.7182 1.97335 1.2
    endloop
  endfacet
  facet normal 0.300742 -0.953706 0
    outer loop
      vertex -12.5435 2.02844 1.2
      vertex -12.7182 1.97335 -3
      vertex -12.5435 2.02844 -3
    endloop
  endfacet
  facet normal 0.991454 0.130459 0
    outer loop
      vertex -14.0681 -0.36466 1.2
      vertex -14.092 -0.183026 -3
      vertex -14.092 -0.183026 1.2
    endloop
  endfacet
  facet normal 0.991454 0.130459 0
    outer loop
      vertex -14.092 -0.183026 -3
      vertex -14.0681 -0.36466 1.2
      vertex -14.0681 -0.36466 -3
    endloop
  endfacet
  facet normal 0.675784 -0.7371 0
    outer loop
      vertex -13.4849 1.48492 -3
      vertex -13.3499 1.60869 1.2
      vertex -13.4849 1.48492 1.2
    endloop
  endfacet
  facet normal 0.675784 -0.7371 0
    outer loop
      vertex -13.3499 1.60869 1.2
      vertex -13.4849 1.48492 -3
      vertex -13.3499 1.60869 -3
    endloop
  endfacet
  facet normal 0.216549 0.976272 -0
    outer loop
      vertex -12.3647 -2.0681 -3
      vertex -12.5435 -2.02844 1.2
      vertex -12.3647 -2.0681 1.2
    endloop
  endfacet
  facet normal 0.216549 0.976272 0
    outer loop
      vertex -12.5435 -2.02844 1.2
      vertex -12.3647 -2.0681 -3
      vertex -12.5435 -2.02844 -3
    endloop
  endfacet
  facet normal -0.461782 0.886993 0
    outer loop
      vertex -10.95 -1.81865 -3
      vertex -11.1125 -1.90325 1.2
      vertex -10.95 -1.81865 1.2
    endloop
  endfacet
  facet normal -0.461782 0.886993 0
    outer loop
      vertex -11.1125 -1.90325 1.2
      vertex -10.95 -1.81865 -3
      vertex -11.1125 -1.90325 -3
    endloop
  endfacet
  facet normal -0.300742 0.953706 0
    outer loop
      vertex -11.2818 -1.97335 -3
      vertex -11.4565 -2.02844 1.2
      vertex -11.2818 -1.97335 1.2
    endloop
  endfacet
  facet normal -0.300742 0.953706 0
    outer loop
      vertex -11.4565 -2.02844 1.2
      vertex -11.2818 -1.97335 -3
      vertex -11.4565 -2.02844 -3
    endloop
  endfacet
  facet normal -0.843228 0.537557 0
    outer loop
      vertex -10.2798 -1.20451 -3
      vertex -10.1813 -1.05 1.2
      vertex -10.1813 -1.05 -3
    endloop
  endfacet
  facet normal -0.843228 0.537557 0
    outer loop
      vertex -10.1813 -1.05 1.2
      vertex -10.2798 -1.20451 -3
      vertex -10.2798 -1.20451 1.2
    endloop
  endfacet
  facet normal -0.843228 -0.537557 0
    outer loop
      vertex -10.1813 1.05 -3
      vertex -10.2798 1.20451 1.2
      vertex -10.2798 1.20451 -3
    endloop
  endfacet
  facet normal -0.843228 -0.537557 0
    outer loop
      vertex -10.2798 1.20451 1.2
      vertex -10.1813 1.05 -3
      vertex -10.1813 1.05 1.2
    endloop
  endfacet
  facet normal -0.923702 -0.383111 0
    outer loop
      vertex -10.0266 0.718242 -3
      vertex -10.0968 0.887498 1.2
      vertex -10.0968 0.887498 -3
    endloop
  endfacet
  facet normal -0.923702 -0.383111 0
    outer loop
      vertex -10.0968 0.887498 1.2
      vertex -10.0266 0.718242 -3
      vertex -10.0266 0.718242 1.2
    endloop
  endfacet
  facet normal 0.793415 -0.608681 0
    outer loop
      vertex -13.7202 1.20451 1.2
      vertex -13.6087 1.34985 -3
      vertex -13.6087 1.34985 1.2
    endloop
  endfacet
  facet normal 0.793415 -0.608681 0
    outer loop
      vertex -13.6087 1.34985 -3
      vertex -13.7202 1.20451 1.2
      vertex -13.7202 1.20451 -3
    endloop
  endfacet
  facet normal -0.675784 -0.7371 0
    outer loop
      vertex -10.6501 1.60869 -3
      vertex -10.5151 1.48492 1.2
      vertex -10.6501 1.60869 1.2
    endloop
  endfacet
  facet normal -0.675784 -0.7371 -0
    outer loop
      vertex -10.5151 1.48492 1.2
      vertex -10.6501 1.60869 -3
      vertex -10.5151 1.48492 -3
    endloop
  endfacet
  facet normal 0.737193 0.675683 0
    outer loop
      vertex -13.4849 -1.48492 1.2
      vertex -13.6087 -1.34985 -3
      vertex -13.6087 -1.34985 1.2
    endloop
  endfacet
  facet normal 0.737193 0.675683 0
    outer loop
      vertex -13.6087 -1.34985 -3
      vertex -13.4849 -1.48492 1.2
      vertex -13.4849 -1.48492 -3
    endloop
  endfacet
  facet normal -0.130466 -0.991453 0
    outer loop
      vertex -11.817 2.09201 -3
      vertex -11.6353 2.0681 1.2
      vertex -11.817 2.09201 1.2
    endloop
  endfacet
  facet normal -0.130466 -0.991453 -0
    outer loop
      vertex -11.6353 2.0681 1.2
      vertex -11.817 2.09201 -3
      vertex -11.6353 2.0681 -3
    endloop
  endfacet
  facet normal -0.976287 -0.21648 0
    outer loop
      vertex -9.9319 0.36466 -3
      vertex -9.97156 0.54352 1.2
      vertex -9.97156 0.54352 -3
    endloop
  endfacet
  facet normal -0.976287 -0.21648 0
    outer loop
      vertex -9.97156 0.54352 1.2
      vertex -9.9319 0.36466 -3
      vertex -9.9319 0.36466 1.2
    endloop
  endfacet
  facet normal 0.461782 0.886993 -0
    outer loop
      vertex -12.8875 -1.90325 -3
      vertex -13.05 -1.81865 1.2
      vertex -12.8875 -1.90325 1.2
    endloop
  endfacet
  facet normal 0.461782 0.886993 0
    outer loop
      vertex -13.05 -1.81865 1.2
      vertex -12.8875 -1.90325 -3
      vertex -13.05 -1.81865 -3
    endloop
  endfacet
  facet normal 0.130466 0.991453 -0
    outer loop
      vertex -12.183 -2.09201 -3
      vertex -12.3647 -2.0681 1.2
      vertex -12.183 -2.09201 1.2
    endloop
  endfacet
  facet normal 0.130466 0.991453 0
    outer loop
      vertex -12.3647 -2.0681 1.2
      vertex -12.183 -2.09201 -3
      vertex -12.3647 -2.0681 -3
    endloop
  endfacet
  facet normal -0.461782 -0.886993 0
    outer loop
      vertex -11.1125 1.90325 -3
      vertex -10.95 1.81865 1.2
      vertex -11.1125 1.90325 1.2
    endloop
  endfacet
  facet normal -0.461782 -0.886993 -0
    outer loop
      vertex -10.95 1.81865 1.2
      vertex -11.1125 1.90325 -3
      vertex -10.95 1.81865 -3
    endloop
  endfacet
  facet normal 0.0436196 -0.999048 0
    outer loop
      vertex -12.183 2.09201 -3
      vertex -12 2.1 1.2
      vertex -12.183 2.09201 1.2
    endloop
  endfacet
  facet normal 0.0436196 -0.999048 0
    outer loop
      vertex -12 2.1 1.2
      vertex -12.183 2.09201 -3
      vertex -12 2.1 -3
    endloop
  endfacet
  facet normal -0.737193 -0.675683 0
    outer loop
      vertex -10.3913 1.34985 -3
      vertex -10.5151 1.48492 1.2
      vertex -10.5151 1.48492 -3
    endloop
  endfacet
  facet normal -0.737193 -0.675683 0
    outer loop
      vertex -10.5151 1.48492 1.2
      vertex -10.3913 1.34985 -3
      vertex -10.3913 1.34985 1.2
    endloop
  endfacet
  facet normal 0.976241 -0.216688 0
    outer loop
      vertex -14.0681 0.36466 1.2
      vertex -14.0284 0.54352 -3
      vertex -14.0284 0.54352 1.2
    endloop
  endfacet
  facet normal 0.976241 -0.216688 0
    outer loop
      vertex -14.0284 0.54352 -3
      vertex -14.0681 0.36466 1.2
      vertex -14.0681 0.36466 -3
    endloop
  endfacet
  facet normal -0.0436196 -0.999048 0
    outer loop
      vertex -12 2.1 -3
      vertex -11.817 2.09201 1.2
      vertex -12 2.1 1.2
    endloop
  endfacet
  facet normal -0.0436196 -0.999048 -0
    outer loop
      vertex -11.817 2.09201 1.2
      vertex -12 2.1 -3
      vertex -11.817 2.09201 -3
    endloop
  endfacet
  facet normal -0.216549 0.976272 0
    outer loop
      vertex -11.4565 -2.02844 -3
      vertex -11.6353 -2.0681 1.2
      vertex -11.4565 -2.02844 1.2
    endloop
  endfacet
  facet normal -0.216549 0.976272 0
    outer loop
      vertex -11.6353 -2.0681 1.2
      vertex -11.4565 -2.02844 -3
      vertex -11.6353 -2.0681 -3
    endloop
  endfacet
  facet normal 0.923702 0.383111 0
    outer loop
      vertex -13.9032 -0.887498 1.2
      vertex -13.9734 -0.718242 -3
      vertex -13.9734 -0.718242 1.2
    endloop
  endfacet
  facet normal 0.923702 0.383111 0
    outer loop
      vertex -13.9734 -0.718242 -3
      vertex -13.9032 -0.887498 1.2
      vertex -13.9032 -0.887498 -3
    endloop
  endfacet
  facet normal 0.953857 0.300261 0
    outer loop
      vertex -13.9734 -0.718242 1.2
      vertex -14.0284 -0.54352 -3
      vertex -14.0284 -0.54352 1.2
    endloop
  endfacet
  facet normal 0.953857 0.300261 0
    outer loop
      vertex -14.0284 -0.54352 -3
      vertex -13.9734 -0.718242 1.2
      vertex -13.9734 -0.718242 -3
    endloop
  endfacet
  facet normal 0.976241 0.216688 0
    outer loop
      vertex -14.0284 -0.54352 1.2
      vertex -14.0681 -0.36466 -3
      vertex -14.0681 -0.36466 1.2
    endloop
  endfacet
  facet normal 0.976241 0.216688 0
    outer loop
      vertex -14.0681 -0.36466 -3
      vertex -14.0284 -0.54352 1.2
      vertex -14.0284 -0.54352 -3
    endloop
  endfacet
  facet normal -0.675784 0.7371 0
    outer loop
      vertex -10.5151 -1.48492 -3
      vertex -10.6501 -1.60869 1.2
      vertex -10.5151 -1.48492 1.2
    endloop
  endfacet
  facet normal -0.675784 0.7371 0
    outer loop
      vertex -10.6501 -1.60869 1.2
      vertex -10.5151 -1.48492 -3
      vertex -10.6501 -1.60869 -3
    endloop
  endfacet
  facet normal 0.216549 -0.976272 0
    outer loop
      vertex -12.5435 2.02844 -3
      vertex -12.3647 2.0681 1.2
      vertex -12.5435 2.02844 1.2
    endloop
  endfacet
  facet normal 0.216549 -0.976272 0
    outer loop
      vertex -12.3647 2.0681 1.2
      vertex -12.5435 2.02844 -3
      vertex -12.3647 2.0681 -3
    endloop
  endfacet
  facet normal -0.608626 -0.793457 0
    outer loop
      vertex -10.7955 1.72022 -3
      vertex -10.6501 1.60869 1.2
      vertex -10.7955 1.72022 1.2
    endloop
  endfacet
  facet normal -0.608626 -0.793457 -0
    outer loop
      vertex -10.6501 1.60869 1.2
      vertex -10.7955 1.72022 -3
      vertex -10.6501 1.60869 -3
    endloop
  endfacet
  facet normal -0.53731 -0.843385 0
    outer loop
      vertex -10.95 1.81865 -3
      vertex -10.7955 1.72022 1.2
      vertex -10.95 1.81865 1.2
    endloop
  endfacet
  facet normal -0.53731 -0.843385 -0
    outer loop
      vertex -10.7955 1.72022 1.2
      vertex -10.95 1.81865 -3
      vertex -10.7955 1.72022 -3
    endloop
  endfacet
  facet normal 0.130466 -0.991453 0
    outer loop
      vertex -12.3647 2.0681 -3
      vertex -12.183 2.09201 1.2
      vertex -12.3647 2.0681 1.2
    endloop
  endfacet
  facet normal 0.130466 -0.991453 0
    outer loop
      vertex -12.183 2.09201 1.2
      vertex -12.3647 2.0681 -3
      vertex -12.183 2.09201 -3
    endloop
  endfacet
  facet normal 0.991454 -0.130459 0
    outer loop
      vertex -14.092 0.183026 1.2
      vertex -14.0681 0.36466 -3
      vertex -14.0681 0.36466 1.2
    endloop
  endfacet
  facet normal 0.991454 -0.130459 0
    outer loop
      vertex -14.0681 0.36466 -3
      vertex -14.092 0.183026 1.2
      vertex -14.092 0.183026 -3
    endloop
  endfacet
  facet normal 0.999046 0.0436679 0
    outer loop
      vertex -14.092 -0.183026 1.2
      vertex -14.1 0 -3
      vertex -14.1 0 1.2
    endloop
  endfacet
  facet normal 0.999046 0.0436679 0
    outer loop
      vertex -14.1 0 -3
      vertex -14.092 -0.183026 1.2
      vertex -14.092 -0.183026 -3
    endloop
  endfacet
  facet normal 0.887219 -0.461348 0
    outer loop
      vertex -13.9032 0.887498 1.2
      vertex -13.8187 1.05 -3
      vertex -13.8187 1.05 1.2
    endloop
  endfacet
  facet normal 0.887219 -0.461348 0
    outer loop
      vertex -13.8187 1.05 -3
      vertex -13.9032 0.887498 1.2
      vertex -13.9032 0.887498 -3
    endloop
  endfacet
  facet normal 0.843228 0.537557 0
    outer loop
      vertex -13.7202 -1.20451 1.2
      vertex -13.8187 -1.05 -3
      vertex -13.8187 -1.05 1.2
    endloop
  endfacet
  facet normal 0.843228 0.537557 0
    outer loop
      vertex -13.8187 -1.05 -3
      vertex -13.7202 -1.20451 1.2
      vertex -13.7202 -1.20451 -3
    endloop
  endfacet
  facet normal -0.991454 0.130459 0
    outer loop
      vertex 14.0681 -0.36466 -3
      vertex 14.092 -0.183026 1.2
      vertex 14.092 -0.183026 -3
    endloop
  endfacet
  facet normal -0.991454 0.130459 0
    outer loop
      vertex 14.092 -0.183026 1.2
      vertex 14.0681 -0.36466 -3
      vertex 14.0681 -0.36466 1.2
    endloop
  endfacet
  facet normal -0.999046 0.0436679 0
    outer loop
      vertex 14.092 -0.183026 -3
      vertex 14.1 0 1.2
      vertex 14.1 0 -3
    endloop
  endfacet
  facet normal -0.999046 0.0436679 0
    outer loop
      vertex 14.1 0 1.2
      vertex 14.092 -0.183026 -3
      vertex 14.092 -0.183026 1.2
    endloop
  endfacet
  facet normal 0.923702 -0.383111 0
    outer loop
      vertex 10.0266 0.718242 1.2
      vertex 10.0968 0.887498 -3
      vertex 10.0968 0.887498 1.2
    endloop
  endfacet
  facet normal 0.923702 -0.383111 0
    outer loop
      vertex 10.0968 0.887498 -3
      vertex 10.0266 0.718242 1.2
      vertex 10.0266 0.718242 -3
    endloop
  endfacet
  facet normal -0.793415 -0.608681 0
    outer loop
      vertex 13.7202 1.20451 -3
      vertex 13.6087 1.34985 1.2
      vertex 13.6087 1.34985 -3
    endloop
  endfacet
  facet normal -0.793415 -0.608681 0
    outer loop
      vertex 13.6087 1.34985 1.2
      vertex 13.7202 1.20451 -3
      vertex 13.7202 1.20451 1.2
    endloop
  endfacet
  facet normal -0.0436196 0.999048 0
    outer loop
      vertex 12.183 -2.09201 -3
      vertex 12 -2.1 1.2
      vertex 12.183 -2.09201 1.2
    endloop
  endfacet
  facet normal -0.0436196 0.999048 0
    outer loop
      vertex 12 -2.1 1.2
      vertex 12.183 -2.09201 -3
      vertex 12 -2.1 -3
    endloop
  endfacet
  facet normal -0.953857 0.300261 0
    outer loop
      vertex 13.9734 -0.718242 -3
      vertex 14.0284 -0.54352 1.2
      vertex 14.0284 -0.54352 -3
    endloop
  endfacet
  facet normal -0.953857 0.300261 0
    outer loop
      vertex 14.0284 -0.54352 1.2
      vertex 13.9734 -0.718242 -3
      vertex 13.9734 -0.718242 1.2
    endloop
  endfacet
  facet normal -0.737193 0.675683 0
    outer loop
      vertex 13.4849 -1.48492 -3
      vertex 13.6087 -1.34985 1.2
      vertex 13.6087 -1.34985 -3
    endloop
  endfacet
  facet normal -0.737193 0.675683 0
    outer loop
      vertex 13.6087 -1.34985 1.2
      vertex 13.4849 -1.48492 -3
      vertex 13.4849 -1.48492 1.2
    endloop
  endfacet
  facet normal -0.53731 0.843385 0
    outer loop
      vertex 13.2045 -1.72022 -3
      vertex 13.05 -1.81865 1.2
      vertex 13.2045 -1.72022 1.2
    endloop
  endfacet
  facet normal -0.53731 0.843385 0
    outer loop
      vertex 13.05 -1.81865 1.2
      vertex 13.2045 -1.72022 -3
      vertex 13.05 -1.81865 -3
    endloop
  endfacet
  facet normal -0.793415 0.608681 0
    outer loop
      vertex 13.6087 -1.34985 -3
      vertex 13.7202 -1.20451 1.2
      vertex 13.7202 -1.20451 -3
    endloop
  endfacet
  facet normal -0.793415 0.608681 0
    outer loop
      vertex 13.7202 -1.20451 1.2
      vertex 13.6087 -1.34985 -3
      vertex 13.6087 -1.34985 1.2
    endloop
  endfacet
  facet normal -0.382561 -0.92393 0
    outer loop
      vertex 12.7182 1.97335 -3
      vertex 12.8875 1.90325 1.2
      vertex 12.7182 1.97335 1.2
    endloop
  endfacet
  facet normal -0.382561 -0.92393 -0
    outer loop
      vertex 12.8875 1.90325 1.2
      vertex 12.7182 1.97335 -3
      vertex 12.8875 1.90325 -3
    endloop
  endfacet
  facet normal 0.976287 0.21648 0
    outer loop
      vertex 9.97156 -0.54352 1.2
      vertex 9.9319 -0.36466 -3
      vertex 9.9319 -0.36466 1.2
    endloop
  endfacet
  facet normal 0.976287 0.21648 0
    outer loop
      vertex 9.9319 -0.36466 -3
      vertex 9.97156 -0.54352 1.2
      vertex 9.97156 -0.54352 -3
    endloop
  endfacet
  facet normal 0.382561 -0.92393 0
    outer loop
      vertex 11.1125 1.90325 -3
      vertex 11.2818 1.97335 1.2
      vertex 11.1125 1.90325 1.2
    endloop
  endfacet
  facet normal 0.382561 -0.92393 0
    outer loop
      vertex 11.2818 1.97335 1.2
      vertex 11.1125 1.90325 -3
      vertex 11.2818 1.97335 -3
    endloop
  endfacet
  facet normal -0.887219 -0.461348 0
    outer loop
      vertex 13.9032 0.887498 -3
      vertex 13.8187 1.05 1.2
      vertex 13.8187 1.05 -3
    endloop
  endfacet
  facet normal -0.887219 -0.461348 0
    outer loop
      vertex 13.8187 1.05 1.2
      vertex 13.9032 0.887498 -3
      vertex 13.9032 0.887498 1.2
    endloop
  endfacet
  facet normal -0.953857 -0.300261 0
    outer loop
      vertex 14.0284 0.54352 -3
      vertex 13.9734 0.718242 1.2
      vertex 13.9734 0.718242 -3
    endloop
  endfacet
  facet normal -0.953857 -0.300261 0
    outer loop
      vertex 13.9734 0.718242 1.2
      vertex 14.0284 0.54352 -3
      vertex 14.0284 0.54352 1.2
    endloop
  endfacet
  facet normal 0.0436196 0.999048 -0
    outer loop
      vertex 12 -2.1 -3
      vertex 11.817 -2.09201 1.2
      vertex 12 -2.1 1.2
    endloop
  endfacet
  facet normal 0.0436196 0.999048 0
    outer loop
      vertex 11.817 -2.09201 1.2
      vertex 12 -2.1 -3
      vertex 11.817 -2.09201 -3
    endloop
  endfacet
  facet normal -0.130466 0.991453 0
    outer loop
      vertex 12.3647 -2.0681 -3
      vertex 12.183 -2.09201 1.2
      vertex 12.3647 -2.0681 1.2
    endloop
  endfacet
  facet normal -0.130466 0.991453 0
    outer loop
      vertex 12.183 -2.09201 1.2
      vertex 12.3647 -2.0681 -3
      vertex 12.183 -2.09201 -3
    endloop
  endfacet
  facet normal -0.382561 0.92393 0
    outer loop
      vertex 12.8875 -1.90325 -3
      vertex 12.7182 -1.97335 1.2
      vertex 12.8875 -1.90325 1.2
    endloop
  endfacet
  facet normal -0.382561 0.92393 0
    outer loop
      vertex 12.7182 -1.97335 1.2
      vertex 12.8875 -1.90325 -3
      vertex 12.7182 -1.97335 -3
    endloop
  endfacet
  facet normal 0.737193 -0.675683 0
    outer loop
      vertex 10.3913 1.34985 1.2
      vertex 10.5151 1.48492 -3
      vertex 10.5151 1.48492 1.2
    endloop
  endfacet
  facet normal 0.737193 -0.675683 0
    outer loop
      vertex 10.5151 1.48492 -3
      vertex 10.3913 1.34985 1.2
      vertex 10.3913 1.34985 -3
    endloop
  endfacet
  facet normal -0.887219 0.461348 0
    outer loop
      vertex 13.8187 -1.05 -3
      vertex 13.9032 -0.887498 1.2
      vertex 13.9032 -0.887498 -3
    endloop
  endfacet
  facet normal -0.887219 0.461348 0
    outer loop
      vertex 13.9032 -0.887498 1.2
      vertex 13.8187 -1.05 -3
      vertex 13.8187 -1.05 1.2
    endloop
  endfacet
  facet normal -0.976241 0.216688 0
    outer loop
      vertex 14.0284 -0.54352 -3
      vertex 14.0681 -0.36466 1.2
      vertex 14.0681 -0.36466 -3
    endloop
  endfacet
  facet normal -0.976241 0.216688 0
    outer loop
      vertex 14.0681 -0.36466 1.2
      vertex 14.0284 -0.54352 -3
      vertex 14.0284 -0.54352 1.2
    endloop
  endfacet
  facet normal 0.461782 -0.886993 0
    outer loop
      vertex 10.95 1.81865 -3
      vertex 11.1125 1.90325 1.2
      vertex 10.95 1.81865 1.2
    endloop
  endfacet
  facet normal 0.461782 -0.886993 0
    outer loop
      vertex 11.1125 1.90325 1.2
      vertex 10.95 1.81865 -3
      vertex 11.1125 1.90325 -3
    endloop
  endfacet
  facet normal 0.999048 -0.0436135 0
    outer loop
      vertex 9.9 0 1.2
      vertex 9.90799 0.183026 -3
      vertex 9.90799 0.183026 1.2
    endloop
  endfacet
  facet normal 0.999048 -0.0436135 0
    outer loop
      vertex 9.90799 0.183026 -3
      vertex 9.9 0 1.2
      vertex 9.9 0 -3
    endloop
  endfacet
  facet normal 0.608626 -0.793457 0
    outer loop
      vertex 10.6501 1.60869 -3
      vertex 10.7955 1.72022 1.2
      vertex 10.6501 1.60869 1.2
    endloop
  endfacet
  facet normal 0.608626 -0.793457 0
    outer loop
      vertex 10.7955 1.72022 1.2
      vertex 10.6501 1.60869 -3
      vertex 10.7955 1.72022 -3
    endloop
  endfacet
  facet normal 0.53731 0.843385 -0
    outer loop
      vertex 10.95 -1.81865 -3
      vertex 10.7955 -1.72022 1.2
      vertex 10.95 -1.81865 1.2
    endloop
  endfacet
  facet normal 0.53731 0.843385 0
    outer loop
      vertex 10.7955 -1.72022 1.2
      vertex 10.95 -1.81865 -3
      vertex 10.7955 -1.72022 -3
    endloop
  endfacet
  facet normal -0.999046 -0.0436679 0
    outer loop
      vertex 14.1 0 -3
      vertex 14.092 0.183026 1.2
      vertex 14.092 0.183026 -3
    endloop
  endfacet
  facet normal -0.999046 -0.0436679 0
    outer loop
      vertex 14.092 0.183026 1.2
      vertex 14.1 0 -3
      vertex 14.1 0 1.2
    endloop
  endfacet
  facet normal -0.216549 -0.976272 0
    outer loop
      vertex 12.3647 2.0681 -3
      vertex 12.5435 2.02844 1.2
      vertex 12.3647 2.0681 1.2
    endloop
  endfacet
  facet normal -0.216549 -0.976272 -0
    outer loop
      vertex 12.5435 2.02844 1.2
      vertex 12.3647 2.0681 -3
      vertex 12.5435 2.02844 -3
    endloop
  endfacet
  facet normal -0.991454 -0.130459 0
    outer loop
      vertex 14.092 0.183026 -3
      vertex 14.0681 0.36466 1.2
      vertex 14.0681 0.36466 -3
    endloop
  endfacet
  facet normal -0.991454 -0.130459 0
    outer loop
      vertex 14.0681 0.36466 1.2
      vertex 14.092 0.183026 -3
      vertex 14.092 0.183026 1.2
    endloop
  endfacet
  facet normal -0.608626 0.793457 0
    outer loop
      vertex 13.3499 -1.60869 -3
      vertex 13.2045 -1.72022 1.2
      vertex 13.3499 -1.60869 1.2
    endloop
  endfacet
  facet normal -0.608626 0.793457 0
    outer loop
      vertex 13.2045 -1.72022 1.2
      vertex 13.3499 -1.60869 -3
      vertex 13.2045 -1.72022 -3
    endloop
  endfacet
  facet normal 0 0 -1
    outer loop
      vertex 14.092 -0.183026 1.2
      vertex 14.092 0.183026 1.2
      vertex 14.1 0 1.2
    endloop
  endfacet
  facet normal 0 0 -1
    outer loop
      vertex 14.0681 -0.36466 1.2
      vertex 14.092 0.183026 1.2
      vertex 14.092 -0.183026 1.2
    endloop
  endfacet
  facet normal 0 0 -1
    outer loop
      vertex 14.0681 -0.36466 1.2
      vertex 14.0681 0.36466 1.2
      vertex 14.092 0.183026 1.2
    endloop
  endfacet
  facet normal 0 0 -1
    outer loop
      vertex 14.0284 -0.54352 1.2
      vertex 14.0681 0.36466 1.2
      vertex 14.0681 -0.36466 1.2
    endloop
  endfacet
  facet normal 0 0 -1
    outer loop
      vertex 14.0284 -0.54352 1.2
      vertex 14.0284 0.54352 1.2
      vertex 14.0681 0.36466 1.2
    endloop
  endfacet
  facet normal 0 0 -1
    outer loop
      vertex 13.9734 -0.718242 1.2
      vertex 14.0284 0.54352 1.2
      vertex 14.0284 -0.54352 1.2
    endloop
  endfacet
  facet normal 0 0 -1
    outer loop
      vertex 13.9734 -0.718242 1.2
      vertex 13.9734 0.718242 1.2
      vertex 14.0284 0.54352 1.2
    endloop
  endfacet
  facet normal 0 0 -1
    outer loop
      vertex 13.9032 -0.887498 1.2
      vertex 13.9734 0.718242 1.2
      vertex 13.9734 -0.718242 1.2
    endloop
  endfacet
  facet normal 0 0 -1
    outer loop
      vertex 13.9032 -0.887498 1.2
      vertex 13.9032 0.887498 1.2
      vertex 13.9734 0.718242 1.2
    endloop
  endfacet
  facet normal 0 0 -1
    outer loop
      vertex 13.8187 -1.05 1.2
      vertex 13.9032 0.887498 1.2
      vertex 13.9032 -0.887498 1.2
    endloop
  endfacet
  facet normal 0 0 -1
    outer loop
      vertex 13.8187 -1.05 1.2
      vertex 13.8187 1.05 1.2
      vertex 13.9032 0.887498 1.2
    endloop
  endfacet
  facet normal 0 0 -1
    outer loop
      vertex 13.7202 -1.20451 1.2
      vertex 13.8187 1.05 1.2
      vertex 13.8187 -1.05 1.2
    endloop
  endfacet
  facet normal 0 0 -1
    outer loop
      vertex 13.7202 -1.20451 1.2
      vertex 13.7202 1.20451 1.2
      vertex 13.8187 1.05 1.2
    endloop
  endfacet
  facet normal 0 0 -1
    outer loop
      vertex 13.6087 -1.34985 1.2
      vertex 13.7202 1.20451 1.2
      vertex 13.7202 -1.20451 1.2
    endloop
  endfacet
  facet normal 0 0 -1
    outer loop
      vertex 13.6087 -1.34985 1.2
      vertex 13.6087 1.34985 1.2
      vertex 13.7202 1.20451 1.2
    endloop
  endfacet
  facet normal 0 0 -1
    outer loop
      vertex 13.4849 -1.48492 1.2
      vertex 13.6087 1.34985 1.2
      vertex 13.6087 -1.34985 1.2
    endloop
  endfacet
  facet normal 0 0 -1
    outer loop
      vertex 13.4849 -1.48492 1.2
      vertex 13.4849 1.48492 1.2
      vertex 13.6087 1.34985 1.2
    endloop
  endfacet
  facet normal 0 0 -1
    outer loop
      vertex 13.3499 -1.60869 1.2
      vertex 13.4849 1.48492 1.2
      vertex 13.4849 -1.48492 1.2
    endloop
  endfacet
  facet normal 0 0 -1
    outer loop
      vertex 13.3499 -1.60869 1.2
      vertex 13.3499 1.60869 1.2
      vertex 13.4849 1.48492 1.2
    endloop
  endfacet
  facet normal 0 0 -1
    outer loop
      vertex 13.2045 -1.72022 1.2
      vertex 13.3499 1.60869 1.2
      vertex 13.3499 -1.60869 1.2
    endloop
  endfacet
  facet normal 0 0 -1
    outer loop
      vertex 13.2045 -1.72022 1.2
      vertex 13.2045 1.72022 1.2
      vertex 13.3499 1.60869 1.2
    endloop
  endfacet
  facet normal 0 0 -1
    outer loop
      vertex 13.05 -1.81865 1.2
      vertex 13.2045 1.72022 1.2
      vertex 13.2045 -1.72022 1.2
    endloop
  endfacet
  facet normal 0 0 -1
    outer loop
      vertex 13.05 -1.81865 1.2
      vertex 13.05 1.81865 1.2
      vertex 13.2045 1.72022 1.2
    endloop
  endfacet
  facet normal 0 0 -1
    outer loop
      vertex 12.8875 -1.90325 1.2
      vertex 13.05 1.81865 1.2
      vertex 13.05 -1.81865 1.2
    endloop
  endfacet
  facet normal 0 0 -1
    outer loop
      vertex 12.8875 -1.90325 1.2
      vertex 12.8875 1.90325 1.2
      vertex 13.05 1.81865 1.2
    endloop
  endfacet
  facet normal 0 0 -1
    outer loop
      vertex 12.7182 -1.97335 1.2
      vertex 12.8875 1.90325 1.2
      vertex 12.8875 -1.90325 1.2
    endloop
  endfacet
  facet normal 0 0 -1
    outer loop
      vertex 12.7182 -1.97335 1.2
      vertex 12.7182 1.97335 1.2
      vertex 12.8875 1.90325 1.2
    endloop
  endfacet
  facet normal 0 0 -1
    outer loop
      vertex 12.5435 -2.02844 1.2
      vertex 12.7182 1.97335 1.2
      vertex 12.7182 -1.97335 1.2
    endloop
  endfacet
  facet normal 0 0 -1
    outer loop
      vertex 12.5435 -2.02844 1.2
      vertex 12.5435 2.02844 1.2
      vertex 12.7182 1.97335 1.2
    endloop
  endfacet
  facet normal 0 0 -1
    outer loop
      vertex 12.3647 -2.0681 1.2
      vertex 12.5435 2.02844 1.2
      vertex 12.5435 -2.02844 1.2
    endloop
  endfacet
  facet normal 0 0 -1
    outer loop
      vertex 12.3647 -2.0681 1.2
      vertex 12.3647 2.0681 1.2
      vertex 12.5435 2.02844 1.2
    endloop
  endfacet
  facet normal 0 0 -1
    outer loop
      vertex 12.183 -2.09201 1.2
      vertex 12.3647 2.0681 1.2
      vertex 12.3647 -2.0681 1.2
    endloop
  endfacet
  facet normal 0 0 -1
    outer loop
      vertex 12.183 -2.09201 1.2
      vertex 12.183 2.09201 1.2
      vertex 12.3647 2.0681 1.2
    endloop
  endfacet
  facet normal 0 0 -1
    outer loop
      vertex 12 -2.1 1.2
      vertex 12.183 2.09201 1.2
      vertex 12.183 -2.09201 1.2
    endloop
  endfacet
  facet normal 0 0 -1
    outer loop
      vertex 12 -2.1 1.2
      vertex 12 2.1 1.2
      vertex 12.183 2.09201 1.2
    endloop
  endfacet
  facet normal 0 0 -1
    outer loop
      vertex 11.817 -2.09201 1.2
      vertex 12 2.1 1.2
      vertex 12 -2.1 1.2
    endloop
  endfacet
  facet normal 0 0 -1
    outer loop
      vertex 11.817 -2.09201 1.2
      vertex 11.817 2.09201 1.2
      vertex 12 2.1 1.2
    endloop
  endfacet
  facet normal 0 0 -1
    outer loop
      vertex 11.6353 -2.0681 1.2
      vertex 11.817 2.09201 1.2
      vertex 11.817 -2.09201 1.2
    endloop
  endfacet
  facet normal 0 0 -1
    outer loop
      vertex 11.6353 -2.0681 1.2
      vertex 11.6353 2.0681 1.2
      vertex 11.817 2.09201 1.2
    endloop
  endfacet
  facet normal 0 0 -1
    outer loop
      vertex 11.4565 -2.02844 1.2
      vertex 11.6353 2.0681 1.2
      vertex 11.6353 -2.0681 1.2
    endloop
  endfacet
  facet normal 0 0 -1
    outer loop
      vertex 11.4565 -2.02844 1.2
      vertex 11.4565 2.02844 1.2
      vertex 11.6353 2.0681 1.2
    endloop
  endfacet
  facet normal 0 0 -1
    outer loop
      vertex 11.2818 -1.97335 1.2
      vertex 11.4565 2.02844 1.2
      vertex 11.4565 -2.02844 1.2
    endloop
  endfacet
  facet normal 0 0 -1
    outer loop
      vertex 11.2818 -1.97335 1.2
      vertex 11.2818 1.97335 1.2
      vertex 11.4565 2.02844 1.2
    endloop
  endfacet
  facet normal 0 0 -1
    outer loop
      vertex 11.1125 -1.90325 1.2
      vertex 11.2818 1.97335 1.2
      vertex 11.2818 -1.97335 1.2
    endloop
  endfacet
  facet normal 0 0 -1
    outer loop
      vertex 11.1125 -1.90325 1.2
      vertex 11.1125 1.90325 1.2
      vertex 11.2818 1.97335 1.2
    endloop
  endfacet
  facet normal 0 0 -1
    outer loop
      vertex 10.95 -1.81865 1.2
      vertex 11.1125 1.90325 1.2
      vertex 11.1125 -1.90325 1.2
    endloop
  endfacet
  facet normal 0 0 -1
    outer loop
      vertex 10.95 -1.81865 1.2
      vertex 10.95 1.81865 1.2
      vertex 11.1125 1.90325 1.2
    endloop
  endfacet
  facet normal 0 0 -1
    outer loop
      vertex 10.7955 -1.72022 1.2
      vertex 10.95 1.81865 1.2
      vertex 10.95 -1.81865 1.2
    endloop
  endfacet
  facet normal 0 0 -1
    outer loop
      vertex 10.7955 -1.72022 1.2
      vertex 10.7955 1.72022 1.2
      vertex 10.95 1.81865 1.2
    endloop
  endfacet
  facet normal 0 0 -1
    outer loop
      vertex 10.6501 -1.60869 1.2
      vertex 10.7955 1.72022 1.2
      vertex 10.7955 -1.72022 1.2
    endloop
  endfacet
  facet normal 0 0 -1
    outer loop
      vertex 10.6501 -1.60869 1.2
      vertex 10.6501 1.60869 1.2
      vertex 10.7955 1.72022 1.2
    endloop
  endfacet
  facet normal 0 0 -1
    outer loop
      vertex 10.5151 -1.48492 1.2
      vertex 10.6501 1.60869 1.2
      vertex 10.6501 -1.60869 1.2
    endloop
  endfacet
  facet normal 0 0 -1
    outer loop
      vertex 10.5151 -1.48492 1.2
      vertex 10.5151 1.48492 1.2
      vertex 10.6501 1.60869 1.2
    endloop
  endfacet
  facet normal 0 0 -1
    outer loop
      vertex 10.3913 -1.34985 1.2
      vertex 10.5151 1.48492 1.2
      vertex 10.5151 -1.48492 1.2
    endloop
  endfacet
  facet normal 0 0 -1
    outer loop
      vertex 10.3913 -1.34985 1.2
      vertex 10.3913 1.34985 1.2
      vertex 10.5151 1.48492 1.2
    endloop
  endfacet
  facet normal 0 0 -1
    outer loop
      vertex 10.2798 -1.20451 1.2
      vertex 10.3913 1.34985 1.2
      vertex 10.3913 -1.34985 1.2
    endloop
  endfacet
  facet normal 0 0 -1
    outer loop
      vertex 10.2798 -1.20451 1.2
      vertex 10.2798 1.20451 1.2
      vertex 10.3913 1.34985 1.2
    endloop
  endfacet
  facet normal 0 0 -1
    outer loop
      vertex 10.1813 -1.05 1.2
      vertex 10.2798 1.20451 1.2
      vertex 10.2798 -1.20451 1.2
    endloop
  endfacet
  facet normal 0 0 -1
    outer loop
      vertex 10.1813 -1.05 1.2
      vertex 10.1813 1.05 1.2
      vertex 10.2798 1.20451 1.2
    endloop
  endfacet
  facet normal 0 0 -1
    outer loop
      vertex 10.0968 -0.887498 1.2
      vertex 10.1813 1.05 1.2
      vertex 10.1813 -1.05 1.2
    endloop
  endfacet
  facet normal 0 0 -1
    outer loop
      vertex 10.0968 -0.887498 1.2
      vertex 10.0968 0.887498 1.2
      vertex 10.1813 1.05 1.2
    endloop
  endfacet
  facet normal 0 0 -1
    outer loop
      vertex 10.0266 -0.718242 1.2
      vertex 10.0968 0.887498 1.2
      vertex 10.0968 -0.887498 1.2
    endloop
  endfacet
  facet normal 0 0 -1
    outer loop
      vertex 10.0266 -0.718242 1.2
      vertex 10.0266 0.718242 1.2
      vertex 10.0968 0.887498 1.2
    endloop
  endfacet
  facet normal 0 0 -1
    outer loop
      vertex 9.97156 -0.54352 1.2
      vertex 10.0266 0.718242 1.2
      vertex 10.0266 -0.718242 1.2
    endloop
  endfacet
  facet normal 0 0 -1
    outer loop
      vertex 9.97156 -0.54352 1.2
      vertex 9.97156 0.54352 1.2
      vertex 10.0266 0.718242 1.2
    endloop
  endfacet
  facet normal 0 0 -1
    outer loop
      vertex 9.9319 -0.36466 1.2
      vertex 9.97156 0.54352 1.2
      vertex 9.97156 -0.54352 1.2
    endloop
  endfacet
  facet normal 0 0 -1
    outer loop
      vertex 9.9319 -0.36466 1.2
      vertex 9.9319 0.36466 1.2
      vertex 9.97156 0.54352 1.2
    endloop
  endfacet
  facet normal 0 0 -1
    outer loop
      vertex 9.90799 -0.183026 1.2
      vertex 9.9319 0.36466 1.2
      vertex 9.9319 -0.36466 1.2
    endloop
  endfacet
  facet normal 0 0 -1
    outer loop
      vertex 9.90799 -0.183026 1.2
      vertex 9.90799 0.183026 1.2
      vertex 9.9319 0.36466 1.2
    endloop
  endfacet
  facet normal 0 -0 -1
    outer loop
      vertex 9.90799 0.183026 1.2
      vertex 9.90799 -0.183026 1.2
      vertex 9.9 0 1.2
    endloop
  endfacet
  facet normal 0.300742 0.953706 -0
    outer loop
      vertex 11.4565 -2.02844 -3
      vertex 11.2818 -1.97335 1.2
      vertex 11.4565 -2.02844 1.2
    endloop
  endfacet
  facet normal 0.300742 0.953706 0
    outer loop
      vertex 11.2818 -1.97335 1.2
      vertex 11.4565 -2.02844 -3
      vertex 11.2818 -1.97335 -3
    endloop
  endfacet
  facet normal 0.887219 0.461348 0
    outer loop
      vertex 10.1813 -1.05 1.2
      vertex 10.0968 -0.887498 -3
      vertex 10.0968 -0.887498 1.2
    endloop
  endfacet
  facet normal 0.887219 0.461348 0
    outer loop
      vertex 10.0968 -0.887498 -3
      vertex 10.1813 -1.05 1.2
      vertex 10.1813 -1.05 -3
    endloop
  endfacet
  facet normal 0.382561 0.92393 -0
    outer loop
      vertex 11.2818 -1.97335 -3
      vertex 11.1125 -1.90325 1.2
      vertex 11.2818 -1.97335 1.2
    endloop
  endfacet
  facet normal 0.382561 0.92393 0
    outer loop
      vertex 11.1125 -1.90325 1.2
      vertex 11.2818 -1.97335 -3
      vertex 11.1125 -1.90325 -3
    endloop
  endfacet
  facet normal 0.675784 0.7371 -0
    outer loop
      vertex 10.6501 -1.60869 -3
      vertex 10.5151 -1.48492 1.2
      vertex 10.6501 -1.60869 1.2
    endloop
  endfacet
  facet normal 0.675784 0.7371 0
    outer loop
      vertex 10.5151 -1.48492 1.2
      vertex 10.6501 -1.60869 -3
      vertex 10.5151 -1.48492 -3
    endloop
  endfacet
  facet normal 0.953795 -0.300459 0
    outer loop
      vertex 9.97156 0.54352 1.2
      vertex 10.0266 0.718242 -3
      vertex 10.0266 0.718242 1.2
    endloop
  endfacet
  facet normal 0.953795 -0.300459 0
    outer loop
      vertex 10.0266 0.718242 -3
      vertex 9.97156 0.54352 1.2
      vertex 9.97156 0.54352 -3
    endloop
  endfacet
  facet normal -0.923702 0.383111 0
    outer loop
      vertex 13.9032 -0.887498 -3
      vertex 13.9734 -0.718242 1.2
      vertex 13.9734 -0.718242 -3
    endloop
  endfacet
  facet normal -0.923702 0.383111 0
    outer loop
      vertex 13.9734 -0.718242 1.2
      vertex 13.9032 -0.887498 -3
      vertex 13.9032 -0.887498 1.2
    endloop
  endfacet
  facet normal 0.887219 -0.461348 0
    outer loop
      vertex 10.0968 0.887498 1.2
      vertex 10.1813 1.05 -3
      vertex 10.1813 1.05 1.2
    endloop
  endfacet
  facet normal 0.887219 -0.461348 0
    outer loop
      vertex 10.1813 1.05 -3
      vertex 10.0968 0.887498 1.2
      vertex 10.0968 0.887498 -3
    endloop
  endfacet
  facet normal 0.793415 0.608681 0
    outer loop
      vertex 10.3913 -1.34985 1.2
      vertex 10.2798 -1.20451 -3
      vertex 10.2798 -1.20451 1.2
    endloop
  endfacet
  facet normal 0.793415 0.608681 0
    outer loop
      vertex 10.2798 -1.20451 -3
      vertex 10.3913 -1.34985 1.2
      vertex 10.3913 -1.34985 -3
    endloop
  endfacet
  facet normal 0.53731 -0.843385 0
    outer loop
      vertex 10.7955 1.72022 -3
      vertex 10.95 1.81865 1.2
      vertex 10.7955 1.72022 1.2
    endloop
  endfacet
  facet normal 0.53731 -0.843385 0
    outer loop
      vertex 10.95 1.81865 1.2
      vertex 10.7955 1.72022 -3
      vertex 10.95 1.81865 -3
    endloop
  endfacet
  facet normal 0.843228 -0.537557 0
    outer loop
      vertex 10.1813 1.05 1.2
      vertex 10.2798 1.20451 -3
      vertex 10.2798 1.20451 1.2
    endloop
  endfacet
  facet normal 0.843228 -0.537557 0
    outer loop
      vertex 10.2798 1.20451 -3
      vertex 10.1813 1.05 1.2
      vertex 10.1813 1.05 -3
    endloop
  endfacet
  facet normal -0.300742 -0.953706 0
    outer loop
      vertex 12.5435 2.02844 -3
      vertex 12.7182 1.97335 1.2
      vertex 12.5435 2.02844 1.2
    endloop
  endfacet
  facet normal -0.300742 -0.953706 -0
    outer loop
      vertex 12.7182 1.97335 1.2
      vertex 12.5435 2.02844 -3
      vertex 12.7182 1.97335 -3
    endloop
  endfacet
  facet normal 0.608626 0.793457 -0
    outer loop
      vertex 10.7955 -1.72022 -3
      vertex 10.6501 -1.60869 1.2
      vertex 10.7955 -1.72022 1.2
    endloop
  endfacet
  facet normal 0.608626 0.793457 0
    outer loop
      vertex 10.6501 -1.60869 1.2
      vertex 10.7955 -1.72022 -3
      vertex 10.6501 -1.60869 -3
    endloop
  endfacet
  facet normal 0.300742 -0.953706 0
    outer loop
      vertex 11.2818 1.97335 -3
      vertex 11.4565 2.02844 1.2
      vertex 11.2818 1.97335 1.2
    endloop
  endfacet
  facet normal 0.300742 -0.953706 0
    outer loop
      vertex 11.4565 2.02844 1.2
      vertex 11.2818 1.97335 -3
      vertex 11.4565 2.02844 -3
    endloop
  endfacet
  facet normal 0.991447 0.130512 0
    outer loop
      vertex 9.9319 -0.36466 1.2
      vertex 9.90799 -0.183026 -3
      vertex 9.90799 -0.183026 1.2
    endloop
  endfacet
  facet normal 0.991447 0.130512 0
    outer loop
      vertex 9.90799 -0.183026 -3
      vertex 9.9319 -0.36466 1.2
      vertex 9.9319 -0.36466 -3
    endloop
  endfacet
  facet normal 0.675784 -0.7371 0
    outer loop
      vertex 10.5151 1.48492 -3
      vertex 10.6501 1.60869 1.2
      vertex 10.5151 1.48492 1.2
    endloop
  endfacet
  facet normal 0.675784 -0.7371 0
    outer loop
      vertex 10.6501 1.60869 1.2
      vertex 10.5151 1.48492 -3
      vertex 10.6501 1.60869 -3
    endloop
  endfacet
  facet normal 0.216549 0.976272 -0
    outer loop
      vertex 11.6353 -2.0681 -3
      vertex 11.4565 -2.02844 1.2
      vertex 11.6353 -2.0681 1.2
    endloop
  endfacet
  facet normal 0.216549 0.976272 0
    outer loop
      vertex 11.4565 -2.02844 1.2
      vertex 11.6353 -2.0681 -3
      vertex 11.4565 -2.02844 -3
    endloop
  endfacet
  facet normal -0.461782 0.886993 0
    outer loop
      vertex 13.05 -1.81865 -3
      vertex 12.8875 -1.90325 1.2
      vertex 13.05 -1.81865 1.2
    endloop
  endfacet
  facet normal -0.461782 0.886993 0
    outer loop
      vertex 12.8875 -1.90325 1.2
      vertex 13.05 -1.81865 -3
      vertex 12.8875 -1.90325 -3
    endloop
  endfacet
  facet normal -0.300742 0.953706 0
    outer loop
      vertex 12.7182 -1.97335 -3
      vertex 12.5435 -2.02844 1.2
      vertex 12.7182 -1.97335 1.2
    endloop
  endfacet
  facet normal -0.300742 0.953706 0
    outer loop
      vertex 12.5435 -2.02844 1.2
      vertex 12.7182 -1.97335 -3
      vertex 12.5435 -2.02844 -3
    endloop
  endfacet
  facet normal -0.843228 0.537557 0
    outer loop
      vertex 13.7202 -1.20451 -3
      vertex 13.8187 -1.05 1.2
      vertex 13.8187 -1.05 -3
    endloop
  endfacet
  facet normal -0.843228 0.537557 0
    outer loop
      vertex 13.8187 -1.05 1.2
      vertex 13.7202 -1.20451 -3
      vertex 13.7202 -1.20451 1.2
    endloop
  endfacet
  facet normal -0.843228 -0.537557 0
    outer loop
      vertex 13.8187 1.05 -3
      vertex 13.7202 1.20451 1.2
      vertex 13.7202 1.20451 -3
    endloop
  endfacet
  facet normal -0.843228 -0.537557 0
    outer loop
      vertex 13.7202 1.20451 1.2
      vertex 13.8187 1.05 -3
      vertex 13.8187 1.05 1.2
    endloop
  endfacet
  facet normal -0.923702 -0.383111 0
    outer loop
      vertex 13.9734 0.718242 -3
      vertex 13.9032 0.887498 1.2
      vertex 13.9032 0.887498 -3
    endloop
  endfacet
  facet normal -0.923702 -0.383111 0
    outer loop
      vertex 13.9032 0.887498 1.2
      vertex 13.9734 0.718242 -3
      vertex 13.9734 0.718242 1.2
    endloop
  endfacet
  facet normal 0.793415 -0.608681 0
    outer loop
      vertex 10.2798 1.20451 1.2
      vertex 10.3913 1.34985 -3
      vertex 10.3913 1.34985 1.2
    endloop
  endfacet
  facet normal 0.793415 -0.608681 0
    outer loop
      vertex 10.3913 1.34985 -3
      vertex 10.2798 1.20451 1.2
      vertex 10.2798 1.20451 -3
    endloop
  endfacet
  facet normal -0.675784 -0.7371 0
    outer loop
      vertex 13.3499 1.60869 -3
      vertex 13.4849 1.48492 1.2
      vertex 13.3499 1.60869 1.2
    endloop
  endfacet
  facet normal -0.675784 -0.7371 -0
    outer loop
      vertex 13.4849 1.48492 1.2
      vertex 13.3499 1.60869 -3
      vertex 13.4849 1.48492 -3
    endloop
  endfacet
  facet normal 0.737193 0.675683 0
    outer loop
      vertex 10.5151 -1.48492 1.2
      vertex 10.3913 -1.34985 -3
      vertex 10.3913 -1.34985 1.2
    endloop
  endfacet
  facet normal 0.737193 0.675683 0
    outer loop
      vertex 10.3913 -1.34985 -3
      vertex 10.5151 -1.48492 1.2
      vertex 10.5151 -1.48492 -3
    endloop
  endfacet
  facet normal -0.130466 -0.991453 0
    outer loop
      vertex 12.183 2.09201 -3
      vertex 12.3647 2.0681 1.2
      vertex 12.183 2.09201 1.2
    endloop
  endfacet
  facet normal -0.130466 -0.991453 -0
    outer loop
      vertex 12.3647 2.0681 1.2
      vertex 12.183 2.09201 -3
      vertex 12.3647 2.0681 -3
    endloop
  endfacet
  facet normal -0.976241 -0.216688 0
    outer loop
      vertex 14.0681 0.36466 -3
      vertex 14.0284 0.54352 1.2
      vertex 14.0284 0.54352 -3
    endloop
  endfacet
  facet normal -0.976241 -0.216688 0
    outer loop
      vertex 14.0284 0.54352 1.2
      vertex 14.0681 0.36466 -3
      vertex 14.0681 0.36466 1.2
    endloop
  endfacet
  facet normal 0.461782 0.886993 -0
    outer loop
      vertex 11.1125 -1.90325 -3
      vertex 10.95 -1.81865 1.2
      vertex 11.1125 -1.90325 1.2
    endloop
  endfacet
  facet normal 0.461782 0.886993 0
    outer loop
      vertex 10.95 -1.81865 1.2
      vertex 11.1125 -1.90325 -3
      vertex 10.95 -1.81865 -3
    endloop
  endfacet
  facet normal 0.130466 0.991453 -0
    outer loop
      vertex 11.817 -2.09201 -3
      vertex 11.6353 -2.0681 1.2
      vertex 11.817 -2.09201 1.2
    endloop
  endfacet
  facet normal 0.130466 0.991453 0
    outer loop
      vertex 11.6353 -2.0681 1.2
      vertex 11.817 -2.09201 -3
      vertex 11.6353 -2.0681 -3
    endloop
  endfacet
  facet normal -0.461782 -0.886993 0
    outer loop
      vertex 12.8875 1.90325 -3
      vertex 13.05 1.81865 1.2
      vertex 12.8875 1.90325 1.2
    endloop
  endfacet
  facet normal -0.461782 -0.886993 -0
    outer loop
      vertex 13.05 1.81865 1.2
      vertex 12.8875 1.90325 -3
      vertex 13.05 1.81865 -3
    endloop
  endfacet
  facet normal 0.0436196 -0.999048 0
    outer loop
      vertex 11.817 2.09201 -3
      vertex 12 2.1 1.2
      vertex 11.817 2.09201 1.2
    endloop
  endfacet
  facet normal 0.0436196 -0.999048 0
    outer loop
      vertex 12 2.1 1.2
      vertex 11.817 2.09201 -3
      vertex 12 2.1 -3
    endloop
  endfacet
  facet normal -0.737193 -0.675683 0
    outer loop
      vertex 13.6087 1.34985 -3
      vertex 13.4849 1.48492 1.2
      vertex 13.4849 1.48492 -3
    endloop
  endfacet
  facet normal -0.737193 -0.675683 0
    outer loop
      vertex 13.4849 1.48492 1.2
      vertex 13.6087 1.34985 -3
      vertex 13.6087 1.34985 1.2
    endloop
  endfacet
  facet normal 0.976287 -0.21648 0
    outer loop
      vertex 9.9319 0.36466 1.2
      vertex 9.97156 0.54352 -3
      vertex 9.97156 0.54352 1.2
    endloop
  endfacet
  facet normal 0.976287 -0.21648 0
    outer loop
      vertex 9.97156 0.54352 -3
      vertex 9.9319 0.36466 1.2
      vertex 9.9319 0.36466 -3
    endloop
  endfacet
  facet normal -0.0436196 -0.999048 0
    outer loop
      vertex 12 2.1 -3
      vertex 12.183 2.09201 1.2
      vertex 12 2.1 1.2
    endloop
  endfacet
  facet normal -0.0436196 -0.999048 -0
    outer loop
      vertex 12.183 2.09201 1.2
      vertex 12 2.1 -3
      vertex 12.183 2.09201 -3
    endloop
  endfacet
  facet normal -0.216549 0.976272 0
    outer loop
      vertex 12.5435 -2.02844 -3
      vertex 12.3647 -2.0681 1.2
      vertex 12.5435 -2.02844 1.2
    endloop
  endfacet
  facet normal -0.216549 0.976272 0
    outer loop
      vertex 12.3647 -2.0681 1.2
      vertex 12.5435 -2.02844 -3
      vertex 12.3647 -2.0681 -3
    endloop
  endfacet
  facet normal 0.923702 0.383111 0
    outer loop
      vertex 10.0968 -0.887498 1.2
      vertex 10.0266 -0.718242 -3
      vertex 10.0266 -0.718242 1.2
    endloop
  endfacet
  facet normal 0.923702 0.383111 0
    outer loop
      vertex 10.0266 -0.718242 -3
      vertex 10.0968 -0.887498 1.2
      vertex 10.0968 -0.887498 -3
    endloop
  endfacet
  facet normal 0.953795 0.300459 0
    outer loop
      vertex 10.0266 -0.718242 1.2
      vertex 9.97156 -0.54352 -3
      vertex 9.97156 -0.54352 1.2
    endloop
  endfacet
  facet normal 0.953795 0.300459 0
    outer loop
      vertex 9.97156 -0.54352 -3
      vertex 10.0266 -0.718242 1.2
      vertex 10.0266 -0.718242 -3
    endloop
  endfacet
  facet normal -0.675784 0.7371 0
    outer loop
      vertex 13.4849 -1.48492 -3
      vertex 13.3499 -1.60869 1.2
      vertex 13.4849 -1.48492 1.2
    endloop
  endfacet
  facet normal -0.675784 0.7371 0
    outer loop
      vertex 13.3499 -1.60869 1.2
      vertex 13.4849 -1.48492 -3
      vertex 13.3499 -1.60869 -3
    endloop
  endfacet
  facet normal 0.216549 -0.976272 0
    outer loop
      vertex 11.4565 2.02844 -3
      vertex 11.6353 2.0681 1.2
      vertex 11.4565 2.02844 1.2
    endloop
  endfacet
  facet normal 0.216549 -0.976272 0
    outer loop
      vertex 11.6353 2.0681 1.2
      vertex 11.4565 2.02844 -3
      vertex 11.6353 2.0681 -3
    endloop
  endfacet
  facet normal -0.608626 -0.793457 0
    outer loop
      vertex 13.2045 1.72022 -3
      vertex 13.3499 1.60869 1.2
      vertex 13.2045 1.72022 1.2
    endloop
  endfacet
  facet normal -0.608626 -0.793457 -0
    outer loop
      vertex 13.3499 1.60869 1.2
      vertex 13.2045 1.72022 -3
      vertex 13.3499 1.60869 -3
    endloop
  endfacet
  facet normal -0.53731 -0.843385 0
    outer loop
      vertex 13.05 1.81865 -3
      vertex 13.2045 1.72022 1.2
      vertex 13.05 1.81865 1.2
    endloop
  endfacet
  facet normal -0.53731 -0.843385 -0
    outer loop
      vertex 13.2045 1.72022 1.2
      vertex 13.05 1.81865 -3
      vertex 13.2045 1.72022 -3
    endloop
  endfacet
  facet normal 0.130466 -0.991453 0
    outer loop
      vertex 11.6353 2.0681 -3
      vertex 11.817 2.09201 1.2
      vertex 11.6353 2.0681 1.2
    endloop
  endfacet
  facet normal 0.130466 -0.991453 0
    outer loop
      vertex 11.817 2.09201 1.2
      vertex 11.6353 2.0681 -3
      vertex 11.817 2.09201 -3
    endloop
  endfacet
  facet normal 0.991447 -0.130512 0
    outer loop
      vertex 9.90799 0.183026 1.2
      vertex 9.9319 0.36466 -3
      vertex 9.9319 0.36466 1.2
    endloop
  endfacet
  facet normal 0.991447 -0.130512 0
    outer loop
      vertex 9.9319 0.36466 -3
      vertex 9.90799 0.183026 1.2
      vertex 9.90799 0.183026 -3
    endloop
  endfacet
  facet normal 0.999048 0.0436135 0
    outer loop
      vertex 9.90799 -0.183026 1.2
      vertex 9.9 0 -3
      vertex 9.9 0 1.2
    endloop
  endfacet
  facet normal 0.999048 0.0436135 0
    outer loop
      vertex 9.9 0 -3
      vertex 9.90799 -0.183026 1.2
      vertex 9.90799 -0.183026 -3
    endloop
  endfacet
  facet normal 0.843228 0.537557 0
    outer loop
      vertex 10.2798 -1.20451 1.2
      vertex 10.1813 -1.05 -3
      vertex 10.1813 -1.05 1.2
    endloop
  endfacet
  facet normal 0.843228 0.537557 0
    outer loop
      vertex 10.1813 -1.05 -3
      vertex 10.2798 -1.20451 1.2
      vertex 10.2798 -1.20451 -3
    endloop
  endfacet
  facet normal -0.991443 0.130539 0
    outer loop
      vertex 2.46202 9.56588 -3
      vertex 2.49049 9.78211 2
      vertex 2.49049 9.78211 -3
    endloop
  endfacet
  facet normal -0.991443 0.130539 0
    outer loop
      vertex 2.49049 9.78211 2
      vertex 2.46202 9.56588 -3
      vertex 2.46202 9.56588 2
    endloop
  endfacet
  facet normal -0.999049 0.0436044 0
    outer loop
      vertex 2.49049 9.78211 -3
      vertex 2.5 10 2
      vertex 2.5 10 -3
    endloop
  endfacet
  facet normal -0.999049 0.0436044 0
    outer loop
      vertex 2.5 10 2
      vertex 2.49049 9.78211 -3
      vertex 2.49049 9.78211 2
    endloop
  endfacet
  facet normal -0.976292 0.21646 0
    outer loop
      vertex 2.41481 9.35295 -3
      vertex 2.46202 9.56588 2
      vertex 2.46202 9.56588 -3
    endloop
  endfacet
  facet normal -0.976292 0.21646 0
    outer loop
      vertex 2.46202 9.56588 2
      vertex 2.41481 9.35295 -3
      vertex 2.41481 9.35295 2
    endloop
  endfacet
  facet normal 0.887048 -0.461677 0
    outer loop
      vertex -2.26577 11.0565 2
      vertex -2.16506 11.25 -3
      vertex -2.16506 11.25 2
    endloop
  endfacet
  facet normal 0.887048 -0.461677 0
    outer loop
      vertex -2.16506 11.25 -3
      vertex -2.26577 11.0565 2
      vertex -2.26577 11.0565 -3
    endloop
  endfacet
  facet normal 0.793474 -0.608605 0
    outer loop
      vertex -2.04788 11.4339 2
      vertex -1.91511 11.607 -3
      vertex -1.91511 11.607 2
    endloop
  endfacet
  facet normal 0.793474 -0.608605 0
    outer loop
      vertex -1.91511 11.607 -3
      vertex -2.04788 11.4339 2
      vertex -2.04788 11.4339 -3
    endloop
  endfacet
  facet normal 0.130538 0.991443 -0
    outer loop
      vertex -0.217889 7.50951 -3
      vertex -0.43412 7.53798 2
      vertex -0.217889 7.50951 2
    endloop
  endfacet
  facet normal 0.130538 0.991443 0
    outer loop
      vertex -0.43412 7.53798 2
      vertex -0.217889 7.50951 -3
      vertex -0.43412 7.53798 -3
    endloop
  endfacet
  facet normal -0.130673 -0.991425 0
    outer loop
      vertex 0.217889 12.4905 -3
      vertex 0.43412 12.462 2
      vertex 0.217889 12.4905 2
    endloop
  endfacet
  facet normal -0.130673 -0.991425 -0
    outer loop
      vertex 0.43412 12.462 2
      vertex 0.217889 12.4905 -3
      vertex 0.43412 12.462 -3
    endloop
  endfacet
  facet normal -0.843397 0.537291 0
    outer loop
      vertex 2.04788 8.56606 -3
      vertex 2.16506 8.75 2
      vertex 2.16506 8.75 -3
    endloop
  endfacet
  facet normal -0.843397 0.537291 0
    outer loop
      vertex 2.16506 8.75 2
      vertex 2.04788 8.56606 -3
      vertex 2.04788 8.56606 2
    endloop
  endfacet
  facet normal -0.60876 0.793355 0
    outer loop
      vertex 1.60697 8.08489 -3
      vertex 1.43394 7.95212 2
      vertex 1.60697 8.08489 2
    endloop
  endfacet
  facet normal -0.60876 0.793355 0
    outer loop
      vertex 1.43394 7.95212 2
      vertex 1.60697 8.08489 -3
      vertex 1.43394 7.95212 -3
    endloop
  endfacet
  facet normal -0.737291 -0.675575 0
    outer loop
      vertex 1.91511 11.607 -3
      vertex 1.76777 11.7678 2
      vertex 1.76777 11.7678 -3
    endloop
  endfacet
  facet normal -0.737291 -0.675575 0
    outer loop
      vertex 1.76777 11.7678 2
      vertex 1.91511 11.607 -3
      vertex 1.91511 11.607 2
    endloop
  endfacet
  facet normal -0.793355 0.60876 0
    outer loop
      vertex 1.91511 8.39303 -3
      vertex 2.04788 8.56606 2
      vertex 2.04788 8.56606 -3
    endloop
  endfacet
  facet normal -0.793355 0.60876 0
    outer loop
      vertex 2.04788 8.56606 2
      vertex 1.91511 8.39303 -3
      vertex 1.91511 8.39303 2
    endloop
  endfacet
  facet normal 0.537291 0.843397 -0
    outer loop
      vertex -1.25 7.83494 -3
      vertex -1.43394 7.95212 2
      vertex -1.25 7.83494 2
    endloop
  endfacet
  facet normal 0.537291 0.843397 0
    outer loop
      vertex -1.43394 7.95212 2
      vertex -1.25 7.83494 -3
      vertex -1.43394 7.95212 -3
    endloop
  endfacet
  facet normal 0.923886 0.382668 0
    outer loop
      vertex -2.26577 8.94345 2
      vertex -2.34923 9.14495 -3
      vertex -2.34923 9.14495 2
    endloop
  endfacet
  facet normal 0.923886 0.382668 0
    outer loop
      vertex -2.34923 9.14495 -3
      vertex -2.26577 8.94345 2
      vertex -2.26577 8.94345 -3
    endloop
  endfacet
  facet normal -0.976285 -0.216489 0
    outer loop
      vertex 2.46202 10.4341 -3
      vertex 2.41481 10.647 2
      vertex 2.41481 10.647 -3
    endloop
  endfacet
  facet normal -0.976285 -0.216489 0
    outer loop
      vertex 2.41481 10.647 2
      vertex 2.46202 10.4341 -3
      vertex 2.46202 10.4341 2
    endloop
  endfacet
  facet normal 0.793355 0.60876 0
    outer loop
      vertex -1.91511 8.39303 2
      vertex -2.04788 8.56606 -3
      vertex -2.04788 8.56606 2
    endloop
  endfacet
  facet normal 0.793355 0.60876 0
    outer loop
      vertex -2.04788 8.56606 -3
      vertex -1.91511 8.39303 2
      vertex -1.91511 8.39303 -3
    endloop
  endfacet
  facet normal -0.461771 0.886999 0
    outer loop
      vertex 1.25 7.83494 -3
      vertex 1.05655 7.73423 2
      vertex 1.25 7.83494 2
    endloop
  endfacet
  facet normal -0.461771 0.886999 0
    outer loop
      vertex 1.05655 7.73423 2
      vertex 1.25 7.83494 -3
      vertex 1.05655 7.73423 -3
    endloop
  endfacet
  facet normal 0.216419 -0.976301 0
    outer loop
      vertex -0.647047 12.4148 -3
      vertex -0.43412 12.462 2
      vertex -0.647047 12.4148 2
    endloop
  endfacet
  facet normal 0.216419 -0.976301 0
    outer loop
      vertex -0.43412 12.462 2
      vertex -0.647047 12.4148 -3
      vertex -0.43412 12.462 -3
    endloop
  endfacet
  facet normal -0.537291 0.843397 0
    outer loop
      vertex 1.43394 7.95212 -3
      vertex 1.25 7.83494 2
      vertex 1.43394 7.95212 2
    endloop
  endfacet
  facet normal -0.537291 0.843397 0
    outer loop
      vertex 1.25 7.83494 2
      vertex 1.43394 7.95212 -3
      vertex 1.25 7.83494 -3
    endloop
  endfacet
  facet normal -0.0436046 0.999049 0
    outer loop
      vertex 0.217889 7.50951 -3
      vertex 0 7.5 2
      vertex 0.217889 7.50951 2
    endloop
  endfacet
  facet normal -0.0436046 0.999049 0
    outer loop
      vertex 0 7.5 2
      vertex 0.217889 7.50951 -3
      vertex 0 7.5 -3
    endloop
  endfacet
  facet normal 0.675575 0.737291 -0
    outer loop
      vertex -1.60697 8.08489 -3
      vertex -1.76777 8.23223 2
      vertex -1.60697 8.08489 2
    endloop
  endfacet
  facet normal 0.675575 0.737291 0
    outer loop
      vertex -1.76777 8.23223 2
      vertex -1.60697 8.08489 -3
      vertex -1.76777 8.23223 -3
    endloop
  endfacet
  facet normal -0.95372 0.300697 0
    outer loop
      vertex 2.34923 9.14495 -3
      vertex 2.41481 9.35295 2
      vertex 2.41481 9.35295 -3
    endloop
  endfacet
  facet normal -0.95372 0.300697 0
    outer loop
      vertex 2.41481 9.35295 2
      vertex 2.34923 9.14495 -3
      vertex 2.34923 9.14495 2
    endloop
  endfacet
  facet normal -0.216462 0.976291 0
    outer loop
      vertex 0.647047 7.58519 -3
      vertex 0.43412 7.53798 2
      vertex 0.647047 7.58519 2
    endloop
  endfacet
  facet normal -0.216462 0.976291 0
    outer loop
      vertex 0.43412 7.53798 2
      vertex 0.647047 7.58519 -3
      vertex 0.43412 7.53798 -3
    endloop
  endfacet
  facet normal 0.737291 -0.675575 0
    outer loop
      vertex -1.91511 11.607 2
      vertex -1.76777 11.7678 -3
      vertex -1.76777 11.7678 2
    endloop
  endfacet
  facet normal 0.737291 -0.675575 0
    outer loop
      vertex -1.76777 11.7678 -3
      vertex -1.91511 11.607 2
      vertex -1.91511 11.607 -3
    endloop
  endfacet
  facet normal 0.216462 0.976291 -0
    outer loop
      vertex -0.43412 7.53798 -3
      vertex -0.647047 7.58519 2
      vertex -0.43412 7.53798 2
    endloop
  endfacet
  facet normal 0.216462 0.976291 0
    outer loop
      vertex -0.647047 7.58519 2
      vertex -0.43412 7.53798 -3
      vertex -0.647047 7.58519 -3
    endloop
  endfacet
  facet normal -0.382433 -0.923983 0
    outer loop
      vertex 0.85505 12.3492 -3
      vertex 1.05655 12.2658 2
      vertex 0.85505 12.3492 2
    endloop
  endfacet
  facet normal -0.382433 -0.923983 -0
    outer loop
      vertex 1.05655 12.2658 2
      vertex 0.85505 12.3492 -3
      vertex 1.05655 12.2658 -3
    endloop
  endfacet
  facet normal 0.130673 -0.991425 0
    outer loop
      vertex -0.43412 12.462 -3
      vertex -0.217889 12.4905 2
      vertex -0.43412 12.462 2
    endloop
  endfacet
  facet normal 0.130673 -0.991425 0
    outer loop
      vertex -0.217889 12.4905 2
      vertex -0.43412 12.462 -3
      vertex -0.217889 12.4905 -3
    endloop
  endfacet
  facet normal -0.382668 0.923886 0
    outer loop
      vertex 1.05655 7.73423 -3
      vertex 0.85505 7.65077 2
      vertex 1.05655 7.73423 2
    endloop
  endfacet
  facet normal -0.382668 0.923886 0
    outer loop
      vertex 0.85505 7.65077 2
      vertex 1.05655 7.73423 -3
      vertex 0.85505 7.65077 -3
    endloop
  endfacet
  facet normal -0.675475 -0.737383 0
    outer loop
      vertex 1.60697 11.9151 -3
      vertex 1.76777 11.7678 2
      vertex 1.60697 11.9151 2
    endloop
  endfacet
  facet normal -0.675475 -0.737383 -0
    outer loop
      vertex 1.76777 11.7678 2
      vertex 1.60697 11.9151 -3
      vertex 1.76777 11.7678 -3
    endloop
  endfacet
  facet normal 0.0436046 0.999049 -0
    outer loop
      vertex 0 7.5 -3
      vertex -0.217889 7.50951 2
      vertex 0 7.5 2
    endloop
  endfacet
  facet normal 0.0436046 0.999049 0
    outer loop
      vertex -0.217889 7.50951 2
      vertex 0 7.5 -3
      vertex -0.217889 7.50951 -3
    endloop
  endfacet
  facet normal 0.843397 0.537291 0
    outer loop
      vertex -2.04788 8.56606 2
      vertex -2.16506 8.75 -3
      vertex -2.16506 8.75 2
    endloop
  endfacet
  facet normal 0.843397 0.537291 0
    outer loop
      vertex -2.16506 8.75 -3
      vertex -2.04788 8.56606 2
      vertex -2.04788 8.56606 -3
    endloop
  endfacet
  facet normal -0.537356 -0.843356 0
    outer loop
      vertex 1.25 12.1651 -3
      vertex 1.43394 12.0479 2
      vertex 1.25 12.1651 2
    endloop
  endfacet
  facet normal -0.537356 -0.843356 -0
    outer loop
      vertex 1.43394 12.0479 2
      vertex 1.25 12.1651 -3
      vertex 1.43394 12.0479 -3
    endloop
  endfacet
  facet normal -0.843344 -0.537374 0
    outer loop
      vertex 2.16506 11.25 -3
      vertex 2.04788 11.4339 2
      vertex 2.04788 11.4339 -3
    endloop
  endfacet
  facet normal -0.843344 -0.537374 0
    outer loop
      vertex 2.04788 11.4339 2
      vertex 2.16506 11.25 -3
      vertex 2.16506 11.25 2
    endloop
  endfacet
  facet normal 0.461771 0.886999 -0
    outer loop
      vertex -1.05655 7.73423 -3
      vertex -1.25 7.83494 2
      vertex -1.05655 7.73423 2
    endloop
  endfacet
  facet normal 0.461771 0.886999 0
    outer loop
      vertex -1.25 7.83494 2
      vertex -1.05655 7.73423 -3
      vertex -1.25 7.83494 -3
    endloop
  endfacet
  facet normal 0.999049 0.0436044 0
    outer loop
      vertex -2.49049 9.78211 2
      vertex -2.5 10 -3
      vertex -2.5 10 2
    endloop
  endfacet
  facet normal 0.999049 0.0436044 0
    outer loop
      vertex -2.5 10 -3
      vertex -2.49049 9.78211 2
      vertex -2.49049 9.78211 -3
    endloop
  endfacet
  facet normal -0.675575 0.737291 0
    outer loop
      vertex 1.76777 8.23223 -3
      vertex 1.60697 8.08489 2
      vertex 1.76777 8.23223 2
    endloop
  endfacet
  facet normal -0.675575 0.737291 0
    outer loop
      vertex 1.60697 8.08489 2
      vertex 1.76777 8.23223 -3
      vertex 1.60697 8.08489 -3
    endloop
  endfacet
  facet normal -0.0435588 -0.999051 0
    outer loop
      vertex 0 12.5 -3
      vertex 0.217889 12.4905 2
      vertex 0 12.5 2
    endloop
  endfacet
  facet normal -0.0435588 -0.999051 -0
    outer loop
      vertex 0.217889 12.4905 2
      vertex 0 12.5 -3
      vertex 0.217889 12.4905 -3
    endloop
  endfacet
  facet normal -0.953761 -0.300565 0
    outer loop
      vertex 2.41481 10.647 -3
      vertex 2.34923 10.8551 2
      vertex 2.34923 10.8551 -3
    endloop
  endfacet
  facet normal -0.953761 -0.300565 0
    outer loop
      vertex 2.34923 10.8551 2
      vertex 2.41481 10.647 -3
      vertex 2.41481 10.647 2
    endloop
  endfacet
  facet normal 0.843344 -0.537374 0
    outer loop
      vertex -2.16506 11.25 2
      vertex -2.04788 11.4339 -3
      vertex -2.04788 11.4339 2
    endloop
  endfacet
  facet normal 0.843344 -0.537374 0
    outer loop
      vertex -2.04788 11.4339 -3
      vertex -2.16506 11.25 2
      vertex -2.16506 11.25 -3
    endloop
  endfacet
  facet normal 0.923819 -0.38283 0
    outer loop
      vertex -2.34923 10.8551 2
      vertex -2.26577 11.0565 -3
      vertex -2.26577 11.0565 2
    endloop
  endfacet
  facet normal 0.923819 -0.38283 0
    outer loop
      vertex -2.26577 11.0565 -3
      vertex -2.34923 10.8551 2
      vertex -2.34923 10.8551 -3
    endloop
  endfacet
  facet normal -0.991441 -0.130557 0
    outer loop
      vertex 2.49049 10.2179 -3
      vertex 2.46202 10.4341 2
      vertex 2.46202 10.4341 -3
    endloop
  endfacet
  facet normal -0.991441 -0.130557 0
    outer loop
      vertex 2.46202 10.4341 2
      vertex 2.49049 10.2179 -3
      vertex 2.49049 10.2179 2
    endloop
  endfacet
  facet normal 0.675475 -0.737383 0
    outer loop
      vertex -1.76777 11.7678 -3
      vertex -1.60697 11.9151 2
      vertex -1.76777 11.7678 2
    endloop
  endfacet
  facet normal 0.675475 -0.737383 0
    outer loop
      vertex -1.60697 11.9151 2
      vertex -1.76777 11.7678 -3
      vertex -1.60697 11.9151 -3
    endloop
  endfacet
  facet normal 0.537356 -0.843356 0
    outer loop
      vertex -1.43394 12.0479 -3
      vertex -1.25 12.1651 2
      vertex -1.43394 12.0479 2
    endloop
  endfacet
  facet normal 0.537356 -0.843356 0
    outer loop
      vertex -1.25 12.1651 2
      vertex -1.43394 12.0479 -3
      vertex -1.25 12.1651 -3
    endloop
  endfacet
  facet normal -0.737291 0.675575 0
    outer loop
      vertex 1.76777 8.23223 -3
      vertex 1.91511 8.39303 2
      vertex 1.91511 8.39303 -3
    endloop
  endfacet
  facet normal -0.737291 0.675575 0
    outer loop
      vertex 1.91511 8.39303 2
      vertex 1.76777 8.23223 -3
      vertex 1.76777 8.23223 2
    endloop
  endfacet
  facet normal 0.976292 0.21646 0
    outer loop
      vertex -2.41481 9.35295 2
      vertex -2.46202 9.56588 -3
      vertex -2.46202 9.56588 2
    endloop
  endfacet
  facet normal 0.976292 0.21646 0
    outer loop
      vertex -2.46202 9.56588 -3
      vertex -2.41481 9.35295 2
      vertex -2.41481 9.35295 -3
    endloop
  endfacet
  facet normal 0.95372 0.300697 0
    outer loop
      vertex -2.34923 9.14495 2
      vertex -2.41481 9.35295 -3
      vertex -2.41481 9.35295 2
    endloop
  endfacet
  facet normal 0.95372 0.300697 0
    outer loop
      vertex -2.41481 9.35295 -3
      vertex -2.34923 9.14495 2
      vertex -2.34923 9.14495 -3
    endloop
  endfacet
  facet normal 0.60876 0.793355 -0
    outer loop
      vertex -1.43394 7.95212 -3
      vertex -1.60697 8.08489 2
      vertex -1.43394 7.95212 2
    endloop
  endfacet
  facet normal 0.60876 0.793355 0
    outer loop
      vertex -1.60697 8.08489 2
      vertex -1.43394 7.95212 -3
      vertex -1.60697 8.08489 -3
    endloop
  endfacet
  facet normal -0.923886 0.382668 0
    outer loop
      vertex 2.26577 8.94345 -3
      vertex 2.34923 9.14495 2
      vertex 2.34923 9.14495 -3
    endloop
  endfacet
  facet normal -0.923886 0.382668 0
    outer loop
      vertex 2.34923 9.14495 2
      vertex 2.26577 8.94345 -3
      vertex 2.26577 8.94345 2
    endloop
  endfacet
  facet normal -0.216419 -0.976301 0
    outer loop
      vertex 0.43412 12.462 -3
      vertex 0.647047 12.4148 2
      vertex 0.43412 12.462 2
    endloop
  endfacet
  facet normal -0.216419 -0.976301 -0
    outer loop
      vertex 0.647047 12.4148 2
      vertex 0.43412 12.462 -3
      vertex 0.647047 12.4148 -3
    endloop
  endfacet
  facet normal 0.991441 -0.130557 0
    outer loop
      vertex -2.49049 10.2179 2
      vertex -2.46202 10.4341 -3
      vertex -2.46202 10.4341 2
    endloop
  endfacet
  facet normal 0.991441 -0.130557 0
    outer loop
      vertex -2.46202 10.4341 -3
      vertex -2.49049 10.2179 2
      vertex -2.49049 10.2179 -3
    endloop
  endfacet
  facet normal 0.300693 0.953721 -0
    outer loop
      vertex -0.647047 7.58519 -3
      vertex -0.85505 7.65077 2
      vertex -0.647047 7.58519 2
    endloop
  endfacet
  facet normal 0.300693 0.953721 0
    outer loop
      vertex -0.85505 7.65077 2
      vertex -0.647047 7.58519 -3
      vertex -0.85505 7.65077 -3
    endloop
  endfacet
  facet normal 0.461735 -0.887018 0
    outer loop
      vertex -1.25 12.1651 -3
      vertex -1.05655 12.2658 2
      vertex -1.25 12.1651 2
    endloop
  endfacet
  facet normal 0.461735 -0.887018 0
    outer loop
      vertex -1.05655 12.2658 2
      vertex -1.25 12.1651 -3
      vertex -1.05655 12.2658 -3
    endloop
  endfacet
  facet normal 0.382433 -0.923983 0
    outer loop
      vertex -1.05655 12.2658 -3
      vertex -0.85505 12.3492 2
      vertex -1.05655 12.2658 2
    endloop
  endfacet
  facet normal 0.382433 -0.923983 0
    outer loop
      vertex -0.85505 12.3492 2
      vertex -1.05655 12.2658 -3
      vertex -0.85505 12.3492 -3
    endloop
  endfacet
  facet normal 0.382668 0.923886 -0
    outer loop
      vertex -0.85505 7.65077 -3
      vertex -1.05655 7.73423 2
      vertex -0.85505 7.65077 2
    endloop
  endfacet
  facet normal 0.382668 0.923886 0
    outer loop
      vertex -1.05655 7.73423 2
      vertex -0.85505 7.65077 -3
      vertex -1.05655 7.73423 -3
    endloop
  endfacet
  facet normal 0.300776 -0.953695 0
    outer loop
      vertex -0.85505 12.3492 -3
      vertex -0.647047 12.4148 2
      vertex -0.85505 12.3492 2
    endloop
  endfacet
  facet normal 0.300776 -0.953695 0
    outer loop
      vertex -0.647047 12.4148 2
      vertex -0.85505 12.3492 -3
      vertex -0.647047 12.4148 -3
    endloop
  endfacet
  facet normal 0.976285 -0.216489 0
    outer loop
      vertex -2.46202 10.4341 2
      vertex -2.41481 10.647 -3
      vertex -2.41481 10.647 2
    endloop
  endfacet
  facet normal 0.976285 -0.216489 0
    outer loop
      vertex -2.41481 10.647 -3
      vertex -2.46202 10.4341 2
      vertex -2.46202 10.4341 -3
    endloop
  endfacet
  facet normal 0.886999 0.461771 0
    outer loop
      vertex -2.16506 8.75 2
      vertex -2.26577 8.94345 -3
      vertex -2.26577 8.94345 2
    endloop
  endfacet
  facet normal 0.886999 0.461771 0
    outer loop
      vertex -2.26577 8.94345 -3
      vertex -2.16506 8.75 2
      vertex -2.16506 8.75 -3
    endloop
  endfacet
  facet normal -0.461735 -0.887018 0
    outer loop
      vertex 1.05655 12.2658 -3
      vertex 1.25 12.1651 2
      vertex 1.05655 12.2658 2
    endloop
  endfacet
  facet normal -0.461735 -0.887018 -0
    outer loop
      vertex 1.25 12.1651 2
      vertex 1.05655 12.2658 -3
      vertex 1.25 12.1651 -3
    endloop
  endfacet
  facet normal -0.886999 0.461771 0
    outer loop
      vertex 2.16506 8.75 -3
      vertex 2.26577 8.94345 2
      vertex 2.26577 8.94345 -3
    endloop
  endfacet
  facet normal -0.886999 0.461771 0
    outer loop
      vertex 2.26577 8.94345 2
      vertex 2.16506 8.75 -3
      vertex 2.16506 8.75 2
    endloop
  endfacet
  facet normal -0.300776 -0.953695 0
    outer loop
      vertex 0.647047 12.4148 -3
      vertex 0.85505 12.3492 2
      vertex 0.647047 12.4148 2
    endloop
  endfacet
  facet normal -0.300776 -0.953695 -0
    outer loop
      vertex 0.85505 12.3492 2
      vertex 0.647047 12.4148 -3
      vertex 0.85505 12.3492 -3
    endloop
  endfacet
  facet normal 0.608846 -0.793288 0
    outer loop
      vertex -1.60697 11.9151 -3
      vertex -1.43394 12.0479 2
      vertex -1.60697 11.9151 2
    endloop
  endfacet
  facet normal 0.608846 -0.793288 0
    outer loop
      vertex -1.43394 12.0479 2
      vertex -1.60697 11.9151 -3
      vertex -1.43394 12.0479 -3
    endloop
  endfacet
  facet normal 0.999049 -0.0436024 0
    outer loop
      vertex -2.5 10 2
      vertex -2.49049 10.2179 -3
      vertex -2.49049 10.2179 2
    endloop
  endfacet
  facet normal 0.999049 -0.0436024 0
    outer loop
      vertex -2.49049 10.2179 -3
      vertex -2.5 10 2
      vertex -2.5 10 -3
    endloop
  endfacet
  facet normal -0.923819 -0.38283 0
    outer loop
      vertex 2.34923 10.8551 -3
      vertex 2.26577 11.0565 2
      vertex 2.26577 11.0565 -3
    endloop
  endfacet
  facet normal -0.923819 -0.38283 0
    outer loop
      vertex 2.26577 11.0565 2
      vertex 2.34923 10.8551 -3
      vertex 2.34923 10.8551 2
    endloop
  endfacet
  facet normal -0.887048 -0.461677 0
    outer loop
      vertex 2.26577 11.0565 -3
      vertex 2.16506 11.25 2
      vertex 2.16506 11.25 -3
    endloop
  endfacet
  facet normal -0.887048 -0.461677 0
    outer loop
      vertex 2.16506 11.25 2
      vertex 2.26577 11.0565 -3
      vertex 2.26577 11.0565 2
    endloop
  endfacet
  facet normal -0.300693 0.953721 0
    outer loop
      vertex 0.85505 7.65077 -3
      vertex 0.647047 7.58519 2
      vertex 0.85505 7.65077 2
    endloop
  endfacet
  facet normal -0.300693 0.953721 0
    outer loop
      vertex 0.647047 7.58519 2
      vertex 0.85505 7.65077 -3
      vertex 0.647047 7.58519 -3
    endloop
  endfacet
  facet normal -0.130538 0.991443 0
    outer loop
      vertex 0.43412 7.53798 -3
      vertex 0.217889 7.50951 2
      vertex 0.43412 7.53798 2
    endloop
  endfacet
  facet normal -0.130538 0.991443 0
    outer loop
      vertex 0.217889 7.50951 2
      vertex 0.43412 7.53798 -3
      vertex 0.217889 7.50951 -3
    endloop
  endfacet
  facet normal -0.999049 -0.0436024 0
    outer loop
      vertex 2.5 10 -3
      vertex 2.49049 10.2179 2
      vertex 2.49049 10.2179 -3
    endloop
  endfacet
  facet normal -0.999049 -0.0436024 0
    outer loop
      vertex 2.49049 10.2179 2
      vertex 2.5 10 -3
      vertex 2.5 10 2
    endloop
  endfacet
  facet normal 0.0435588 -0.999051 0
    outer loop
      vertex -0.217889 12.4905 -3
      vertex 0 12.5 2
      vertex -0.217889 12.4905 2
    endloop
  endfacet
  facet normal 0.0435588 -0.999051 0
    outer loop
      vertex 0 12.5 2
      vertex -0.217889 12.4905 -3
      vertex 0 12.5 -3
    endloop
  endfacet
  facet normal 0.953761 -0.300565 0
    outer loop
      vertex -2.41481 10.647 2
      vertex -2.34923 10.8551 -3
      vertex -2.34923 10.8551 2
    endloop
  endfacet
  facet normal 0.953761 -0.300565 0
    outer loop
      vertex -2.34923 10.8551 -3
      vertex -2.41481 10.647 2
      vertex -2.41481 10.647 -3
    endloop
  endfacet
  facet normal -0.793474 -0.608605 0
    outer loop
      vertex 2.04788 11.4339 -3
      vertex 1.91511 11.607 2
      vertex 1.91511 11.607 -3
    endloop
  endfacet
  facet normal -0.793474 -0.608605 0
    outer loop
      vertex 1.91511 11.607 2
      vertex 2.04788 11.4339 -3
      vertex 2.04788 11.4339 2
    endloop
  endfacet
  facet normal 0.991443 0.130539 0
    outer loop
      vertex -2.46202 9.56588 2
      vertex -2.49049 9.78211 -3
      vertex -2.49049 9.78211 2
    endloop
  endfacet
  facet normal 0.991443 0.130539 0
    outer loop
      vertex -2.49049 9.78211 -3
      vertex -2.46202 9.56588 2
      vertex -2.46202 9.56588 -3
    endloop
  endfacet
  facet normal -0.608846 -0.793288 0
    outer loop
      vertex 1.43394 12.0479 -3
      vertex 1.60697 11.9151 2
      vertex 1.43394 12.0479 2
    endloop
  endfacet
  facet normal -0.608846 -0.793288 -0
    outer loop
      vertex 1.60697 11.9151 2
      vertex 1.43394 12.0479 -3
      vertex 1.60697 11.9151 -3
    endloop
  endfacet
  facet normal 0.737291 0.675575 0
    outer loop
      vertex -1.76777 8.23223 2
      vertex -1.91511 8.39303 -3
      vertex -1.91511 8.39303 2
    endloop
  endfacet
  facet normal 0.737291 0.675575 0
    outer loop
      vertex -1.91511 8.39303 -3
      vertex -1.76777 8.23223 2
      vertex -1.76777 8.23223 -3
    endloop
  endfacet
endsolid OpenSCAD_Model
