solid OpenSCAD_Model
  facet normal 1 -0 0
    outer loop
      vertex -16.8 9.8 13.3
      vertex -16.8 27.8 3.3
      vertex -16.8 27.8 13.3
    endloop
  endfacet
  facet normal 1 0 0
    outer loop
      vertex -16.8 27.8 3.3
      vertex -16.8 9.8 13.3
      vertex -16.8 9.8 3.3
    endloop
  endfacet
  facet normal 0 0 1
    outer loop
      vertex 16.8 9.8 13.3
      vertex -16.4 6.4 13.3
      vertex 16.4 6.4 13.3
    endloop
  endfacet
  facet normal 0 0 1
    outer loop
      vertex -19.8 -29.8 13.3
      vertex -16.4 6.4 13.3
      vertex -16.8 9.8 13.3
    endloop
  endfacet
  facet normal -0 0 1
    outer loop
      vertex -16.8 9.8 13.3
      vertex -16.4 6.4 13.3
      vertex 16.8 9.8 13.3
    endloop
  endfacet
  facet normal 0 0 1
    outer loop
      vertex 16.8 9.8 13.3
      vertex 19.8 29.8 13.3
      vertex 16.8 27.8 13.3
    endloop
  endfacet
  facet normal 0 0 1
    outer loop
      vertex 19.8 29.8 13.3
      vertex -16.8 27.8 13.3
      vertex 16.8 27.8 13.3
    endloop
  endfacet
  facet normal 0 0 1
    outer loop
      vertex -16.8 27.8 13.3
      vertex -19.8 29.8 13.3
      vertex -16.8 9.8 13.3
    endloop
  endfacet
  facet normal -0 0 1
    outer loop
      vertex -19.8 29.8 13.3
      vertex -16.8 27.8 13.3
      vertex 19.8 29.8 13.3
    endloop
  endfacet
  facet normal 0 0 1
    outer loop
      vertex 19.8 29.8 13.3
      vertex 16.8 9.8 13.3
      vertex 19.8 -29.8 13.3
    endloop
  endfacet
  facet normal -0 0 1
    outer loop
      vertex 16.4 6.4 13.3
      vertex 19.8 -29.8 13.3
      vertex 16.8 9.8 13.3
    endloop
  endfacet
  facet normal -0 0 1
    outer loop
      vertex 16.4 -26.4 13.3
      vertex 19.8 -29.8 13.3
      vertex 16.4 6.4 13.3
    endloop
  endfacet
  facet normal -0 0 1
    outer loop
      vertex -16.4 -26.4 13.3
      vertex 19.8 -29.8 13.3
      vertex 16.4 -26.4 13.3
    endloop
  endfacet
  facet normal 0 0 1
    outer loop
      vertex -19.8 -29.8 13.3
      vertex -16.8 9.8 13.3
      vertex -19.8 29.8 13.3
    endloop
  endfacet
  facet normal 0 0 1
    outer loop
      vertex -16.4 -26.4 13.3
      vertex -19.8 -29.8 13.3
      vertex 19.8 -29.8 13.3
    endloop
  endfacet
  facet normal 0 0 1
    outer loop
      vertex -16.4 6.4 13.3
      vertex -19.8 -29.8 13.3
      vertex -16.4 -26.4 13.3
    endloop
  endfacet
  facet normal 0 0 -1
    outer loop
      vertex 19.8 29.8 0
      vertex 6.17641 19.2596 0
      vertex 6.2 19.8 0
    endloop
  endfacet
  facet normal 0 0 -1
    outer loop
      vertex 19.8 29.8 0
      vertex 6.10581 18.7234 0
      vertex 6.17641 19.2596 0
    endloop
  endfacet
  facet normal 0 0 -1
    outer loop
      vertex 5.61911 17.1798 0
      vertex 6.34415 -2.54169 0
      vertex 6.06216 -2 0
    endloop
  endfacet
  facet normal 0 0 -1
    outer loop
      vertex 19.8 29.8 0
      vertex 5.98874 18.1953 0
      vertex 6.10581 18.7234 0
    endloop
  endfacet
  facet normal 0 0 -1
    outer loop
      vertex 19.8 29.8 0
      vertex 5.82609 17.6795 0
      vertex 5.98874 18.1953 0
    endloop
  endfacet
  facet normal 0 0 -1
    outer loop
      vertex 5.36936 16.7 0
      vertex 6.06216 -2 0
      vertex 5.73405 -1.48497 0
    endloop
  endfacet
  facet normal 0 0 -1
    outer loop
      vertex 19.8 29.8 0
      vertex 5.61911 17.1798 0
      vertex 5.82609 17.6795 0
    endloop
  endfacet
  facet normal 0 0 -1
    outer loop
      vertex 6.06216 -2 0
      vertex 5.36936 16.7 0
      vertex 5.61911 17.1798 0
    endloop
  endfacet
  facet normal 0 0 -1
    outer loop
      vertex 5.07874 16.2438 0
      vertex 5.73405 -1.48497 0
      vertex 5.3623 -1.00049 0
    endloop
  endfacet
  facet normal 0 0 -1
    outer loop
      vertex 5.73405 -1.48497 0
      vertex 5.07874 16.2438 0
      vertex 5.36936 16.7 0
    endloop
  endfacet
  facet normal 0 0 -1
    outer loop
      vertex 4.74948 15.8147 0
      vertex 5.3623 -1.00049 0
      vertex 4.94974 -0.550262 0
    endloop
  endfacet
  facet normal 0 0 -1
    outer loop
      vertex 5.3623 -1.00049 0
      vertex 4.74948 15.8147 0
      vertex 5.07874 16.2438 0
    endloop
  endfacet
  facet normal 0 0 -1
    outer loop
      vertex 4.38406 15.4159 0
      vertex 4.94974 -0.550262 0
      vertex 4.49951 -0.137695 0
    endloop
  endfacet
  facet normal 0 0 -1
    outer loop
      vertex 4.94974 -0.550262 0
      vertex 4.38406 15.4159 0
      vertex 4.74948 15.8147 0
    endloop
  endfacet
  facet normal 0 0 -1
    outer loop
      vertex 3.98528 15.0505 0
      vertex 4.49951 -0.137695 0
      vertex 4.01503 0.234055 0
    endloop
  endfacet
  facet normal 0 0 -1
    outer loop
      vertex 4.49951 -0.137695 0
      vertex 3.98528 15.0505 0
      vertex 4.38406 15.4159 0
    endloop
  endfacet
  facet normal 0 0 -1
    outer loop
      vertex 4.01503 0.234055 0
      vertex 3.55617 14.7213 0
      vertex 3.98528 15.0505 0
    endloop
  endfacet
  facet normal 0 0 -1
    outer loop
      vertex 3.5 0.562164 0
      vertex 3.55617 14.7213 0
      vertex 4.01503 0.234055 0
    endloop
  endfacet
  facet normal 0 0 -1
    outer loop
      vertex 3.5 0.562164 0
      vertex 3.1 14.4306 0
      vertex 3.55617 14.7213 0
    endloop
  endfacet
  facet normal 0 0 -1
    outer loop
      vertex 2.95831 0.844147 0
      vertex 3.1 14.4306 0
      vertex 3.5 0.562164 0
    endloop
  endfacet
  facet normal 0 0 -1
    outer loop
      vertex 2.95831 0.844147 0
      vertex 2.62023 14.1809 0
      vertex 3.1 14.4306 0
    endloop
  endfacet
  facet normal 0 0 -1
    outer loop
      vertex 2.39413 1.07784 0
      vertex 2.62023 14.1809 0
      vertex 2.95831 0.844147 0
    endloop
  endfacet
  facet normal 0 0 -1
    outer loop
      vertex 2.39413 1.07784 0
      vertex 2.12052 13.9739 0
      vertex 2.62023 14.1809 0
    endloop
  endfacet
  facet normal 0 0 -1
    outer loop
      vertex 1.81172 1.26147 0
      vertex 2.12052 13.9739 0
      vertex 2.39413 1.07784 0
    endloop
  endfacet
  facet normal 0 0 -1
    outer loop
      vertex 1.81172 1.26147 0
      vertex 1.60468 13.8113 0
      vertex 2.12052 13.9739 0
    endloop
  endfacet
  facet normal 0 0 -1
    outer loop
      vertex 1.21553 1.39365 0
      vertex 1.60468 13.8113 0
      vertex 1.81172 1.26147 0
    endloop
  endfacet
  facet normal 0 0 -1
    outer loop
      vertex 1.21553 1.39365 0
      vertex 1.07662 13.6942 0
      vertex 1.60468 13.8113 0
    endloop
  endfacet
  facet normal 0 0 -1
    outer loop
      vertex 0.610077 1.47336 0
      vertex 1.07662 13.6942 0
      vertex 1.21553 1.39365 0
    endloop
  endfacet
  facet normal 0 0 -1
    outer loop
      vertex 0.610077 1.47336 0
      vertex 0.540365 13.6236 0
      vertex 1.07662 13.6942 0
    endloop
  endfacet
  facet normal 0 0 -1
    outer loop
      vertex 0 1.5 0
      vertex 0.540365 13.6236 0
      vertex 0.610077 1.47336 0
    endloop
  endfacet
  facet normal 0 0 -1
    outer loop
      vertex 0 1.5 0
      vertex 0 13.6 0
      vertex 0.540365 13.6236 0
    endloop
  endfacet
  facet normal 0 0 -1
    outer loop
      vertex 0 1.5 0
      vertex -0.540365 13.6236 0
      vertex 0 13.6 0
    endloop
  endfacet
  facet normal 0 0 -1
    outer loop
      vertex -0.610077 1.47336 0
      vertex -0.540365 13.6236 0
      vertex 0 1.5 0
    endloop
  endfacet
  facet normal 0 0 -1
    outer loop
      vertex -0.610077 1.47336 0
      vertex -1.07662 13.6942 0
      vertex -0.540365 13.6236 0
    endloop
  endfacet
  facet normal 0 0 -1
    outer loop
      vertex -1.21553 1.39365 0
      vertex -1.07662 13.6942 0
      vertex -0.610077 1.47336 0
    endloop
  endfacet
  facet normal 0 0 -1
    outer loop
      vertex -1.21553 1.39365 0
      vertex -1.60468 13.8113 0
      vertex -1.07662 13.6942 0
    endloop
  endfacet
  facet normal 0 0 -1
    outer loop
      vertex -1.81172 1.26147 0
      vertex -1.60468 13.8113 0
      vertex -1.21553 1.39365 0
    endloop
  endfacet
  facet normal 0 0 -1
    outer loop
      vertex -1.81172 1.26147 0
      vertex -2.12052 13.9739 0
      vertex -1.60468 13.8113 0
    endloop
  endfacet
  facet normal 0 0 -1
    outer loop
      vertex -2.39413 1.07784 0
      vertex -2.12052 13.9739 0
      vertex -1.81172 1.26147 0
    endloop
  endfacet
  facet normal 0 0 -1
    outer loop
      vertex -2.39413 1.07784 0
      vertex -2.62023 14.1809 0
      vertex -2.12052 13.9739 0
    endloop
  endfacet
  facet normal 0 0 -1
    outer loop
      vertex -2.95831 0.844147 0
      vertex -2.62023 14.1809 0
      vertex -2.39413 1.07784 0
    endloop
  endfacet
  facet normal 0 0 -1
    outer loop
      vertex -2.95831 0.844147 0
      vertex -3.1 14.4306 0
      vertex -2.62023 14.1809 0
    endloop
  endfacet
  facet normal 0 0 -1
    outer loop
      vertex -3.5 0.562164 0
      vertex -3.1 14.4306 0
      vertex -2.95831 0.844147 0
    endloop
  endfacet
  facet normal 0 0 -1
    outer loop
      vertex -3.5 0.562164 0
      vertex -3.55617 14.7213 0
      vertex -3.1 14.4306 0
    endloop
  endfacet
  facet normal 0 0 -1
    outer loop
      vertex -4.01503 0.234055 0
      vertex -3.55617 14.7213 0
      vertex -3.5 0.562164 0
    endloop
  endfacet
  facet normal -0 0 -1
    outer loop
      vertex -3.55617 14.7213 0
      vertex -4.01503 0.234055 0
      vertex -3.98528 15.0505 0
    endloop
  endfacet
  facet normal 0 0 -1
    outer loop
      vertex -4.49951 -0.137695 0
      vertex -3.98528 15.0505 0
      vertex -4.01503 0.234055 0
    endloop
  endfacet
  facet normal -0 0 -1
    outer loop
      vertex -3.98528 15.0505 0
      vertex -4.49951 -0.137695 0
      vertex -4.38406 15.4159 0
    endloop
  endfacet
  facet normal 0 0 -1
    outer loop
      vertex -4.94974 -0.550262 0
      vertex -4.38406 15.4159 0
      vertex -4.49951 -0.137695 0
    endloop
  endfacet
  facet normal -0 0 -1
    outer loop
      vertex -4.38406 15.4159 0
      vertex -4.94974 -0.550262 0
      vertex -4.74948 15.8147 0
    endloop
  endfacet
  facet normal 0 0 -1
    outer loop
      vertex -5.3623 -1.00049 0
      vertex -4.74948 15.8147 0
      vertex -4.94974 -0.550262 0
    endloop
  endfacet
  facet normal -0 0 -1
    outer loop
      vertex -4.74948 15.8147 0
      vertex -5.3623 -1.00049 0
      vertex -5.07874 16.2438 0
    endloop
  endfacet
  facet normal 0 0 -1
    outer loop
      vertex -5.73405 -1.48497 0
      vertex -5.07874 16.2438 0
      vertex -5.3623 -1.00049 0
    endloop
  endfacet
  facet normal -0 0 -1
    outer loop
      vertex -5.07874 16.2438 0
      vertex -5.73405 -1.48497 0
      vertex -5.36936 16.7 0
    endloop
  endfacet
  facet normal 0 0 -1
    outer loop
      vertex -6.06216 -2 0
      vertex -5.36936 16.7 0
      vertex -5.73405 -1.48497 0
    endloop
  endfacet
  facet normal -0 0 -1
    outer loop
      vertex -5.36936 16.7 0
      vertex -6.06216 -2 0
      vertex -5.61911 17.1798 0
    endloop
  endfacet
  facet normal 0 0 -1
    outer loop
      vertex -19.8 29.8 0
      vertex -5.61911 17.1798 0
      vertex -6.06216 -2 0
    endloop
  endfacet
  facet normal 0 0 -1
    outer loop
      vertex -5.61911 17.1798 0
      vertex -19.8 29.8 0
      vertex -5.82609 17.6795 0
    endloop
  endfacet
  facet normal 0 0 -1
    outer loop
      vertex -5.82609 17.6795 0
      vertex -19.8 29.8 0
      vertex -5.98874 18.1953 0
    endloop
  endfacet
  facet normal 0 0 -1
    outer loop
      vertex -5.98874 18.1953 0
      vertex -19.8 29.8 0
      vertex -6.10581 18.7234 0
    endloop
  endfacet
  facet normal 0 0 -1
    outer loop
      vertex -6.10581 18.7234 0
      vertex -19.8 29.8 0
      vertex -6.17641 19.2596 0
    endloop
  endfacet
  facet normal 0 0 -1
    outer loop
      vertex -19.8 29.8 0
      vertex -6.06216 -2 0
      vertex -6.34415 -2.54169 0
    endloop
  endfacet
  facet normal 0 0 -1
    outer loop
      vertex 7 -5.5 0
      vertex 19.8 -29.8 0
      vertex 7 -14.5 0
    endloop
  endfacet
  facet normal 0 0 -1
    outer loop
      vertex 19.8 -29.8 0
      vertex 6.97336 -15.1101 0
      vertex 7 -14.5 0
    endloop
  endfacet
  facet normal 0 0 -1
    outer loop
      vertex 19.8 -29.8 0
      vertex 6.89365 -15.7155 0
      vertex 6.97336 -15.1101 0
    endloop
  endfacet
  facet normal 0 0 -1
    outer loop
      vertex 19.8 -29.8 0
      vertex 6.76147 -16.3117 0
      vertex 6.89365 -15.7155 0
    endloop
  endfacet
  facet normal 0 0 -1
    outer loop
      vertex 19.8 -29.8 0
      vertex 6.57784 -16.8941 0
      vertex 6.76147 -16.3117 0
    endloop
  endfacet
  facet normal 0 0 -1
    outer loop
      vertex 19.8 -29.8 0
      vertex 6.34415 -17.4583 0
      vertex 6.57784 -16.8941 0
    endloop
  endfacet
  facet normal 0 0 -1
    outer loop
      vertex 19.8 -29.8 0
      vertex 6.06216 -18 0
      vertex 6.34415 -17.4583 0
    endloop
  endfacet
  facet normal 0 0 -1
    outer loop
      vertex 19.8 -29.8 0
      vertex 5.73405 -18.515 0
      vertex 6.06216 -18 0
    endloop
  endfacet
  facet normal 0 0 -1
    outer loop
      vertex 19.8 -29.8 0
      vertex 5.3623 -18.9995 0
      vertex 5.73405 -18.515 0
    endloop
  endfacet
  facet normal 0 0 -1
    outer loop
      vertex 19.8 -29.8 0
      vertex 4.94974 -19.4497 0
      vertex 5.3623 -18.9995 0
    endloop
  endfacet
  facet normal 0 0 -1
    outer loop
      vertex 19.8 -29.8 0
      vertex 4.49951 -19.8623 0
      vertex 4.94974 -19.4497 0
    endloop
  endfacet
  facet normal 0 0 -1
    outer loop
      vertex 19.8 -29.8 0
      vertex 4.01503 -20.2341 0
      vertex 4.49951 -19.8623 0
    endloop
  endfacet
  facet normal 0 0 -1
    outer loop
      vertex 19.8 -29.8 0
      vertex 3.5 -20.5622 0
      vertex 4.01503 -20.2341 0
    endloop
  endfacet
  facet normal 0 0 -1
    outer loop
      vertex 19.8 -29.8 0
      vertex 2.95831 -20.8441 0
      vertex 3.5 -20.5622 0
    endloop
  endfacet
  facet normal 0 0 -1
    outer loop
      vertex 19.8 -29.8 0
      vertex 2.39413 -21.0778 0
      vertex 2.95831 -20.8441 0
    endloop
  endfacet
  facet normal 0 0 -1
    outer loop
      vertex 19.8 -29.8 0
      vertex 1.81172 -21.2615 0
      vertex 2.39413 -21.0778 0
    endloop
  endfacet
  facet normal 0 0 -1
    outer loop
      vertex 19.8 -29.8 0
      vertex 1.21553 -21.3936 0
      vertex 1.81172 -21.2615 0
    endloop
  endfacet
  facet normal 0 0 -1
    outer loop
      vertex 19.8 -29.8 0
      vertex 0.610077 -21.4734 0
      vertex 1.21553 -21.3936 0
    endloop
  endfacet
  facet normal 0 0 -1
    outer loop
      vertex 19.8 -29.8 0
      vertex 0 -21.5 0
      vertex 0.610077 -21.4734 0
    endloop
  endfacet
  facet normal 0 0 -1
    outer loop
      vertex -19.8 -29.8 0
      vertex 0 -21.5 0
      vertex 19.8 -29.8 0
    endloop
  endfacet
  facet normal -0 0 -1
    outer loop
      vertex 0 -21.5 0
      vertex -19.8 -29.8 0
      vertex -0.610077 -21.4734 0
    endloop
  endfacet
  facet normal -0 0 -1
    outer loop
      vertex -0.610077 -21.4734 0
      vertex -19.8 -29.8 0
      vertex -1.21553 -21.3936 0
    endloop
  endfacet
  facet normal -0 0 -1
    outer loop
      vertex -1.21553 -21.3936 0
      vertex -19.8 -29.8 0
      vertex -1.81172 -21.2615 0
    endloop
  endfacet
  facet normal -0 0 -1
    outer loop
      vertex -7 -14.5 0
      vertex -19.8 -29.8 0
      vertex -7 -5.5 0
    endloop
  endfacet
  facet normal -0 0 -1
    outer loop
      vertex -6.97336 -15.1101 0
      vertex -19.8 -29.8 0
      vertex -7 -14.5 0
    endloop
  endfacet
  facet normal -0 0 -1
    outer loop
      vertex -6.89365 -15.7155 0
      vertex -19.8 -29.8 0
      vertex -6.97336 -15.1101 0
    endloop
  endfacet
  facet normal -0 0 -1
    outer loop
      vertex -6.76147 -16.3117 0
      vertex -19.8 -29.8 0
      vertex -6.89365 -15.7155 0
    endloop
  endfacet
  facet normal -0 0 -1
    outer loop
      vertex -6.57784 -16.8941 0
      vertex -19.8 -29.8 0
      vertex -6.76147 -16.3117 0
    endloop
  endfacet
  facet normal -0 0 -1
    outer loop
      vertex -6.34415 -17.4583 0
      vertex -19.8 -29.8 0
      vertex -6.57784 -16.8941 0
    endloop
  endfacet
  facet normal -0 0 -1
    outer loop
      vertex -6.06216 -18 0
      vertex -19.8 -29.8 0
      vertex -6.34415 -17.4583 0
    endloop
  endfacet
  facet normal -0 0 -1
    outer loop
      vertex -5.73405 -18.515 0
      vertex -19.8 -29.8 0
      vertex -6.06216 -18 0
    endloop
  endfacet
  facet normal -0 0 -1
    outer loop
      vertex -5.3623 -18.9995 0
      vertex -19.8 -29.8 0
      vertex -5.73405 -18.515 0
    endloop
  endfacet
  facet normal -0 0 -1
    outer loop
      vertex -4.94974 -19.4497 0
      vertex -19.8 -29.8 0
      vertex -5.3623 -18.9995 0
    endloop
  endfacet
  facet normal -0 0 -1
    outer loop
      vertex -4.49951 -19.8623 0
      vertex -19.8 -29.8 0
      vertex -4.94974 -19.4497 0
    endloop
  endfacet
  facet normal -0 0 -1
    outer loop
      vertex -4.01503 -20.2341 0
      vertex -19.8 -29.8 0
      vertex -4.49951 -19.8623 0
    endloop
  endfacet
  facet normal -0 0 -1
    outer loop
      vertex -3.5 -20.5622 0
      vertex -19.8 -29.8 0
      vertex -4.01503 -20.2341 0
    endloop
  endfacet
  facet normal -0 0 -1
    outer loop
      vertex -2.95831 -20.8441 0
      vertex -19.8 -29.8 0
      vertex -3.5 -20.5622 0
    endloop
  endfacet
  facet normal -0 0 -1
    outer loop
      vertex -2.39413 -21.0778 0
      vertex -19.8 -29.8 0
      vertex -2.95831 -20.8441 0
    endloop
  endfacet
  facet normal -0 0 -1
    outer loop
      vertex -1.81172 -21.2615 0
      vertex -19.8 -29.8 0
      vertex -2.39413 -21.0778 0
    endloop
  endfacet
  facet normal 0 0 -1
    outer loop
      vertex 6.97336 -4.88992 0
      vertex 19.8 -29.8 0
      vertex 7 -5.5 0
    endloop
  endfacet
  facet normal 0 0 -1
    outer loop
      vertex 19.8 -29.8 0
      vertex 6.97336 -4.88992 0
      vertex 19.8 29.8 0
    endloop
  endfacet
  facet normal 0 0 -1
    outer loop
      vertex 6.89365 -4.28447 0
      vertex 19.8 29.8 0
      vertex 6.97336 -4.88992 0
    endloop
  endfacet
  facet normal 0 0 -1
    outer loop
      vertex 6.76147 -3.68828 0
      vertex 19.8 29.8 0
      vertex 6.89365 -4.28447 0
    endloop
  endfacet
  facet normal 0 0 -1
    outer loop
      vertex 6.57784 -3.10587 0
      vertex 19.8 29.8 0
      vertex 6.76147 -3.68828 0
    endloop
  endfacet
  facet normal 0 0 -1
    outer loop
      vertex 6.34415 -2.54169 0
      vertex 19.8 29.8 0
      vertex 6.57784 -3.10587 0
    endloop
  endfacet
  facet normal 0 0 -1
    outer loop
      vertex 5.61911 17.1798 0
      vertex 19.8 29.8 0
      vertex 6.34415 -2.54169 0
    endloop
  endfacet
  facet normal 0 0 -1
    outer loop
      vertex 6.17641 20.3404 0
      vertex 19.8 29.8 0
      vertex 6.2 19.8 0
    endloop
  endfacet
  facet normal 0 0 -1
    outer loop
      vertex 6.10581 20.8766 0
      vertex 19.8 29.8 0
      vertex 6.17641 20.3404 0
    endloop
  endfacet
  facet normal 0 0 -1
    outer loop
      vertex 5.98874 21.4047 0
      vertex 19.8 29.8 0
      vertex 6.10581 20.8766 0
    endloop
  endfacet
  facet normal 0 0 -1
    outer loop
      vertex 5.82609 21.9205 0
      vertex 19.8 29.8 0
      vertex 5.98874 21.4047 0
    endloop
  endfacet
  facet normal 0 0 -1
    outer loop
      vertex 5.61911 22.4202 0
      vertex 19.8 29.8 0
      vertex 5.82609 21.9205 0
    endloop
  endfacet
  facet normal 0 0 -1
    outer loop
      vertex 5.36936 22.9 0
      vertex 19.8 29.8 0
      vertex 5.61911 22.4202 0
    endloop
  endfacet
  facet normal 0 0 -1
    outer loop
      vertex 5.07874 23.3562 0
      vertex 19.8 29.8 0
      vertex 5.36936 22.9 0
    endloop
  endfacet
  facet normal 0 0 -1
    outer loop
      vertex 4.74948 23.7853 0
      vertex 19.8 29.8 0
      vertex 5.07874 23.3562 0
    endloop
  endfacet
  facet normal 0 0 -1
    outer loop
      vertex 4.38406 24.1841 0
      vertex 19.8 29.8 0
      vertex 4.74948 23.7853 0
    endloop
  endfacet
  facet normal 0 0 -1
    outer loop
      vertex 3.98528 24.5495 0
      vertex 19.8 29.8 0
      vertex 4.38406 24.1841 0
    endloop
  endfacet
  facet normal 0 0 -1
    outer loop
      vertex 3.55617 24.8787 0
      vertex 19.8 29.8 0
      vertex 3.98528 24.5495 0
    endloop
  endfacet
  facet normal 0 0 -1
    outer loop
      vertex 3.1 25.1694 0
      vertex 19.8 29.8 0
      vertex 3.55617 24.8787 0
    endloop
  endfacet
  facet normal 0 0 -1
    outer loop
      vertex 2.62023 25.4191 0
      vertex 19.8 29.8 0
      vertex 3.1 25.1694 0
    endloop
  endfacet
  facet normal 0 0 -1
    outer loop
      vertex 2.12052 25.6261 0
      vertex 19.8 29.8 0
      vertex 2.62023 25.4191 0
    endloop
  endfacet
  facet normal 0 0 -1
    outer loop
      vertex 1.60468 25.7887 0
      vertex 19.8 29.8 0
      vertex 2.12052 25.6261 0
    endloop
  endfacet
  facet normal 0 0 -1
    outer loop
      vertex 1.07662 25.9058 0
      vertex 19.8 29.8 0
      vertex 1.60468 25.7887 0
    endloop
  endfacet
  facet normal 0 0 -1
    outer loop
      vertex 0.540365 25.9764 0
      vertex 19.8 29.8 0
      vertex 1.07662 25.9058 0
    endloop
  endfacet
  facet normal 0 0 -1
    outer loop
      vertex 0 26 0
      vertex 19.8 29.8 0
      vertex 0.540365 25.9764 0
    endloop
  endfacet
  facet normal 0 0 -1
    outer loop
      vertex -19.8 29.8 0
      vertex 0 26 0
      vertex -0.540365 25.9764 0
    endloop
  endfacet
  facet normal 0 0 -1
    outer loop
      vertex -19.8 29.8 0
      vertex -0.540365 25.9764 0
      vertex -1.07662 25.9058 0
    endloop
  endfacet
  facet normal 0 0 -1
    outer loop
      vertex -19.8 29.8 0
      vertex -6.34415 -2.54169 0
      vertex -6.57784 -3.10587 0
    endloop
  endfacet
  facet normal 0 0 -1
    outer loop
      vertex -19.8 29.8 0
      vertex -6.57784 -3.10587 0
      vertex -6.76147 -3.68828 0
    endloop
  endfacet
  facet normal 0 0 -1
    outer loop
      vertex -19.8 29.8 0
      vertex -6.76147 -3.68828 0
      vertex -6.89365 -4.28447 0
    endloop
  endfacet
  facet normal 0 0 -1
    outer loop
      vertex -19.8 29.8 0
      vertex -6.89365 -4.28447 0
      vertex -6.97336 -4.88992 0
    endloop
  endfacet
  facet normal 0 0 -1
    outer loop
      vertex -19.8 -29.8 0
      vertex -6.97336 -4.88992 0
      vertex -7 -5.5 0
    endloop
  endfacet
  facet normal -0 0 -1
    outer loop
      vertex -6.97336 -4.88992 0
      vertex -19.8 -29.8 0
      vertex -19.8 29.8 0
    endloop
  endfacet
  facet normal 0 0 -1
    outer loop
      vertex -6.17641 19.2596 0
      vertex -19.8 29.8 0
      vertex -6.2 19.8 0
    endloop
  endfacet
  facet normal 0 0 -1
    outer loop
      vertex -6.2 19.8 0
      vertex -19.8 29.8 0
      vertex -6.17641 20.3404 0
    endloop
  endfacet
  facet normal 0 0 -1
    outer loop
      vertex -6.17641 20.3404 0
      vertex -19.8 29.8 0
      vertex -6.10581 20.8766 0
    endloop
  endfacet
  facet normal 0 0 -1
    outer loop
      vertex 0 26 0
      vertex -19.8 29.8 0
      vertex 19.8 29.8 0
    endloop
  endfacet
  facet normal 0 0 -1
    outer loop
      vertex -1.60468 25.7887 0
      vertex -19.8 29.8 0
      vertex -1.07662 25.9058 0
    endloop
  endfacet
  facet normal 0 0 -1
    outer loop
      vertex -2.12052 25.6261 0
      vertex -19.8 29.8 0
      vertex -1.60468 25.7887 0
    endloop
  endfacet
  facet normal 0 0 -1
    outer loop
      vertex -2.62023 25.4191 0
      vertex -19.8 29.8 0
      vertex -2.12052 25.6261 0
    endloop
  endfacet
  facet normal 0 0 -1
    outer loop
      vertex -3.1 25.1694 0
      vertex -19.8 29.8 0
      vertex -2.62023 25.4191 0
    endloop
  endfacet
  facet normal 0 0 -1
    outer loop
      vertex -3.55617 24.8787 0
      vertex -19.8 29.8 0
      vertex -3.1 25.1694 0
    endloop
  endfacet
  facet normal 0 0 -1
    outer loop
      vertex -3.98528 24.5495 0
      vertex -19.8 29.8 0
      vertex -3.55617 24.8787 0
    endloop
  endfacet
  facet normal 0 0 -1
    outer loop
      vertex -4.38406 24.1841 0
      vertex -19.8 29.8 0
      vertex -3.98528 24.5495 0
    endloop
  endfacet
  facet normal 0 0 -1
    outer loop
      vertex -4.74948 23.7853 0
      vertex -19.8 29.8 0
      vertex -4.38406 24.1841 0
    endloop
  endfacet
  facet normal 0 0 -1
    outer loop
      vertex -5.07874 23.3562 0
      vertex -19.8 29.8 0
      vertex -4.74948 23.7853 0
    endloop
  endfacet
  facet normal 0 0 -1
    outer loop
      vertex -5.36936 22.9 0
      vertex -19.8 29.8 0
      vertex -5.07874 23.3562 0
    endloop
  endfacet
  facet normal 0 0 -1
    outer loop
      vertex -5.61911 22.4202 0
      vertex -19.8 29.8 0
      vertex -5.36936 22.9 0
    endloop
  endfacet
  facet normal 0 0 -1
    outer loop
      vertex -5.82609 21.9205 0
      vertex -19.8 29.8 0
      vertex -5.61911 22.4202 0
    endloop
  endfacet
  facet normal 0 0 -1
    outer loop
      vertex -5.98874 21.4047 0
      vertex -19.8 29.8 0
      vertex -5.82609 21.9205 0
    endloop
  endfacet
  facet normal 0 0 -1
    outer loop
      vertex -6.10581 20.8766 0
      vertex -19.8 29.8 0
      vertex -5.98874 21.4047 0
    endloop
  endfacet
  facet normal -1 0 0
    outer loop
      vertex -19.8 -29.8 0
      vertex -19.8 29.8 13.3
      vertex -19.8 29.8 0
    endloop
  endfacet
  facet normal -1 -0 0
    outer loop
      vertex -19.8 29.8 13.3
      vertex -19.8 -29.8 0
      vertex -19.8 -29.8 13.3
    endloop
  endfacet
  facet normal 0 1 -0
    outer loop
      vertex 19.8 29.8 0
      vertex -19.8 29.8 13.3
      vertex 19.8 29.8 13.3
    endloop
  endfacet
  facet normal 0 1 0
    outer loop
      vertex -19.8 29.8 13.3
      vertex 19.8 29.8 0
      vertex -19.8 29.8 0
    endloop
  endfacet
  facet normal 1 -0 0
    outer loop
      vertex 19.8 -29.8 13.3
      vertex 19.8 29.8 0
      vertex 19.8 29.8 13.3
    endloop
  endfacet
  facet normal 1 0 0
    outer loop
      vertex 19.8 29.8 0
      vertex 19.8 -29.8 13.3
      vertex 19.8 -29.8 0
    endloop
  endfacet
  facet normal -1 0 0
    outer loop
      vertex 16.8 9.8 3.3
      vertex 16.8 27.8 13.3
      vertex 16.8 27.8 3.3
    endloop
  endfacet
  facet normal -1 -0 0
    outer loop
      vertex 16.8 27.8 13.3
      vertex 16.8 9.8 3.3
      vertex 16.8 9.8 13.3
    endloop
  endfacet
  facet normal 0 0 1
    outer loop
      vertex 7.07298 19.1812 3.3
      vertex 16.8 27.8 3.3
      vertex 7.1 19.8 3.3
    endloop
  endfacet
  facet normal 0 0 1
    outer loop
      vertex 16.8 27.8 3.3
      vertex 7.07298 20.4188 3.3
      vertex 7.1 19.8 3.3
    endloop
  endfacet
  facet normal 0 0 1
    outer loop
      vertex 16.8 27.8 3.3
      vertex 6.99213 21.0329 3.3
      vertex 7.07298 20.4188 3.3
    endloop
  endfacet
  facet normal 0 0 1
    outer loop
      vertex 16.8 27.8 3.3
      vertex 6.85807 21.6376 3.3
      vertex 6.99213 21.0329 3.3
    endloop
  endfacet
  facet normal 0 0 1
    outer loop
      vertex 16.8 27.8 3.3
      vertex 6.67182 22.2283 3.3
      vertex 6.85807 21.6376 3.3
    endloop
  endfacet
  facet normal 0 0 1
    outer loop
      vertex 16.8 27.8 3.3
      vertex 6.43478 22.8006 3.3
      vertex 6.67182 22.2283 3.3
    endloop
  endfacet
  facet normal 0 0 1
    outer loop
      vertex 16.8 27.8 3.3
      vertex 6.14878 23.35 3.3
      vertex 6.43478 22.8006 3.3
    endloop
  endfacet
  facet normal 0 0 1
    outer loop
      vertex 16.8 27.8 3.3
      vertex 5.81598 23.8724 3.3
      vertex 6.14878 23.35 3.3
    endloop
  endfacet
  facet normal 0 0 1
    outer loop
      vertex 16.8 27.8 3.3
      vertex 5.43892 24.3638 3.3
      vertex 5.81598 23.8724 3.3
    endloop
  endfacet
  facet normal 0 0 1
    outer loop
      vertex 16.8 27.8 3.3
      vertex 5.02046 24.8205 3.3
      vertex 5.43892 24.3638 3.3
    endloop
  endfacet
  facet normal 0 0 1
    outer loop
      vertex 16.8 27.8 3.3
      vertex 4.56379 25.2389 3.3
      vertex 5.02046 24.8205 3.3
    endloop
  endfacet
  facet normal 0 0 1
    outer loop
      vertex 16.8 27.8 3.3
      vertex 4.07239 25.616 3.3
      vertex 4.56379 25.2389 3.3
    endloop
  endfacet
  facet normal 0 0 1
    outer loop
      vertex 16.8 27.8 3.3
      vertex 3.55 25.9488 3.3
      vertex 4.07239 25.616 3.3
    endloop
  endfacet
  facet normal 0 0 1
    outer loop
      vertex 16.8 27.8 3.3
      vertex 3.00059 26.2348 3.3
      vertex 3.55 25.9488 3.3
    endloop
  endfacet
  facet normal 0 0 1
    outer loop
      vertex 16.8 27.8 3.3
      vertex 2.42834 26.4718 3.3
      vertex 3.00059 26.2348 3.3
    endloop
  endfacet
  facet normal 0 0 1
    outer loop
      vertex 16.8 27.8 3.3
      vertex 1.83762 26.6581 3.3
      vertex 2.42834 26.4718 3.3
    endloop
  endfacet
  facet normal 0 0 1
    outer loop
      vertex 16.8 27.8 3.3
      vertex 1.2329 26.7921 3.3
      vertex 1.83762 26.6581 3.3
    endloop
  endfacet
  facet normal 0 0 1
    outer loop
      vertex 16.8 27.8 3.3
      vertex 0.618805 26.873 3.3
      vertex 1.2329 26.7921 3.3
    endloop
  endfacet
  facet normal 0 0 1
    outer loop
      vertex 16.8 27.8 3.3
      vertex 0 26.9 3.3
      vertex 0.618805 26.873 3.3
    endloop
  endfacet
  facet normal -0 0 1
    outer loop
      vertex -16.8 27.8 3.3
      vertex 0 26.9 3.3
      vertex 16.8 27.8 3.3
    endloop
  endfacet
  facet normal 0 0 1
    outer loop
      vertex -7.07298 20.4188 3.3
      vertex -16.8 27.8 3.3
      vertex -7.1 19.8 3.3
    endloop
  endfacet
  facet normal 0 0 1
    outer loop
      vertex -6.99213 21.0329 3.3
      vertex -16.8 27.8 3.3
      vertex -7.07298 20.4188 3.3
    endloop
  endfacet
  facet normal 0 0 1
    outer loop
      vertex -6.85807 21.6376 3.3
      vertex -16.8 27.8 3.3
      vertex -6.99213 21.0329 3.3
    endloop
  endfacet
  facet normal 0 0 1
    outer loop
      vertex -6.67182 22.2283 3.3
      vertex -16.8 27.8 3.3
      vertex -6.85807 21.6376 3.3
    endloop
  endfacet
  facet normal 0 0 1
    outer loop
      vertex -6.43478 22.8006 3.3
      vertex -16.8 27.8 3.3
      vertex -6.67182 22.2283 3.3
    endloop
  endfacet
  facet normal 0 0 1
    outer loop
      vertex -6.14878 23.35 3.3
      vertex -16.8 27.8 3.3
      vertex -6.43478 22.8006 3.3
    endloop
  endfacet
  facet normal 0 0 1
    outer loop
      vertex -5.81598 23.8724 3.3
      vertex -16.8 27.8 3.3
      vertex -6.14878 23.35 3.3
    endloop
  endfacet
  facet normal 0 0 1
    outer loop
      vertex -5.43892 24.3638 3.3
      vertex -16.8 27.8 3.3
      vertex -5.81598 23.8724 3.3
    endloop
  endfacet
  facet normal 0 0 1
    outer loop
      vertex -5.02046 24.8205 3.3
      vertex -16.8 27.8 3.3
      vertex -5.43892 24.3638 3.3
    endloop
  endfacet
  facet normal 0 0 1
    outer loop
      vertex -4.56379 25.2389 3.3
      vertex -16.8 27.8 3.3
      vertex -5.02046 24.8205 3.3
    endloop
  endfacet
  facet normal 0 0 1
    outer loop
      vertex -4.07239 25.616 3.3
      vertex -16.8 27.8 3.3
      vertex -4.56379 25.2389 3.3
    endloop
  endfacet
  facet normal 0 0 1
    outer loop
      vertex -3.55 25.9488 3.3
      vertex -16.8 27.8 3.3
      vertex -4.07239 25.616 3.3
    endloop
  endfacet
  facet normal 0 0 1
    outer loop
      vertex -3.00059 26.2348 3.3
      vertex -16.8 27.8 3.3
      vertex -3.55 25.9488 3.3
    endloop
  endfacet
  facet normal 0 0 1
    outer loop
      vertex -2.42834 26.4718 3.3
      vertex -16.8 27.8 3.3
      vertex -3.00059 26.2348 3.3
    endloop
  endfacet
  facet normal 0 0 1
    outer loop
      vertex -1.83762 26.6581 3.3
      vertex -16.8 27.8 3.3
      vertex -2.42834 26.4718 3.3
    endloop
  endfacet
  facet normal 0 0 1
    outer loop
      vertex -1.2329 26.7921 3.3
      vertex -16.8 27.8 3.3
      vertex -1.83762 26.6581 3.3
    endloop
  endfacet
  facet normal 0 0 1
    outer loop
      vertex -0.618805 26.873 3.3
      vertex -16.8 27.8 3.3
      vertex -1.2329 26.7921 3.3
    endloop
  endfacet
  facet normal 0 0 1
    outer loop
      vertex 0 26.9 3.3
      vertex -16.8 27.8 3.3
      vertex -0.618805 26.873 3.3
    endloop
  endfacet
  facet normal 0 0 1
    outer loop
      vertex 16.8 27.8 3.3
      vertex 7.07298 19.1812 3.3
      vertex 16.8 9.8 3.3
    endloop
  endfacet
  facet normal -0 0 1
    outer loop
      vertex 6.99213 18.5671 3.3
      vertex 16.8 9.8 3.3
      vertex 7.07298 19.1812 3.3
    endloop
  endfacet
  facet normal -0 0 1
    outer loop
      vertex 6.85807 17.9624 3.3
      vertex 16.8 9.8 3.3
      vertex 6.99213 18.5671 3.3
    endloop
  endfacet
  facet normal -0 0 1
    outer loop
      vertex 6.67182 17.3717 3.3
      vertex 16.8 9.8 3.3
      vertex 6.85807 17.9624 3.3
    endloop
  endfacet
  facet normal -0 0 1
    outer loop
      vertex 6.43478 16.7994 3.3
      vertex 16.8 9.8 3.3
      vertex 6.67182 17.3717 3.3
    endloop
  endfacet
  facet normal -0 0 1
    outer loop
      vertex 6.14878 16.25 3.3
      vertex 16.8 9.8 3.3
      vertex 6.43478 16.7994 3.3
    endloop
  endfacet
  facet normal -0 0 1
    outer loop
      vertex 5.81598 15.7276 3.3
      vertex 16.8 9.8 3.3
      vertex 6.14878 16.25 3.3
    endloop
  endfacet
  facet normal -0 0 1
    outer loop
      vertex 5.43892 15.2362 3.3
      vertex 16.8 9.8 3.3
      vertex 5.81598 15.7276 3.3
    endloop
  endfacet
  facet normal -0 0 1
    outer loop
      vertex 5.02046 14.7795 3.3
      vertex 16.8 9.8 3.3
      vertex 5.43892 15.2362 3.3
    endloop
  endfacet
  facet normal -0 0 1
    outer loop
      vertex 4.56379 14.3611 3.3
      vertex 16.8 9.8 3.3
      vertex 5.02046 14.7795 3.3
    endloop
  endfacet
  facet normal -0 0 1
    outer loop
      vertex 4.07239 13.984 3.3
      vertex 16.8 9.8 3.3
      vertex 4.56379 14.3611 3.3
    endloop
  endfacet
  facet normal -0 0 1
    outer loop
      vertex 3.55 13.6512 3.3
      vertex 16.8 9.8 3.3
      vertex 4.07239 13.984 3.3
    endloop
  endfacet
  facet normal -0 0 1
    outer loop
      vertex 3.00059 13.3652 3.3
      vertex 16.8 9.8 3.3
      vertex 3.55 13.6512 3.3
    endloop
  endfacet
  facet normal -0 0 1
    outer loop
      vertex 2.42834 13.1282 3.3
      vertex 16.8 9.8 3.3
      vertex 3.00059 13.3652 3.3
    endloop
  endfacet
  facet normal -0 0 1
    outer loop
      vertex 1.83762 12.9419 3.3
      vertex 16.8 9.8 3.3
      vertex 2.42834 13.1282 3.3
    endloop
  endfacet
  facet normal -0 0 1
    outer loop
      vertex 1.2329 12.8079 3.3
      vertex 16.8 9.8 3.3
      vertex 1.83762 12.9419 3.3
    endloop
  endfacet
  facet normal -0 0 1
    outer loop
      vertex 0.618805 12.727 3.3
      vertex 16.8 9.8 3.3
      vertex 1.2329 12.8079 3.3
    endloop
  endfacet
  facet normal -0 0 1
    outer loop
      vertex 0 12.7 3.3
      vertex 16.8 9.8 3.3
      vertex 0.618805 12.727 3.3
    endloop
  endfacet
  facet normal 0 0 1
    outer loop
      vertex -16.8 9.8 3.3
      vertex 0 12.7 3.3
      vertex -0.618805 12.727 3.3
    endloop
  endfacet
  facet normal 0 0 1
    outer loop
      vertex -16.8 9.8 3.3
      vertex -0.618805 12.727 3.3
      vertex -1.2329 12.8079 3.3
    endloop
  endfacet
  facet normal 0 0 1
    outer loop
      vertex -16.8 27.8 3.3
      vertex -7.07298 19.1812 3.3
      vertex -7.1 19.8 3.3
    endloop
  endfacet
  facet normal 0 0 1
    outer loop
      vertex -16.8 9.8 3.3
      vertex -7.07298 19.1812 3.3
      vertex -16.8 27.8 3.3
    endloop
  endfacet
  facet normal 0 0 1
    outer loop
      vertex -7.07298 19.1812 3.3
      vertex -16.8 9.8 3.3
      vertex -6.99213 18.5671 3.3
    endloop
  endfacet
  facet normal 0 0 1
    outer loop
      vertex -6.99213 18.5671 3.3
      vertex -16.8 9.8 3.3
      vertex -6.85807 17.9624 3.3
    endloop
  endfacet
  facet normal 0 0 1
    outer loop
      vertex -6.85807 17.9624 3.3
      vertex -16.8 9.8 3.3
      vertex -6.67182 17.3717 3.3
    endloop
  endfacet
  facet normal 0 0 1
    outer loop
      vertex -6.67182 17.3717 3.3
      vertex -16.8 9.8 3.3
      vertex -6.43478 16.7994 3.3
    endloop
  endfacet
  facet normal 0 0 1
    outer loop
      vertex -6.43478 16.7994 3.3
      vertex -16.8 9.8 3.3
      vertex -6.14878 16.25 3.3
    endloop
  endfacet
  facet normal 0 0 1
    outer loop
      vertex -6.14878 16.25 3.3
      vertex -16.8 9.8 3.3
      vertex -5.81598 15.7276 3.3
    endloop
  endfacet
  facet normal 0 0 1
    outer loop
      vertex 0 12.7 3.3
      vertex -16.8 9.8 3.3
      vertex 16.8 9.8 3.3
    endloop
  endfacet
  facet normal 0 0 1
    outer loop
      vertex -1.83762 12.9419 3.3
      vertex -16.8 9.8 3.3
      vertex -1.2329 12.8079 3.3
    endloop
  endfacet
  facet normal 0 0 1
    outer loop
      vertex -2.42834 13.1282 3.3
      vertex -16.8 9.8 3.3
      vertex -1.83762 12.9419 3.3
    endloop
  endfacet
  facet normal 0 0 1
    outer loop
      vertex -3.00059 13.3652 3.3
      vertex -16.8 9.8 3.3
      vertex -2.42834 13.1282 3.3
    endloop
  endfacet
  facet normal 0 0 1
    outer loop
      vertex -3.55 13.6512 3.3
      vertex -16.8 9.8 3.3
      vertex -3.00059 13.3652 3.3
    endloop
  endfacet
  facet normal 0 0 1
    outer loop
      vertex -4.07239 13.984 3.3
      vertex -16.8 9.8 3.3
      vertex -3.55 13.6512 3.3
    endloop
  endfacet
  facet normal 0 0 1
    outer loop
      vertex -4.56379 14.3611 3.3
      vertex -16.8 9.8 3.3
      vertex -4.07239 13.984 3.3
    endloop
  endfacet
  facet normal 0 0 1
    outer loop
      vertex -5.02046 14.7795 3.3
      vertex -16.8 9.8 3.3
      vertex -4.56379 14.3611 3.3
    endloop
  endfacet
  facet normal 0 0 1
    outer loop
      vertex -5.43892 15.2362 3.3
      vertex -16.8 9.8 3.3
      vertex -5.02046 14.7795 3.3
    endloop
  endfacet
  facet normal 0 0 1
    outer loop
      vertex -5.81598 15.7276 3.3
      vertex -16.8 9.8 3.3
      vertex -5.43892 15.2362 3.3
    endloop
  endfacet
  facet normal 0 -1 0
    outer loop
      vertex -19.8 -29.8 0
      vertex 19.8 -29.8 13.3
      vertex -19.8 -29.8 13.3
    endloop
  endfacet
  facet normal 0 -1 -0
    outer loop
      vertex 19.8 -29.8 13.3
      vertex -19.8 -29.8 0
      vertex 19.8 -29.8 0
    endloop
  endfacet
  facet normal 0 1 -0
    outer loop
      vertex 16.8 9.8 3.3
      vertex -16.8 9.8 13.3
      vertex 16.8 9.8 13.3
    endloop
  endfacet
  facet normal 0 1 0
    outer loop
      vertex -16.8 9.8 13.3
      vertex 16.8 9.8 3.3
      vertex -16.8 9.8 3.3
    endloop
  endfacet
  facet normal 0 -1 0
    outer loop
      vertex -16.8 27.8 3.3
      vertex 16.8 27.8 13.3
      vertex -16.8 27.8 13.3
    endloop
  endfacet
  facet normal 0 -1 -0
    outer loop
      vertex 16.8 27.8 13.3
      vertex -16.8 27.8 3.3
      vertex 16.8 27.8 3.3
    endloop
  endfacet
  facet normal -1 0 0
    outer loop
      vertex 16.4 -26.4 3.3
      vertex 16.4 6.4 13.3
      vertex 16.4 6.4 3.3
    endloop
  endfacet
  facet normal -1 -0 0
    outer loop
      vertex 16.4 6.4 13.3
      vertex 16.4 -26.4 3.3
      vertex 16.4 -26.4 13.3
    endloop
  endfacet
  facet normal 0 0 1
    outer loop
      vertex 16.4 6.4 3.3
      vertex 7.7 -5.50002 3.3
      vertex 16.4 -26.4 3.3
    endloop
  endfacet
  facet normal 0 0 1
    outer loop
      vertex 16.4 6.4 3.3
      vertex 7.67068 -4.8289 3.3
      vertex 7.7 -5.50002 3.3
    endloop
  endfacet
  facet normal 0 0 1
    outer loop
      vertex 16.4 6.4 3.3
      vertex 7.58301 -4.16292 3.3
      vertex 7.67068 -4.8289 3.3
    endloop
  endfacet
  facet normal 0 0 1
    outer loop
      vertex 16.4 6.4 3.3
      vertex 7.43762 -3.5071 3.3
      vertex 7.58301 -4.16292 3.3
    endloop
  endfacet
  facet normal 0 0 1
    outer loop
      vertex 16.4 6.4 3.3
      vertex 7.23563 -2.86646 3.3
      vertex 7.43762 -3.5071 3.3
    endloop
  endfacet
  facet normal 0 0 1
    outer loop
      vertex 16.4 6.4 3.3
      vertex 6.97856 -2.24585 3.3
      vertex 7.23563 -2.86646 3.3
    endloop
  endfacet
  facet normal 0 0 1
    outer loop
      vertex 16.4 6.4 3.3
      vertex 6.66838 -1.65001 3.3
      vertex 6.97856 -2.24585 3.3
    endloop
  endfacet
  facet normal 0 0 1
    outer loop
      vertex 16.4 6.4 3.3
      vertex 6.30746 -1.08347 3.3
      vertex 6.66838 -1.65001 3.3
    endloop
  endfacet
  facet normal 0 0 1
    outer loop
      vertex 16.4 6.4 3.3
      vertex 5.89853 -0.550537 3.3
      vertex 6.30746 -1.08347 3.3
    endloop
  endfacet
  facet normal 0 0 1
    outer loop
      vertex 16.4 6.4 3.3
      vertex 5.44472 -0.0552826 3.3
      vertex 5.89853 -0.550537 3.3
    endloop
  endfacet
  facet normal 0 0 1
    outer loop
      vertex 16.4 6.4 3.3
      vertex 4.94946 0.398529 3.3
      vertex 5.44472 -0.0552826 3.3
    endloop
  endfacet
  facet normal 0 0 1
    outer loop
      vertex 16.4 6.4 3.3
      vertex 4.41653 0.807465 3.3
      vertex 4.94946 0.398529 3.3
    endloop
  endfacet
  facet normal 0 0 1
    outer loop
      vertex 16.4 6.4 3.3
      vertex 3.84999 1.16838 3.3
      vertex 4.41653 0.807465 3.3
    endloop
  endfacet
  facet normal 0 0 1
    outer loop
      vertex 16.4 6.4 3.3
      vertex 3.25415 1.47856 3.3
      vertex 3.84999 1.16838 3.3
    endloop
  endfacet
  facet normal 0 0 1
    outer loop
      vertex 16.4 6.4 3.3
      vertex 2.63354 1.73563 3.3
      vertex 3.25415 1.47856 3.3
    endloop
  endfacet
  facet normal 0 0 1
    outer loop
      vertex 16.4 6.4 3.3
      vertex 1.9929 1.93762 3.3
      vertex 2.63354 1.73563 3.3
    endloop
  endfacet
  facet normal 0 0 1
    outer loop
      vertex 16.4 6.4 3.3
      vertex 1.33708 2.08301 3.3
      vertex 1.9929 1.93762 3.3
    endloop
  endfacet
  facet normal 0 0 1
    outer loop
      vertex 16.4 6.4 3.3
      vertex 0.671097 2.17068 3.3
      vertex 1.33708 2.08301 3.3
    endloop
  endfacet
  facet normal 0 0 1
    outer loop
      vertex 16.4 6.4 3.3
      vertex 0 2.2 3.3
      vertex 0.671097 2.17068 3.3
    endloop
  endfacet
  facet normal -0 0 1
    outer loop
      vertex -16.4 6.4 3.3
      vertex 0 2.2 3.3
      vertex 16.4 6.4 3.3
    endloop
  endfacet
  facet normal 0 0 1
    outer loop
      vertex 0 2.2 3.3
      vertex -16.4 6.4 3.3
      vertex -0.671097 2.17068 3.3
    endloop
  endfacet
  facet normal 0 0 1
    outer loop
      vertex -0.671097 2.17068 3.3
      vertex -16.4 6.4 3.3
      vertex -1.33708 2.08301 3.3
    endloop
  endfacet
  facet normal 0 0 1
    outer loop
      vertex -7.7 -5.50002 3.3
      vertex -16.4 6.4 3.3
      vertex -7.7 -14.5 3.3
    endloop
  endfacet
  facet normal 0 0 1
    outer loop
      vertex -7.67068 -4.8289 3.3
      vertex -16.4 6.4 3.3
      vertex -7.7 -5.50002 3.3
    endloop
  endfacet
  facet normal 0 0 1
    outer loop
      vertex -7.58301 -4.16292 3.3
      vertex -16.4 6.4 3.3
      vertex -7.67068 -4.8289 3.3
    endloop
  endfacet
  facet normal 0 0 1
    outer loop
      vertex -7.43762 -3.5071 3.3
      vertex -16.4 6.4 3.3
      vertex -7.58301 -4.16292 3.3
    endloop
  endfacet
  facet normal 0 0 1
    outer loop
      vertex -7.23563 -2.86646 3.3
      vertex -16.4 6.4 3.3
      vertex -7.43762 -3.5071 3.3
    endloop
  endfacet
  facet normal 0 0 1
    outer loop
      vertex -6.97856 -2.24585 3.3
      vertex -16.4 6.4 3.3
      vertex -7.23563 -2.86646 3.3
    endloop
  endfacet
  facet normal 0 0 1
    outer loop
      vertex -6.66838 -1.65001 3.3
      vertex -16.4 6.4 3.3
      vertex -6.97856 -2.24585 3.3
    endloop
  endfacet
  facet normal 0 0 1
    outer loop
      vertex -6.30746 -1.08347 3.3
      vertex -16.4 6.4 3.3
      vertex -6.66838 -1.65001 3.3
    endloop
  endfacet
  facet normal 0 0 1
    outer loop
      vertex -5.89853 -0.550537 3.3
      vertex -16.4 6.4 3.3
      vertex -6.30746 -1.08347 3.3
    endloop
  endfacet
  facet normal 0 0 1
    outer loop
      vertex -5.44472 -0.0552826 3.3
      vertex -16.4 6.4 3.3
      vertex -5.89853 -0.550537 3.3
    endloop
  endfacet
  facet normal 0 0 1
    outer loop
      vertex -4.94946 0.398529 3.3
      vertex -16.4 6.4 3.3
      vertex -5.44472 -0.0552826 3.3
    endloop
  endfacet
  facet normal 0 0 1
    outer loop
      vertex -4.41653 0.807465 3.3
      vertex -16.4 6.4 3.3
      vertex -4.94946 0.398529 3.3
    endloop
  endfacet
  facet normal 0 0 1
    outer loop
      vertex -3.84999 1.16838 3.3
      vertex -16.4 6.4 3.3
      vertex -4.41653 0.807465 3.3
    endloop
  endfacet
  facet normal 0 0 1
    outer loop
      vertex -3.25415 1.47856 3.3
      vertex -16.4 6.4 3.3
      vertex -3.84999 1.16838 3.3
    endloop
  endfacet
  facet normal 0 0 1
    outer loop
      vertex -2.63354 1.73563 3.3
      vertex -16.4 6.4 3.3
      vertex -3.25415 1.47856 3.3
    endloop
  endfacet
  facet normal 0 0 1
    outer loop
      vertex -1.9929 1.93762 3.3
      vertex -16.4 6.4 3.3
      vertex -2.63354 1.73563 3.3
    endloop
  endfacet
  facet normal 0 0 1
    outer loop
      vertex -1.33708 2.08301 3.3
      vertex -16.4 6.4 3.3
      vertex -1.9929 1.93762 3.3
    endloop
  endfacet
  facet normal -0 0 1
    outer loop
      vertex 7.7 -14.5 3.3
      vertex 16.4 -26.4 3.3
      vertex 7.7 -5.50002 3.3
    endloop
  endfacet
  facet normal -0 0 1
    outer loop
      vertex 7.67068 -15.1711 3.3
      vertex 16.4 -26.4 3.3
      vertex 7.7 -14.5 3.3
    endloop
  endfacet
  facet normal -0 0 1
    outer loop
      vertex 7.58301 -15.8371 3.3
      vertex 16.4 -26.4 3.3
      vertex 7.67068 -15.1711 3.3
    endloop
  endfacet
  facet normal -0 0 1
    outer loop
      vertex 7.43762 -16.4929 3.3
      vertex 16.4 -26.4 3.3
      vertex 7.58301 -15.8371 3.3
    endloop
  endfacet
  facet normal -0 0 1
    outer loop
      vertex 7.23563 -17.1335 3.3
      vertex 16.4 -26.4 3.3
      vertex 7.43762 -16.4929 3.3
    endloop
  endfacet
  facet normal -0 0 1
    outer loop
      vertex 6.97856 -17.7542 3.3
      vertex 16.4 -26.4 3.3
      vertex 7.23563 -17.1335 3.3
    endloop
  endfacet
  facet normal -0 0 1
    outer loop
      vertex 6.66838 -18.35 3.3
      vertex 16.4 -26.4 3.3
      vertex 6.97856 -17.7542 3.3
    endloop
  endfacet
  facet normal -0 0 1
    outer loop
      vertex 6.30746 -18.9165 3.3
      vertex 16.4 -26.4 3.3
      vertex 6.66838 -18.35 3.3
    endloop
  endfacet
  facet normal -0 0 1
    outer loop
      vertex 5.89853 -19.4495 3.3
      vertex 16.4 -26.4 3.3
      vertex 6.30746 -18.9165 3.3
    endloop
  endfacet
  facet normal -0 0 1
    outer loop
      vertex 5.44472 -19.9447 3.3
      vertex 16.4 -26.4 3.3
      vertex 5.89853 -19.4495 3.3
    endloop
  endfacet
  facet normal -0 0 1
    outer loop
      vertex 4.94946 -20.3985 3.3
      vertex 16.4 -26.4 3.3
      vertex 5.44472 -19.9447 3.3
    endloop
  endfacet
  facet normal -0 0 1
    outer loop
      vertex 4.41653 -20.8075 3.3
      vertex 16.4 -26.4 3.3
      vertex 4.94946 -20.3985 3.3
    endloop
  endfacet
  facet normal -0 0 1
    outer loop
      vertex 3.84999 -21.1684 3.3
      vertex 16.4 -26.4 3.3
      vertex 4.41653 -20.8075 3.3
    endloop
  endfacet
  facet normal -0 0 1
    outer loop
      vertex 3.25415 -21.4786 3.3
      vertex 16.4 -26.4 3.3
      vertex 3.84999 -21.1684 3.3
    endloop
  endfacet
  facet normal -0 0 1
    outer loop
      vertex 2.63354 -21.7356 3.3
      vertex 16.4 -26.4 3.3
      vertex 3.25415 -21.4786 3.3
    endloop
  endfacet
  facet normal -0 0 1
    outer loop
      vertex 1.9929 -21.9376 3.3
      vertex 16.4 -26.4 3.3
      vertex 2.63354 -21.7356 3.3
    endloop
  endfacet
  facet normal -0 0 1
    outer loop
      vertex 1.33708 -22.083 3.3
      vertex 16.4 -26.4 3.3
      vertex 1.9929 -21.9376 3.3
    endloop
  endfacet
  facet normal -0 0 1
    outer loop
      vertex 0.671097 -22.1707 3.3
      vertex 16.4 -26.4 3.3
      vertex 1.33708 -22.083 3.3
    endloop
  endfacet
  facet normal -0 0 1
    outer loop
      vertex 0 -22.2 3.3
      vertex 16.4 -26.4 3.3
      vertex 0.671097 -22.1707 3.3
    endloop
  endfacet
  facet normal 0 0 1
    outer loop
      vertex -16.4 -26.4 3.3
      vertex 0 -22.2 3.3
      vertex -0.671097 -22.1707 3.3
    endloop
  endfacet
  facet normal 0 0 1
    outer loop
      vertex -16.4 -26.4 3.3
      vertex -0.671097 -22.1707 3.3
      vertex -1.33708 -22.083 3.3
    endloop
  endfacet
  facet normal 0 0 1
    outer loop
      vertex -16.4 -26.4 3.3
      vertex -1.33708 -22.083 3.3
      vertex -1.9929 -21.9376 3.3
    endloop
  endfacet
  facet normal 0 0 1
    outer loop
      vertex -16.4 -26.4 3.3
      vertex -7.7 -14.5 3.3
      vertex -16.4 6.4 3.3
    endloop
  endfacet
  facet normal 0 0 1
    outer loop
      vertex -7.7 -14.5 3.3
      vertex -16.4 -26.4 3.3
      vertex -7.67068 -15.1711 3.3
    endloop
  endfacet
  facet normal 0 0 1
    outer loop
      vertex -7.67068 -15.1711 3.3
      vertex -16.4 -26.4 3.3
      vertex -7.58301 -15.8371 3.3
    endloop
  endfacet
  facet normal 0 0 1
    outer loop
      vertex -7.58301 -15.8371 3.3
      vertex -16.4 -26.4 3.3
      vertex -7.43762 -16.4929 3.3
    endloop
  endfacet
  facet normal 0 0 1
    outer loop
      vertex 0 -22.2 3.3
      vertex -16.4 -26.4 3.3
      vertex 16.4 -26.4 3.3
    endloop
  endfacet
  facet normal 0 0 1
    outer loop
      vertex -2.63354 -21.7356 3.3
      vertex -16.4 -26.4 3.3
      vertex -1.9929 -21.9376 3.3
    endloop
  endfacet
  facet normal 0 0 1
    outer loop
      vertex -3.25415 -21.4786 3.3
      vertex -16.4 -26.4 3.3
      vertex -2.63354 -21.7356 3.3
    endloop
  endfacet
  facet normal 0 0 1
    outer loop
      vertex -3.84999 -21.1684 3.3
      vertex -16.4 -26.4 3.3
      vertex -3.25415 -21.4786 3.3
    endloop
  endfacet
  facet normal 0 0 1
    outer loop
      vertex -4.41653 -20.8075 3.3
      vertex -16.4 -26.4 3.3
      vertex -3.84999 -21.1684 3.3
    endloop
  endfacet
  facet normal 0 0 1
    outer loop
      vertex -4.94946 -20.3985 3.3
      vertex -16.4 -26.4 3.3
      vertex -4.41653 -20.8075 3.3
    endloop
  endfacet
  facet normal 0 0 1
    outer loop
      vertex -5.44472 -19.9447 3.3
      vertex -16.4 -26.4 3.3
      vertex -4.94946 -20.3985 3.3
    endloop
  endfacet
  facet normal 0 0 1
    outer loop
      vertex -5.89853 -19.4495 3.3
      vertex -16.4 -26.4 3.3
      vertex -5.44472 -19.9447 3.3
    endloop
  endfacet
  facet normal 0 0 1
    outer loop
      vertex -6.30746 -18.9165 3.3
      vertex -16.4 -26.4 3.3
      vertex -5.89853 -19.4495 3.3
    endloop
  endfacet
  facet normal 0 0 1
    outer loop
      vertex -6.66838 -18.35 3.3
      vertex -16.4 -26.4 3.3
      vertex -6.30746 -18.9165 3.3
    endloop
  endfacet
  facet normal 0 0 1
    outer loop
      vertex -6.97856 -17.7542 3.3
      vertex -16.4 -26.4 3.3
      vertex -6.66838 -18.35 3.3
    endloop
  endfacet
  facet normal 0 0 1
    outer loop
      vertex -7.23563 -17.1335 3.3
      vertex -16.4 -26.4 3.3
      vertex -6.97856 -17.7542 3.3
    endloop
  endfacet
  facet normal 0 0 1
    outer loop
      vertex -7.43762 -16.4929 3.3
      vertex -16.4 -26.4 3.3
      vertex -7.23563 -17.1335 3.3
    endloop
  endfacet
  facet normal 1 -0 0
    outer loop
      vertex -16.4 -26.4 13.3
      vertex -16.4 6.4 3.3
      vertex -16.4 6.4 13.3
    endloop
  endfacet
  facet normal 1 0 0
    outer loop
      vertex -16.4 6.4 3.3
      vertex -16.4 -26.4 13.3
      vertex -16.4 -26.4 3.3
    endloop
  endfacet
  facet normal 0 -1 0
    outer loop
      vertex -16.4 6.4 3.3
      vertex 16.4 6.4 13.3
      vertex -16.4 6.4 13.3
    endloop
  endfacet
  facet normal 0 -1 -0
    outer loop
      vertex 16.4 6.4 13.3
      vertex -16.4 6.4 3.3
      vertex 16.4 6.4 3.3
    endloop
  endfacet
  facet normal 0 1 -0
    outer loop
      vertex 16.4 -26.4 3.3
      vertex -16.4 -26.4 13.3
      vertex 16.4 -26.4 13.3
    endloop
  endfacet
  facet normal 0 1 0
    outer loop
      vertex -16.4 -26.4 13.3
      vertex 16.4 -26.4 3.3
      vertex -16.4 -26.4 3.3
    endloop
  endfacet
  facet normal 0.976295 0.216443 0
    outer loop
      vertex -7.43762 -16.4929 3.3
      vertex -7.58301 -15.8371 1.5
      vertex -7.58301 -15.8371 3.3
    endloop
  endfacet
  facet normal 0.976295 0.216443 0
    outer loop
      vertex -7.58301 -15.8371 1.5
      vertex -7.43762 -16.4929 3.3
      vertex -7.43762 -16.4929 1.5
    endloop
  endfacet
  facet normal 0.608826 0.793304 -0
    outer loop
      vertex -4.41653 -20.8075 1.5
      vertex -4.94946 -20.3985 3.3
      vertex -4.41653 -20.8075 3.3
    endloop
  endfacet
  facet normal 0.608826 0.793304 0
    outer loop
      vertex -4.94946 -20.3985 3.3
      vertex -4.41653 -20.8075 1.5
      vertex -4.94946 -20.3985 1.5
    endloop
  endfacet
  facet normal 0.461778 0.886995 -0
    outer loop
      vertex -3.25415 -21.4786 1.5
      vertex -3.84999 -21.1684 3.3
      vertex -3.25415 -21.4786 3.3
    endloop
  endfacet
  facet normal 0.461778 0.886995 0
    outer loop
      vertex -3.84999 -21.1684 3.3
      vertex -3.25415 -21.4786 1.5
      vertex -3.84999 -21.1684 1.5
    endloop
  endfacet
  facet normal -0.675572 0.737294 0
    outer loop
      vertex 5.44472 -19.9447 1.5
      vertex 4.94946 -20.3985 3.3
      vertex 5.44472 -19.9447 3.3
    endloop
  endfacet
  facet normal -0.675572 0.737294 0
    outer loop
      vertex 4.94946 -20.3985 3.3
      vertex 5.44472 -19.9447 1.5
      vertex 4.94946 -20.3985 1.5
    endloop
  endfacet
  facet normal -0.976297 -0.216437 0
    outer loop
      vertex 7.58301 -4.16292 1.5
      vertex 7.43762 -3.5071 3.3
      vertex 7.43762 -3.5071 1.5
    endloop
  endfacet
  facet normal -0.976297 -0.216437 0
    outer loop
      vertex 7.43762 -3.5071 3.3
      vertex 7.58301 -4.16292 1.5
      vertex 7.58301 -4.16292 3.3
    endloop
  endfacet
  facet normal -0.991446 -0.130515 0
    outer loop
      vertex 7.67068 -4.8289 1.5
      vertex 7.58301 -4.16292 3.3
      vertex 7.58301 -4.16292 1.5
    endloop
  endfacet
  facet normal -0.991446 -0.130515 0
    outer loop
      vertex 7.58301 -4.16292 3.3
      vertex 7.67068 -4.8289 1.5
      vertex 7.67068 -4.8289 3.3
    endloop
  endfacet
  facet normal -0.300702 -0.953718 0
    outer loop
      vertex 1.9929 1.93762 1.5
      vertex 2.63354 1.73563 3.3
      vertex 1.9929 1.93762 3.3
    endloop
  endfacet
  facet normal -0.300702 -0.953718 -0
    outer loop
      vertex 2.63354 1.73563 3.3
      vertex 1.9929 1.93762 1.5
      vertex 2.63354 1.73563 1.5
    endloop
  endfacet
  facet normal 0.130558 0.991441 -0
    outer loop
      vertex -0.671097 -22.1707 1.5
      vertex -1.33708 -22.083 3.3
      vertex -0.671097 -22.1707 3.3
    endloop
  endfacet
  facet normal 0.130558 0.991441 0
    outer loop
      vertex -1.33708 -22.083 3.3
      vertex -0.671097 -22.1707 1.5
      vertex -1.33708 -22.083 1.5
    endloop
  endfacet
  facet normal -0.216437 -0.976297 0
    outer loop
      vertex 1.33708 2.08301 1.5
      vertex 1.9929 1.93762 3.3
      vertex 1.33708 2.08301 3.3
    endloop
  endfacet
  facet normal -0.216437 -0.976297 -0
    outer loop
      vertex 1.9929 1.93762 3.3
      vertex 1.33708 2.08301 1.5
      vertex 1.9929 1.93762 1.5
    endloop
  endfacet
  facet normal 0.300702 -0.953718 0
    outer loop
      vertex -2.63354 1.73563 1.5
      vertex -1.9929 1.93762 3.3
      vertex -2.63354 1.73563 3.3
    endloop
  endfacet
  facet normal 0.300702 -0.953718 0
    outer loop
      vertex -1.9929 1.93762 3.3
      vertex -2.63354 1.73563 1.5
      vertex -1.9929 1.93762 1.5
    endloop
  endfacet
  facet normal 0.976297 -0.216437 0
    outer loop
      vertex -7.58301 -4.16292 3.3
      vertex -7.43762 -3.5071 1.5
      vertex -7.43762 -3.5071 3.3
    endloop
  endfacet
  facet normal 0.976297 -0.216437 0
    outer loop
      vertex -7.43762 -3.5071 1.5
      vertex -7.58301 -4.16292 3.3
      vertex -7.58301 -4.16292 1.5
    endloop
  endfacet
  facet normal 0.999047 -0.0436465 0
    outer loop
      vertex -7.7 -5.50002 3.3
      vertex -7.67068 -4.8289 1.5
      vertex -7.67068 -4.8289 3.3
    endloop
  endfacet
  facet normal 0.999047 -0.0436465 0
    outer loop
      vertex -7.67068 -4.8289 1.5
      vertex -7.7 -5.50002 3.3
      vertex -7.7 -5.50002 1.5
    endloop
  endfacet
  facet normal -0.953713 0.300719 0
    outer loop
      vertex 7.23563 -17.1335 1.5
      vertex 7.43762 -16.4929 3.3
      vertex 7.43762 -16.4929 1.5
    endloop
  endfacet
  facet normal -0.953713 0.300719 0
    outer loop
      vertex 7.43762 -16.4929 3.3
      vertex 7.23563 -17.1335 1.5
      vertex 7.23563 -17.1335 3.3
    endloop
  endfacet
  facet normal -1 0 0
    outer loop
      vertex 7.7 -14.5 1.5
      vertex 7.7 -5.50002 3.3
      vertex 7.7 -5.50002 1.5
    endloop
  endfacet
  facet normal -1 -0 0
    outer loop
      vertex 7.7 -5.50002 3.3
      vertex 7.7 -14.5 1.5
      vertex 7.7 -14.5 3.3
    endloop
  endfacet
  facet normal 0.999047 0.0436478 0
    outer loop
      vertex -7.67068 -15.1711 3.3
      vertex -7.7 -14.5 1.5
      vertex -7.7 -14.5 3.3
    endloop
  endfacet
  facet normal 0.999047 0.0436478 0
    outer loop
      vertex -7.7 -14.5 1.5
      vertex -7.67068 -15.1711 3.3
      vertex -7.67068 -15.1711 1.5
    endloop
  endfacet
  facet normal 0.991447 0.130511 0
    outer loop
      vertex -7.58301 -15.8371 3.3
      vertex -7.67068 -15.1711 1.5
      vertex -7.67068 -15.1711 3.3
    endloop
  endfacet
  facet normal 0.991447 0.130511 0
    outer loop
      vertex -7.67068 -15.1711 1.5
      vertex -7.58301 -15.8371 3.3
      vertex -7.58301 -15.8371 1.5
    endloop
  endfacet
  facet normal -0.953718 -0.300702 0
    outer loop
      vertex 7.43762 -3.5071 1.5
      vertex 7.23563 -2.86646 3.3
      vertex 7.23563 -2.86646 1.5
    endloop
  endfacet
  facet normal -0.953718 -0.300702 0
    outer loop
      vertex 7.23563 -2.86646 3.3
      vertex 7.43762 -3.5071 1.5
      vertex 7.43762 -3.5071 3.3
    endloop
  endfacet
  facet normal -0.887008 -0.461755 0
    outer loop
      vertex 6.97856 -2.24585 1.5
      vertex 6.66838 -1.65001 3.3
      vertex 6.66838 -1.65001 1.5
    endloop
  endfacet
  facet normal -0.887008 -0.461755 0
    outer loop
      vertex 6.66838 -1.65001 3.3
      vertex 6.97856 -2.24585 1.5
      vertex 6.97856 -2.24585 3.3
    endloop
  endfacet
  facet normal 0.887008 -0.461755 0
    outer loop
      vertex -6.97856 -2.24585 3.3
      vertex -6.66838 -1.65001 1.5
      vertex -6.66838 -1.65001 3.3
    endloop
  endfacet
  facet normal 0.887008 -0.461755 0
    outer loop
      vertex -6.66838 -1.65001 1.5
      vertex -6.97856 -2.24585 3.3
      vertex -6.97856 -2.24585 1.5
    endloop
  endfacet
  facet normal 1 -0 0
    outer loop
      vertex -7.7 -14.5 3.3
      vertex -7.7 -5.50002 1.5
      vertex -7.7 -5.50002 3.3
    endloop
  endfacet
  facet normal 1 0 0
    outer loop
      vertex -7.7 -5.50002 1.5
      vertex -7.7 -14.5 3.3
      vertex -7.7 -14.5 1.5
    endloop
  endfacet
  facet normal -0.999047 0.0436478 0
    outer loop
      vertex 7.67068 -15.1711 1.5
      vertex 7.7 -14.5 3.3
      vertex 7.7 -14.5 1.5
    endloop
  endfacet
  facet normal -0.999047 0.0436478 0
    outer loop
      vertex 7.7 -14.5 3.3
      vertex 7.67068 -15.1711 1.5
      vertex 7.67068 -15.1711 3.3
    endloop
  endfacet
  facet normal 0.043648 -0.999047 0
    outer loop
      vertex -0.671097 2.17068 1.5
      vertex 0 2.2 3.3
      vertex -0.671097 2.17068 3.3
    endloop
  endfacet
  facet normal 0.043648 -0.999047 0
    outer loop
      vertex 0 2.2 3.3
      vertex -0.671097 2.17068 1.5
      vertex 0 2.2 1.5
    endloop
  endfacet
  facet normal 0.382601 0.923914 -0
    outer loop
      vertex -2.63354 -21.7356 1.5
      vertex -3.25415 -21.4786 3.3
      vertex -2.63354 -21.7356 3.3
    endloop
  endfacet
  facet normal 0.382601 0.923914 0
    outer loop
      vertex -3.25415 -21.4786 3.3
      vertex -2.63354 -21.7356 1.5
      vertex -3.25415 -21.4786 1.5
    endloop
  endfacet
  facet normal -0.737246 0.675625 0
    outer loop
      vertex 5.44472 -19.9447 1.5
      vertex 5.89853 -19.4495 3.3
      vertex 5.89853 -19.4495 1.5
    endloop
  endfacet
  facet normal -0.737246 0.675625 0
    outer loop
      vertex 5.89853 -19.4495 3.3
      vertex 5.44472 -19.9447 1.5
      vertex 5.44472 -19.9447 3.3
    endloop
  endfacet
  facet normal -0.130558 0.991441 0
    outer loop
      vertex 1.33708 -22.083 1.5
      vertex 0.671097 -22.1707 3.3
      vertex 1.33708 -22.083 3.3
    endloop
  endfacet
  facet normal -0.130558 0.991441 0
    outer loop
      vertex 0.671097 -22.1707 3.3
      vertex 1.33708 -22.083 1.5
      vertex 0.671097 -22.1707 1.5
    endloop
  endfacet
  facet normal 0.793356 -0.608758 0
    outer loop
      vertex -6.30746 -1.08347 3.3
      vertex -5.89853 -0.550537 1.5
      vertex -5.89853 -0.550537 3.3
    endloop
  endfacet
  facet normal 0.793356 -0.608758 0
    outer loop
      vertex -5.89853 -0.550537 1.5
      vertex -6.30746 -1.08347 3.3
      vertex -6.30746 -1.08347 1.5
    endloop
  endfacet
  facet normal -0.999047 -0.0436465 0
    outer loop
      vertex 7.7 -5.50002 1.5
      vertex 7.67068 -4.8289 3.3
      vertex 7.67068 -4.8289 1.5
    endloop
  endfacet
  facet normal -0.999047 -0.0436465 0
    outer loop
      vertex 7.67068 -4.8289 3.3
      vertex 7.7 -5.50002 1.5
      vertex 7.7 -5.50002 3.3
    endloop
  endfacet
  facet normal -0.793393 0.60871 0
    outer loop
      vertex 5.89853 -19.4495 1.5
      vertex 6.30746 -18.9165 3.3
      vertex 6.30746 -18.9165 1.5
    endloop
  endfacet
  facet normal -0.793393 0.60871 0
    outer loop
      vertex 6.30746 -18.9165 3.3
      vertex 5.89853 -19.4495 1.5
      vertex 5.89853 -19.4495 3.3
    endloop
  endfacet
  facet normal -0.461755 -0.887008 0
    outer loop
      vertex 3.25415 1.47856 1.5
      vertex 3.84999 1.16838 3.3
      vertex 3.25415 1.47856 3.3
    endloop
  endfacet
  facet normal -0.461755 -0.887008 -0
    outer loop
      vertex 3.84999 1.16838 3.3
      vertex 3.25415 1.47856 1.5
      vertex 3.84999 1.16838 1.5
    endloop
  endfacet
  facet normal 0.991446 -0.130515 0
    outer loop
      vertex -7.67068 -4.8289 3.3
      vertex -7.58301 -4.16292 1.5
      vertex -7.58301 -4.16292 3.3
    endloop
  endfacet
  facet normal 0.991446 -0.130515 0
    outer loop
      vertex -7.58301 -4.16292 1.5
      vertex -7.67068 -4.8289 3.3
      vertex -7.67068 -4.8289 1.5
    endloop
  endfacet
  facet normal -0.130514 -0.991446 0
    outer loop
      vertex 0.671097 2.17068 1.5
      vertex 1.33708 2.08301 3.3
      vertex 0.671097 2.17068 3.3
    endloop
  endfacet
  facet normal -0.130514 -0.991446 -0
    outer loop
      vertex 1.33708 2.08301 3.3
      vertex 0.671097 2.17068 1.5
      vertex 1.33708 2.08301 1.5
    endloop
  endfacet
  facet normal -0.793356 -0.608758 0
    outer loop
      vertex 6.30746 -1.08347 1.5
      vertex 5.89853 -0.550537 3.3
      vertex 5.89853 -0.550537 1.5
    endloop
  endfacet
  facet normal -0.793356 -0.608758 0
    outer loop
      vertex 5.89853 -0.550537 3.3
      vertex 6.30746 -1.08347 1.5
      vertex 6.30746 -1.08347 3.3
    endloop
  endfacet
  facet normal -0.737283 -0.675585 0
    outer loop
      vertex 5.89853 -0.550537 1.5
      vertex 5.44472 -0.0552826 3.3
      vertex 5.44472 -0.0552826 1.5
    endloop
  endfacet
  facet normal -0.737283 -0.675585 0
    outer loop
      vertex 5.44472 -0.0552826 3.3
      vertex 5.89853 -0.550537 1.5
      vertex 5.89853 -0.550537 3.3
    endloop
  endfacet
  facet normal 0.953718 -0.300702 0
    outer loop
      vertex -7.43762 -3.5071 3.3
      vertex -7.23563 -2.86646 1.5
      vertex -7.23563 -2.86646 3.3
    endloop
  endfacet
  facet normal 0.953718 -0.300702 0
    outer loop
      vertex -7.23563 -2.86646 1.5
      vertex -7.43762 -3.5071 3.3
      vertex -7.43762 -3.5071 1.5
    endloop
  endfacet
  facet normal -0.843378 0.53732 0
    outer loop
      vertex 6.30746 -18.9165 1.5
      vertex 6.66838 -18.35 3.3
      vertex 6.66838 -18.35 1.5
    endloop
  endfacet
  facet normal -0.843378 0.53732 0
    outer loop
      vertex 6.66838 -18.35 3.3
      vertex 6.30746 -18.9165 1.5
      vertex 6.30746 -18.9165 3.3
    endloop
  endfacet
  facet normal 0.923877 -0.38269 0
    outer loop
      vertex -7.23563 -2.86646 3.3
      vertex -6.97856 -2.24585 1.5
      vertex -6.97856 -2.24585 3.3
    endloop
  endfacet
  facet normal 0.923877 -0.38269 0
    outer loop
      vertex -6.97856 -2.24585 1.5
      vertex -7.23563 -2.86646 3.3
      vertex -7.23563 -2.86646 1.5
    endloop
  endfacet
  facet normal -0.38269 -0.923877 0
    outer loop
      vertex 2.63354 1.73563 1.5
      vertex 3.25415 1.47856 3.3
      vertex 2.63354 1.73563 3.3
    endloop
  endfacet
  facet normal -0.38269 -0.923877 -0
    outer loop
      vertex 3.25415 1.47856 3.3
      vertex 2.63354 1.73563 1.5
      vertex 3.25415 1.47856 1.5
    endloop
  endfacet
  facet normal -0.923877 -0.38269 0
    outer loop
      vertex 7.23563 -2.86646 1.5
      vertex 6.97856 -2.24585 3.3
      vertex 6.97856 -2.24585 1.5
    endloop
  endfacet
  facet normal -0.923877 -0.38269 0
    outer loop
      vertex 6.97856 -2.24585 3.3
      vertex 7.23563 -2.86646 1.5
      vertex 7.23563 -2.86646 3.3
    endloop
  endfacet
  facet normal -0.461778 0.886995 0
    outer loop
      vertex 3.84999 -21.1684 1.5
      vertex 3.25415 -21.4786 3.3
      vertex 3.84999 -21.1684 3.3
    endloop
  endfacet
  facet normal -0.461778 0.886995 0
    outer loop
      vertex 3.25415 -21.4786 3.3
      vertex 3.84999 -21.1684 1.5
      vertex 3.25415 -21.4786 1.5
    endloop
  endfacet
  facet normal -0.886995 0.461779 0
    outer loop
      vertex 6.66838 -18.35 1.5
      vertex 6.97856 -17.7542 3.3
      vertex 6.97856 -17.7542 1.5
    endloop
  endfacet
  facet normal -0.886995 0.461779 0
    outer loop
      vertex 6.97856 -17.7542 3.3
      vertex 6.66838 -18.35 1.5
      vertex 6.66838 -18.35 3.3
    endloop
  endfacet
  facet normal -0.537288 -0.843399 0
    outer loop
      vertex 3.84999 1.16838 1.5
      vertex 4.41653 0.807465 3.3
      vertex 3.84999 1.16838 3.3
    endloop
  endfacet
  facet normal -0.537288 -0.843399 -0
    outer loop
      vertex 4.41653 0.807465 3.3
      vertex 3.84999 1.16838 1.5
      vertex 4.41653 0.807465 1.5
    endloop
  endfacet
  facet normal -0.843395 -0.537293 0
    outer loop
      vertex 6.66838 -1.65001 1.5
      vertex 6.30746 -1.08347 3.3
      vertex 6.30746 -1.08347 1.5
    endloop
  endfacet
  facet normal -0.843395 -0.537293 0
    outer loop
      vertex 6.30746 -1.08347 3.3
      vertex 6.66838 -1.65001 1.5
      vertex 6.66838 -1.65001 3.3
    endloop
  endfacet
  facet normal -0.216451 0.976293 0
    outer loop
      vertex 1.9929 -21.9376 1.5
      vertex 1.33708 -22.083 3.3
      vertex 1.9929 -21.9376 3.3
    endloop
  endfacet
  facet normal -0.216451 0.976293 0
    outer loop
      vertex 1.33708 -22.083 3.3
      vertex 1.9929 -21.9376 1.5
      vertex 1.33708 -22.083 1.5
    endloop
  endfacet
  facet normal 0.608766 -0.79335 0
    outer loop
      vertex -4.94946 0.398529 1.5
      vertex -4.41653 0.807465 3.3
      vertex -4.94946 0.398529 3.3
    endloop
  endfacet
  facet normal 0.608766 -0.79335 0
    outer loop
      vertex -4.41653 0.807465 3.3
      vertex -4.94946 0.398529 1.5
      vertex -4.41653 0.807465 1.5
    endloop
  endfacet
  facet normal 0.675582 -0.737285 0
    outer loop
      vertex -5.44472 -0.0552826 1.5
      vertex -4.94946 0.398529 3.3
      vertex -5.44472 -0.0552826 3.3
    endloop
  endfacet
  facet normal 0.675582 -0.737285 0
    outer loop
      vertex -4.94946 0.398529 3.3
      vertex -5.44472 -0.0552826 1.5
      vertex -4.94946 0.398529 1.5
    endloop
  endfacet
  facet normal -0.991447 0.130511 0
    outer loop
      vertex 7.58301 -15.8371 1.5
      vertex 7.67068 -15.1711 3.3
      vertex 7.67068 -15.1711 1.5
    endloop
  endfacet
  facet normal -0.991447 0.130511 0
    outer loop
      vertex 7.67068 -15.1711 3.3
      vertex 7.58301 -15.8371 1.5
      vertex 7.58301 -15.8371 3.3
    endloop
  endfacet
  facet normal 0.216437 -0.976297 0
    outer loop
      vertex -1.9929 1.93762 1.5
      vertex -1.33708 2.08301 3.3
      vertex -1.9929 1.93762 3.3
    endloop
  endfacet
  facet normal 0.216437 -0.976297 0
    outer loop
      vertex -1.33708 2.08301 3.3
      vertex -1.9929 1.93762 1.5
      vertex -1.33708 2.08301 1.5
    endloop
  endfacet
  facet normal -0.0436183 0.999048 0
    outer loop
      vertex 0.671097 -22.1707 1.5
      vertex 0 -22.2 3.3
      vertex 0.671097 -22.1707 3.3
    endloop
  endfacet
  facet normal -0.0436183 0.999048 0
    outer loop
      vertex 0 -22.2 3.3
      vertex 0.671097 -22.1707 1.5
      vertex 0 -22.2 1.5
    endloop
  endfacet
  facet normal 0.675572 0.737294 -0
    outer loop
      vertex -4.94946 -20.3985 1.5
      vertex -5.44472 -19.9447 3.3
      vertex -4.94946 -20.3985 3.3
    endloop
  endfacet
  facet normal 0.675572 0.737294 0
    outer loop
      vertex -5.44472 -19.9447 3.3
      vertex -4.94946 -20.3985 1.5
      vertex -5.44472 -19.9447 1.5
    endloop
  endfacet
  facet normal 0.843395 -0.537293 0
    outer loop
      vertex -6.66838 -1.65001 3.3
      vertex -6.30746 -1.08347 1.5
      vertex -6.30746 -1.08347 3.3
    endloop
  endfacet
  facet normal 0.843395 -0.537293 0
    outer loop
      vertex -6.30746 -1.08347 1.5
      vertex -6.66838 -1.65001 3.3
      vertex -6.66838 -1.65001 1.5
    endloop
  endfacet
  facet normal 0.130514 -0.991446 0
    outer loop
      vertex -1.33708 2.08301 1.5
      vertex -0.671097 2.17068 3.3
      vertex -1.33708 2.08301 3.3
    endloop
  endfacet
  facet normal 0.130514 -0.991446 0
    outer loop
      vertex -0.671097 2.17068 3.3
      vertex -1.33708 2.08301 1.5
      vertex -0.671097 2.17068 1.5
    endloop
  endfacet
  facet normal 0.0436183 0.999048 -0
    outer loop
      vertex 0 -22.2 1.5
      vertex -0.671097 -22.1707 3.3
      vertex 0 -22.2 3.3
    endloop
  endfacet
  facet normal 0.0436183 0.999048 0
    outer loop
      vertex -0.671097 -22.1707 3.3
      vertex 0 -22.2 1.5
      vertex -0.671097 -22.1707 1.5
    endloop
  endfacet
  facet normal -0.923897 0.382642 0
    outer loop
      vertex 6.97856 -17.7542 1.5
      vertex 7.23563 -17.1335 3.3
      vertex 7.23563 -17.1335 1.5
    endloop
  endfacet
  facet normal -0.923897 0.382642 0
    outer loop
      vertex 7.23563 -17.1335 3.3
      vertex 6.97856 -17.7542 1.5
      vertex 6.97856 -17.7542 3.3
    endloop
  endfacet
  facet normal 0.737283 -0.675585 0
    outer loop
      vertex -5.89853 -0.550537 3.3
      vertex -5.44472 -0.0552826 1.5
      vertex -5.44472 -0.0552826 3.3
    endloop
  endfacet
  facet normal 0.737283 -0.675585 0
    outer loop
      vertex -5.44472 -0.0552826 1.5
      vertex -5.89853 -0.550537 3.3
      vertex -5.89853 -0.550537 1.5
    endloop
  endfacet
  facet normal 0.793393 0.60871 0
    outer loop
      vertex -5.89853 -19.4495 3.3
      vertex -6.30746 -18.9165 1.5
      vertex -6.30746 -18.9165 3.3
    endloop
  endfacet
  facet normal 0.793393 0.60871 0
    outer loop
      vertex -6.30746 -18.9165 1.5
      vertex -5.89853 -19.4495 3.3
      vertex -5.89853 -19.4495 1.5
    endloop
  endfacet
  facet normal 0.216451 0.976293 -0
    outer loop
      vertex -1.33708 -22.083 1.5
      vertex -1.9929 -21.9376 3.3
      vertex -1.33708 -22.083 3.3
    endloop
  endfacet
  facet normal 0.216451 0.976293 0
    outer loop
      vertex -1.9929 -21.9376 3.3
      vertex -1.33708 -22.083 1.5
      vertex -1.9929 -21.9376 1.5
    endloop
  endfacet
  facet normal 0.923897 0.382642 0
    outer loop
      vertex -6.97856 -17.7542 3.3
      vertex -7.23563 -17.1335 1.5
      vertex -7.23563 -17.1335 3.3
    endloop
  endfacet
  facet normal 0.923897 0.382642 0
    outer loop
      vertex -7.23563 -17.1335 1.5
      vertex -6.97856 -17.7542 3.3
      vertex -6.97856 -17.7542 1.5
    endloop
  endfacet
  facet normal 0.737246 0.675625 0
    outer loop
      vertex -5.44472 -19.9447 3.3
      vertex -5.89853 -19.4495 1.5
      vertex -5.89853 -19.4495 3.3
    endloop
  endfacet
  facet normal 0.737246 0.675625 0
    outer loop
      vertex -5.89853 -19.4495 1.5
      vertex -5.44472 -19.9447 3.3
      vertex -5.44472 -19.9447 1.5
    endloop
  endfacet
  facet normal 0.38269 -0.923877 0
    outer loop
      vertex -3.25415 1.47856 1.5
      vertex -2.63354 1.73563 3.3
      vertex -3.25415 1.47856 3.3
    endloop
  endfacet
  facet normal 0.38269 -0.923877 0
    outer loop
      vertex -2.63354 1.73563 3.3
      vertex -3.25415 1.47856 1.5
      vertex -2.63354 1.73563 1.5
    endloop
  endfacet
  facet normal -0.976295 0.216443 0
    outer loop
      vertex 7.43762 -16.4929 1.5
      vertex 7.58301 -15.8371 3.3
      vertex 7.58301 -15.8371 1.5
    endloop
  endfacet
  facet normal -0.976295 0.216443 0
    outer loop
      vertex 7.58301 -15.8371 3.3
      vertex 7.43762 -16.4929 1.5
      vertex 7.43762 -16.4929 3.3
    endloop
  endfacet
  facet normal 0.537272 0.843409 -0
    outer loop
      vertex -3.84999 -21.1684 1.5
      vertex -4.41653 -20.8075 3.3
      vertex -3.84999 -21.1684 3.3
    endloop
  endfacet
  facet normal 0.537272 0.843409 0
    outer loop
      vertex -4.41653 -20.8075 3.3
      vertex -3.84999 -21.1684 1.5
      vertex -4.41653 -20.8075 1.5
    endloop
  endfacet
  facet normal 0.461755 -0.887008 0
    outer loop
      vertex -3.84999 1.16838 1.5
      vertex -3.25415 1.47856 3.3
      vertex -3.84999 1.16838 3.3
    endloop
  endfacet
  facet normal 0.461755 -0.887008 0
    outer loop
      vertex -3.25415 1.47856 3.3
      vertex -3.84999 1.16838 1.5
      vertex -3.25415 1.47856 1.5
    endloop
  endfacet
  facet normal -0.608826 0.793304 0
    outer loop
      vertex 4.94946 -20.3985 1.5
      vertex 4.41653 -20.8075 3.3
      vertex 4.94946 -20.3985 3.3
    endloop
  endfacet
  facet normal -0.608826 0.793304 0
    outer loop
      vertex 4.41653 -20.8075 3.3
      vertex 4.94946 -20.3985 1.5
      vertex 4.41653 -20.8075 1.5
    endloop
  endfacet
  facet normal -0.537272 0.843409 0
    outer loop
      vertex 4.41653 -20.8075 1.5
      vertex 3.84999 -21.1684 3.3
      vertex 4.41653 -20.8075 3.3
    endloop
  endfacet
  facet normal -0.537272 0.843409 0
    outer loop
      vertex 3.84999 -21.1684 3.3
      vertex 4.41653 -20.8075 1.5
      vertex 3.84999 -21.1684 1.5
    endloop
  endfacet
  facet normal 0.843378 0.53732 0
    outer loop
      vertex -6.30746 -18.9165 3.3
      vertex -6.66838 -18.35 1.5
      vertex -6.66838 -18.35 3.3
    endloop
  endfacet
  facet normal 0.843378 0.53732 0
    outer loop
      vertex -6.66838 -18.35 1.5
      vertex -6.30746 -18.9165 3.3
      vertex -6.30746 -18.9165 1.5
    endloop
  endfacet
  facet normal -0.608766 -0.79335 0
    outer loop
      vertex 4.41653 0.807465 1.5
      vertex 4.94946 0.398529 3.3
      vertex 4.41653 0.807465 3.3
    endloop
  endfacet
  facet normal -0.608766 -0.79335 -0
    outer loop
      vertex 4.94946 0.398529 3.3
      vertex 4.41653 0.807465 1.5
      vertex 4.94946 0.398529 1.5
    endloop
  endfacet
  facet normal 0.300715 0.953714 -0
    outer loop
      vertex -1.9929 -21.9376 1.5
      vertex -2.63354 -21.7356 3.3
      vertex -1.9929 -21.9376 3.3
    endloop
  endfacet
  facet normal 0.300715 0.953714 0
    outer loop
      vertex -2.63354 -21.7356 3.3
      vertex -1.9929 -21.9376 1.5
      vertex -2.63354 -21.7356 1.5
    endloop
  endfacet
  facet normal 0.953713 0.300719 0
    outer loop
      vertex -7.23563 -17.1335 3.3
      vertex -7.43762 -16.4929 1.5
      vertex -7.43762 -16.4929 3.3
    endloop
  endfacet
  facet normal 0.953713 0.300719 0
    outer loop
      vertex -7.43762 -16.4929 1.5
      vertex -7.23563 -17.1335 3.3
      vertex -7.23563 -17.1335 1.5
    endloop
  endfacet
  facet normal -0.675582 -0.737285 0
    outer loop
      vertex 4.94946 0.398529 1.5
      vertex 5.44472 -0.0552826 3.3
      vertex 4.94946 0.398529 3.3
    endloop
  endfacet
  facet normal -0.675582 -0.737285 -0
    outer loop
      vertex 5.44472 -0.0552826 3.3
      vertex 4.94946 0.398529 1.5
      vertex 5.44472 -0.0552826 1.5
    endloop
  endfacet
  facet normal -0.382601 0.923914 0
    outer loop
      vertex 3.25415 -21.4786 1.5
      vertex 2.63354 -21.7356 3.3
      vertex 3.25415 -21.4786 3.3
    endloop
  endfacet
  facet normal -0.382601 0.923914 0
    outer loop
      vertex 2.63354 -21.7356 3.3
      vertex 3.25415 -21.4786 1.5
      vertex 2.63354 -21.7356 1.5
    endloop
  endfacet
  facet normal -0.300715 0.953714 0
    outer loop
      vertex 2.63354 -21.7356 1.5
      vertex 1.9929 -21.9376 3.3
      vertex 2.63354 -21.7356 3.3
    endloop
  endfacet
  facet normal -0.300715 0.953714 0
    outer loop
      vertex 1.9929 -21.9376 3.3
      vertex 2.63354 -21.7356 1.5
      vertex 1.9929 -21.9376 1.5
    endloop
  endfacet
  facet normal 0.537288 -0.843399 0
    outer loop
      vertex -4.41653 0.807465 1.5
      vertex -3.84999 1.16838 3.3
      vertex -4.41653 0.807465 3.3
    endloop
  endfacet
  facet normal 0.537288 -0.843399 0
    outer loop
      vertex -3.84999 1.16838 3.3
      vertex -4.41653 0.807465 1.5
      vertex -3.84999 1.16838 1.5
    endloop
  endfacet
  facet normal 0.886995 0.461779 0
    outer loop
      vertex -6.66838 -18.35 3.3
      vertex -6.97856 -17.7542 1.5
      vertex -6.97856 -17.7542 3.3
    endloop
  endfacet
  facet normal 0.886995 0.461779 0
    outer loop
      vertex -6.97856 -17.7542 1.5
      vertex -6.66838 -18.35 3.3
      vertex -6.66838 -18.35 1.5
    endloop
  endfacet
  facet normal -0.043648 -0.999047 0
    outer loop
      vertex 0 2.2 1.5
      vertex 0.671097 2.17068 3.3
      vertex 0 2.2 3.3
    endloop
  endfacet
  facet normal -0.043648 -0.999047 -0
    outer loop
      vertex 0.671097 2.17068 3.3
      vertex 0 2.2 1.5
      vertex 0.671097 2.17068 1.5
    endloop
  endfacet
  facet normal -0 0 1
    outer loop
      vertex 6 -5.5 1.5
      vertex 7.7 -5.50002 1.5
      vertex 7.67068 -4.8289 1.5
    endloop
  endfacet
  facet normal 0 0 1
    outer loop
      vertex 7.7 -5.50002 1.5
      vertex 6 -5.5 1.5
      vertex 7.7 -14.5 1.5
    endloop
  endfacet
  facet normal 0 0 1
    outer loop
      vertex 5.97716 -4.97707 1.5
      vertex 7.67068 -4.8289 1.5
      vertex 7.58301 -4.16292 1.5
    endloop
  endfacet
  facet normal 0 0 1
    outer loop
      vertex 6 -14.5 1.5
      vertex 7.7 -14.5 1.5
      vertex 6 -5.5 1.5
    endloop
  endfacet
  facet normal 0 0 1
    outer loop
      vertex 5.90884 -4.45811 1.5
      vertex 7.58301 -4.16292 1.5
      vertex 7.43762 -3.5071 1.5
    endloop
  endfacet
  facet normal 0 0 1
    outer loop
      vertex 7.7 -14.5 1.5
      vertex 6 -14.5 1.5
      vertex 7.67068 -15.1711 1.5
    endloop
  endfacet
  facet normal 0 0 1
    outer loop
      vertex 5.79555 -3.9471 1.5
      vertex 7.43762 -3.5071 1.5
      vertex 7.23563 -2.86646 1.5
    endloop
  endfacet
  facet normal -0 0 1
    outer loop
      vertex 5.97716 -15.0229 1.5
      vertex 7.67068 -15.1711 1.5
      vertex 6 -14.5 1.5
    endloop
  endfacet
  facet normal 0 0 1
    outer loop
      vertex 5.63815 -3.44789 1.5
      vertex 7.23563 -2.86646 1.5
      vertex 6.97856 -2.24585 1.5
    endloop
  endfacet
  facet normal 0 0 1
    outer loop
      vertex 7.67068 -15.1711 1.5
      vertex 5.97716 -15.0229 1.5
      vertex 7.58301 -15.8371 1.5
    endloop
  endfacet
  facet normal 0 0 1
    outer loop
      vertex 5.43784 -2.96429 1.5
      vertex 6.97856 -2.24585 1.5
      vertex 6.66838 -1.65001 1.5
    endloop
  endfacet
  facet normal -0 0 1
    outer loop
      vertex 5.90884 -15.5419 1.5
      vertex 7.58301 -15.8371 1.5
      vertex 5.97716 -15.0229 1.5
    endloop
  endfacet
  facet normal 0 0 1
    outer loop
      vertex 5.19615 -2.5 1.5
      vertex 6.66838 -1.65001 1.5
      vertex 6.30746 -1.08347 1.5
    endloop
  endfacet
  facet normal 0 0 1
    outer loop
      vertex 7.58301 -15.8371 1.5
      vertex 5.90884 -15.5419 1.5
      vertex 7.43762 -16.4929 1.5
    endloop
  endfacet
  facet normal -0 0 1
    outer loop
      vertex 5.79555 -16.0529 1.5
      vertex 7.43762 -16.4929 1.5
      vertex 5.90884 -15.5419 1.5
    endloop
  endfacet
  facet normal 0 0 1
    outer loop
      vertex 7.67068 -4.8289 1.5
      vertex 5.97716 -4.97707 1.5
      vertex 6 -5.5 1.5
    endloop
  endfacet
  facet normal 0 0 1
    outer loop
      vertex 7.58301 -4.16292 1.5
      vertex 5.90884 -4.45811 1.5
      vertex 5.97716 -4.97707 1.5
    endloop
  endfacet
  facet normal 0 0 1
    outer loop
      vertex 4.9149 -2.05855 1.5
      vertex 6.30746 -1.08347 1.5
      vertex 5.89853 -0.550537 1.5
    endloop
  endfacet
  facet normal 0 0 1
    outer loop
      vertex 7.43762 -3.5071 1.5
      vertex 5.79555 -3.9471 1.5
      vertex 5.90884 -4.45811 1.5
    endloop
  endfacet
  facet normal 0 0 1
    outer loop
      vertex 7.23563 -2.86646 1.5
      vertex 5.63815 -3.44789 1.5
      vertex 5.79555 -3.9471 1.5
    endloop
  endfacet
  facet normal 0 0 1
    outer loop
      vertex 4.59625 -1.64328 1.5
      vertex 5.89853 -0.550537 1.5
      vertex 5.44472 -0.0552826 1.5
    endloop
  endfacet
  facet normal 0 0 1
    outer loop
      vertex 6.97856 -2.24585 1.5
      vertex 5.43784 -2.96429 1.5
      vertex 5.63815 -3.44789 1.5
    endloop
  endfacet
  facet normal 0 0 1
    outer loop
      vertex 6.66838 -1.65001 1.5
      vertex 5.19615 -2.5 1.5
      vertex 5.43784 -2.96429 1.5
    endloop
  endfacet
  facet normal 0 0 1
    outer loop
      vertex 4.24263 -1.25737 1.5
      vertex 5.44472 -0.0552826 1.5
      vertex 4.94946 0.398529 1.5
    endloop
  endfacet
  facet normal 0 0 1
    outer loop
      vertex 6.30746 -1.08347 1.5
      vertex 4.9149 -2.05855 1.5
      vertex 5.19615 -2.5 1.5
    endloop
  endfacet
  facet normal 0 0 1
    outer loop
      vertex 5.89853 -0.550537 1.5
      vertex 4.59625 -1.64328 1.5
      vertex 4.9149 -2.05855 1.5
    endloop
  endfacet
  facet normal 0 0 1
    outer loop
      vertex 3.85672 -0.903748 1.5
      vertex 4.94946 0.398529 1.5
      vertex 4.41653 0.807465 1.5
    endloop
  endfacet
  facet normal 0 0 1
    outer loop
      vertex 5.44472 -0.0552826 1.5
      vertex 4.24263 -1.25737 1.5
      vertex 4.59625 -1.64328 1.5
    endloop
  endfacet
  facet normal 0 0 1
    outer loop
      vertex 4.94946 0.398529 1.5
      vertex 3.85672 -0.903748 1.5
      vertex 4.24263 -1.25737 1.5
    endloop
  endfacet
  facet normal 0 0 1
    outer loop
      vertex 3.44145 -0.585098 1.5
      vertex 4.41653 0.807465 1.5
      vertex 3.84999 1.16838 1.5
    endloop
  endfacet
  facet normal 0 0 1
    outer loop
      vertex 4.41653 0.807465 1.5
      vertex 3.44145 -0.585098 1.5
      vertex 3.85672 -0.903748 1.5
    endloop
  endfacet
  facet normal 0 0 1
    outer loop
      vertex 3 -0.303848 1.5
      vertex 3.84999 1.16838 1.5
      vertex 3.25415 1.47856 1.5
    endloop
  endfacet
  facet normal 0 0 1
    outer loop
      vertex 3.84999 1.16838 1.5
      vertex 3 -0.303848 1.5
      vertex 3.44145 -0.585098 1.5
    endloop
  endfacet
  facet normal 0 0 1
    outer loop
      vertex 2.53571 -0.0621643 1.5
      vertex 3.25415 1.47856 1.5
      vertex 2.63354 1.73563 1.5
    endloop
  endfacet
  facet normal 0 0 1
    outer loop
      vertex 3.25415 1.47856 1.5
      vertex 2.53571 -0.0621643 1.5
      vertex 3 -0.303848 1.5
    endloop
  endfacet
  facet normal 0 0 1
    outer loop
      vertex 2.63354 1.73563 1.5
      vertex 2.05211 0.138153 1.5
      vertex 2.53571 -0.0621643 1.5
    endloop
  endfacet
  facet normal 0 0 1
    outer loop
      vertex 1.9929 1.93762 1.5
      vertex 2.05211 0.138153 1.5
      vertex 2.63354 1.73563 1.5
    endloop
  endfacet
  facet normal 0 0 1
    outer loop
      vertex 1.9929 1.93762 1.5
      vertex 1.5529 0.295547 1.5
      vertex 2.05211 0.138153 1.5
    endloop
  endfacet
  facet normal 0 0 1
    outer loop
      vertex 1.33708 2.08301 1.5
      vertex 1.5529 0.295547 1.5
      vertex 1.9929 1.93762 1.5
    endloop
  endfacet
  facet normal 0 0 1
    outer loop
      vertex 1.33708 2.08301 1.5
      vertex 1.04189 0.408844 1.5
      vertex 1.5529 0.295547 1.5
    endloop
  endfacet
  facet normal 0 0 1
    outer loop
      vertex 0.671097 2.17068 1.5
      vertex 1.04189 0.408844 1.5
      vertex 1.33708 2.08301 1.5
    endloop
  endfacet
  facet normal 0 0 1
    outer loop
      vertex 0.671097 2.17068 1.5
      vertex 0.522934 0.477158 1.5
      vertex 1.04189 0.408844 1.5
    endloop
  endfacet
  facet normal 0 0 1
    outer loop
      vertex 0 2.2 1.5
      vertex 0.522934 0.477158 1.5
      vertex 0.671097 2.17068 1.5
    endloop
  endfacet
  facet normal 0 0 1
    outer loop
      vertex 0 2.2 1.5
      vertex 0 0.5 1.5
      vertex 0.522934 0.477158 1.5
    endloop
  endfacet
  facet normal 0 0 1
    outer loop
      vertex 0 2.2 1.5
      vertex -0.522934 0.477158 1.5
      vertex 0 0.5 1.5
    endloop
  endfacet
  facet normal -0 0 1
    outer loop
      vertex -0.671097 2.17068 1.5
      vertex -0.522934 0.477158 1.5
      vertex 0 2.2 1.5
    endloop
  endfacet
  facet normal 0 0 1
    outer loop
      vertex -0.671097 2.17068 1.5
      vertex -1.04189 0.408844 1.5
      vertex -0.522934 0.477158 1.5
    endloop
  endfacet
  facet normal -0 0 1
    outer loop
      vertex -1.33708 2.08301 1.5
      vertex -1.04189 0.408844 1.5
      vertex -0.671097 2.17068 1.5
    endloop
  endfacet
  facet normal 0 0 1
    outer loop
      vertex -1.33708 2.08301 1.5
      vertex -1.5529 0.295547 1.5
      vertex -1.04189 0.408844 1.5
    endloop
  endfacet
  facet normal -0 0 1
    outer loop
      vertex -1.9929 1.93762 1.5
      vertex -1.5529 0.295547 1.5
      vertex -1.33708 2.08301 1.5
    endloop
  endfacet
  facet normal 0 0 1
    outer loop
      vertex -1.9929 1.93762 1.5
      vertex -2.05211 0.138153 1.5
      vertex -1.5529 0.295547 1.5
    endloop
  endfacet
  facet normal -0 0 1
    outer loop
      vertex -2.63354 1.73563 1.5
      vertex -2.05211 0.138153 1.5
      vertex -1.9929 1.93762 1.5
    endloop
  endfacet
  facet normal 0 0 1
    outer loop
      vertex -2.05211 0.138153 1.5
      vertex -2.63354 1.73563 1.5
      vertex -2.53571 -0.0621643 1.5
    endloop
  endfacet
  facet normal -0 0 1
    outer loop
      vertex -3.25415 1.47856 1.5
      vertex -2.53571 -0.0621643 1.5
      vertex -2.63354 1.73563 1.5
    endloop
  endfacet
  facet normal 0 0 1
    outer loop
      vertex -2.53571 -0.0621643 1.5
      vertex -3.25415 1.47856 1.5
      vertex -3 -0.303848 1.5
    endloop
  endfacet
  facet normal -0 0 1
    outer loop
      vertex -3.84999 1.16838 1.5
      vertex -3 -0.303848 1.5
      vertex -3.25415 1.47856 1.5
    endloop
  endfacet
  facet normal 0 0 1
    outer loop
      vertex -3 -0.303848 1.5
      vertex -3.84999 1.16838 1.5
      vertex -3.44145 -0.585098 1.5
    endloop
  endfacet
  facet normal -0 0 1
    outer loop
      vertex -4.41653 0.807465 1.5
      vertex -3.44145 -0.585098 1.5
      vertex -3.84999 1.16838 1.5
    endloop
  endfacet
  facet normal 0 0 1
    outer loop
      vertex -3.44145 -0.585098 1.5
      vertex -4.41653 0.807465 1.5
      vertex -3.85672 -0.903748 1.5
    endloop
  endfacet
  facet normal -0 0 1
    outer loop
      vertex -4.94946 0.398529 1.5
      vertex -3.85672 -0.903748 1.5
      vertex -4.41653 0.807465 1.5
    endloop
  endfacet
  facet normal 0 0 1
    outer loop
      vertex -3.85672 -0.903748 1.5
      vertex -4.94946 0.398529 1.5
      vertex -4.24263 -1.25737 1.5
    endloop
  endfacet
  facet normal -0 0 1
    outer loop
      vertex -5.44472 -0.0552826 1.5
      vertex -4.24263 -1.25737 1.5
      vertex -4.94946 0.398529 1.5
    endloop
  endfacet
  facet normal 0 0 1
    outer loop
      vertex -4.24263 -1.25737 1.5
      vertex -5.44472 -0.0552826 1.5
      vertex -4.59625 -1.64328 1.5
    endloop
  endfacet
  facet normal -0 0 1
    outer loop
      vertex -5.89853 -0.550537 1.5
      vertex -4.59625 -1.64328 1.5
      vertex -5.44472 -0.0552826 1.5
    endloop
  endfacet
  facet normal 0 0 1
    outer loop
      vertex -4.59625 -1.64328 1.5
      vertex -5.89853 -0.550537 1.5
      vertex -4.9149 -2.05855 1.5
    endloop
  endfacet
  facet normal -0 0 1
    outer loop
      vertex -6.30746 -1.08347 1.5
      vertex -4.9149 -2.05855 1.5
      vertex -5.89853 -0.550537 1.5
    endloop
  endfacet
  facet normal 0 0 1
    outer loop
      vertex -4.9149 -2.05855 1.5
      vertex -6.30746 -1.08347 1.5
      vertex -5.19615 -2.5 1.5
    endloop
  endfacet
  facet normal -0 0 1
    outer loop
      vertex -6.66838 -1.65001 1.5
      vertex -5.19615 -2.5 1.5
      vertex -6.30746 -1.08347 1.5
    endloop
  endfacet
  facet normal 0 0 1
    outer loop
      vertex -5.19615 -2.5 1.5
      vertex -6.66838 -1.65001 1.5
      vertex -5.43784 -2.96429 1.5
    endloop
  endfacet
  facet normal -0 0 1
    outer loop
      vertex -6.97856 -2.24585 1.5
      vertex -5.43784 -2.96429 1.5
      vertex -6.66838 -1.65001 1.5
    endloop
  endfacet
  facet normal 0 0 1
    outer loop
      vertex -5.43784 -2.96429 1.5
      vertex -6.97856 -2.24585 1.5
      vertex -5.63815 -3.44789 1.5
    endloop
  endfacet
  facet normal -0 0 1
    outer loop
      vertex -7.23563 -2.86646 1.5
      vertex -5.63815 -3.44789 1.5
      vertex -6.97856 -2.24585 1.5
    endloop
  endfacet
  facet normal -0 0 1
    outer loop
      vertex -7.43762 -3.5071 1.5
      vertex -5.79555 -3.9471 1.5
      vertex -7.23563 -2.86646 1.5
    endloop
  endfacet
  facet normal 0 0 1
    outer loop
      vertex -5.63815 -3.44789 1.5
      vertex -7.23563 -2.86646 1.5
      vertex -5.79555 -3.9471 1.5
    endloop
  endfacet
  facet normal 0 0 1
    outer loop
      vertex 7.43762 -16.4929 1.5
      vertex 5.79555 -16.0529 1.5
      vertex 7.23563 -17.1335 1.5
    endloop
  endfacet
  facet normal -0 0 1
    outer loop
      vertex 5.63815 -16.5521 1.5
      vertex 7.23563 -17.1335 1.5
      vertex 5.79555 -16.0529 1.5
    endloop
  endfacet
  facet normal 0 0 1
    outer loop
      vertex 7.23563 -17.1335 1.5
      vertex 5.63815 -16.5521 1.5
      vertex 6.97856 -17.7542 1.5
    endloop
  endfacet
  facet normal -0 0 1
    outer loop
      vertex 5.43784 -17.0357 1.5
      vertex 6.97856 -17.7542 1.5
      vertex 5.63815 -16.5521 1.5
    endloop
  endfacet
  facet normal 0 0 1
    outer loop
      vertex 6.97856 -17.7542 1.5
      vertex 5.43784 -17.0357 1.5
      vertex 6.66838 -18.35 1.5
    endloop
  endfacet
  facet normal -0 0 1
    outer loop
      vertex 5.19615 -17.5 1.5
      vertex 6.66838 -18.35 1.5
      vertex 5.43784 -17.0357 1.5
    endloop
  endfacet
  facet normal 0 0 1
    outer loop
      vertex 6.66838 -18.35 1.5
      vertex 5.19615 -17.5 1.5
      vertex 6.30746 -18.9165 1.5
    endloop
  endfacet
  facet normal -0 0 1
    outer loop
      vertex 4.9149 -17.9415 1.5
      vertex 6.30746 -18.9165 1.5
      vertex 5.19615 -17.5 1.5
    endloop
  endfacet
  facet normal 0 0 1
    outer loop
      vertex 6.30746 -18.9165 1.5
      vertex 4.9149 -17.9415 1.5
      vertex 5.89853 -19.4495 1.5
    endloop
  endfacet
  facet normal -0 0 1
    outer loop
      vertex 4.59625 -18.3567 1.5
      vertex 5.89853 -19.4495 1.5
      vertex 4.9149 -17.9415 1.5
    endloop
  endfacet
  facet normal 0 0 1
    outer loop
      vertex 5.89853 -19.4495 1.5
      vertex 4.59625 -18.3567 1.5
      vertex 5.44472 -19.9447 1.5
    endloop
  endfacet
  facet normal -0 0 1
    outer loop
      vertex 4.24263 -18.7426 1.5
      vertex 5.44472 -19.9447 1.5
      vertex 4.59625 -18.3567 1.5
    endloop
  endfacet
  facet normal 0 0 1
    outer loop
      vertex 5.44472 -19.9447 1.5
      vertex 4.24263 -18.7426 1.5
      vertex 4.94946 -20.3985 1.5
    endloop
  endfacet
  facet normal -0 0 1
    outer loop
      vertex 3.85672 -19.0963 1.5
      vertex 4.94946 -20.3985 1.5
      vertex 4.24263 -18.7426 1.5
    endloop
  endfacet
  facet normal 0 0 1
    outer loop
      vertex 4.94946 -20.3985 1.5
      vertex 3.85672 -19.0963 1.5
      vertex 4.41653 -20.8075 1.5
    endloop
  endfacet
  facet normal -0 0 1
    outer loop
      vertex 3.44145 -19.4149 1.5
      vertex 4.41653 -20.8075 1.5
      vertex 3.85672 -19.0963 1.5
    endloop
  endfacet
  facet normal 0 0 1
    outer loop
      vertex 4.41653 -20.8075 1.5
      vertex 3.44145 -19.4149 1.5
      vertex 3.84999 -21.1684 1.5
    endloop
  endfacet
  facet normal -0 0 1
    outer loop
      vertex 3 -19.6962 1.5
      vertex 3.84999 -21.1684 1.5
      vertex 3.44145 -19.4149 1.5
    endloop
  endfacet
  facet normal 0 0 1
    outer loop
      vertex 3.84999 -21.1684 1.5
      vertex 3 -19.6962 1.5
      vertex 3.25415 -21.4786 1.5
    endloop
  endfacet
  facet normal -0 0 1
    outer loop
      vertex 2.53571 -19.9378 1.5
      vertex 3.25415 -21.4786 1.5
      vertex 3 -19.6962 1.5
    endloop
  endfacet
  facet normal 0 0 1
    outer loop
      vertex 3.25415 -21.4786 1.5
      vertex 2.53571 -19.9378 1.5
      vertex 2.63354 -21.7356 1.5
    endloop
  endfacet
  facet normal -0 0 1
    outer loop
      vertex 2.05211 -20.1382 1.5
      vertex 2.63354 -21.7356 1.5
      vertex 2.53571 -19.9378 1.5
    endloop
  endfacet
  facet normal 0 0 1
    outer loop
      vertex 2.05211 -20.1382 1.5
      vertex 1.9929 -21.9376 1.5
      vertex 2.63354 -21.7356 1.5
    endloop
  endfacet
  facet normal -0 0 1
    outer loop
      vertex 1.5529 -20.2955 1.5
      vertex 1.9929 -21.9376 1.5
      vertex 2.05211 -20.1382 1.5
    endloop
  endfacet
  facet normal 0 0 1
    outer loop
      vertex 1.5529 -20.2955 1.5
      vertex 1.33708 -22.083 1.5
      vertex 1.9929 -21.9376 1.5
    endloop
  endfacet
  facet normal -0 0 1
    outer loop
      vertex 1.04189 -20.4088 1.5
      vertex 1.33708 -22.083 1.5
      vertex 1.5529 -20.2955 1.5
    endloop
  endfacet
  facet normal 0 0 1
    outer loop
      vertex 1.04189 -20.4088 1.5
      vertex 0.671097 -22.1707 1.5
      vertex 1.33708 -22.083 1.5
    endloop
  endfacet
  facet normal -0 0 1
    outer loop
      vertex 0.522934 -20.4772 1.5
      vertex 0.671097 -22.1707 1.5
      vertex 1.04189 -20.4088 1.5
    endloop
  endfacet
  facet normal -0 0 1
    outer loop
      vertex 0 -20.5 1.5
      vertex 0.671097 -22.1707 1.5
      vertex 0.522934 -20.4772 1.5
    endloop
  endfacet
  facet normal 0 0 1
    outer loop
      vertex 0 -20.5 1.5
      vertex 0 -22.2 1.5
      vertex 0.671097 -22.1707 1.5
    endloop
  endfacet
  facet normal 0 0 1
    outer loop
      vertex -0.522934 -20.4772 1.5
      vertex 0 -22.2 1.5
      vertex 0 -20.5 1.5
    endloop
  endfacet
  facet normal 0 0 1
    outer loop
      vertex -0.522934 -20.4772 1.5
      vertex -0.671097 -22.1707 1.5
      vertex 0 -22.2 1.5
    endloop
  endfacet
  facet normal 0 0 1
    outer loop
      vertex -1.04189 -20.4088 1.5
      vertex -0.671097 -22.1707 1.5
      vertex -0.522934 -20.4772 1.5
    endloop
  endfacet
  facet normal 0 0 1
    outer loop
      vertex -1.04189 -20.4088 1.5
      vertex -1.33708 -22.083 1.5
      vertex -0.671097 -22.1707 1.5
    endloop
  endfacet
  facet normal 0 0 1
    outer loop
      vertex -1.5529 -20.2955 1.5
      vertex -1.33708 -22.083 1.5
      vertex -1.04189 -20.4088 1.5
    endloop
  endfacet
  facet normal 0 0 1
    outer loop
      vertex -1.5529 -20.2955 1.5
      vertex -1.9929 -21.9376 1.5
      vertex -1.33708 -22.083 1.5
    endloop
  endfacet
  facet normal 0 0 1
    outer loop
      vertex -2.05211 -20.1382 1.5
      vertex -1.9929 -21.9376 1.5
      vertex -1.5529 -20.2955 1.5
    endloop
  endfacet
  facet normal 0 0 1
    outer loop
      vertex -2.63354 -21.7356 1.5
      vertex -2.05211 -20.1382 1.5
      vertex -2.53571 -19.9378 1.5
    endloop
  endfacet
  facet normal 0 0 1
    outer loop
      vertex -2.05211 -20.1382 1.5
      vertex -2.63354 -21.7356 1.5
      vertex -1.9929 -21.9376 1.5
    endloop
  endfacet
  facet normal 0 0 1
    outer loop
      vertex -3.25415 -21.4786 1.5
      vertex -2.53571 -19.9378 1.5
      vertex -3 -19.6962 1.5
    endloop
  endfacet
  facet normal 0 0 1
    outer loop
      vertex -2.53571 -19.9378 1.5
      vertex -3.25415 -21.4786 1.5
      vertex -2.63354 -21.7356 1.5
    endloop
  endfacet
  facet normal 0 0 1
    outer loop
      vertex -3.84999 -21.1684 1.5
      vertex -3 -19.6962 1.5
      vertex -3.44145 -19.4149 1.5
    endloop
  endfacet
  facet normal 0 0 1
    outer loop
      vertex -3 -19.6962 1.5
      vertex -3.84999 -21.1684 1.5
      vertex -3.25415 -21.4786 1.5
    endloop
  endfacet
  facet normal 0 0 1
    outer loop
      vertex -4.41653 -20.8075 1.5
      vertex -3.44145 -19.4149 1.5
      vertex -3.85672 -19.0963 1.5
    endloop
  endfacet
  facet normal 0 0 1
    outer loop
      vertex -4.94946 -20.3985 1.5
      vertex -3.85672 -19.0963 1.5
      vertex -4.24263 -18.7426 1.5
    endloop
  endfacet
  facet normal 0 0 1
    outer loop
      vertex -3.44145 -19.4149 1.5
      vertex -4.41653 -20.8075 1.5
      vertex -3.84999 -21.1684 1.5
    endloop
  endfacet
  facet normal 0 0 1
    outer loop
      vertex -5.44472 -19.9447 1.5
      vertex -4.24263 -18.7426 1.5
      vertex -4.59625 -18.3567 1.5
    endloop
  endfacet
  facet normal 0 0 1
    outer loop
      vertex -5.89853 -19.4495 1.5
      vertex -4.59625 -18.3567 1.5
      vertex -4.9149 -17.9415 1.5
    endloop
  endfacet
  facet normal 0 0 1
    outer loop
      vertex -3.85672 -19.0963 1.5
      vertex -4.94946 -20.3985 1.5
      vertex -4.41653 -20.8075 1.5
    endloop
  endfacet
  facet normal 0 0 1
    outer loop
      vertex -6.30746 -18.9165 1.5
      vertex -4.9149 -17.9415 1.5
      vertex -5.19615 -17.5 1.5
    endloop
  endfacet
  facet normal 0 0 1
    outer loop
      vertex -6.66838 -18.35 1.5
      vertex -5.19615 -17.5 1.5
      vertex -5.43784 -17.0357 1.5
    endloop
  endfacet
  facet normal 0 0 1
    outer loop
      vertex -4.24263 -18.7426 1.5
      vertex -5.44472 -19.9447 1.5
      vertex -4.94946 -20.3985 1.5
    endloop
  endfacet
  facet normal 0 0 1
    outer loop
      vertex -6.97856 -17.7542 1.5
      vertex -5.43784 -17.0357 1.5
      vertex -5.63815 -16.5521 1.5
    endloop
  endfacet
  facet normal 0 0 1
    outer loop
      vertex -7.23563 -17.1335 1.5
      vertex -5.63815 -16.5521 1.5
      vertex -5.79555 -16.0529 1.5
    endloop
  endfacet
  facet normal 0 0 1
    outer loop
      vertex -4.59625 -18.3567 1.5
      vertex -5.89853 -19.4495 1.5
      vertex -5.44472 -19.9447 1.5
    endloop
  endfacet
  facet normal 0 0 1
    outer loop
      vertex -7.43762 -16.4929 1.5
      vertex -5.79555 -16.0529 1.5
      vertex -5.90884 -15.5419 1.5
    endloop
  endfacet
  facet normal 0 0 1
    outer loop
      vertex -7.58301 -15.8371 1.5
      vertex -5.90884 -15.5419 1.5
      vertex -5.97716 -15.0229 1.5
    endloop
  endfacet
  facet normal 0 0 1
    outer loop
      vertex -7.67068 -15.1711 1.5
      vertex -5.97716 -15.0229 1.5
      vertex -6 -14.5 1.5
    endloop
  endfacet
  facet normal 0 0 1
    outer loop
      vertex -6 -5.5 1.5
      vertex -7.7 -5.50002 1.5
      vertex -6 -14.5 1.5
    endloop
  endfacet
  facet normal 0 0 1
    outer loop
      vertex -7.7 -14.5 1.5
      vertex -6 -14.5 1.5
      vertex -7.7 -5.50002 1.5
    endloop
  endfacet
  facet normal 0 0 1
    outer loop
      vertex -5.79555 -3.9471 1.5
      vertex -7.43762 -3.5071 1.5
      vertex -5.90884 -4.45811 1.5
    endloop
  endfacet
  facet normal 0 -0 1
    outer loop
      vertex -7.67068 -15.1711 1.5
      vertex -6 -14.5 1.5
      vertex -7.7 -14.5 1.5
    endloop
  endfacet
  facet normal -0 0 1
    outer loop
      vertex -7.58301 -4.16292 1.5
      vertex -5.90884 -4.45811 1.5
      vertex -7.43762 -3.5071 1.5
    endloop
  endfacet
  facet normal 0 0 1
    outer loop
      vertex -4.9149 -17.9415 1.5
      vertex -6.30746 -18.9165 1.5
      vertex -5.89853 -19.4495 1.5
    endloop
  endfacet
  facet normal 0 0 1
    outer loop
      vertex -5.90884 -4.45811 1.5
      vertex -7.58301 -4.16292 1.5
      vertex -5.97716 -4.97707 1.5
    endloop
  endfacet
  facet normal 0 0 1
    outer loop
      vertex -5.19615 -17.5 1.5
      vertex -6.66838 -18.35 1.5
      vertex -6.30746 -18.9165 1.5
    endloop
  endfacet
  facet normal -0 0 1
    outer loop
      vertex -7.67068 -4.8289 1.5
      vertex -5.97716 -4.97707 1.5
      vertex -7.58301 -4.16292 1.5
    endloop
  endfacet
  facet normal 0 0 1
    outer loop
      vertex -5.43784 -17.0357 1.5
      vertex -6.97856 -17.7542 1.5
      vertex -6.66838 -18.35 1.5
    endloop
  endfacet
  facet normal 0 0 1
    outer loop
      vertex -5.97716 -4.97707 1.5
      vertex -7.67068 -4.8289 1.5
      vertex -6 -5.5 1.5
    endloop
  endfacet
  facet normal 0 0 1
    outer loop
      vertex -5.63815 -16.5521 1.5
      vertex -7.23563 -17.1335 1.5
      vertex -6.97856 -17.7542 1.5
    endloop
  endfacet
  facet normal 0 0 1
    outer loop
      vertex -6 -5.5 1.5
      vertex -7.67068 -4.8289 1.5
      vertex -7.7 -5.50002 1.5
    endloop
  endfacet
  facet normal 0 0 1
    outer loop
      vertex -5.79555 -16.0529 1.5
      vertex -7.43762 -16.4929 1.5
      vertex -7.23563 -17.1335 1.5
    endloop
  endfacet
  facet normal 0 0 1
    outer loop
      vertex -5.90884 -15.5419 1.5
      vertex -7.58301 -15.8371 1.5
      vertex -7.43762 -16.4929 1.5
    endloop
  endfacet
  facet normal 0 0 1
    outer loop
      vertex -5.97716 -15.0229 1.5
      vertex -7.67068 -15.1711 1.5
      vertex -7.58301 -15.8371 1.5
    endloop
  endfacet
  facet normal 0.991447 0.130512 0
    outer loop
      vertex -5.90884 -15.5419 1.5
      vertex -5.97716 -15.0229 1
      vertex -5.97716 -15.0229 1.5
    endloop
  endfacet
  facet normal 0.991447 0.130512 0
    outer loop
      vertex -5.97716 -15.0229 1
      vertex -5.90884 -15.5419 1.5
      vertex -5.90884 -15.5419 1
    endloop
  endfacet
  facet normal 0.999048 -0.0436354 0
    outer loop
      vertex -6 -5.5 1.5
      vertex -5.97716 -4.97707 1
      vertex -5.97716 -4.97707 1.5
    endloop
  endfacet
  facet normal 0.999048 -0.0436354 0
    outer loop
      vertex -5.97716 -4.97707 1
      vertex -6 -5.5 1.5
      vertex -6 -5.5 1
    endloop
  endfacet
  facet normal 0.537388 0.843335 -0
    outer loop
      vertex -3 -19.6962 1
      vertex -3.44145 -19.4149 1.5
      vertex -3 -19.6962 1.5
    endloop
  endfacet
  facet normal 0.537388 0.843335 0
    outer loop
      vertex -3.44145 -19.4149 1.5
      vertex -3 -19.6962 1
      vertex -3.44145 -19.4149 1
    endloop
  endfacet
  facet normal 1 -0 0
    outer loop
      vertex -6 -14.5 1.5
      vertex -6 -5.5 1
      vertex -6 -5.5 1.5
    endloop
  endfacet
  facet normal 1 0 0
    outer loop
      vertex -6 -5.5 1
      vertex -6 -14.5 1.5
      vertex -6 -14.5 1
    endloop
  endfacet
  facet normal 0.216461 0.976291 -0
    outer loop
      vertex -1.04189 -20.4088 1
      vertex -1.5529 -20.2955 1.5
      vertex -1.04189 -20.4088 1.5
    endloop
  endfacet
  facet normal 0.216461 0.976291 0
    outer loop
      vertex -1.5529 -20.2955 1.5
      vertex -1.04189 -20.4088 1
      vertex -1.5529 -20.2955 1
    endloop
  endfacet
  facet normal 0.130511 -0.991447 0
    outer loop
      vertex -1.04189 0.408844 1
      vertex -0.522934 0.477158 1.5
      vertex -1.04189 0.408844 1.5
    endloop
  endfacet
  facet normal 0.130511 -0.991447 0
    outer loop
      vertex -0.522934 0.477158 1.5
      vertex -1.04189 0.408844 1
      vertex -0.522934 0.477158 1
    endloop
  endfacet
  facet normal -0.216456 -0.976292 0
    outer loop
      vertex 1.04189 0.408844 1
      vertex 1.5529 0.295547 1.5
      vertex 1.04189 0.408844 1.5
    endloop
  endfacet
  facet normal -0.216456 -0.976292 -0
    outer loop
      vertex 1.5529 0.295547 1.5
      vertex 1.04189 0.408844 1
      vertex 1.5529 0.295547 1
    endloop
  endfacet
  facet normal 0.0436389 -0.999047 0
    outer loop
      vertex -0.522934 0.477158 1
      vertex 0 0.5 1.5
      vertex -0.522934 0.477158 1.5
    endloop
  endfacet
  facet normal 0.0436389 -0.999047 0
    outer loop
      vertex 0 0.5 1.5
      vertex -0.522934 0.477158 1
      vertex 0 0.5 1
    endloop
  endfacet
  facet normal 0.887018 0.461735 0
    outer loop
      vertex -5.19615 -17.5 1.5
      vertex -5.43784 -17.0357 1
      vertex -5.43784 -17.0357 1.5
    endloop
  endfacet
  facet normal 0.887018 0.461735 0
    outer loop
      vertex -5.43784 -17.0357 1
      vertex -5.19615 -17.5 1.5
      vertex -5.19615 -17.5 1
    endloop
  endfacet
  facet normal 0.216456 -0.976292 0
    outer loop
      vertex -1.5529 0.295547 1
      vertex -1.04189 0.408844 1.5
      vertex -1.5529 0.295547 1.5
    endloop
  endfacet
  facet normal 0.216456 -0.976292 0
    outer loop
      vertex -1.04189 0.408844 1.5
      vertex -1.5529 0.295547 1
      vertex -1.04189 0.408844 1
    endloop
  endfacet
  facet normal -0.216461 0.976291 0
    outer loop
      vertex 1.5529 -20.2955 1
      vertex 1.04189 -20.4088 1.5
      vertex 1.5529 -20.2955 1.5
    endloop
  endfacet
  facet normal -0.216461 0.976291 0
    outer loop
      vertex 1.04189 -20.4088 1.5
      vertex 1.5529 -20.2955 1
      vertex 1.04189 -20.4088 1
    endloop
  endfacet
  facet normal 0.999047 0.0436379 0
    outer loop
      vertex -5.97716 -15.0229 1.5
      vertex -6 -14.5 1
      vertex -6 -14.5 1.5
    endloop
  endfacet
  facet normal 0.999047 0.0436379 0
    outer loop
      vertex -6 -14.5 1
      vertex -5.97716 -15.0229 1.5
      vertex -5.97716 -15.0229 1
    endloop
  endfacet
  facet normal 0.923882 0.382677 0
    outer loop
      vertex -5.43784 -17.0357 1.5
      vertex -5.63815 -16.5521 1
      vertex -5.63815 -16.5521 1.5
    endloop
  endfacet
  facet normal 0.923882 0.382677 0
    outer loop
      vertex -5.63815 -16.5521 1
      vertex -5.43784 -17.0357 1.5
      vertex -5.43784 -17.0357 1
    endloop
  endfacet
  facet normal -1 0 0
    outer loop
      vertex 6 -14.5 1
      vertex 6 -5.5 1.5
      vertex 6 -5.5 1
    endloop
  endfacet
  facet normal -1 -0 0
    outer loop
      vertex 6 -5.5 1.5
      vertex 6 -14.5 1
      vertex 6 -14.5 1.5
    endloop
  endfacet
  facet normal -0.999047 0.0436379 0
    outer loop
      vertex 5.97716 -15.0229 1
      vertex 6 -14.5 1.5
      vertex 6 -14.5 1
    endloop
  endfacet
  facet normal -0.999047 0.0436379 0
    outer loop
      vertex 6 -14.5 1.5
      vertex 5.97716 -15.0229 1
      vertex 5.97716 -15.0229 1.5
    endloop
  endfacet
  facet normal 0.953717 -0.300705 0
    outer loop
      vertex -5.79555 -3.9471 1.5
      vertex -5.63815 -3.44789 1
      vertex -5.63815 -3.44789 1.5
    endloop
  endfacet
  facet normal 0.953717 -0.300705 0
    outer loop
      vertex -5.63815 -3.44789 1
      vertex -5.79555 -3.9471 1.5
      vertex -5.79555 -3.9471 1
    endloop
  endfacet
  facet normal 0.737279 -0.675589 0
    outer loop
      vertex -4.59625 -1.64328 1.5
      vertex -4.24263 -1.25737 1
      vertex -4.24263 -1.25737 1.5
    endloop
  endfacet
  facet normal 0.737279 -0.675589 0
    outer loop
      vertex -4.24263 -1.25737 1
      vertex -4.59625 -1.64328 1.5
      vertex -4.59625 -1.64328 1
    endloop
  endfacet
  facet normal 0.976295 -0.216443 0
    outer loop
      vertex -5.90884 -4.45811 1.5
      vertex -5.79555 -3.9471 1
      vertex -5.79555 -3.9471 1.5
    endloop
  endfacet
  facet normal 0.976295 -0.216443 0
    outer loop
      vertex -5.79555 -3.9471 1
      vertex -5.90884 -4.45811 1.5
      vertex -5.90884 -4.45811 1
    endloop
  endfacet
  facet normal 0.991445 -0.130522 0
    outer loop
      vertex -5.97716 -4.97707 1.5
      vertex -5.90884 -4.45811 1
      vertex -5.90884 -4.45811 1.5
    endloop
  endfacet
  facet normal 0.991445 -0.130522 0
    outer loop
      vertex -5.90884 -4.45811 1
      vertex -5.97716 -4.97707 1.5
      vertex -5.97716 -4.97707 1
    endloop
  endfacet
  facet normal -0.73727 0.675598 0
    outer loop
      vertex 4.24263 -18.7426 1
      vertex 4.59625 -18.3567 1.5
      vertex 4.59625 -18.3567 1
    endloop
  endfacet
  facet normal -0.73727 0.675598 0
    outer loop
      vertex 4.59625 -18.3567 1.5
      vertex 4.24263 -18.7426 1
      vertex 4.24263 -18.7426 1.5
    endloop
  endfacet
  facet normal -0.793302 0.608829 0
    outer loop
      vertex 4.59625 -18.3567 1
      vertex 4.9149 -17.9415 1.5
      vertex 4.9149 -17.9415 1
    endloop
  endfacet
  facet normal -0.793302 0.608829 0
    outer loop
      vertex 4.9149 -17.9415 1.5
      vertex 4.59625 -18.3567 1
      vertex 4.59625 -18.3567 1.5
    endloop
  endfacet
  facet normal -0.999048 -0.0436354 0
    outer loop
      vertex 6 -5.5 1
      vertex 5.97716 -4.97707 1.5
      vertex 5.97716 -4.97707 1
    endloop
  endfacet
  facet normal -0.999048 -0.0436354 0
    outer loop
      vertex 5.97716 -4.97707 1.5
      vertex 6 -5.5 1
      vertex 6 -5.5 1.5
    endloop
  endfacet
  facet normal -0.991445 -0.130522 0
    outer loop
      vertex 5.97716 -4.97707 1
      vertex 5.90884 -4.45811 1.5
      vertex 5.90884 -4.45811 1
    endloop
  endfacet
  facet normal -0.991445 -0.130522 0
    outer loop
      vertex 5.90884 -4.45811 1.5
      vertex 5.97716 -4.97707 1
      vertex 5.97716 -4.97707 1.5
    endloop
  endfacet
  facet normal 0.608704 0.793398 -0
    outer loop
      vertex -3.44145 -19.4149 1
      vertex -3.85672 -19.0963 1.5
      vertex -3.44145 -19.4149 1.5
    endloop
  endfacet
  facet normal 0.608704 0.793398 0
    outer loop
      vertex -3.85672 -19.0963 1.5
      vertex -3.44145 -19.4149 1
      vertex -3.85672 -19.0963 1
    endloop
  endfacet
  facet normal 0.953715 0.300711 0
    outer loop
      vertex -5.63815 -16.5521 1.5
      vertex -5.79555 -16.0529 1
      vertex -5.79555 -16.0529 1.5
    endloop
  endfacet
  facet normal 0.953715 0.300711 0
    outer loop
      vertex -5.79555 -16.0529 1
      vertex -5.63815 -16.5521 1.5
      vertex -5.63815 -16.5521 1
    endloop
  endfacet
  facet normal -0.130673 0.991426 0
    outer loop
      vertex 1.04189 -20.4088 1
      vertex 0.522934 -20.4772 1.5
      vertex 1.04189 -20.4088 1.5
    endloop
  endfacet
  facet normal -0.130673 0.991426 0
    outer loop
      vertex 0.522934 -20.4772 1.5
      vertex 1.04189 -20.4088 1
      vertex 0.522934 -20.4772 1
    endloop
  endfacet
  facet normal 0.976294 0.216447 0
    outer loop
      vertex -5.79555 -16.0529 1.5
      vertex -5.90884 -15.5419 1
      vertex -5.90884 -15.5419 1.5
    endloop
  endfacet
  facet normal 0.976294 0.216447 0
    outer loop
      vertex -5.90884 -15.5419 1
      vertex -5.79555 -16.0529 1.5
      vertex -5.79555 -16.0529 1
    endloop
  endfacet
  facet normal 0.53732 -0.843378 0
    outer loop
      vertex -3.44145 -0.585098 1
      vertex -3 -0.303848 1.5
      vertex -3.44145 -0.585098 1.5
    endloop
  endfacet
  facet normal 0.53732 -0.843378 0
    outer loop
      vertex -3 -0.303848 1.5
      vertex -3.44145 -0.585098 1
      vertex -3 -0.303848 1
    endloop
  endfacet
  facet normal 0.130673 0.991426 -0
    outer loop
      vertex -0.522934 -20.4772 1
      vertex -1.04189 -20.4088 1.5
      vertex -0.522934 -20.4772 1.5
    endloop
  endfacet
  facet normal 0.130673 0.991426 0
    outer loop
      vertex -1.04189 -20.4088 1.5
      vertex -0.522934 -20.4772 1
      vertex -1.04189 -20.4088 1
    endloop
  endfacet
  facet normal 0.0435588 0.999051 -0
    outer loop
      vertex 0 -20.5 1
      vertex -0.522934 -20.4772 1.5
      vertex 0 -20.5 1.5
    endloop
  endfacet
  facet normal 0.0435588 0.999051 0
    outer loop
      vertex -0.522934 -20.4772 1.5
      vertex 0 -20.5 1
      vertex -0.522934 -20.4772 1
    endloop
  endfacet
  facet normal -0.887018 0.461735 0
    outer loop
      vertex 5.19615 -17.5 1
      vertex 5.43784 -17.0357 1.5
      vertex 5.43784 -17.0357 1
    endloop
  endfacet
  facet normal -0.887018 0.461735 0
    outer loop
      vertex 5.43784 -17.0357 1.5
      vertex 5.19615 -17.5 1
      vertex 5.19615 -17.5 1.5
    endloop
  endfacet
  facet normal 0.382689 -0.923877 0
    outer loop
      vertex -2.53571 -0.0621643 1
      vertex -2.05211 0.138153 1.5
      vertex -2.53571 -0.0621643 1.5
    endloop
  endfacet
  facet normal 0.382689 -0.923877 0
    outer loop
      vertex -2.05211 0.138153 1.5
      vertex -2.53571 -0.0621643 1
      vertex -2.05211 0.138153 1
    endloop
  endfacet
  facet normal 0.793351 -0.608764 0
    outer loop
      vertex -4.9149 -2.05855 1.5
      vertex -4.59625 -1.64328 1
      vertex -4.59625 -1.64328 1.5
    endloop
  endfacet
  facet normal 0.793351 -0.608764 0
    outer loop
      vertex -4.59625 -1.64328 1
      vertex -4.9149 -2.05855 1.5
      vertex -4.9149 -2.05855 1
    endloop
  endfacet
  facet normal 0.675591 -0.737277 0
    outer loop
      vertex -4.24263 -1.25737 1
      vertex -3.85672 -0.903748 1.5
      vertex -4.24263 -1.25737 1.5
    endloop
  endfacet
  facet normal 0.675591 -0.737277 0
    outer loop
      vertex -3.85672 -0.903748 1.5
      vertex -4.24263 -1.25737 1
      vertex -3.85672 -0.903748 1
    endloop
  endfacet
  facet normal -0.991447 0.130512 0
    outer loop
      vertex 5.90884 -15.5419 1
      vertex 5.97716 -15.0229 1.5
      vertex 5.97716 -15.0229 1
    endloop
  endfacet
  facet normal -0.991447 0.130512 0
    outer loop
      vertex 5.97716 -15.0229 1.5
      vertex 5.90884 -15.5419 1
      vertex 5.90884 -15.5419 1.5
    endloop
  endfacet
  facet normal -0.675591 -0.737277 0
    outer loop
      vertex 3.85672 -0.903748 1
      vertex 4.24263 -1.25737 1.5
      vertex 3.85672 -0.903748 1.5
    endloop
  endfacet
  facet normal -0.675591 -0.737277 -0
    outer loop
      vertex 4.24263 -1.25737 1.5
      vertex 3.85672 -0.903748 1
      vertex 4.24263 -1.25737 1
    endloop
  endfacet
  facet normal 0.675672 0.737203 -0
    outer loop
      vertex -3.85672 -19.0963 1
      vertex -4.24263 -18.7426 1.5
      vertex -3.85672 -19.0963 1.5
    endloop
  endfacet
  facet normal 0.675672 0.737203 0
    outer loop
      vertex -4.24263 -18.7426 1.5
      vertex -3.85672 -19.0963 1
      vertex -4.24263 -18.7426 1
    endloop
  endfacet
  facet normal 0.461607 0.887084 -0
    outer loop
      vertex -2.53571 -19.9378 1
      vertex -3 -19.6962 1.5
      vertex -2.53571 -19.9378 1.5
    endloop
  endfacet
  facet normal 0.461607 0.887084 0
    outer loop
      vertex -3 -19.6962 1.5
      vertex -2.53571 -19.9378 1
      vertex -3 -19.6962 1
    endloop
  endfacet
  facet normal -0.0436389 -0.999047 0
    outer loop
      vertex 0 0.5 1
      vertex 0.522934 0.477158 1.5
      vertex 0 0.5 1.5
    endloop
  endfacet
  facet normal -0.0436389 -0.999047 -0
    outer loop
      vertex 0.522934 0.477158 1.5
      vertex 0 0.5 1
      vertex 0.522934 0.477158 1
    endloop
  endfacet
  facet normal -0.300531 0.953772 0
    outer loop
      vertex 2.05211 -20.1382 1
      vertex 1.5529 -20.2955 1.5
      vertex 2.05211 -20.1382 1.5
    endloop
  endfacet
  facet normal -0.300531 0.953772 0
    outer loop
      vertex 1.5529 -20.2955 1.5
      vertex 2.05211 -20.1382 1
      vertex 1.5529 -20.2955 1
    endloop
  endfacet
  facet normal 0.300531 0.953772 -0
    outer loop
      vertex -1.5529 -20.2955 1
      vertex -2.05211 -20.1382 1.5
      vertex -1.5529 -20.2955 1.5
    endloop
  endfacet
  facet normal 0.300531 0.953772 0
    outer loop
      vertex -2.05211 -20.1382 1.5
      vertex -1.5529 -20.2955 1
      vertex -2.05211 -20.1382 1
    endloop
  endfacet
  facet normal -0.953715 0.300711 0
    outer loop
      vertex 5.63815 -16.5521 1
      vertex 5.79555 -16.0529 1.5
      vertex 5.79555 -16.0529 1
    endloop
  endfacet
  facet normal -0.953715 0.300711 0
    outer loop
      vertex 5.79555 -16.0529 1.5
      vertex 5.63815 -16.5521 1
      vertex 5.63815 -16.5521 1.5
    endloop
  endfacet
  facet normal -0.923882 0.382677 0
    outer loop
      vertex 5.43784 -17.0357 1
      vertex 5.63815 -16.5521 1.5
      vertex 5.63815 -16.5521 1
    endloop
  endfacet
  facet normal -0.923882 0.382677 0
    outer loop
      vertex 5.63815 -16.5521 1.5
      vertex 5.43784 -17.0357 1
      vertex 5.43784 -17.0357 1.5
    endloop
  endfacet
  facet normal -0.537388 0.843335 0
    outer loop
      vertex 3.44145 -19.4149 1
      vertex 3 -19.6962 1.5
      vertex 3.44145 -19.4149 1.5
    endloop
  endfacet
  facet normal -0.537388 0.843335 0
    outer loop
      vertex 3 -19.6962 1.5
      vertex 3.44145 -19.4149 1
      vertex 3 -19.6962 1
    endloop
  endfacet
  facet normal -0.300695 -0.95372 0
    outer loop
      vertex 1.5529 0.295547 1
      vertex 2.05211 0.138153 1.5
      vertex 1.5529 0.295547 1.5
    endloop
  endfacet
  facet normal -0.300695 -0.95372 -0
    outer loop
      vertex 2.05211 0.138153 1.5
      vertex 1.5529 0.295547 1
      vertex 2.05211 0.138153 1
    endloop
  endfacet
  facet normal 0.608764 -0.793351 0
    outer loop
      vertex -3.85672 -0.903748 1
      vertex -3.44145 -0.585098 1.5
      vertex -3.85672 -0.903748 1.5
    endloop
  endfacet
  facet normal 0.608764 -0.793351 0
    outer loop
      vertex -3.44145 -0.585098 1.5
      vertex -3.85672 -0.903748 1
      vertex -3.44145 -0.585098 1
    endloop
  endfacet
  facet normal -0.608764 -0.793351 0
    outer loop
      vertex 3.44145 -0.585098 1
      vertex 3.85672 -0.903748 1.5
      vertex 3.44145 -0.585098 1.5
    endloop
  endfacet
  facet normal -0.608764 -0.793351 -0
    outer loop
      vertex 3.85672 -0.903748 1.5
      vertex 3.44145 -0.585098 1
      vertex 3.85672 -0.903748 1
    endloop
  endfacet
  facet normal -0.382824 0.923821 0
    outer loop
      vertex 2.53571 -19.9378 1
      vertex 2.05211 -20.1382 1.5
      vertex 2.53571 -19.9378 1.5
    endloop
  endfacet
  facet normal -0.382824 0.923821 0
    outer loop
      vertex 2.05211 -20.1382 1.5
      vertex 2.53571 -19.9378 1
      vertex 2.05211 -20.1382 1
    endloop
  endfacet
  facet normal -0.737279 -0.675589 0
    outer loop
      vertex 4.59625 -1.64328 1
      vertex 4.24263 -1.25737 1.5
      vertex 4.24263 -1.25737 1
    endloop
  endfacet
  facet normal -0.737279 -0.675589 0
    outer loop
      vertex 4.24263 -1.25737 1.5
      vertex 4.59625 -1.64328 1
      vertex 4.59625 -1.64328 1.5
    endloop
  endfacet
  facet normal -0.843406 0.537277 0
    outer loop
      vertex 4.9149 -17.9415 1
      vertex 5.19615 -17.5 1.5
      vertex 5.19615 -17.5 1
    endloop
  endfacet
  facet normal -0.843406 0.537277 0
    outer loop
      vertex 5.19615 -17.5 1.5
      vertex 4.9149 -17.9415 1
      vertex 4.9149 -17.9415 1.5
    endloop
  endfacet
  facet normal -0.0435588 0.999051 0
    outer loop
      vertex 0.522934 -20.4772 1
      vertex 0 -20.5 1.5
      vertex 0.522934 -20.4772 1.5
    endloop
  endfacet
  facet normal -0.0435588 0.999051 0
    outer loop
      vertex 0 -20.5 1.5
      vertex 0.522934 -20.4772 1
      vertex 0 -20.5 1
    endloop
  endfacet
  facet normal 0.461733 -0.887019 0
    outer loop
      vertex -3 -0.303848 1
      vertex -2.53571 -0.0621643 1.5
      vertex -3 -0.303848 1.5
    endloop
  endfacet
  facet normal 0.461733 -0.887019 0
    outer loop
      vertex -2.53571 -0.0621643 1.5
      vertex -3 -0.303848 1
      vertex -2.53571 -0.0621643 1
    endloop
  endfacet
  facet normal 0.843378 -0.53732 0
    outer loop
      vertex -5.19615 -2.5 1.5
      vertex -4.9149 -2.05855 1
      vertex -4.9149 -2.05855 1.5
    endloop
  endfacet
  facet normal 0.843378 -0.53732 0
    outer loop
      vertex -4.9149 -2.05855 1
      vertex -5.19615 -2.5 1.5
      vertex -5.19615 -2.5 1
    endloop
  endfacet
  facet normal 0.887014 -0.461742 0
    outer loop
      vertex -5.43784 -2.96429 1.5
      vertex -5.19615 -2.5 1
      vertex -5.19615 -2.5 1.5
    endloop
  endfacet
  facet normal 0.887014 -0.461742 0
    outer loop
      vertex -5.19615 -2.5 1
      vertex -5.43784 -2.96429 1.5
      vertex -5.43784 -2.96429 1
    endloop
  endfacet
  facet normal -0.53732 -0.843378 0
    outer loop
      vertex 3 -0.303848 1
      vertex 3.44145 -0.585098 1.5
      vertex 3 -0.303848 1.5
    endloop
  endfacet
  facet normal -0.53732 -0.843378 -0
    outer loop
      vertex 3.44145 -0.585098 1.5
      vertex 3 -0.303848 1
      vertex 3.44145 -0.585098 1
    endloop
  endfacet
  facet normal 0.793302 0.608829 0
    outer loop
      vertex -4.59625 -18.3567 1.5
      vertex -4.9149 -17.9415 1
      vertex -4.9149 -17.9415 1.5
    endloop
  endfacet
  facet normal 0.793302 0.608829 0
    outer loop
      vertex -4.9149 -17.9415 1
      vertex -4.59625 -18.3567 1.5
      vertex -4.59625 -18.3567 1
    endloop
  endfacet
  facet normal 0.843406 0.537277 0
    outer loop
      vertex -4.9149 -17.9415 1.5
      vertex -5.19615 -17.5 1
      vertex -5.19615 -17.5 1.5
    endloop
  endfacet
  facet normal 0.843406 0.537277 0
    outer loop
      vertex -5.19615 -17.5 1
      vertex -4.9149 -17.9415 1.5
      vertex -4.9149 -17.9415 1
    endloop
  endfacet
  facet normal -0.887014 -0.461742 0
    outer loop
      vertex 5.43784 -2.96429 1
      vertex 5.19615 -2.5 1.5
      vertex 5.19615 -2.5 1
    endloop
  endfacet
  facet normal -0.887014 -0.461742 0
    outer loop
      vertex 5.19615 -2.5 1.5
      vertex 5.43784 -2.96429 1
      vertex 5.43784 -2.96429 1.5
    endloop
  endfacet
  facet normal 0.300695 -0.95372 0
    outer loop
      vertex -2.05211 0.138153 1
      vertex -1.5529 0.295547 1.5
      vertex -2.05211 0.138153 1.5
    endloop
  endfacet
  facet normal 0.300695 -0.95372 0
    outer loop
      vertex -1.5529 0.295547 1.5
      vertex -2.05211 0.138153 1
      vertex -1.5529 0.295547 1
    endloop
  endfacet
  facet normal 0.923882 -0.382677 0
    outer loop
      vertex -5.63815 -3.44789 1.5
      vertex -5.43784 -2.96429 1
      vertex -5.43784 -2.96429 1.5
    endloop
  endfacet
  facet normal 0.923882 -0.382677 0
    outer loop
      vertex -5.43784 -2.96429 1
      vertex -5.63815 -3.44789 1.5
      vertex -5.63815 -3.44789 1
    endloop
  endfacet
  facet normal -0.923882 -0.382677 0
    outer loop
      vertex 5.63815 -3.44789 1
      vertex 5.43784 -2.96429 1.5
      vertex 5.43784 -2.96429 1
    endloop
  endfacet
  facet normal -0.923882 -0.382677 0
    outer loop
      vertex 5.43784 -2.96429 1.5
      vertex 5.63815 -3.44789 1
      vertex 5.63815 -3.44789 1.5
    endloop
  endfacet
  facet normal -0.461607 0.887084 0
    outer loop
      vertex 3 -19.6962 1
      vertex 2.53571 -19.9378 1.5
      vertex 3 -19.6962 1.5
    endloop
  endfacet
  facet normal -0.461607 0.887084 0
    outer loop
      vertex 2.53571 -19.9378 1.5
      vertex 3 -19.6962 1
      vertex 2.53571 -19.9378 1
    endloop
  endfacet
  facet normal -0.976295 -0.216443 0
    outer loop
      vertex 5.90884 -4.45811 1
      vertex 5.79555 -3.9471 1.5
      vertex 5.79555 -3.9471 1
    endloop
  endfacet
  facet normal -0.976295 -0.216443 0
    outer loop
      vertex 5.79555 -3.9471 1.5
      vertex 5.90884 -4.45811 1
      vertex 5.90884 -4.45811 1.5
    endloop
  endfacet
  facet normal 0.382824 0.923821 -0
    outer loop
      vertex -2.05211 -20.1382 1
      vertex -2.53571 -19.9378 1.5
      vertex -2.05211 -20.1382 1.5
    endloop
  endfacet
  facet normal 0.382824 0.923821 0
    outer loop
      vertex -2.53571 -19.9378 1.5
      vertex -2.05211 -20.1382 1
      vertex -2.53571 -19.9378 1
    endloop
  endfacet
  facet normal -0.130511 -0.991447 0
    outer loop
      vertex 0.522934 0.477158 1
      vertex 1.04189 0.408844 1.5
      vertex 0.522934 0.477158 1.5
    endloop
  endfacet
  facet normal -0.130511 -0.991447 -0
    outer loop
      vertex 1.04189 0.408844 1.5
      vertex 0.522934 0.477158 1
      vertex 1.04189 0.408844 1
    endloop
  endfacet
  facet normal -0.976294 0.216447 0
    outer loop
      vertex 5.79555 -16.0529 1
      vertex 5.90884 -15.5419 1.5
      vertex 5.90884 -15.5419 1
    endloop
  endfacet
  facet normal -0.976294 0.216447 0
    outer loop
      vertex 5.90884 -15.5419 1.5
      vertex 5.79555 -16.0529 1
      vertex 5.79555 -16.0529 1.5
    endloop
  endfacet
  facet normal -0.675672 0.737203 0
    outer loop
      vertex 4.24263 -18.7426 1
      vertex 3.85672 -19.0963 1.5
      vertex 4.24263 -18.7426 1.5
    endloop
  endfacet
  facet normal -0.675672 0.737203 0
    outer loop
      vertex 3.85672 -19.0963 1.5
      vertex 4.24263 -18.7426 1
      vertex 3.85672 -19.0963 1
    endloop
  endfacet
  facet normal -0.608704 0.793398 0
    outer loop
      vertex 3.85672 -19.0963 1
      vertex 3.44145 -19.4149 1.5
      vertex 3.85672 -19.0963 1.5
    endloop
  endfacet
  facet normal -0.608704 0.793398 0
    outer loop
      vertex 3.44145 -19.4149 1.5
      vertex 3.85672 -19.0963 1
      vertex 3.44145 -19.4149 1
    endloop
  endfacet
  facet normal -0.793351 -0.608764 0
    outer loop
      vertex 4.9149 -2.05855 1
      vertex 4.59625 -1.64328 1.5
      vertex 4.59625 -1.64328 1
    endloop
  endfacet
  facet normal -0.793351 -0.608764 0
    outer loop
      vertex 4.59625 -1.64328 1.5
      vertex 4.9149 -2.05855 1
      vertex 4.9149 -2.05855 1.5
    endloop
  endfacet
  facet normal 0.73727 0.675598 0
    outer loop
      vertex -4.24263 -18.7426 1.5
      vertex -4.59625 -18.3567 1
      vertex -4.59625 -18.3567 1.5
    endloop
  endfacet
  facet normal 0.73727 0.675598 0
    outer loop
      vertex -4.59625 -18.3567 1
      vertex -4.24263 -18.7426 1.5
      vertex -4.24263 -18.7426 1
    endloop
  endfacet
  facet normal -0.382689 -0.923877 0
    outer loop
      vertex 2.05211 0.138153 1
      vertex 2.53571 -0.0621643 1.5
      vertex 2.05211 0.138153 1.5
    endloop
  endfacet
  facet normal -0.382689 -0.923877 -0
    outer loop
      vertex 2.53571 -0.0621643 1.5
      vertex 2.05211 0.138153 1
      vertex 2.53571 -0.0621643 1
    endloop
  endfacet
  facet normal -0.843378 -0.53732 0
    outer loop
      vertex 5.19615 -2.5 1
      vertex 4.9149 -2.05855 1.5
      vertex 4.9149 -2.05855 1
    endloop
  endfacet
  facet normal -0.843378 -0.53732 0
    outer loop
      vertex 4.9149 -2.05855 1.5
      vertex 5.19615 -2.5 1
      vertex 5.19615 -2.5 1.5
    endloop
  endfacet
  facet normal -0.953717 -0.300705 0
    outer loop
      vertex 5.79555 -3.9471 1
      vertex 5.63815 -3.44789 1.5
      vertex 5.63815 -3.44789 1
    endloop
  endfacet
  facet normal -0.953717 -0.300705 0
    outer loop
      vertex 5.63815 -3.44789 1.5
      vertex 5.79555 -3.9471 1
      vertex 5.79555 -3.9471 1.5
    endloop
  endfacet
  facet normal -0.461733 -0.887019 0
    outer loop
      vertex 2.53571 -0.0621643 1
      vertex 3 -0.303848 1.5
      vertex 2.53571 -0.0621643 1.5
    endloop
  endfacet
  facet normal -0.461733 -0.887019 -0
    outer loop
      vertex 3 -0.303848 1.5
      vertex 2.53571 -0.0621643 1
      vertex 3 -0.303848 1
    endloop
  endfacet
  facet normal -0.27073 -0.653593 -0.706768
    outer loop
      vertex 2.39413 1.07784 0
      vertex 2.95831 0.844147 0
      vertex 2.05211 0.138153 1
    endloop
  endfacet
  facet normal -0.0308719 -0.706767 -0.706773
    outer loop
      vertex 0.610077 1.47336 0
      vertex 0.522934 0.477158 1
      vertex 0 0.5 1
    endloop
  endfacet
  facet normal 0.521574 0.477945 -0.706774
    outer loop
      vertex -4.59625 -18.3567 1
      vertex -4.24263 -18.7426 1
      vertex -5.3623 -18.9995 0
    endloop
  endfacet
  facet normal -0.701388 0.0923292 -0.706774
    outer loop
      vertex 5.97716 -15.0229 1
      vertex 6.97336 -15.1101 0
      vertex 5.90884 -15.5419 1
    endloop
  endfacet
  facet normal 0.153039 0.690693 -0.706769
    outer loop
      vertex -1.04189 -20.4088 1
      vertex -1.21553 -21.3936 0
      vertex -1.81172 -21.2615 0
    endloop
  endfacet
  facet normal -0.653594 -0.270726 -0.706769
    outer loop
      vertex 6.34415 -2.54169 0
      vertex 6.57784 -3.10587 0
      vertex 5.63815 -3.44789 1
    endloop
  endfacet
  facet normal 0.701388 0.0923292 -0.706774
    outer loop
      vertex -5.97716 -15.0229 1
      vertex -5.90884 -15.5419 1
      vertex -6.97336 -15.1101 0
    endloop
  endfacet
  facet normal 0.477946 -0.521577 -0.706771
    outer loop
      vertex -4.49951 -0.137695 0
      vertex -4.24263 -1.25737 1
      vertex -4.94974 -0.550262 0
    endloop
  endfacet
  facet normal 0.627515 0.326662 -0.706765
    outer loop
      vertex -5.19615 -17.5 1
      vertex -6.06216 -18 0
      vertex -6.34415 -17.4583 0
    endloop
  endfacet
  facet normal -0.653596 -0.270723 -0.706768
    outer loop
      vertex 6.34415 -2.54169 0
      vertex 5.63815 -3.44789 1
      vertex 5.43784 -2.96429 1
    endloop
  endfacet
  facet normal -0.701391 0.0923487 -0.706769
    outer loop
      vertex 6.97336 -15.1101 0
      vertex 6.89365 -15.7155 0
      vertex 5.90884 -15.5419 1
    endloop
  endfacet
  facet normal -0.153128 -0.690674 -0.706769
    outer loop
      vertex 1.21553 1.39365 0
      vertex 1.81172 1.26147 0
      vertex 1.04189 0.408844 1
    endloop
  endfacet
  facet normal 0.706767 0.0308712 -0.706773
    outer loop
      vertex -6 -14.5 1
      vertex -5.97716 -15.0229 1
      vertex -6.97336 -15.1101 0
    endloop
  endfacet
  facet normal -0.521581 -0.477939 -0.706772
    outer loop
      vertex 5.3623 -1.00049 0
      vertex 4.59625 -1.64328 1
      vertex 4.24263 -1.25737 1
    endloop
  endfacet
  facet normal -0.706768 -0.0308695 -0.706772
    outer loop
      vertex 6.97336 -4.88992 0
      vertex 6 -5.5 1
      vertex 5.97716 -4.97707 1
    endloop
  endfacet
  facet normal 0.212725 -0.674704 -0.706769
    outer loop
      vertex -1.81172 1.26147 0
      vertex -1.5529 0.295547 1
      vertex -2.05211 0.138153 1
    endloop
  endfacet
  facet normal 0.270827 0.653554 -0.706767
    outer loop
      vertex -2.53571 -19.9378 1
      vertex -2.05211 -20.1382 1
      vertex -2.95831 -20.8441 0
    endloop
  endfacet
  facet normal 0.0308623 -0.70677 -0.70677
    outer loop
      vertex 0 1.5 0
      vertex 0 0.5 1
      vertex -0.610077 1.47336 0
    endloop
  endfacet
  facet normal 0.380105 0.596663 -0.706763
    outer loop
      vertex -3 -19.6962 1
      vertex -3.5 -20.5622 0
      vertex -4.01503 -20.2341 0
    endloop
  endfacet
  facet normal -0.70677 -0.0308621 -0.70677
    outer loop
      vertex 6.97336 -4.88992 0
      vertex 7 -5.5 0
      vertex 6 -5.5 1
    endloop
  endfacet
  facet normal -0.0923407 -0.701392 -0.706769
    outer loop
      vertex 1.21553 1.39365 0
      vertex 1.04189 0.408844 1
      vertex 0.610077 1.47336 0
    endloop
  endfacet
  facet normal -0.0308623 -0.70677 -0.70677
    outer loop
      vertex 0 1.5 0
      vertex 0.610077 1.47336 0
      vertex 0 0.5 1
    endloop
  endfacet
  facet normal -0.596646 0.380127 -0.706765
    outer loop
      vertex 6.06216 -18 0
      vertex 5.73405 -18.515 0
      vertex 5.19615 -17.5 1
    endloop
  endfacet
  facet normal -0.653599 0.270719 -0.706767
    outer loop
      vertex 6.57784 -16.8941 0
      vertex 6.34415 -17.4583 0
      vertex 5.63815 -16.5521 1
    endloop
  endfacet
  facet normal 0.153128 0.690645 -0.706796
    outer loop
      vertex -1.5529 -20.2955 1
      vertex -1.04189 -20.4088 1
      vertex -1.81172 -21.2615 0
    endloop
  endfacet
  facet normal 0.0308153 0.706771 -0.706771
    outer loop
      vertex -0.522934 -20.4772 1
      vertex 0 -20.5 1
      vertex -0.610077 -21.4734 0
    endloop
  endfacet
  facet normal -0.380105 0.596663 -0.706763
    outer loop
      vertex 4.01503 -20.2341 0
      vertex 3.5 -20.5622 0
      vertex 3 -19.6962 1
    endloop
  endfacet
  facet normal -0.326587 0.627559 -0.70676
    outer loop
      vertex 3 -19.6962 1
      vertex 3.5 -20.5622 0
      vertex 2.95831 -20.8441 0
    endloop
  endfacet
  facet normal 0.270732 -0.653592 -0.706769
    outer loop
      vertex -2.05211 0.138153 1
      vertex -2.53571 -0.0621643 1
      vertex -2.95831 0.844147 0
    endloop
  endfacet
  facet normal -0.674703 -0.212733 -0.706768
    outer loop
      vertex 6.76147 -3.68828 0
      vertex 5.79555 -3.9471 1
      vertex 5.63815 -3.44789 1
    endloop
  endfacet
  facet normal -0.627515 0.326662 -0.706765
    outer loop
      vertex 6.34415 -17.4583 0
      vertex 6.06216 -18 0
      vertex 5.19615 -17.5 1
    endloop
  endfacet
  facet normal 0.430664 -0.561249 -0.706773
    outer loop
      vertex -3.44145 -0.585098 1
      vertex -3.85672 -0.903748 1
      vertex -4.49951 -0.137695 0
    endloop
  endfacet
  facet normal 0.32666 -0.627515 -0.706766
    outer loop
      vertex -2.95831 0.844147 0
      vertex -3 -0.303848 1
      vertex -3.5 0.562164 0
    endloop
  endfacet
  facet normal -0.0308153 0.706771 -0.706771
    outer loop
      vertex 0.522934 -20.4772 1
      vertex 0.610077 -21.4734 0
      vertex 0 -20.5 1
    endloop
  endfacet
  facet normal -0.521566 0.477959 -0.70677
    outer loop
      vertex 5.3623 -18.9995 0
      vertex 4.94974 -19.4497 0
      vertex 4.24263 -18.7426 1
    endloop
  endfacet
  facet normal 0.212812 0.674707 -0.70674
    outer loop
      vertex -2.05211 -20.1382 1
      vertex -1.81172 -21.2615 0
      vertex -2.39413 -21.0778 0
    endloop
  endfacet
  facet normal -0.706767 0.0308712 -0.706773
    outer loop
      vertex 6 -14.5 1
      vertex 6.97336 -15.1101 0
      vertex 5.97716 -15.0229 1
    endloop
  endfacet
  facet normal 0.212601 0.674713 -0.706798
    outer loop
      vertex -1.5529 -20.2955 1
      vertex -1.81172 -21.2615 0
      vertex -2.05211 -20.1382 1
    endloop
  endfacet
  facet normal 0.653596 0.270723 -0.706768
    outer loop
      vertex -5.63815 -16.5521 1
      vertex -5.43784 -17.0357 1
      vertex -6.34415 -17.4583 0
    endloop
  endfacet
  facet normal -0.70677 0.0308611 -0.70677
    outer loop
      vertex 7 -14.5 0
      vertex 6.97336 -15.1101 0
      vertex 6 -14.5 1
    endloop
  endfacet
  facet normal -0.430664 -0.561249 -0.706773
    outer loop
      vertex 4.49951 -0.137695 0
      vertex 3.85672 -0.903748 1
      vertex 3.44145 -0.585098 1
    endloop
  endfacet
  facet normal 0.380163 0.596598 -0.706787
    outer loop
      vertex -3.44145 -19.4149 1
      vertex -3 -19.6962 1
      vertex -4.01503 -20.2341 0
    endloop
  endfacet
  facet normal 0.701391 0.0923487 -0.706769
    outer loop
      vertex -5.90884 -15.5419 1
      vertex -6.89365 -15.7155 0
      vertex -6.97336 -15.1101 0
    endloop
  endfacet
  facet normal 0.0923292 -0.70139 -0.706772
    outer loop
      vertex -0.610077 1.47336 0
      vertex -0.522934 0.477158 1
      vertex -1.04189 0.408844 1
    endloop
  endfacet
  facet normal 0.701391 -0.092341 -0.70677
    outer loop
      vertex -6.89365 -4.28447 0
      vertex -5.90884 -4.45811 1
      vertex -6.97336 -4.88992 0
    endloop
  endfacet
  facet normal 0.596675 0.380102 -0.706754
    outer loop
      vertex -5.19615 -17.5 1
      vertex -4.9149 -17.9415 1
      vertex -5.73405 -18.515 0
    endloop
  endfacet
  facet normal 0.70677 0.0308611 -0.70677
    outer loop
      vertex -6 -14.5 1
      vertex -6.97336 -15.1101 0
      vertex -7 -14.5 0
    endloop
  endfacet
  facet normal 0.15313 -0.690672 -0.706769
    outer loop
      vertex -1.04189 0.408844 1
      vertex -1.5529 0.295547 1
      vertex -1.81172 1.26147 0
    endloop
  endfacet
  facet normal 0.47794 -0.521579 -0.706773
    outer loop
      vertex -3.85672 -0.903748 1
      vertex -4.24263 -1.25737 1
      vertex -4.49951 -0.137695 0
    endloop
  endfacet
  facet normal -0.70139 -0.0923365 -0.706772
    outer loop
      vertex 6.97336 -4.88992 0
      vertex 5.97716 -4.97707 1
      vertex 5.90884 -4.45811 1
    endloop
  endfacet
  facet normal -0.0923292 -0.70139 -0.706772
    outer loop
      vertex 0.610077 1.47336 0
      vertex 1.04189 0.408844 1
      vertex 0.522934 0.477158 1
    endloop
  endfacet
  facet normal -0.030816 0.706771 -0.706771
    outer loop
      vertex 0 -20.5 1
      vertex 0.610077 -21.4734 0
      vertex 0 -21.5 0
    endloop
  endfacet
  facet normal 0.326587 0.627559 -0.70676
    outer loop
      vertex -3 -19.6962 1
      vertex -2.95831 -20.8441 0
      vertex -3.5 -20.5622 0
    endloop
  endfacet
  facet normal 0.521566 0.477959 -0.70677
    outer loop
      vertex -4.24263 -18.7426 1
      vertex -4.94974 -19.4497 0
      vertex -5.3623 -18.9995 0
    endloop
  endfacet
  facet normal -0.707107 0 -0.707107
    outer loop
      vertex 7 -14.5 0
      vertex 6 -5.5 1
      vertex 7 -5.5 0
    endloop
  endfacet
  facet normal -0.707107 -0 -0.707107
    outer loop
      vertex 6 -5.5 1
      vertex 7 -14.5 0
      vertex 6 -14.5 1
    endloop
  endfacet
  facet normal -0.674703 -0.212729 -0.706769
    outer loop
      vertex 6.57784 -3.10587 0
      vertex 6.76147 -3.68828 0
      vertex 5.63815 -3.44789 1
    endloop
  endfacet
  facet normal 0.70139 -0.0923365 -0.706772
    outer loop
      vertex -5.90884 -4.45811 1
      vertex -5.97716 -4.97707 1
      vertex -6.97336 -4.88992 0
    endloop
  endfacet
  facet normal 0.430631 0.561294 -0.706757
    outer loop
      vertex -3.85672 -19.0963 1
      vertex -3.44145 -19.4149 1
      vertex -4.49951 -19.8623 0
    endloop
  endfacet
  facet normal 0.690672 -0.153127 -0.70677
    outer loop
      vertex -6.76147 -3.68828 0
      vertex -5.90884 -4.45811 1
      vertex -6.89365 -4.28447 0
    endloop
  endfacet
  facet normal -0.674704 0.212733 -0.706767
    outer loop
      vertex 6.76147 -16.3117 0
      vertex 6.57784 -16.8941 0
      vertex 5.63815 -16.5521 1
    endloop
  endfacet
  facet normal 0.690676 0.153126 -0.706767
    outer loop
      vertex -5.90884 -15.5419 1
      vertex -6.76147 -16.3117 0
      vertex -6.89365 -15.7155 0
    endloop
  endfacet
  facet normal -0.47794 -0.521579 -0.706773
    outer loop
      vertex 4.49951 -0.137695 0
      vertex 4.24263 -1.25737 1
      vertex 3.85672 -0.903748 1
    endloop
  endfacet
  facet normal 0.38011 -0.596656 -0.706766
    outer loop
      vertex -3.5 0.562164 0
      vertex -3 -0.303848 1
      vertex -4.01503 0.234055 0
    endloop
  endfacet
  facet normal 0.270747 0.653617 -0.70674
    outer loop
      vertex -2.05211 -20.1382 1
      vertex -2.39413 -21.0778 0
      vertex -2.95831 -20.8441 0
    endloop
  endfacet
  facet normal 0.690676 0.153125 -0.706767
    outer loop
      vertex -5.90884 -15.5419 1
      vertex -5.79555 -16.0529 1
      vertex -6.76147 -16.3117 0
    endloop
  endfacet
  facet normal 0.653599 0.270719 -0.706767
    outer loop
      vertex -5.63815 -16.5521 1
      vertex -6.34415 -17.4583 0
      vertex -6.57784 -16.8941 0
    endloop
  endfacet
  facet normal 0.653596 -0.270723 -0.706768
    outer loop
      vertex -5.43784 -2.96429 1
      vertex -5.63815 -3.44789 1
      vertex -6.34415 -2.54169 0
    endloop
  endfacet
  facet normal 0.561249 -0.430665 -0.706772
    outer loop
      vertex -4.59625 -1.64328 1
      vertex -4.9149 -2.05855 1
      vertex -5.3623 -1.00049 0
    endloop
  endfacet
  facet normal -0.270747 0.653617 -0.70674
    outer loop
      vertex 2.95831 -20.8441 0
      vertex 2.39413 -21.0778 0
      vertex 2.05211 -20.1382 1
    endloop
  endfacet
  facet normal -0.596656 -0.380111 -0.706765
    outer loop
      vertex 5.73405 -1.48497 0
      vertex 6.06216 -2 0
      vertex 5.19615 -2.5 1
    endloop
  endfacet
  facet normal -0.690672 -0.153127 -0.70677
    outer loop
      vertex 6.76147 -3.68828 0
      vertex 6.89365 -4.28447 0
      vertex 5.90884 -4.45811 1
    endloop
  endfacet
  facet normal 0.690675 -0.153122 -0.706768
    outer loop
      vertex -5.79555 -3.9471 1
      vertex -5.90884 -4.45811 1
      vertex -6.76147 -3.68828 0
    endloop
  endfacet
  facet normal -0.153128 0.690645 -0.706796
    outer loop
      vertex 1.5529 -20.2955 1
      vertex 1.81172 -21.2615 0
      vertex 1.04189 -20.4088 1
    endloop
  endfacet
  facet normal -0.627517 0.326652 -0.706768
    outer loop
      vertex 5.43784 -17.0357 1
      vertex 6.34415 -17.4583 0
      vertex 5.19615 -17.5 1
    endloop
  endfacet
  facet normal -0.430689 0.561217 -0.706783
    outer loop
      vertex 4.49951 -19.8623 0
      vertex 4.01503 -20.2341 0
      vertex 3.44145 -19.4149 1
    endloop
  endfacet
  facet normal -0.153039 0.690693 -0.706769
    outer loop
      vertex 1.81172 -21.2615 0
      vertex 1.21553 -21.3936 0
      vertex 1.04189 -20.4088 1
    endloop
  endfacet
  facet normal -0.212601 0.674713 -0.706798
    outer loop
      vertex 2.05211 -20.1382 1
      vertex 1.81172 -21.2615 0
      vertex 1.5529 -20.2955 1
    endloop
  endfacet
  facet normal -0.380163 0.596598 -0.706787
    outer loop
      vertex 3.44145 -19.4149 1
      vertex 4.01503 -20.2341 0
      vertex 3 -19.6962 1
    endloop
  endfacet
  facet normal -0.430631 0.561294 -0.706757
    outer loop
      vertex 3.85672 -19.0963 1
      vertex 4.49951 -19.8623 0
      vertex 3.44145 -19.4149 1
    endloop
  endfacet
  facet normal -0.0924432 0.701378 -0.706769
    outer loop
      vertex 1.04189 -20.4088 1
      vertex 1.21553 -21.3936 0
      vertex 0.610077 -21.4734 0
    endloop
  endfacet
  facet normal -0.477946 -0.521577 -0.706771
    outer loop
      vertex 4.49951 -0.137695 0
      vertex 4.94974 -0.550262 0
      vertex 4.24263 -1.25737 1
    endloop
  endfacet
  facet normal 0.52158 -0.477942 -0.706771
    outer loop
      vertex -4.94974 -0.550262 0
      vertex -4.24263 -1.25737 1
      vertex -5.3623 -1.00049 0
    endloop
  endfacet
  facet normal 0.27073 -0.653593 -0.706768
    outer loop
      vertex -2.39413 1.07784 0
      vertex -2.05211 0.138153 1
      vertex -2.95831 0.844147 0
    endloop
  endfacet
  facet normal 0.21273 -0.674704 -0.706768
    outer loop
      vertex -1.81172 1.26147 0
      vertex -2.05211 0.138153 1
      vertex -2.39413 1.07784 0
    endloop
  endfacet
  facet normal 0.561212 0.430708 -0.706776
    outer loop
      vertex -4.9149 -17.9415 1
      vertex -4.59625 -18.3567 1
      vertex -5.3623 -18.9995 0
    endloop
  endfacet
  facet normal 0.326562 0.627565 -0.706767
    outer loop
      vertex -2.53571 -19.9378 1
      vertex -2.95831 -20.8441 0
      vertex -3 -19.6962 1
    endloop
  endfacet
  facet normal -0.653596 0.270723 -0.706768
    outer loop
      vertex 5.63815 -16.5521 1
      vertex 6.34415 -17.4583 0
      vertex 5.43784 -17.0357 1
    endloop
  endfacet
  facet normal -0.690676 0.153126 -0.706767
    outer loop
      vertex 6.89365 -15.7155 0
      vertex 6.76147 -16.3117 0
      vertex 5.90884 -15.5419 1
    endloop
  endfacet
  facet normal 0.0923407 -0.701392 -0.706769
    outer loop
      vertex -0.610077 1.47336 0
      vertex -1.04189 0.408844 1
      vertex -1.21553 1.39365 0
    endloop
  endfacet
  facet normal 0.153128 -0.690674 -0.706769
    outer loop
      vertex -1.21553 1.39365 0
      vertex -1.04189 0.408844 1
      vertex -1.81172 1.26147 0
    endloop
  endfacet
  facet normal 0.627514 -0.326658 -0.706768
    outer loop
      vertex -5.19615 -2.5 1
      vertex -5.43784 -2.96429 1
      vertex -6.34415 -2.54169 0
    endloop
  endfacet
  facet normal 0.380123 -0.596641 -0.706771
    outer loop
      vertex -3 -0.303848 1
      vertex -3.44145 -0.585098 1
      vertex -4.01503 0.234055 0
    endloop
  endfacet
  facet normal 0.43066 -0.561254 -0.706771
    outer loop
      vertex -4.01503 0.234055 0
      vertex -3.44145 -0.585098 1
      vertex -4.49951 -0.137695 0
    endloop
  endfacet
  facet normal -0.561212 0.430708 -0.706776
    outer loop
      vertex 4.9149 -17.9415 1
      vertex 5.3623 -18.9995 0
      vertex 4.59625 -18.3567 1
    endloop
  endfacet
  facet normal -0.0924438 0.701378 -0.706769
    outer loop
      vertex 1.04189 -20.4088 1
      vertex 0.610077 -21.4734 0
      vertex 0.522934 -20.4772 1
    endloop
  endfacet
  facet normal 0.030816 0.706771 -0.706771
    outer loop
      vertex 0 -20.5 1
      vertex 0 -21.5 0
      vertex -0.610077 -21.4734 0
    endloop
  endfacet
  facet normal 0.674703 -0.212729 -0.706769
    outer loop
      vertex -6.57784 -3.10587 0
      vertex -5.63815 -3.44789 1
      vertex -6.76147 -3.68828 0
    endloop
  endfacet
  facet normal 0.0924432 0.701378 -0.706769
    outer loop
      vertex -1.04189 -20.4088 1
      vertex -0.610077 -21.4734 0
      vertex -1.21553 -21.3936 0
    endloop
  endfacet
  facet normal -0.690675 -0.153122 -0.706768
    outer loop
      vertex 6.76147 -3.68828 0
      vertex 5.90884 -4.45811 1
      vertex 5.79555 -3.9471 1
    endloop
  endfacet
  facet normal 0.596642 -0.380124 -0.70677
    outer loop
      vertex -4.9149 -2.05855 1
      vertex -5.19615 -2.5 1
      vertex -5.73405 -1.48497 0
    endloop
  endfacet
  facet normal 0.627517 0.326652 -0.706768
    outer loop
      vertex -5.43784 -17.0357 1
      vertex -5.19615 -17.5 1
      vertex -6.34415 -17.4583 0
    endloop
  endfacet
  facet normal 0.674703 -0.212733 -0.706768
    outer loop
      vertex -5.63815 -3.44789 1
      vertex -5.79555 -3.9471 1
      vertex -6.76147 -3.68828 0
    endloop
  endfacet
  facet normal -0.477967 0.521559 -0.70677
    outer loop
      vertex 4.94974 -19.4497 0
      vertex 4.49951 -19.8623 0
      vertex 4.24263 -18.7426 1
    endloop
  endfacet
  facet normal -0.521574 0.477945 -0.706774
    outer loop
      vertex 4.59625 -18.3567 1
      vertex 5.3623 -18.9995 0
      vertex 4.24263 -18.7426 1
    endloop
  endfacet
  facet normal 0.596656 -0.380111 -0.706765
    outer loop
      vertex -5.73405 -1.48497 0
      vertex -5.19615 -2.5 1
      vertex -6.06216 -2 0
    endloop
  endfacet
  facet normal 0.0924438 0.701378 -0.706769
    outer loop
      vertex -0.522934 -20.4772 1
      vertex -0.610077 -21.4734 0
      vertex -1.04189 -20.4088 1
    endloop
  endfacet
  facet normal -0.478008 0.521538 -0.706757
    outer loop
      vertex 4.24263 -18.7426 1
      vertex 4.49951 -19.8623 0
      vertex 3.85672 -19.0963 1
    endloop
  endfacet
  facet normal -0.561277 0.43066 -0.706753
    outer loop
      vertex 5.73405 -18.515 0
      vertex 5.3623 -18.9995 0
      vertex 4.9149 -17.9415 1
    endloop
  endfacet
  facet normal 0.326651 -0.627517 -0.706768
    outer loop
      vertex -2.95831 0.844147 0
      vertex -2.53571 -0.0621643 1
      vertex -3 -0.303848 1
    endloop
  endfacet
  facet normal -0.270732 -0.653592 -0.706769
    outer loop
      vertex 2.95831 0.844147 0
      vertex 2.53571 -0.0621643 1
      vertex 2.05211 0.138153 1
    endloop
  endfacet
  facet normal -0.596642 -0.380124 -0.70677
    outer loop
      vertex 5.73405 -1.48497 0
      vertex 5.19615 -2.5 1
      vertex 4.9149 -2.05855 1
    endloop
  endfacet
  facet normal -0.596675 0.380102 -0.706754
    outer loop
      vertex 5.19615 -17.5 1
      vertex 5.73405 -18.515 0
      vertex 4.9149 -17.9415 1
    endloop
  endfacet
  facet normal 0.674704 0.212733 -0.706767
    outer loop
      vertex -5.63815 -16.5521 1
      vertex -6.57784 -16.8941 0
      vertex -6.76147 -16.3117 0
    endloop
  endfacet
  facet normal 0.674704 0.212737 -0.706766
    outer loop
      vertex -5.79555 -16.0529 1
      vertex -5.63815 -16.5521 1
      vertex -6.76147 -16.3117 0
    endloop
  endfacet
  facet normal 0.561277 0.43066 -0.706753
    outer loop
      vertex -4.9149 -17.9415 1
      vertex -5.3623 -18.9995 0
      vertex -5.73405 -18.515 0
    endloop
  endfacet
  facet normal -0.701391 -0.092341 -0.70677
    outer loop
      vertex 6.89365 -4.28447 0
      vertex 6.97336 -4.88992 0
      vertex 5.90884 -4.45811 1
    endloop
  endfacet
  facet normal -0.561249 -0.430665 -0.706772
    outer loop
      vertex 5.3623 -1.00049 0
      vertex 4.9149 -2.05855 1
      vertex 4.59625 -1.64328 1
    endloop
  endfacet
  facet normal -0.212812 0.674707 -0.70674
    outer loop
      vertex 2.05211 -20.1382 1
      vertex 2.39413 -21.0778 0
      vertex 1.81172 -21.2615 0
    endloop
  endfacet
  facet normal -0.326562 0.627565 -0.706767
    outer loop
      vertex 3 -19.6962 1
      vertex 2.95831 -20.8441 0
      vertex 2.53571 -19.9378 1
    endloop
  endfacet
  facet normal -0.270827 0.653554 -0.706767
    outer loop
      vertex 2.53571 -19.9378 1
      vertex 2.95831 -20.8441 0
      vertex 2.05211 -20.1382 1
    endloop
  endfacet
  facet normal 0.0308719 -0.706767 -0.706773
    outer loop
      vertex 0 0.5 1
      vertex -0.522934 0.477158 1
      vertex -0.610077 1.47336 0
    endloop
  endfacet
  facet normal 0.653594 -0.270726 -0.706769
    outer loop
      vertex -6.34415 -2.54169 0
      vertex -5.63815 -3.44789 1
      vertex -6.57784 -3.10587 0
    endloop
  endfacet
  facet normal -0.674704 0.212737 -0.706766
    outer loop
      vertex 5.79555 -16.0529 1
      vertex 6.76147 -16.3117 0
      vertex 5.63815 -16.5521 1
    endloop
  endfacet
  facet normal -0.690676 0.153125 -0.706767
    outer loop
      vertex 5.90884 -15.5419 1
      vertex 6.76147 -16.3117 0
      vertex 5.79555 -16.0529 1
    endloop
  endfacet
  facet normal 0.70677 -0.0308621 -0.70677
    outer loop
      vertex -6.97336 -4.88992 0
      vertex -6 -5.5 1
      vertex -7 -5.5 0
    endloop
  endfacet
  facet normal 0.521581 -0.477939 -0.706772
    outer loop
      vertex -4.24263 -1.25737 1
      vertex -4.59625 -1.64328 1
      vertex -5.3623 -1.00049 0
    endloop
  endfacet
  facet normal 0.478008 0.521538 -0.706757
    outer loop
      vertex -4.24263 -18.7426 1
      vertex -3.85672 -19.0963 1
      vertex -4.49951 -19.8623 0
    endloop
  endfacet
  facet normal 0.707107 0 -0.707107
    outer loop
      vertex -6 -14.5 1
      vertex -7 -5.5 0
      vertex -6 -5.5 1
    endloop
  endfacet
  facet normal 0.707107 0 -0.707107
    outer loop
      vertex -7 -5.5 0
      vertex -6 -14.5 1
      vertex -7 -14.5 0
    endloop
  endfacet
  facet normal 0.596646 0.380127 -0.706765
    outer loop
      vertex -5.19615 -17.5 1
      vertex -5.73405 -18.515 0
      vertex -6.06216 -18 0
    endloop
  endfacet
  facet normal 0.706768 -0.0308695 -0.706772
    outer loop
      vertex -5.97716 -4.97707 1
      vertex -6 -5.5 1
      vertex -6.97336 -4.88992 0
    endloop
  endfacet
  facet normal -0.326651 -0.627517 -0.706768
    outer loop
      vertex 2.95831 0.844147 0
      vertex 3 -0.303848 1
      vertex 2.53571 -0.0621643 1
    endloop
  endfacet
  facet normal 0.477967 0.521559 -0.70677
    outer loop
      vertex -4.24263 -18.7426 1
      vertex -4.49951 -19.8623 0
      vertex -4.94974 -19.4497 0
    endloop
  endfacet
  facet normal -0.561255 -0.430661 -0.70677
    outer loop
      vertex 5.3623 -1.00049 0
      vertex 5.73405 -1.48497 0
      vertex 4.9149 -2.05855 1
    endloop
  endfacet
  facet normal 0.627512 -0.326667 -0.706765
    outer loop
      vertex -6.06216 -2 0
      vertex -5.19615 -2.5 1
      vertex -6.34415 -2.54169 0
    endloop
  endfacet
  facet normal 0.561255 -0.430661 -0.70677
    outer loop
      vertex -5.3623 -1.00049 0
      vertex -4.9149 -2.05855 1
      vertex -5.73405 -1.48497 0
    endloop
  endfacet
  facet normal -0.212725 -0.674704 -0.706769
    outer loop
      vertex 1.81172 1.26147 0
      vertex 2.05211 0.138153 1
      vertex 1.5529 0.295547 1
    endloop
  endfacet
  facet normal -0.15313 -0.690672 -0.706769
    outer loop
      vertex 1.81172 1.26147 0
      vertex 1.5529 0.295547 1
      vertex 1.04189 0.408844 1
    endloop
  endfacet
  facet normal -0.32666 -0.627515 -0.706766
    outer loop
      vertex 3.5 0.562164 0
      vertex 3 -0.303848 1
      vertex 2.95831 0.844147 0
    endloop
  endfacet
  facet normal 0.430689 0.561217 -0.706783
    outer loop
      vertex -3.44145 -19.4149 1
      vertex -4.01503 -20.2341 0
      vertex -4.49951 -19.8623 0
    endloop
  endfacet
  facet normal -0.627512 -0.326667 -0.706765
    outer loop
      vertex 6.06216 -2 0
      vertex 6.34415 -2.54169 0
      vertex 5.19615 -2.5 1
    endloop
  endfacet
  facet normal -0.627514 -0.326658 -0.706768
    outer loop
      vertex 6.34415 -2.54169 0
      vertex 5.43784 -2.96429 1
      vertex 5.19615 -2.5 1
    endloop
  endfacet
  facet normal -0.38011 -0.596656 -0.706766
    outer loop
      vertex 3.5 0.562164 0
      vertex 4.01503 0.234055 0
      vertex 3 -0.303848 1
    endloop
  endfacet
  facet normal -0.380123 -0.596641 -0.706771
    outer loop
      vertex 4.01503 0.234055 0
      vertex 3.44145 -0.585098 1
      vertex 3 -0.303848 1
    endloop
  endfacet
  facet normal -0.43066 -0.561254 -0.706771
    outer loop
      vertex 4.01503 0.234055 0
      vertex 4.49951 -0.137695 0
      vertex 3.44145 -0.585098 1
    endloop
  endfacet
  facet normal -0.52158 -0.477942 -0.706771
    outer loop
      vertex 4.94974 -0.550262 0
      vertex 5.3623 -1.00049 0
      vertex 4.24263 -1.25737 1
    endloop
  endfacet
  facet normal -0.21273 -0.674704 -0.706768
    outer loop
      vertex 2.39413 1.07784 0
      vertex 2.05211 0.138153 1
      vertex 1.81172 1.26147 0
    endloop
  endfacet
  facet normal 0.043591 -0.999049 0
    outer loop
      vertex -0.618805 26.873 0.799999
      vertex 0 26.9 3.3
      vertex -0.618805 26.873 3.3
    endloop
  endfacet
  facet normal 0.043591 -0.999049 0
    outer loop
      vertex 0 26.9 3.3
      vertex -0.618805 26.873 0.799999
      vertex 0 26.9 0.799999
    endloop
  endfacet
  facet normal -0.991444 -0.13053 0
    outer loop
      vertex 7.07298 20.4188 0.799999
      vertex 6.99213 21.0329 3.3
      vertex 6.99213 21.0329 0.799999
    endloop
  endfacet
  facet normal -0.991444 -0.13053 0
    outer loop
      vertex 6.99213 21.0329 3.3
      vertex 7.07298 20.4188 0.799999
      vertex 7.07298 20.4188 3.3
    endloop
  endfacet
  facet normal -0.999048 -0.0436236 0
    outer loop
      vertex 7.1 19.8 0.799999
      vertex 7.07298 20.4188 3.3
      vertex 7.07298 20.4188 0.799999
    endloop
  endfacet
  facet normal -0.999048 -0.0436236 0
    outer loop
      vertex 7.07298 20.4188 3.3
      vertex 7.1 19.8 0.799999
      vertex 7.1 19.8 3.3
    endloop
  endfacet
  facet normal -0.976296 -0.216442 0
    outer loop
      vertex 6.99213 21.0329 0.799999
      vertex 6.85807 21.6376 3.3
      vertex 6.85807 21.6376 0.799999
    endloop
  endfacet
  facet normal -0.976296 -0.216442 0
    outer loop
      vertex 6.85807 21.6376 3.3
      vertex 6.99213 21.0329 0.799999
      vertex 6.99213 21.0329 3.3
    endloop
  endfacet
  facet normal 0.923888 -0.382664 0
    outer loop
      vertex -6.67182 22.2283 3.3
      vertex -6.43478 22.8006 0.799999
      vertex -6.43478 22.8006 3.3
    endloop
  endfacet
  facet normal 0.923888 -0.382664 0
    outer loop
      vertex -6.43478 22.8006 0.799999
      vertex -6.67182 22.2283 3.3
      vertex -6.67182 22.2283 0.799999
    endloop
  endfacet
  facet normal 0.13061 -0.991434 0
    outer loop
      vertex -1.2329 26.7921 0.799999
      vertex -0.618805 26.873 3.3
      vertex -1.2329 26.7921 3.3
    endloop
  endfacet
  facet normal 0.13061 -0.991434 0
    outer loop
      vertex -0.618805 26.873 3.3
      vertex -1.2329 26.7921 0.799999
      vertex -0.618805 26.873 0.799999
    endloop
  endfacet
  facet normal -0.843395 -0.537293 0
    outer loop
      vertex 6.14878 23.35 0.799999
      vertex 5.81598 23.8724 3.3
      vertex 5.81598 23.8724 0.799999
    endloop
  endfacet
  facet normal -0.843395 -0.537293 0
    outer loop
      vertex 5.81598 23.8724 3.3
      vertex 6.14878 23.35 0.799999
      vertex 6.14878 23.35 3.3
    endloop
  endfacet
  facet normal 0.999048 0.0436236 0
    outer loop
      vertex -7.07298 19.1812 3.3
      vertex -7.1 19.8 0.799999
      vertex -7.1 19.8 3.3
    endloop
  endfacet
  facet normal 0.999048 0.0436236 0
    outer loop
      vertex -7.1 19.8 0.799999
      vertex -7.07298 19.1812 3.3
      vertex -7.07298 19.1812 0.799999
    endloop
  endfacet
  facet normal -0.608798 -0.793326 0
    outer loop
      vertex 4.07239 25.616 0.799999
      vertex 4.56379 25.2389 3.3
      vertex 4.07239 25.616 3.3
    endloop
  endfacet
  facet normal -0.608798 -0.793326 -0
    outer loop
      vertex 4.56379 25.2389 3.3
      vertex 4.07239 25.616 0.799999
      vertex 4.56379 25.2389 0.799999
    endloop
  endfacet
  facet normal -0.999048 0.0436236 0
    outer loop
      vertex 7.07298 19.1812 0.799999
      vertex 7.1 19.8 3.3
      vertex 7.1 19.8 0.799999
    endloop
  endfacet
  facet normal -0.999048 0.0436236 0
    outer loop
      vertex 7.1 19.8 3.3
      vertex 7.07298 19.1812 0.799999
      vertex 7.07298 19.1812 3.3
    endloop
  endfacet
  facet normal 0.216342 -0.976318 0
    outer loop
      vertex -1.83762 26.6581 0.799999
      vertex -1.2329 26.7921 3.3
      vertex -1.83762 26.6581 3.3
    endloop
  endfacet
  facet normal 0.216342 -0.976318 0
    outer loop
      vertex -1.2329 26.7921 3.3
      vertex -1.83762 26.6581 0.799999
      vertex -1.2329 26.7921 0.799999
    endloop
  endfacet
  facet normal 0.976296 -0.216442 0
    outer loop
      vertex -6.99213 21.0329 3.3
      vertex -6.85807 21.6376 0.799999
      vertex -6.85807 21.6376 3.3
    endloop
  endfacet
  facet normal 0.976296 -0.216442 0
    outer loop
      vertex -6.85807 21.6376 0.799999
      vertex -6.99213 21.0329 3.3
      vertex -6.99213 21.0329 0.799999
    endloop
  endfacet
  facet normal -0.461743 -0.887014 0
    outer loop
      vertex 3.00059 26.2348 0.799999
      vertex 3.55 25.9488 3.3
      vertex 3.00059 26.2348 3.3
    endloop
  endfacet
  facet normal -0.461743 -0.887014 -0
    outer loop
      vertex 3.55 25.9488 3.3
      vertex 3.00059 26.2348 0.799999
      vertex 3.55 25.9488 0.799999
    endloop
  endfacet
  facet normal -0.461743 0.887014 0
    outer loop
      vertex 3.55 13.6512 0.799999
      vertex 3.00059 13.3652 3.3
      vertex 3.55 13.6512 3.3
    endloop
  endfacet
  facet normal -0.461743 0.887014 0
    outer loop
      vertex 3.00059 13.3652 3.3
      vertex 3.55 13.6512 0.799999
      vertex 3.00059 13.3652 0.799999
    endloop
  endfacet
  facet normal 0.382637 -0.923899 0
    outer loop
      vertex -3.00059 26.2348 0.799999
      vertex -2.42834 26.4718 3.3
      vertex -3.00059 26.2348 3.3
    endloop
  endfacet
  facet normal 0.382637 -0.923899 0
    outer loop
      vertex -2.42834 26.4718 3.3
      vertex -3.00059 26.2348 0.799999
      vertex -2.42834 26.4718 0.799999
    endloop
  endfacet
  facet normal 0.887011 -0.461749 0
    outer loop
      vertex -6.43478 22.8006 3.3
      vertex -6.14878 23.35 0.799999
      vertex -6.14878 23.35 3.3
    endloop
  endfacet
  facet normal 0.887011 -0.461749 0
    outer loop
      vertex -6.14878 23.35 0.799999
      vertex -6.43478 22.8006 3.3
      vertex -6.43478 22.8006 0.799999
    endloop
  endfacet
  facet normal 0.382637 0.923899 -0
    outer loop
      vertex -2.42834 13.1282 0.799999
      vertex -3.00059 13.3652 3.3
      vertex -2.42834 13.1282 3.3
    endloop
  endfacet
  facet normal 0.382637 0.923899 0
    outer loop
      vertex -3.00059 13.3652 3.3
      vertex -2.42834 13.1282 0.799999
      vertex -3.00059 13.3652 0.799999
    endloop
  endfacet
  facet normal -0.608798 0.793326 0
    outer loop
      vertex 4.56379 14.3611 0.799999
      vertex 4.07239 13.984 3.3
      vertex 4.56379 14.3611 3.3
    endloop
  endfacet
  facet normal -0.608798 0.793326 0
    outer loop
      vertex 4.07239 13.984 3.3
      vertex 4.56379 14.3611 0.799999
      vertex 4.07239 13.984 0.799999
    endloop
  endfacet
  facet normal 0.7373 0.675565 0
    outer loop
      vertex -5.02046 14.7795 3.3
      vertex -5.43892 15.2362 0.799999
      vertex -5.43892 15.2362 3.3
    endloop
  endfacet
  facet normal 0.7373 0.675565 0
    outer loop
      vertex -5.43892 15.2362 0.799999
      vertex -5.02046 14.7795 3.3
      vertex -5.02046 14.7795 0.799999
    endloop
  endfacet
  facet normal 0.887011 0.461749 0
    outer loop
      vertex -6.14878 16.25 3.3
      vertex -6.43478 16.7994 0.799999
      vertex -6.43478 16.7994 3.3
    endloop
  endfacet
  facet normal 0.887011 0.461749 0
    outer loop
      vertex -6.43478 16.7994 0.799999
      vertex -6.14878 16.25 3.3
      vertex -6.14878 16.25 0.799999
    endloop
  endfacet
  facet normal -0.991444 0.13053 0
    outer loop
      vertex 6.99213 18.5671 0.799999
      vertex 7.07298 19.1812 3.3
      vertex 7.07298 19.1812 0.799999
    endloop
  endfacet
  facet normal -0.991444 0.13053 0
    outer loop
      vertex 7.07298 19.1812 3.3
      vertex 6.99213 18.5671 0.799999
      vertex 6.99213 18.5671 3.3
    endloop
  endfacet
  facet normal -0.675537 -0.737326 0
    outer loop
      vertex 4.56379 25.2389 0.799999
      vertex 5.02046 24.8205 3.3
      vertex 4.56379 25.2389 3.3
    endloop
  endfacet
  facet normal -0.675537 -0.737326 -0
    outer loop
      vertex 5.02046 24.8205 3.3
      vertex 4.56379 25.2389 0.799999
      vertex 5.02046 24.8205 0.799999
    endloop
  endfacet
  facet normal -0.382637 -0.923899 0
    outer loop
      vertex 2.42834 26.4718 0.799999
      vertex 3.00059 26.2348 3.3
      vertex 2.42834 26.4718 3.3
    endloop
  endfacet
  facet normal -0.382637 -0.923899 -0
    outer loop
      vertex 3.00059 26.2348 3.3
      vertex 2.42834 26.4718 0.799999
      vertex 3.00059 26.2348 0.799999
    endloop
  endfacet
  facet normal -0.537301 0.843391 0
    outer loop
      vertex 4.07239 13.984 0.799999
      vertex 3.55 13.6512 3.3
      vertex 4.07239 13.984 3.3
    endloop
  endfacet
  facet normal -0.537301 0.843391 0
    outer loop
      vertex 3.55 13.6512 3.3
      vertex 4.07239 13.984 0.799999
      vertex 3.55 13.6512 0.799999
    endloop
  endfacet
  facet normal -0.537301 -0.843391 0
    outer loop
      vertex 3.55 25.9488 0.799999
      vertex 4.07239 25.616 3.3
      vertex 3.55 25.9488 3.3
    endloop
  endfacet
  facet normal -0.537301 -0.843391 -0
    outer loop
      vertex 4.07239 25.616 3.3
      vertex 3.55 25.9488 0.799999
      vertex 4.07239 25.616 0.799999
    endloop
  endfacet
  facet normal 0.300774 -0.953695 0
    outer loop
      vertex -2.42834 26.4718 0.799999
      vertex -1.83762 26.6581 3.3
      vertex -2.42834 26.4718 3.3
    endloop
  endfacet
  facet normal 0.300774 -0.953695 0
    outer loop
      vertex -1.83762 26.6581 3.3
      vertex -2.42834 26.4718 0.799999
      vertex -1.83762 26.6581 0.799999
    endloop
  endfacet
  facet normal 0.675537 -0.737326 0
    outer loop
      vertex -5.02046 24.8205 0.799999
      vertex -4.56379 25.2389 3.3
      vertex -5.02046 24.8205 3.3
    endloop
  endfacet
  facet normal 0.675537 -0.737326 0
    outer loop
      vertex -4.56379 25.2389 3.3
      vertex -5.02046 24.8205 0.799999
      vertex -4.56379 25.2389 0.799999
    endloop
  endfacet
  facet normal -0.923888 -0.382664 0
    outer loop
      vertex 6.67182 22.2283 0.799999
      vertex 6.43478 22.8006 3.3
      vertex 6.43478 22.8006 0.799999
    endloop
  endfacet
  facet normal -0.923888 -0.382664 0
    outer loop
      vertex 6.43478 22.8006 3.3
      vertex 6.67182 22.2283 0.799999
      vertex 6.67182 22.2283 3.3
    endloop
  endfacet
  facet normal 0.216342 0.976318 -0
    outer loop
      vertex -1.2329 12.8079 0.799999
      vertex -1.83762 12.9419 3.3
      vertex -1.2329 12.8079 3.3
    endloop
  endfacet
  facet normal 0.216342 0.976318 0
    outer loop
      vertex -1.83762 12.9419 3.3
      vertex -1.2329 12.8079 0.799999
      vertex -1.83762 12.9419 0.799999
    endloop
  endfacet
  facet normal -0.953716 0.30071 0
    outer loop
      vertex 6.67182 17.3717 0.799999
      vertex 6.85807 17.9624 3.3
      vertex 6.85807 17.9624 0.799999
    endloop
  endfacet
  facet normal -0.953716 0.30071 0
    outer loop
      vertex 6.85807 17.9624 3.3
      vertex 6.67182 17.3717 0.799999
      vertex 6.67182 17.3717 3.3
    endloop
  endfacet
  facet normal -0.043591 -0.999049 0
    outer loop
      vertex 0 26.9 0.799999
      vertex 0.618805 26.873 3.3
      vertex 0 26.9 3.3
    endloop
  endfacet
  facet normal -0.043591 -0.999049 -0
    outer loop
      vertex 0.618805 26.873 3.3
      vertex 0 26.9 0.799999
      vertex 0.618805 26.873 0.799999
    endloop
  endfacet
  facet normal 0.608798 0.793326 -0
    outer loop
      vertex -4.07239 13.984 0.799999
      vertex -4.56379 14.3611 3.3
      vertex -4.07239 13.984 3.3
    endloop
  endfacet
  facet normal 0.608798 0.793326 0
    outer loop
      vertex -4.56379 14.3611 3.3
      vertex -4.07239 13.984 0.799999
      vertex -4.56379 14.3611 0.799999
    endloop
  endfacet
  facet normal -0.13061 0.991434 0
    outer loop
      vertex 1.2329 12.8079 0.799999
      vertex 0.618805 12.727 3.3
      vertex 1.2329 12.8079 3.3
    endloop
  endfacet
  facet normal -0.13061 0.991434 0
    outer loop
      vertex 0.618805 12.727 3.3
      vertex 1.2329 12.8079 0.799999
      vertex 0.618805 12.727 0.799999
    endloop
  endfacet
  facet normal 0.953716 -0.30071 0
    outer loop
      vertex -6.85807 21.6376 3.3
      vertex -6.67182 22.2283 0.799999
      vertex -6.67182 22.2283 3.3
    endloop
  endfacet
  facet normal 0.953716 -0.30071 0
    outer loop
      vertex -6.67182 22.2283 0.799999
      vertex -6.85807 21.6376 3.3
      vertex -6.85807 21.6376 0.799999
    endloop
  endfacet
  facet normal 0.7373 -0.675565 0
    outer loop
      vertex -5.43892 24.3638 3.3
      vertex -5.02046 24.8205 0.799999
      vertex -5.02046 24.8205 3.3
    endloop
  endfacet
  facet normal 0.7373 -0.675565 0
    outer loop
      vertex -5.02046 24.8205 0.799999
      vertex -5.43892 24.3638 3.3
      vertex -5.43892 24.3638 0.799999
    endloop
  endfacet
  facet normal -0.793357 0.608757 0
    outer loop
      vertex 5.43892 15.2362 0.799999
      vertex 5.81598 15.7276 3.3
      vertex 5.81598 15.7276 0.799999
    endloop
  endfacet
  facet normal -0.793357 0.608757 0
    outer loop
      vertex 5.81598 15.7276 3.3
      vertex 5.43892 15.2362 0.799999
      vertex 5.43892 15.2362 3.3
    endloop
  endfacet
  facet normal -0.953716 -0.30071 0
    outer loop
      vertex 6.85807 21.6376 0.799999
      vertex 6.67182 22.2283 3.3
      vertex 6.67182 22.2283 0.799999
    endloop
  endfacet
  facet normal -0.953716 -0.30071 0
    outer loop
      vertex 6.67182 22.2283 3.3
      vertex 6.85807 21.6376 0.799999
      vertex 6.85807 21.6376 3.3
    endloop
  endfacet
  facet normal -0.976296 0.216442 0
    outer loop
      vertex 6.85807 17.9624 0.799999
      vertex 6.99213 18.5671 3.3
      vertex 6.99213 18.5671 0.799999
    endloop
  endfacet
  facet normal -0.976296 0.216442 0
    outer loop
      vertex 6.99213 18.5671 3.3
      vertex 6.85807 17.9624 0.799999
      vertex 6.85807 17.9624 3.3
    endloop
  endfacet
  facet normal -0.382637 0.923899 0
    outer loop
      vertex 3.00059 13.3652 0.799999
      vertex 2.42834 13.1282 3.3
      vertex 3.00059 13.3652 3.3
    endloop
  endfacet
  facet normal -0.382637 0.923899 0
    outer loop
      vertex 2.42834 13.1282 3.3
      vertex 3.00059 13.3652 0.799999
      vertex 2.42834 13.1282 0.799999
    endloop
  endfacet
  facet normal -0.793357 -0.608757 0
    outer loop
      vertex 5.81598 23.8724 0.799999
      vertex 5.43892 24.3638 3.3
      vertex 5.43892 24.3638 0.799999
    endloop
  endfacet
  facet normal -0.793357 -0.608757 0
    outer loop
      vertex 5.43892 24.3638 3.3
      vertex 5.81598 23.8724 0.799999
      vertex 5.81598 23.8724 3.3
    endloop
  endfacet
  facet normal -0.887011 -0.461749 0
    outer loop
      vertex 6.43478 22.8006 0.799999
      vertex 6.14878 23.35 3.3
      vertex 6.14878 23.35 0.799999
    endloop
  endfacet
  facet normal -0.887011 -0.461749 0
    outer loop
      vertex 6.14878 23.35 3.3
      vertex 6.43478 22.8006 0.799999
      vertex 6.43478 22.8006 3.3
    endloop
  endfacet
  facet normal 0.461743 0.887014 -0
    outer loop
      vertex -3.00059 13.3652 0.799999
      vertex -3.55 13.6512 3.3
      vertex -3.00059 13.3652 3.3
    endloop
  endfacet
  facet normal 0.461743 0.887014 0
    outer loop
      vertex -3.55 13.6512 3.3
      vertex -3.00059 13.3652 0.799999
      vertex -3.55 13.6512 0.799999
    endloop
  endfacet
  facet normal 0.608798 -0.793326 0
    outer loop
      vertex -4.56379 25.2389 0.799999
      vertex -4.07239 25.616 3.3
      vertex -4.56379 25.2389 3.3
    endloop
  endfacet
  facet normal 0.608798 -0.793326 0
    outer loop
      vertex -4.07239 25.616 3.3
      vertex -4.56379 25.2389 0.799999
      vertex -4.07239 25.616 0.799999
    endloop
  endfacet
  facet normal -0.216342 -0.976318 0
    outer loop
      vertex 1.2329 26.7921 0.799999
      vertex 1.83762 26.6581 3.3
      vertex 1.2329 26.7921 3.3
    endloop
  endfacet
  facet normal -0.216342 -0.976318 -0
    outer loop
      vertex 1.83762 26.6581 3.3
      vertex 1.2329 26.7921 0.799999
      vertex 1.83762 26.6581 0.799999
    endloop
  endfacet
  facet normal -0.887011 0.461749 0
    outer loop
      vertex 6.14878 16.25 0.799999
      vertex 6.43478 16.7994 3.3
      vertex 6.43478 16.7994 0.799999
    endloop
  endfacet
  facet normal -0.887011 0.461749 0
    outer loop
      vertex 6.43478 16.7994 3.3
      vertex 6.14878 16.25 0.799999
      vertex 6.14878 16.25 3.3
    endloop
  endfacet
  facet normal 0.793357 0.608757 0
    outer loop
      vertex -5.43892 15.2362 3.3
      vertex -5.81598 15.7276 0.799999
      vertex -5.81598 15.7276 3.3
    endloop
  endfacet
  facet normal 0.793357 0.608757 0
    outer loop
      vertex -5.81598 15.7276 0.799999
      vertex -5.43892 15.2362 3.3
      vertex -5.43892 15.2362 0.799999
    endloop
  endfacet
  facet normal 0.923888 0.382664 0
    outer loop
      vertex -6.43478 16.7994 3.3
      vertex -6.67182 17.3717 0.799999
      vertex -6.67182 17.3717 3.3
    endloop
  endfacet
  facet normal 0.923888 0.382664 0
    outer loop
      vertex -6.67182 17.3717 0.799999
      vertex -6.43478 16.7994 3.3
      vertex -6.43478 16.7994 0.799999
    endloop
  endfacet
  facet normal 0.953716 0.30071 0
    outer loop
      vertex -6.67182 17.3717 3.3
      vertex -6.85807 17.9624 0.799999
      vertex -6.85807 17.9624 3.3
    endloop
  endfacet
  facet normal 0.953716 0.30071 0
    outer loop
      vertex -6.85807 17.9624 0.799999
      vertex -6.67182 17.3717 3.3
      vertex -6.67182 17.3717 0.799999
    endloop
  endfacet
  facet normal -0.300774 0.953695 0
    outer loop
      vertex 2.42834 13.1282 0.799999
      vertex 1.83762 12.9419 3.3
      vertex 2.42834 13.1282 3.3
    endloop
  endfacet
  facet normal -0.300774 0.953695 0
    outer loop
      vertex 1.83762 12.9419 3.3
      vertex 2.42834 13.1282 0.799999
      vertex 1.83762 12.9419 0.799999
    endloop
  endfacet
  facet normal 0.461743 -0.887014 0
    outer loop
      vertex -3.55 25.9488 0.799999
      vertex -3.00059 26.2348 3.3
      vertex -3.55 25.9488 3.3
    endloop
  endfacet
  facet normal 0.461743 -0.887014 0
    outer loop
      vertex -3.00059 26.2348 3.3
      vertex -3.55 25.9488 0.799999
      vertex -3.00059 26.2348 0.799999
    endloop
  endfacet
  facet normal -0.675537 0.737326 0
    outer loop
      vertex 5.02046 14.7795 0.799999
      vertex 4.56379 14.3611 3.3
      vertex 5.02046 14.7795 3.3
    endloop
  endfacet
  facet normal -0.675537 0.737326 0
    outer loop
      vertex 4.56379 14.3611 3.3
      vertex 5.02046 14.7795 0.799999
      vertex 4.56379 14.3611 0.799999
    endloop
  endfacet
  facet normal 0.675537 0.737326 -0
    outer loop
      vertex -4.56379 14.3611 0.799999
      vertex -5.02046 14.7795 3.3
      vertex -4.56379 14.3611 3.3
    endloop
  endfacet
  facet normal 0.675537 0.737326 0
    outer loop
      vertex -5.02046 14.7795 3.3
      vertex -4.56379 14.3611 0.799999
      vertex -5.02046 14.7795 0.799999
    endloop
  endfacet
  facet normal -0.043591 0.999049 0
    outer loop
      vertex 0.618805 12.727 0.799999
      vertex 0 12.7 3.3
      vertex 0.618805 12.727 3.3
    endloop
  endfacet
  facet normal -0.043591 0.999049 0
    outer loop
      vertex 0 12.7 3.3
      vertex 0.618805 12.727 0.799999
      vertex 0 12.7 0.799999
    endloop
  endfacet
  facet normal 0.793357 -0.608757 0
    outer loop
      vertex -5.81598 23.8724 3.3
      vertex -5.43892 24.3638 0.799999
      vertex -5.43892 24.3638 3.3
    endloop
  endfacet
  facet normal 0.793357 -0.608757 0
    outer loop
      vertex -5.43892 24.3638 0.799999
      vertex -5.81598 23.8724 3.3
      vertex -5.81598 23.8724 0.799999
    endloop
  endfacet
  facet normal -0.13061 -0.991434 0
    outer loop
      vertex 0.618805 26.873 0.799999
      vertex 1.2329 26.7921 3.3
      vertex 0.618805 26.873 3.3
    endloop
  endfacet
  facet normal -0.13061 -0.991434 -0
    outer loop
      vertex 1.2329 26.7921 3.3
      vertex 0.618805 26.873 0.799999
      vertex 1.2329 26.7921 0.799999
    endloop
  endfacet
  facet normal 0.537301 -0.843391 0
    outer loop
      vertex -4.07239 25.616 0.799999
      vertex -3.55 25.9488 3.3
      vertex -4.07239 25.616 3.3
    endloop
  endfacet
  facet normal 0.537301 -0.843391 0
    outer loop
      vertex -3.55 25.9488 3.3
      vertex -4.07239 25.616 0.799999
      vertex -3.55 25.9488 0.799999
    endloop
  endfacet
  facet normal 0.976296 0.216442 0
    outer loop
      vertex -6.85807 17.9624 3.3
      vertex -6.99213 18.5671 0.799999
      vertex -6.99213 18.5671 3.3
    endloop
  endfacet
  facet normal 0.976296 0.216442 0
    outer loop
      vertex -6.99213 18.5671 0.799999
      vertex -6.85807 17.9624 3.3
      vertex -6.85807 17.9624 0.799999
    endloop
  endfacet
  facet normal -0.300774 -0.953695 0
    outer loop
      vertex 1.83762 26.6581 0.799999
      vertex 2.42834 26.4718 3.3
      vertex 1.83762 26.6581 3.3
    endloop
  endfacet
  facet normal -0.300774 -0.953695 -0
    outer loop
      vertex 2.42834 26.4718 3.3
      vertex 1.83762 26.6581 0.799999
      vertex 2.42834 26.4718 0.799999
    endloop
  endfacet
  facet normal -0.7373 -0.675565 0
    outer loop
      vertex 5.43892 24.3638 0.799999
      vertex 5.02046 24.8205 3.3
      vertex 5.02046 24.8205 0.799999
    endloop
  endfacet
  facet normal -0.7373 -0.675565 0
    outer loop
      vertex 5.02046 24.8205 3.3
      vertex 5.43892 24.3638 0.799999
      vertex 5.43892 24.3638 3.3
    endloop
  endfacet
  facet normal -0.923888 0.382664 0
    outer loop
      vertex 6.43478 16.7994 0.799999
      vertex 6.67182 17.3717 3.3
      vertex 6.67182 17.3717 0.799999
    endloop
  endfacet
  facet normal -0.923888 0.382664 0
    outer loop
      vertex 6.67182 17.3717 3.3
      vertex 6.43478 16.7994 0.799999
      vertex 6.43478 16.7994 3.3
    endloop
  endfacet
  facet normal -0.216342 0.976318 0
    outer loop
      vertex 1.83762 12.9419 0.799999
      vertex 1.2329 12.8079 3.3
      vertex 1.83762 12.9419 3.3
    endloop
  endfacet
  facet normal -0.216342 0.976318 0
    outer loop
      vertex 1.2329 12.8079 3.3
      vertex 1.83762 12.9419 0.799999
      vertex 1.2329 12.8079 0.799999
    endloop
  endfacet
  facet normal 0.843395 0.537293 0
    outer loop
      vertex -5.81598 15.7276 3.3
      vertex -6.14878 16.25 0.799999
      vertex -6.14878 16.25 3.3
    endloop
  endfacet
  facet normal 0.843395 0.537293 0
    outer loop
      vertex -6.14878 16.25 0.799999
      vertex -5.81598 15.7276 3.3
      vertex -5.81598 15.7276 0.799999
    endloop
  endfacet
  facet normal 0.843395 -0.537293 0
    outer loop
      vertex -6.14878 23.35 3.3
      vertex -5.81598 23.8724 0.799999
      vertex -5.81598 23.8724 3.3
    endloop
  endfacet
  facet normal 0.843395 -0.537293 0
    outer loop
      vertex -5.81598 23.8724 0.799999
      vertex -6.14878 23.35 3.3
      vertex -6.14878 23.35 0.799999
    endloop
  endfacet
  facet normal 0.991444 -0.13053 0
    outer loop
      vertex -7.07298 20.4188 3.3
      vertex -6.99213 21.0329 0.799999
      vertex -6.99213 21.0329 3.3
    endloop
  endfacet
  facet normal 0.991444 -0.13053 0
    outer loop
      vertex -6.99213 21.0329 0.799999
      vertex -7.07298 20.4188 3.3
      vertex -7.07298 20.4188 0.799999
    endloop
  endfacet
  facet normal 0.999048 -0.0436236 0
    outer loop
      vertex -7.1 19.8 3.3
      vertex -7.07298 20.4188 0.799999
      vertex -7.07298 20.4188 3.3
    endloop
  endfacet
  facet normal 0.999048 -0.0436236 0
    outer loop
      vertex -7.07298 20.4188 0.799999
      vertex -7.1 19.8 3.3
      vertex -7.1 19.8 0.799999
    endloop
  endfacet
  facet normal 0.300774 0.953695 -0
    outer loop
      vertex -1.83762 12.9419 0.799999
      vertex -2.42834 13.1282 3.3
      vertex -1.83762 12.9419 3.3
    endloop
  endfacet
  facet normal 0.300774 0.953695 0
    outer loop
      vertex -2.42834 13.1282 3.3
      vertex -1.83762 12.9419 0.799999
      vertex -2.42834 13.1282 0.799999
    endloop
  endfacet
  facet normal -0.843395 0.537293 0
    outer loop
      vertex 5.81598 15.7276 0.799999
      vertex 6.14878 16.25 3.3
      vertex 6.14878 16.25 0.799999
    endloop
  endfacet
  facet normal -0.843395 0.537293 0
    outer loop
      vertex 6.14878 16.25 3.3
      vertex 5.81598 15.7276 0.799999
      vertex 5.81598 15.7276 3.3
    endloop
  endfacet
  facet normal -0.7373 0.675565 0
    outer loop
      vertex 5.02046 14.7795 0.799999
      vertex 5.43892 15.2362 3.3
      vertex 5.43892 15.2362 0.799999
    endloop
  endfacet
  facet normal -0.7373 0.675565 0
    outer loop
      vertex 5.43892 15.2362 3.3
      vertex 5.02046 14.7795 0.799999
      vertex 5.02046 14.7795 3.3
    endloop
  endfacet
  facet normal 0.991444 0.13053 0
    outer loop
      vertex -6.99213 18.5671 3.3
      vertex -7.07298 19.1812 0.799999
      vertex -7.07298 19.1812 3.3
    endloop
  endfacet
  facet normal 0.991444 0.13053 0
    outer loop
      vertex -7.07298 19.1812 0.799999
      vertex -6.99213 18.5671 3.3
      vertex -6.99213 18.5671 0.799999
    endloop
  endfacet
  facet normal 0 0 1
    outer loop
      vertex 6.2 19.8 0.799999
      vertex 7.1 19.8 0.799999
      vertex 7.07298 20.4188 0.799999
    endloop
  endfacet
  facet normal 0 0 1
    outer loop
      vertex 6.17641 20.3404 0.799999
      vertex 7.07298 20.4188 0.799999
      vertex 6.99213 21.0329 0.799999
    endloop
  endfacet
  facet normal 0 0 1
    outer loop
      vertex 7.1 19.8 0.799999
      vertex 6.2 19.8 0.799999
      vertex 7.07298 19.1812 0.799999
    endloop
  endfacet
  facet normal 0 0 1
    outer loop
      vertex 6.10581 20.8766 0.799999
      vertex 6.99213 21.0329 0.799999
      vertex 6.85807 21.6376 0.799999
    endloop
  endfacet
  facet normal -0 0 1
    outer loop
      vertex 6.17641 19.2596 0.799999
      vertex 7.07298 19.1812 0.799999
      vertex 6.2 19.8 0.799999
    endloop
  endfacet
  facet normal 0 0 1
    outer loop
      vertex 5.98874 21.4047 0.799999
      vertex 6.85807 21.6376 0.799999
      vertex 6.67182 22.2283 0.799999
    endloop
  endfacet
  facet normal 0 0 1
    outer loop
      vertex 7.07298 19.1812 0.799999
      vertex 6.17641 19.2596 0.799999
      vertex 6.99213 18.5671 0.799999
    endloop
  endfacet
  facet normal 0 0 1
    outer loop
      vertex 5.82609 21.9205 0.799999
      vertex 6.67182 22.2283 0.799999
      vertex 6.43478 22.8006 0.799999
    endloop
  endfacet
  facet normal -0 0 1
    outer loop
      vertex 6.10581 18.7234 0.799999
      vertex 6.99213 18.5671 0.799999
      vertex 6.17641 19.2596 0.799999
    endloop
  endfacet
  facet normal 0 0 1
    outer loop
      vertex 6.99213 18.5671 0.799999
      vertex 6.10581 18.7234 0.799999
      vertex 6.85807 17.9624 0.799999
    endloop
  endfacet
  facet normal 0 0 1
    outer loop
      vertex 7.07298 20.4188 0.799999
      vertex 6.17641 20.3404 0.799999
      vertex 6.2 19.8 0.799999
    endloop
  endfacet
  facet normal 0 0 1
    outer loop
      vertex 5.61911 22.4202 0.799999
      vertex 6.43478 22.8006 0.799999
      vertex 6.14878 23.35 0.799999
    endloop
  endfacet
  facet normal 0 0 1
    outer loop
      vertex 6.99213 21.0329 0.799999
      vertex 6.10581 20.8766 0.799999
      vertex 6.17641 20.3404 0.799999
    endloop
  endfacet
  facet normal 0 0 1
    outer loop
      vertex 6.85807 21.6376 0.799999
      vertex 5.98874 21.4047 0.799999
      vertex 6.10581 20.8766 0.799999
    endloop
  endfacet
  facet normal 0 0 1
    outer loop
      vertex 6.67182 22.2283 0.799999
      vertex 5.82609 21.9205 0.799999
      vertex 5.98874 21.4047 0.799999
    endloop
  endfacet
  facet normal 0 0 1
    outer loop
      vertex 5.36936 22.9 0.799999
      vertex 6.14878 23.35 0.799999
      vertex 5.81598 23.8724 0.799999
    endloop
  endfacet
  facet normal 0 0 1
    outer loop
      vertex 6.43478 22.8006 0.799999
      vertex 5.61911 22.4202 0.799999
      vertex 5.82609 21.9205 0.799999
    endloop
  endfacet
  facet normal 0 0 1
    outer loop
      vertex 5.07874 23.3562 0.799999
      vertex 5.81598 23.8724 0.799999
      vertex 5.43892 24.3638 0.799999
    endloop
  endfacet
  facet normal 0 0 1
    outer loop
      vertex 6.14878 23.35 0.799999
      vertex 5.36936 22.9 0.799999
      vertex 5.61911 22.4202 0.799999
    endloop
  endfacet
  facet normal 0 0 1
    outer loop
      vertex 5.81598 23.8724 0.799999
      vertex 5.07874 23.3562 0.799999
      vertex 5.36936 22.9 0.799999
    endloop
  endfacet
  facet normal 0 0 1
    outer loop
      vertex 4.74948 23.7853 0.799999
      vertex 5.43892 24.3638 0.799999
      vertex 5.02046 24.8205 0.799999
    endloop
  endfacet
  facet normal 0 0 1
    outer loop
      vertex 5.43892 24.3638 0.799999
      vertex 4.74948 23.7853 0.799999
      vertex 5.07874 23.3562 0.799999
    endloop
  endfacet
  facet normal 0 0 1
    outer loop
      vertex 4.38406 24.1841 0.799999
      vertex 5.02046 24.8205 0.799999
      vertex 4.56379 25.2389 0.799999
    endloop
  endfacet
  facet normal 0 0 1
    outer loop
      vertex 5.02046 24.8205 0.799999
      vertex 4.38406 24.1841 0.799999
      vertex 4.74948 23.7853 0.799999
    endloop
  endfacet
  facet normal 0 0 1
    outer loop
      vertex 3.98528 24.5495 0.799999
      vertex 4.56379 25.2389 0.799999
      vertex 4.07239 25.616 0.799999
    endloop
  endfacet
  facet normal 0 0 1
    outer loop
      vertex 4.56379 25.2389 0.799999
      vertex 3.98528 24.5495 0.799999
      vertex 4.38406 24.1841 0.799999
    endloop
  endfacet
  facet normal 0 0 1
    outer loop
      vertex 4.07239 25.616 0.799999
      vertex 3.55617 24.8787 0.799999
      vertex 3.98528 24.5495 0.799999
    endloop
  endfacet
  facet normal 0 0 1
    outer loop
      vertex 3.55 25.9488 0.799999
      vertex 3.55617 24.8787 0.799999
      vertex 4.07239 25.616 0.799999
    endloop
  endfacet
  facet normal 0 0 1
    outer loop
      vertex 3.55 25.9488 0.799999
      vertex 3.1 25.1694 0.799999
      vertex 3.55617 24.8787 0.799999
    endloop
  endfacet
  facet normal 0 0 1
    outer loop
      vertex 3.00059 26.2348 0.799999
      vertex 3.1 25.1694 0.799999
      vertex 3.55 25.9488 0.799999
    endloop
  endfacet
  facet normal 0 0 1
    outer loop
      vertex 3.00059 26.2348 0.799999
      vertex 2.62023 25.4191 0.799999
      vertex 3.1 25.1694 0.799999
    endloop
  endfacet
  facet normal 0 0 1
    outer loop
      vertex 2.42834 26.4718 0.799999
      vertex 2.62023 25.4191 0.799999
      vertex 3.00059 26.2348 0.799999
    endloop
  endfacet
  facet normal 0 0 1
    outer loop
      vertex 2.42834 26.4718 0.799999
      vertex 2.12052 25.6261 0.799999
      vertex 2.62023 25.4191 0.799999
    endloop
  endfacet
  facet normal 0 0 1
    outer loop
      vertex 1.83762 26.6581 0.799999
      vertex 2.12052 25.6261 0.799999
      vertex 2.42834 26.4718 0.799999
    endloop
  endfacet
  facet normal 0 0 1
    outer loop
      vertex 1.83762 26.6581 0.799999
      vertex 1.60468 25.7887 0.799999
      vertex 2.12052 25.6261 0.799999
    endloop
  endfacet
  facet normal 0 0 1
    outer loop
      vertex 1.2329 26.7921 0.799999
      vertex 1.60468 25.7887 0.799999
      vertex 1.83762 26.6581 0.799999
    endloop
  endfacet
  facet normal 0 0 1
    outer loop
      vertex 1.2329 26.7921 0.799999
      vertex 1.07662 25.9058 0.799999
      vertex 1.60468 25.7887 0.799999
    endloop
  endfacet
  facet normal 0 0 1
    outer loop
      vertex 0.618805 26.873 0.799999
      vertex 1.07662 25.9058 0.799999
      vertex 1.2329 26.7921 0.799999
    endloop
  endfacet
  facet normal 0 0 1
    outer loop
      vertex 0.618805 26.873 0.799999
      vertex 0.540365 25.9764 0.799999
      vertex 1.07662 25.9058 0.799999
    endloop
  endfacet
  facet normal 0 0 1
    outer loop
      vertex 0 26.9 0.799999
      vertex 0.540365 25.9764 0.799999
      vertex 0.618805 26.873 0.799999
    endloop
  endfacet
  facet normal 0 0 1
    outer loop
      vertex 0 26.9 0.799999
      vertex 0 26 0.799999
      vertex 0.540365 25.9764 0.799999
    endloop
  endfacet
  facet normal 0 0 1
    outer loop
      vertex 0 26.9 0.799999
      vertex -0.540365 25.9764 0.799999
      vertex 0 26 0.799999
    endloop
  endfacet
  facet normal -0 0 1
    outer loop
      vertex -0.618805 26.873 0.799999
      vertex -0.540365 25.9764 0.799999
      vertex 0 26.9 0.799999
    endloop
  endfacet
  facet normal 0 0 1
    outer loop
      vertex -0.618805 26.873 0.799999
      vertex -1.07662 25.9058 0.799999
      vertex -0.540365 25.9764 0.799999
    endloop
  endfacet
  facet normal -0 0 1
    outer loop
      vertex -1.2329 26.7921 0.799999
      vertex -1.07662 25.9058 0.799999
      vertex -0.618805 26.873 0.799999
    endloop
  endfacet
  facet normal 0 0 1
    outer loop
      vertex -1.2329 26.7921 0.799999
      vertex -1.60468 25.7887 0.799999
      vertex -1.07662 25.9058 0.799999
    endloop
  endfacet
  facet normal -0 0 1
    outer loop
      vertex -1.83762 26.6581 0.799999
      vertex -1.60468 25.7887 0.799999
      vertex -1.2329 26.7921 0.799999
    endloop
  endfacet
  facet normal 0 0 1
    outer loop
      vertex -1.83762 26.6581 0.799999
      vertex -2.12052 25.6261 0.799999
      vertex -1.60468 25.7887 0.799999
    endloop
  endfacet
  facet normal -0 0 1
    outer loop
      vertex -2.42834 26.4718 0.799999
      vertex -2.12052 25.6261 0.799999
      vertex -1.83762 26.6581 0.799999
    endloop
  endfacet
  facet normal 0 0 1
    outer loop
      vertex -2.42834 26.4718 0.799999
      vertex -2.62023 25.4191 0.799999
      vertex -2.12052 25.6261 0.799999
    endloop
  endfacet
  facet normal -0 0 1
    outer loop
      vertex -3.00059 26.2348 0.799999
      vertex -2.62023 25.4191 0.799999
      vertex -2.42834 26.4718 0.799999
    endloop
  endfacet
  facet normal 0 0 1
    outer loop
      vertex -3.00059 26.2348 0.799999
      vertex -3.1 25.1694 0.799999
      vertex -2.62023 25.4191 0.799999
    endloop
  endfacet
  facet normal -0 0 1
    outer loop
      vertex -3.55 25.9488 0.799999
      vertex -3.1 25.1694 0.799999
      vertex -3.00059 26.2348 0.799999
    endloop
  endfacet
  facet normal 0 0 1
    outer loop
      vertex -3.55 25.9488 0.799999
      vertex -3.55617 24.8787 0.799999
      vertex -3.1 25.1694 0.799999
    endloop
  endfacet
  facet normal -0 0 1
    outer loop
      vertex -4.07239 25.616 0.799999
      vertex -3.55617 24.8787 0.799999
      vertex -3.55 25.9488 0.799999
    endloop
  endfacet
  facet normal 0 0 1
    outer loop
      vertex -3.55617 24.8787 0.799999
      vertex -4.07239 25.616 0.799999
      vertex -3.98528 24.5495 0.799999
    endloop
  endfacet
  facet normal -0 0 1
    outer loop
      vertex -4.56379 25.2389 0.799999
      vertex -3.98528 24.5495 0.799999
      vertex -4.07239 25.616 0.799999
    endloop
  endfacet
  facet normal 0 0 1
    outer loop
      vertex -3.98528 24.5495 0.799999
      vertex -4.56379 25.2389 0.799999
      vertex -4.38406 24.1841 0.799999
    endloop
  endfacet
  facet normal -0 0 1
    outer loop
      vertex -5.02046 24.8205 0.799999
      vertex -4.38406 24.1841 0.799999
      vertex -4.56379 25.2389 0.799999
    endloop
  endfacet
  facet normal 0 0 1
    outer loop
      vertex -4.38406 24.1841 0.799999
      vertex -5.02046 24.8205 0.799999
      vertex -4.74948 23.7853 0.799999
    endloop
  endfacet
  facet normal -0 0 1
    outer loop
      vertex -5.43892 24.3638 0.799999
      vertex -4.74948 23.7853 0.799999
      vertex -5.02046 24.8205 0.799999
    endloop
  endfacet
  facet normal 0 0 1
    outer loop
      vertex -4.74948 23.7853 0.799999
      vertex -5.43892 24.3638 0.799999
      vertex -5.07874 23.3562 0.799999
    endloop
  endfacet
  facet normal -0 0 1
    outer loop
      vertex -5.81598 23.8724 0.799999
      vertex -5.07874 23.3562 0.799999
      vertex -5.43892 24.3638 0.799999
    endloop
  endfacet
  facet normal 0 0 1
    outer loop
      vertex -5.07874 23.3562 0.799999
      vertex -5.81598 23.8724 0.799999
      vertex -5.36936 22.9 0.799999
    endloop
  endfacet
  facet normal -0 0 1
    outer loop
      vertex -6.14878 23.35 0.799999
      vertex -5.36936 22.9 0.799999
      vertex -5.81598 23.8724 0.799999
    endloop
  endfacet
  facet normal 0 0 1
    outer loop
      vertex -5.36936 22.9 0.799999
      vertex -6.14878 23.35 0.799999
      vertex -5.61911 22.4202 0.799999
    endloop
  endfacet
  facet normal -0 0 1
    outer loop
      vertex -6.43478 22.8006 0.799999
      vertex -5.61911 22.4202 0.799999
      vertex -6.14878 23.35 0.799999
    endloop
  endfacet
  facet normal 0 0 1
    outer loop
      vertex -5.61911 22.4202 0.799999
      vertex -6.43478 22.8006 0.799999
      vertex -5.82609 21.9205 0.799999
    endloop
  endfacet
  facet normal -0 0 1
    outer loop
      vertex -6.67182 22.2283 0.799999
      vertex -5.82609 21.9205 0.799999
      vertex -6.43478 22.8006 0.799999
    endloop
  endfacet
  facet normal 0 0 1
    outer loop
      vertex -5.82609 21.9205 0.799999
      vertex -6.67182 22.2283 0.799999
      vertex -5.98874 21.4047 0.799999
    endloop
  endfacet
  facet normal -0 0 1
    outer loop
      vertex -6.85807 21.6376 0.799999
      vertex -5.98874 21.4047 0.799999
      vertex -6.67182 22.2283 0.799999
    endloop
  endfacet
  facet normal 0 0 1
    outer loop
      vertex -5.98874 21.4047 0.799999
      vertex -6.85807 21.6376 0.799999
      vertex -6.10581 20.8766 0.799999
    endloop
  endfacet
  facet normal -0 0 1
    outer loop
      vertex 5.98874 18.1953 0.799999
      vertex 6.85807 17.9624 0.799999
      vertex 6.10581 18.7234 0.799999
    endloop
  endfacet
  facet normal 0 0 1
    outer loop
      vertex 6.85807 17.9624 0.799999
      vertex 5.98874 18.1953 0.799999
      vertex 6.67182 17.3717 0.799999
    endloop
  endfacet
  facet normal -0 0 1
    outer loop
      vertex 5.82609 17.6795 0.799999
      vertex 6.67182 17.3717 0.799999
      vertex 5.98874 18.1953 0.799999
    endloop
  endfacet
  facet normal 0 0 1
    outer loop
      vertex 6.67182 17.3717 0.799999
      vertex 5.82609 17.6795 0.799999
      vertex 6.43478 16.7994 0.799999
    endloop
  endfacet
  facet normal -0 0 1
    outer loop
      vertex 5.61911 17.1798 0.799999
      vertex 6.43478 16.7994 0.799999
      vertex 5.82609 17.6795 0.799999
    endloop
  endfacet
  facet normal 0 0 1
    outer loop
      vertex 6.43478 16.7994 0.799999
      vertex 5.61911 17.1798 0.799999
      vertex 6.14878 16.25 0.799999
    endloop
  endfacet
  facet normal -0 0 1
    outer loop
      vertex 5.36936 16.7 0.799999
      vertex 6.14878 16.25 0.799999
      vertex 5.61911 17.1798 0.799999
    endloop
  endfacet
  facet normal 0 0 1
    outer loop
      vertex 6.14878 16.25 0.799999
      vertex 5.36936 16.7 0.799999
      vertex 5.81598 15.7276 0.799999
    endloop
  endfacet
  facet normal -0 0 1
    outer loop
      vertex 5.07874 16.2438 0.799999
      vertex 5.81598 15.7276 0.799999
      vertex 5.36936 16.7 0.799999
    endloop
  endfacet
  facet normal 0 0 1
    outer loop
      vertex 5.81598 15.7276 0.799999
      vertex 5.07874 16.2438 0.799999
      vertex 5.43892 15.2362 0.799999
    endloop
  endfacet
  facet normal -0 0 1
    outer loop
      vertex 4.74948 15.8147 0.799999
      vertex 5.43892 15.2362 0.799999
      vertex 5.07874 16.2438 0.799999
    endloop
  endfacet
  facet normal 0 0 1
    outer loop
      vertex 5.43892 15.2362 0.799999
      vertex 4.74948 15.8147 0.799999
      vertex 5.02046 14.7795 0.799999
    endloop
  endfacet
  facet normal -0 0 1
    outer loop
      vertex 4.38406 15.4159 0.799999
      vertex 5.02046 14.7795 0.799999
      vertex 4.74948 15.8147 0.799999
    endloop
  endfacet
  facet normal 0 0 1
    outer loop
      vertex 5.02046 14.7795 0.799999
      vertex 4.38406 15.4159 0.799999
      vertex 4.56379 14.3611 0.799999
    endloop
  endfacet
  facet normal -0 0 1
    outer loop
      vertex 3.98528 15.0505 0.799999
      vertex 4.56379 14.3611 0.799999
      vertex 4.38406 15.4159 0.799999
    endloop
  endfacet
  facet normal 0 0 1
    outer loop
      vertex 4.56379 14.3611 0.799999
      vertex 3.98528 15.0505 0.799999
      vertex 4.07239 13.984 0.799999
    endloop
  endfacet
  facet normal -0 0 1
    outer loop
      vertex 3.55617 14.7213 0.799999
      vertex 4.07239 13.984 0.799999
      vertex 3.98528 15.0505 0.799999
    endloop
  endfacet
  facet normal 0 0 1
    outer loop
      vertex 3.55617 14.7213 0.799999
      vertex 3.55 13.6512 0.799999
      vertex 4.07239 13.984 0.799999
    endloop
  endfacet
  facet normal -0 0 1
    outer loop
      vertex 3.1 14.4306 0.799999
      vertex 3.55 13.6512 0.799999
      vertex 3.55617 14.7213 0.799999
    endloop
  endfacet
  facet normal 0 0 1
    outer loop
      vertex 3.1 14.4306 0.799999
      vertex 3.00059 13.3652 0.799999
      vertex 3.55 13.6512 0.799999
    endloop
  endfacet
  facet normal -0 0 1
    outer loop
      vertex 2.62023 14.1809 0.799999
      vertex 3.00059 13.3652 0.799999
      vertex 3.1 14.4306 0.799999
    endloop
  endfacet
  facet normal 0 0 1
    outer loop
      vertex 2.62023 14.1809 0.799999
      vertex 2.42834 13.1282 0.799999
      vertex 3.00059 13.3652 0.799999
    endloop
  endfacet
  facet normal -0 0 1
    outer loop
      vertex 2.12052 13.9739 0.799999
      vertex 2.42834 13.1282 0.799999
      vertex 2.62023 14.1809 0.799999
    endloop
  endfacet
  facet normal 0 0 1
    outer loop
      vertex 2.12052 13.9739 0.799999
      vertex 1.83762 12.9419 0.799999
      vertex 2.42834 13.1282 0.799999
    endloop
  endfacet
  facet normal -0 0 1
    outer loop
      vertex 1.60468 13.8113 0.799999
      vertex 1.83762 12.9419 0.799999
      vertex 2.12052 13.9739 0.799999
    endloop
  endfacet
  facet normal 0 0 1
    outer loop
      vertex 1.60468 13.8113 0.799999
      vertex 1.2329 12.8079 0.799999
      vertex 1.83762 12.9419 0.799999
    endloop
  endfacet
  facet normal -0 0 1
    outer loop
      vertex 1.07662 13.6942 0.799999
      vertex 1.2329 12.8079 0.799999
      vertex 1.60468 13.8113 0.799999
    endloop
  endfacet
  facet normal 0 0 1
    outer loop
      vertex 1.07662 13.6942 0.799999
      vertex 0.618805 12.727 0.799999
      vertex 1.2329 12.8079 0.799999
    endloop
  endfacet
  facet normal -0 0 1
    outer loop
      vertex 0.540365 13.6236 0.799999
      vertex 0.618805 12.727 0.799999
      vertex 1.07662 13.6942 0.799999
    endloop
  endfacet
  facet normal -0 0 1
    outer loop
      vertex 0 13.6 0.799999
      vertex 0.618805 12.727 0.799999
      vertex 0.540365 13.6236 0.799999
    endloop
  endfacet
  facet normal 0 0 1
    outer loop
      vertex 0 13.6 0.799999
      vertex 0 12.7 0.799999
      vertex 0.618805 12.727 0.799999
    endloop
  endfacet
  facet normal 0 0 1
    outer loop
      vertex -0.540365 13.6236 0.799999
      vertex 0 12.7 0.799999
      vertex 0 13.6 0.799999
    endloop
  endfacet
  facet normal 0 0 1
    outer loop
      vertex -0.540365 13.6236 0.799999
      vertex -0.618805 12.727 0.799999
      vertex 0 12.7 0.799999
    endloop
  endfacet
  facet normal 0 0 1
    outer loop
      vertex -1.07662 13.6942 0.799999
      vertex -0.618805 12.727 0.799999
      vertex -0.540365 13.6236 0.799999
    endloop
  endfacet
  facet normal 0 0 1
    outer loop
      vertex -1.07662 13.6942 0.799999
      vertex -1.2329 12.8079 0.799999
      vertex -0.618805 12.727 0.799999
    endloop
  endfacet
  facet normal 0 0 1
    outer loop
      vertex -1.60468 13.8113 0.799999
      vertex -1.2329 12.8079 0.799999
      vertex -1.07662 13.6942 0.799999
    endloop
  endfacet
  facet normal 0 0 1
    outer loop
      vertex -1.60468 13.8113 0.799999
      vertex -1.83762 12.9419 0.799999
      vertex -1.2329 12.8079 0.799999
    endloop
  endfacet
  facet normal 0 0 1
    outer loop
      vertex -2.12052 13.9739 0.799999
      vertex -1.83762 12.9419 0.799999
      vertex -1.60468 13.8113 0.799999
    endloop
  endfacet
  facet normal 0 0 1
    outer loop
      vertex -2.12052 13.9739 0.799999
      vertex -2.42834 13.1282 0.799999
      vertex -1.83762 12.9419 0.799999
    endloop
  endfacet
  facet normal 0 0 1
    outer loop
      vertex -2.62023 14.1809 0.799999
      vertex -2.42834 13.1282 0.799999
      vertex -2.12052 13.9739 0.799999
    endloop
  endfacet
  facet normal 0 0 1
    outer loop
      vertex -2.62023 14.1809 0.799999
      vertex -3.00059 13.3652 0.799999
      vertex -2.42834 13.1282 0.799999
    endloop
  endfacet
  facet normal 0 0 1
    outer loop
      vertex -3.1 14.4306 0.799999
      vertex -3.00059 13.3652 0.799999
      vertex -2.62023 14.1809 0.799999
    endloop
  endfacet
  facet normal 0 0 1
    outer loop
      vertex -3.1 14.4306 0.799999
      vertex -3.55 13.6512 0.799999
      vertex -3.00059 13.3652 0.799999
    endloop
  endfacet
  facet normal 0 0 1
    outer loop
      vertex -3.55617 14.7213 0.799999
      vertex -3.55 13.6512 0.799999
      vertex -3.1 14.4306 0.799999
    endloop
  endfacet
  facet normal 0 0 1
    outer loop
      vertex -4.07239 13.984 0.799999
      vertex -3.55617 14.7213 0.799999
      vertex -3.98528 15.0505 0.799999
    endloop
  endfacet
  facet normal 0 0 1
    outer loop
      vertex -3.55617 14.7213 0.799999
      vertex -4.07239 13.984 0.799999
      vertex -3.55 13.6512 0.799999
    endloop
  endfacet
  facet normal 0 0 1
    outer loop
      vertex -4.56379 14.3611 0.799999
      vertex -3.98528 15.0505 0.799999
      vertex -4.38406 15.4159 0.799999
    endloop
  endfacet
  facet normal 0 0 1
    outer loop
      vertex -3.98528 15.0505 0.799999
      vertex -4.56379 14.3611 0.799999
      vertex -4.07239 13.984 0.799999
    endloop
  endfacet
  facet normal 0 0 1
    outer loop
      vertex -5.02046 14.7795 0.799999
      vertex -4.38406 15.4159 0.799999
      vertex -4.74948 15.8147 0.799999
    endloop
  endfacet
  facet normal 0 0 1
    outer loop
      vertex -4.38406 15.4159 0.799999
      vertex -5.02046 14.7795 0.799999
      vertex -4.56379 14.3611 0.799999
    endloop
  endfacet
  facet normal 0 0 1
    outer loop
      vertex -5.43892 15.2362 0.799999
      vertex -4.74948 15.8147 0.799999
      vertex -5.07874 16.2438 0.799999
    endloop
  endfacet
  facet normal 0 0 1
    outer loop
      vertex -5.81598 15.7276 0.799999
      vertex -5.07874 16.2438 0.799999
      vertex -5.36936 16.7 0.799999
    endloop
  endfacet
  facet normal 0 0 1
    outer loop
      vertex -4.74948 15.8147 0.799999
      vertex -5.43892 15.2362 0.799999
      vertex -5.02046 14.7795 0.799999
    endloop
  endfacet
  facet normal 0 0 1
    outer loop
      vertex -6.14878 16.25 0.799999
      vertex -5.36936 16.7 0.799999
      vertex -5.61911 17.1798 0.799999
    endloop
  endfacet
  facet normal 0 0 1
    outer loop
      vertex -5.07874 16.2438 0.799999
      vertex -5.81598 15.7276 0.799999
      vertex -5.43892 15.2362 0.799999
    endloop
  endfacet
  facet normal 0 0 1
    outer loop
      vertex -6.43478 16.7994 0.799999
      vertex -5.61911 17.1798 0.799999
      vertex -5.82609 17.6795 0.799999
    endloop
  endfacet
  facet normal 0 0 1
    outer loop
      vertex -6.67182 17.3717 0.799999
      vertex -5.82609 17.6795 0.799999
      vertex -5.98874 18.1953 0.799999
    endloop
  endfacet
  facet normal 0 0 1
    outer loop
      vertex -6.85807 17.9624 0.799999
      vertex -5.98874 18.1953 0.799999
      vertex -6.10581 18.7234 0.799999
    endloop
  endfacet
  facet normal 0 0 1
    outer loop
      vertex -5.36936 16.7 0.799999
      vertex -6.14878 16.25 0.799999
      vertex -5.81598 15.7276 0.799999
    endloop
  endfacet
  facet normal 0 0 1
    outer loop
      vertex -6.99213 18.5671 0.799999
      vertex -6.10581 18.7234 0.799999
      vertex -6.17641 19.2596 0.799999
    endloop
  endfacet
  facet normal 0 0 1
    outer loop
      vertex -7.07298 19.1812 0.799999
      vertex -6.17641 19.2596 0.799999
      vertex -6.2 19.8 0.799999
    endloop
  endfacet
  facet normal -0 0 1
    outer loop
      vertex -6.99213 21.0329 0.799999
      vertex -6.10581 20.8766 0.799999
      vertex -6.85807 21.6376 0.799999
    endloop
  endfacet
  facet normal 0 0 1
    outer loop
      vertex -5.61911 17.1798 0.799999
      vertex -6.43478 16.7994 0.799999
      vertex -6.14878 16.25 0.799999
    endloop
  endfacet
  facet normal 0 0 1
    outer loop
      vertex -6.10581 20.8766 0.799999
      vertex -6.99213 21.0329 0.799999
      vertex -6.17641 20.3404 0.799999
    endloop
  endfacet
  facet normal 0 0 1
    outer loop
      vertex -5.82609 17.6795 0.799999
      vertex -6.67182 17.3717 0.799999
      vertex -6.43478 16.7994 0.799999
    endloop
  endfacet
  facet normal -0 0 1
    outer loop
      vertex -7.07298 20.4188 0.799999
      vertex -6.17641 20.3404 0.799999
      vertex -6.99213 21.0329 0.799999
    endloop
  endfacet
  facet normal 0 0 1
    outer loop
      vertex -5.98874 18.1953 0.799999
      vertex -6.85807 17.9624 0.799999
      vertex -6.67182 17.3717 0.799999
    endloop
  endfacet
  facet normal 0 0 1
    outer loop
      vertex -6.17641 20.3404 0.799999
      vertex -7.07298 20.4188 0.799999
      vertex -6.2 19.8 0.799999
    endloop
  endfacet
  facet normal 0 0 1
    outer loop
      vertex -6.10581 18.7234 0.799999
      vertex -6.99213 18.5671 0.799999
      vertex -6.85807 17.9624 0.799999
    endloop
  endfacet
  facet normal 0 0 1
    outer loop
      vertex -7.1 19.8 0.799999
      vertex -6.2 19.8 0.799999
      vertex -7.07298 20.4188 0.799999
    endloop
  endfacet
  facet normal 0 0 1
    outer loop
      vertex -6.17641 19.2596 0.799999
      vertex -7.07298 19.1812 0.799999
      vertex -6.99213 18.5671 0.799999
    endloop
  endfacet
  facet normal 0 0 1
    outer loop
      vertex -6.2 19.8 0.799999
      vertex -7.1 19.8 0.799999
      vertex -7.07298 19.1812 0.799999
    endloop
  endfacet
  facet normal 0.13061 0.991434 -0
    outer loop
      vertex -0.618805 12.727 0.799999
      vertex -1.2329 12.8079 3.3
      vertex -0.618805 12.727 3.3
    endloop
  endfacet
  facet normal 0.13061 0.991434 0
    outer loop
      vertex -1.2329 12.8079 3.3
      vertex -0.618805 12.727 0.799999
      vertex -1.2329 12.8079 0.799999
    endloop
  endfacet
  facet normal 0.043591 0.999049 -0
    outer loop
      vertex 0 12.7 0.799999
      vertex -0.618805 12.727 3.3
      vertex 0 12.7 3.3
    endloop
  endfacet
  facet normal 0.043591 0.999049 0
    outer loop
      vertex -0.618805 12.727 3.3
      vertex 0 12.7 0.799999
      vertex -0.618805 12.727 0.799999
    endloop
  endfacet
  facet normal 0.537301 0.843391 -0
    outer loop
      vertex -3.55 13.6512 0.799999
      vertex -4.07239 13.984 3.3
      vertex -3.55 13.6512 3.3
    endloop
  endfacet
  facet normal 0.537301 0.843391 0
    outer loop
      vertex -4.07239 13.984 3.3
      vertex -3.55 13.6512 0.799999
      vertex -4.07239 13.984 0.799999
    endloop
  endfacet
  facet normal -0.991443 -0.130541 0
    outer loop
      vertex 6.17641 20.3404 0
      vertex 6.10581 20.8766 0.799999
      vertex 6.10581 20.8766 0
    endloop
  endfacet
  facet normal -0.991443 -0.130541 0
    outer loop
      vertex 6.10581 20.8766 0.799999
      vertex 6.17641 20.3404 0
      vertex 6.17641 20.3404 0.799999
    endloop
  endfacet
  facet normal -0.999049 -0.0436113 0
    outer loop
      vertex 6.2 19.8 0
      vertex 6.17641 20.3404 0.799999
      vertex 6.17641 20.3404 0
    endloop
  endfacet
  facet normal -0.999049 -0.0436113 0
    outer loop
      vertex 6.17641 20.3404 0.799999
      vertex 6.2 19.8 0
      vertex 6.2 19.8 0.799999
    endloop
  endfacet
  facet normal -0.976299 -0.216427 0
    outer loop
      vertex 6.10581 20.8766 0
      vertex 5.98874 21.4047 0.799999
      vertex 5.98874 21.4047 0
    endloop
  endfacet
  facet normal -0.976299 -0.216427 0
    outer loop
      vertex 5.98874 21.4047 0.799999
      vertex 6.10581 20.8766 0
      vertex 6.10581 20.8766 0.799999
    endloop
  endfacet
  facet normal -0.216496 -0.976284 0
    outer loop
      vertex 1.07662 25.9058 0
      vertex 1.60468 25.7887 0.799999
      vertex 1.07662 25.9058 0.799999
    endloop
  endfacet
  facet normal -0.216496 -0.976284 -0
    outer loop
      vertex 1.60468 25.7887 0.799999
      vertex 1.07662 25.9058 0
      vertex 1.60468 25.7887 0
    endloop
  endfacet
  facet normal -0.843401 0.537285 0
    outer loop
      vertex 5.07874 16.2438 0
      vertex 5.36936 16.7 0.799999
      vertex 5.36936 16.7 0
    endloop
  endfacet
  facet normal -0.843401 0.537285 0
    outer loop
      vertex 5.36936 16.7 0.799999
      vertex 5.07874 16.2438 0
      vertex 5.07874 16.2438 0.799999
    endloop
  endfacet
  facet normal 0.382704 0.923871 -0
    outer loop
      vertex -2.12052 13.9739 0
      vertex -2.62023 14.1809 0.799999
      vertex -2.12052 13.9739 0.799999
    endloop
  endfacet
  facet normal 0.382704 0.923871 0
    outer loop
      vertex -2.62023 14.1809 0.799999
      vertex -2.12052 13.9739 0
      vertex -2.62023 14.1809 0
    endloop
  endfacet
  facet normal -0.976299 0.216427 0
    outer loop
      vertex 5.98874 18.1953 0
      vertex 6.10581 18.7234 0.799999
      vertex 6.10581 18.7234 0
    endloop
  endfacet
  facet normal -0.976299 0.216427 0
    outer loop
      vertex 6.10581 18.7234 0.799999
      vertex 5.98874 18.1953 0
      vertex 5.98874 18.1953 0.799999
    endloop
  endfacet
  facet normal -0.130527 0.991445 0
    outer loop
      vertex 1.07662 13.6942 0
      vertex 0.540365 13.6236 0.799999
      vertex 1.07662 13.6942 0.799999
    endloop
  endfacet
  facet normal -0.130527 0.991445 0
    outer loop
      vertex 0.540365 13.6236 0.799999
      vertex 1.07662 13.6942 0
      vertex 0.540365 13.6236 0
    endloop
  endfacet
  facet normal 0.608683 0.793414 -0
    outer loop
      vertex -3.55617 14.7213 0
      vertex -3.98528 15.0505 0.799999
      vertex -3.55617 14.7213 0.799999
    endloop
  endfacet
  facet normal 0.608683 0.793414 0
    outer loop
      vertex -3.98528 15.0505 0.799999
      vertex -3.55617 14.7213 0
      vertex -3.98528 15.0505 0
    endloop
  endfacet
  facet normal -0.300632 -0.95374 0
    outer loop
      vertex 1.60468 25.7887 0
      vertex 2.12052 25.6261 0.799999
      vertex 1.60468 25.7887 0.799999
    endloop
  endfacet
  facet normal -0.300632 -0.95374 -0
    outer loop
      vertex 2.12052 25.6261 0.799999
      vertex 1.60468 25.7887 0
      vertex 2.12052 25.6261 0
    endloop
  endfacet
  facet normal 0.953707 -0.300738 0
    outer loop
      vertex -5.98874 21.4047 0.799999
      vertex -5.82609 21.9205 0
      vertex -5.82609 21.9205 0.799999
    endloop
  endfacet
  facet normal 0.953707 -0.300738 0
    outer loop
      vertex -5.82609 21.9205 0
      vertex -5.98874 21.4047 0.799999
      vertex -5.98874 21.4047 0
    endloop
  endfacet
  facet normal 0.843401 0.537285 0
    outer loop
      vertex -5.07874 16.2438 0.799999
      vertex -5.36936 16.7 0
      vertex -5.36936 16.7 0.799999
    endloop
  endfacet
  facet normal 0.843401 0.537285 0
    outer loop
      vertex -5.36936 16.7 0
      vertex -5.07874 16.2438 0.799999
      vertex -5.07874 16.2438 0
    endloop
  endfacet
  facet normal 0.675576 0.737291 -0
    outer loop
      vertex -3.98528 15.0505 0
      vertex -4.38406 15.4159 0.799999
      vertex -3.98528 15.0505 0.799999
    endloop
  endfacet
  facet normal 0.675576 0.737291 0
    outer loop
      vertex -4.38406 15.4159 0.799999
      vertex -3.98528 15.0505 0
      vertex -4.38406 15.4159 0
    endloop
  endfacet
  facet normal 0.537415 -0.843318 0
    outer loop
      vertex -3.55617 24.8787 0
      vertex -3.1 25.1694 0.799999
      vertex -3.55617 24.8787 0.799999
    endloop
  endfacet
  facet normal 0.537415 -0.843318 0
    outer loop
      vertex -3.1 25.1694 0.799999
      vertex -3.55617 24.8787 0
      vertex -3.1 25.1694 0
    endloop
  endfacet
  facet normal -0.793353 0.608761 0
    outer loop
      vertex 4.74948 15.8147 0
      vertex 5.07874 16.2438 0.799999
      vertex 5.07874 16.2438 0
    endloop
  endfacet
  facet normal -0.793353 0.608761 0
    outer loop
      vertex 5.07874 16.2438 0.799999
      vertex 4.74948 15.8147 0
      vertex 4.74948 15.8147 0.799999
    endloop
  endfacet
  facet normal -0.608683 0.793414 0
    outer loop
      vertex 3.98528 15.0505 0
      vertex 3.55617 14.7213 0.799999
      vertex 3.98528 15.0505 0.799999
    endloop
  endfacet
  facet normal -0.608683 0.793414 0
    outer loop
      vertex 3.55617 14.7213 0.799999
      vertex 3.98528 15.0505 0
      vertex 3.55617 14.7213 0
    endloop
  endfacet
  facet normal 0.976299 -0.216427 0
    outer loop
      vertex -6.10581 20.8766 0.799999
      vertex -5.98874 21.4047 0
      vertex -5.98874 21.4047 0.799999
    endloop
  endfacet
  facet normal 0.976299 -0.216427 0
    outer loop
      vertex -5.98874 21.4047 0
      vertex -6.10581 20.8766 0.799999
      vertex -6.10581 20.8766 0
    endloop
  endfacet
  facet normal -0.991443 0.130541 0
    outer loop
      vertex 6.10581 18.7234 0
      vertex 6.17641 19.2596 0.799999
      vertex 6.17641 19.2596 0
    endloop
  endfacet
  facet normal -0.991443 0.130541 0
    outer loop
      vertex 6.17641 19.2596 0.799999
      vertex 6.10581 18.7234 0
      vertex 6.10581 18.7234 0.799999
    endloop
  endfacet
  facet normal -0.537415 -0.843318 0
    outer loop
      vertex 3.1 25.1694 0
      vertex 3.55617 24.8787 0.799999
      vertex 3.1 25.1694 0.799999
    endloop
  endfacet
  facet normal -0.537415 -0.843318 -0
    outer loop
      vertex 3.55617 24.8787 0.799999
      vertex 3.1 25.1694 0
      vertex 3.55617 24.8787 0
    endloop
  endfacet
  facet normal 0.976299 0.216427 0
    outer loop
      vertex -5.98874 18.1953 0.799999
      vertex -6.10581 18.7234 0
      vertex -6.10581 18.7234 0.799999
    endloop
  endfacet
  facet normal 0.976299 0.216427 0
    outer loop
      vertex -6.10581 18.7234 0
      vertex -5.98874 18.1953 0.799999
      vertex -5.98874 18.1953 0
    endloop
  endfacet
  facet normal -0.300632 0.95374 0
    outer loop
      vertex 2.12052 13.9739 0
      vertex 1.60468 13.8113 0.799999
      vertex 2.12052 13.9739 0.799999
    endloop
  endfacet
  facet normal -0.300632 0.95374 0
    outer loop
      vertex 1.60468 13.8113 0.799999
      vertex 2.12052 13.9739 0
      vertex 1.60468 13.8113 0
    endloop
  endfacet
  facet normal -0.843401 -0.537285 0
    outer loop
      vertex 5.36936 22.9 0
      vertex 5.07874 23.3562 0.799999
      vertex 5.07874 23.3562 0
    endloop
  endfacet
  facet normal -0.843401 -0.537285 0
    outer loop
      vertex 5.07874 23.3562 0.799999
      vertex 5.36936 22.9 0
      vertex 5.36936 22.9 0.799999
    endloop
  endfacet
  facet normal 0.793353 -0.608761 0
    outer loop
      vertex -5.07874 23.3562 0.799999
      vertex -4.74948 23.7853 0
      vertex -4.74948 23.7853 0.799999
    endloop
  endfacet
  facet normal 0.793353 -0.608761 0
    outer loop
      vertex -4.74948 23.7853 0
      vertex -5.07874 23.3562 0.799999
      vertex -5.07874 23.3562 0
    endloop
  endfacet
  facet normal -0.382704 0.923871 0
    outer loop
      vertex 2.62023 14.1809 0
      vertex 2.12052 13.9739 0.799999
      vertex 2.62023 14.1809 0.799999
    endloop
  endfacet
  facet normal -0.382704 0.923871 0
    outer loop
      vertex 2.12052 13.9739 0.799999
      vertex 2.62023 14.1809 0
      vertex 2.12052 13.9739 0
    endloop
  endfacet
  facet normal -0.953707 -0.300738 0
    outer loop
      vertex 5.98874 21.4047 0
      vertex 5.82609 21.9205 0.799999
      vertex 5.82609 21.9205 0
    endloop
  endfacet
  facet normal -0.953707 -0.300738 0
    outer loop
      vertex 5.82609 21.9205 0.799999
      vertex 5.98874 21.4047 0
      vertex 5.98874 21.4047 0.799999
    endloop
  endfacet
  facet normal 0.608683 -0.793414 0
    outer loop
      vertex -3.98528 24.5495 0
      vertex -3.55617 24.8787 0.799999
      vertex -3.98528 24.5495 0.799999
    endloop
  endfacet
  facet normal 0.608683 -0.793414 0
    outer loop
      vertex -3.55617 24.8787 0.799999
      vertex -3.98528 24.5495 0
      vertex -3.55617 24.8787 0
    endloop
  endfacet
  facet normal 0.793353 0.608761 0
    outer loop
      vertex -4.74948 15.8147 0.799999
      vertex -5.07874 16.2438 0
      vertex -5.07874 16.2438 0.799999
    endloop
  endfacet
  facet normal 0.793353 0.608761 0
    outer loop
      vertex -5.07874 16.2438 0
      vertex -4.74948 15.8147 0.799999
      vertex -4.74948 15.8147 0
    endloop
  endfacet
  facet normal 0.130527 -0.991445 0
    outer loop
      vertex -1.07662 25.9058 0
      vertex -0.540365 25.9764 0.799999
      vertex -1.07662 25.9058 0.799999
    endloop
  endfacet
  facet normal 0.130527 -0.991445 0
    outer loop
      vertex -0.540365 25.9764 0.799999
      vertex -1.07662 25.9058 0
      vertex -0.540365 25.9764 0
    endloop
  endfacet
  facet normal 0.382704 -0.923871 0
    outer loop
      vertex -2.62023 25.4191 0
      vertex -2.12052 25.6261 0.799999
      vertex -2.62023 25.4191 0.799999
    endloop
  endfacet
  facet normal 0.382704 -0.923871 0
    outer loop
      vertex -2.12052 25.6261 0.799999
      vertex -2.62023 25.4191 0
      vertex -2.12052 25.6261 0
    endloop
  endfacet
  facet normal 0.675576 -0.737291 0
    outer loop
      vertex -4.38406 24.1841 0
      vertex -3.98528 24.5495 0.799999
      vertex -4.38406 24.1841 0.799999
    endloop
  endfacet
  facet normal 0.675576 -0.737291 0
    outer loop
      vertex -3.98528 24.5495 0.799999
      vertex -4.38406 24.1841 0
      vertex -3.98528 24.5495 0
    endloop
  endfacet
  facet normal -0.999049 0.0436113 0
    outer loop
      vertex 6.17641 19.2596 0
      vertex 6.2 19.8 0.799999
      vertex 6.2 19.8 0
    endloop
  endfacet
  facet normal -0.999049 0.0436113 0
    outer loop
      vertex 6.2 19.8 0.799999
      vertex 6.17641 19.2596 0
      vertex 6.17641 19.2596 0.799999
    endloop
  endfacet
  facet normal 0.300632 0.95374 -0
    outer loop
      vertex -1.60468 13.8113 0
      vertex -2.12052 13.9739 0.799999
      vertex -1.60468 13.8113 0.799999
    endloop
  endfacet
  facet normal 0.300632 0.95374 0
    outer loop
      vertex -2.12052 13.9739 0.799999
      vertex -1.60468 13.8113 0
      vertex -2.12052 13.9739 0
    endloop
  endfacet
  facet normal 0.923881 -0.382679 0
    outer loop
      vertex -5.82609 21.9205 0.799999
      vertex -5.61911 22.4202 0
      vertex -5.61911 22.4202 0.799999
    endloop
  endfacet
  facet normal 0.923881 -0.382679 0
    outer loop
      vertex -5.61911 22.4202 0
      vertex -5.82609 21.9205 0.799999
      vertex -5.82609 21.9205 0
    endloop
  endfacet
  facet normal 0.887025 -0.461722 0
    outer loop
      vertex -5.61911 22.4202 0.799999
      vertex -5.36936 22.9 0
      vertex -5.36936 22.9 0.799999
    endloop
  endfacet
  facet normal 0.887025 -0.461722 0
    outer loop
      vertex -5.36936 22.9 0
      vertex -5.61911 22.4202 0.799999
      vertex -5.61911 22.4202 0
    endloop
  endfacet
  facet normal -0.461672 0.887051 0
    outer loop
      vertex 3.1 14.4306 0
      vertex 2.62023 14.1809 0.799999
      vertex 3.1 14.4306 0.799999
    endloop
  endfacet
  facet normal -0.461672 0.887051 0
    outer loop
      vertex 2.62023 14.1809 0.799999
      vertex 3.1 14.4306 0
      vertex 2.62023 14.1809 0
    endloop
  endfacet
  facet normal 0.953707 0.300738 0
    outer loop
      vertex -5.82609 17.6795 0.799999
      vertex -5.98874 18.1953 0
      vertex -5.98874 18.1953 0.799999
    endloop
  endfacet
  facet normal 0.953707 0.300738 0
    outer loop
      vertex -5.98874 18.1953 0
      vertex -5.82609 17.6795 0.799999
      vertex -5.82609 17.6795 0
    endloop
  endfacet
  facet normal -0.461672 -0.887051 0
    outer loop
      vertex 2.62023 25.4191 0
      vertex 3.1 25.1694 0.799999
      vertex 2.62023 25.4191 0.799999
    endloop
  endfacet
  facet normal -0.461672 -0.887051 -0
    outer loop
      vertex 3.1 25.1694 0.799999
      vertex 2.62023 25.4191 0
      vertex 3.1 25.1694 0
    endloop
  endfacet
  facet normal 0.216496 -0.976284 0
    outer loop
      vertex -1.60468 25.7887 0
      vertex -1.07662 25.9058 0.799999
      vertex -1.60468 25.7887 0.799999
    endloop
  endfacet
  facet normal 0.216496 -0.976284 0
    outer loop
      vertex -1.07662 25.9058 0.799999
      vertex -1.60468 25.7887 0
      vertex -1.07662 25.9058 0
    endloop
  endfacet
  facet normal -0.0436326 0.999048 0
    outer loop
      vertex 0.540365 13.6236 0
      vertex 0 13.6 0.799999
      vertex 0.540365 13.6236 0.799999
    endloop
  endfacet
  facet normal -0.0436326 0.999048 0
    outer loop
      vertex 0 13.6 0.799999
      vertex 0.540365 13.6236 0
      vertex 0 13.6 0
    endloop
  endfacet
  facet normal -0.887025 0.461722 0
    outer loop
      vertex 5.36936 16.7 0
      vertex 5.61911 17.1798 0.799999
      vertex 5.61911 17.1798 0
    endloop
  endfacet
  facet normal -0.887025 0.461722 0
    outer loop
      vertex 5.61911 17.1798 0.799999
      vertex 5.36936 16.7 0
      vertex 5.36936 16.7 0.799999
    endloop
  endfacet
  facet normal -0.793353 -0.608761 0
    outer loop
      vertex 5.07874 23.3562 0
      vertex 4.74948 23.7853 0.799999
      vertex 4.74948 23.7853 0
    endloop
  endfacet
  facet normal -0.793353 -0.608761 0
    outer loop
      vertex 4.74948 23.7853 0.799999
      vertex 5.07874 23.3562 0
      vertex 5.07874 23.3562 0.799999
    endloop
  endfacet
  facet normal -0.953707 0.300738 0
    outer loop
      vertex 5.82609 17.6795 0
      vertex 5.98874 18.1953 0.799999
      vertex 5.98874 18.1953 0
    endloop
  endfacet
  facet normal -0.953707 0.300738 0
    outer loop
      vertex 5.98874 18.1953 0.799999
      vertex 5.82609 17.6795 0
      vertex 5.82609 17.6795 0.799999
    endloop
  endfacet
  facet normal -0.382704 -0.923871 0
    outer loop
      vertex 2.12052 25.6261 0
      vertex 2.62023 25.4191 0.799999
      vertex 2.12052 25.6261 0.799999
    endloop
  endfacet
  facet normal -0.382704 -0.923871 -0
    outer loop
      vertex 2.62023 25.4191 0.799999
      vertex 2.12052 25.6261 0
      vertex 2.62023 25.4191 0
    endloop
  endfacet
  facet normal -0.675576 0.737291 0
    outer loop
      vertex 4.38406 15.4159 0
      vertex 3.98528 15.0505 0.799999
      vertex 4.38406 15.4159 0.799999
    endloop
  endfacet
  facet normal -0.675576 0.737291 0
    outer loop
      vertex 3.98528 15.0505 0.799999
      vertex 4.38406 15.4159 0
      vertex 3.98528 15.0505 0
    endloop
  endfacet
  facet normal 0.130527 0.991445 -0
    outer loop
      vertex -0.540365 13.6236 0
      vertex -1.07662 13.6942 0.799999
      vertex -0.540365 13.6236 0.799999
    endloop
  endfacet
  facet normal 0.130527 0.991445 0
    outer loop
      vertex -1.07662 13.6942 0.799999
      vertex -0.540365 13.6236 0
      vertex -1.07662 13.6942 0
    endloop
  endfacet
  facet normal 0.843401 -0.537285 0
    outer loop
      vertex -5.36936 22.9 0.799999
      vertex -5.07874 23.3562 0
      vertex -5.07874 23.3562 0.799999
    endloop
  endfacet
  facet normal 0.843401 -0.537285 0
    outer loop
      vertex -5.07874 23.3562 0
      vertex -5.36936 22.9 0.799999
      vertex -5.36936 22.9 0
    endloop
  endfacet
  facet normal -0.923881 -0.382679 0
    outer loop
      vertex 5.82609 21.9205 0
      vertex 5.61911 22.4202 0.799999
      vertex 5.61911 22.4202 0
    endloop
  endfacet
  facet normal -0.923881 -0.382679 0
    outer loop
      vertex 5.61911 22.4202 0.799999
      vertex 5.82609 21.9205 0
      vertex 5.82609 21.9205 0.799999
    endloop
  endfacet
  facet normal -0.737289 -0.675577 0
    outer loop
      vertex 4.74948 23.7853 0
      vertex 4.38406 24.1841 0.799999
      vertex 4.38406 24.1841 0
    endloop
  endfacet
  facet normal -0.737289 -0.675577 0
    outer loop
      vertex 4.38406 24.1841 0.799999
      vertex 4.74948 23.7853 0
      vertex 4.74948 23.7853 0.799999
    endloop
  endfacet
  facet normal 0.923881 0.382679 0
    outer loop
      vertex -5.61911 17.1798 0.799999
      vertex -5.82609 17.6795 0
      vertex -5.82609 17.6795 0.799999
    endloop
  endfacet
  facet normal 0.923881 0.382679 0
    outer loop
      vertex -5.82609 17.6795 0
      vertex -5.61911 17.1798 0.799999
      vertex -5.61911 17.1798 0
    endloop
  endfacet
  facet normal -0.887025 -0.461722 0
    outer loop
      vertex 5.61911 22.4202 0
      vertex 5.36936 22.9 0.799999
      vertex 5.36936 22.9 0
    endloop
  endfacet
  facet normal -0.887025 -0.461722 0
    outer loop
      vertex 5.36936 22.9 0.799999
      vertex 5.61911 22.4202 0
      vertex 5.61911 22.4202 0.799999
    endloop
  endfacet
  facet normal 0.461672 -0.887051 0
    outer loop
      vertex -3.1 25.1694 0
      vertex -2.62023 25.4191 0.799999
      vertex -3.1 25.1694 0.799999
    endloop
  endfacet
  facet normal 0.461672 -0.887051 0
    outer loop
      vertex -2.62023 25.4191 0.799999
      vertex -3.1 25.1694 0
      vertex -2.62023 25.4191 0
    endloop
  endfacet
  facet normal 0.887025 0.461722 0
    outer loop
      vertex -5.36936 16.7 0.799999
      vertex -5.61911 17.1798 0
      vertex -5.61911 17.1798 0.799999
    endloop
  endfacet
  facet normal 0.887025 0.461722 0
    outer loop
      vertex -5.61911 17.1798 0
      vertex -5.36936 16.7 0.799999
      vertex -5.36936 16.7 0
    endloop
  endfacet
  facet normal 0.537415 0.843318 -0
    outer loop
      vertex -3.1 14.4306 0
      vertex -3.55617 14.7213 0.799999
      vertex -3.1 14.4306 0.799999
    endloop
  endfacet
  facet normal 0.537415 0.843318 0
    outer loop
      vertex -3.55617 14.7213 0.799999
      vertex -3.1 14.4306 0
      vertex -3.55617 14.7213 0
    endloop
  endfacet
  facet normal -0.608683 -0.793414 0
    outer loop
      vertex 3.55617 24.8787 0
      vertex 3.98528 24.5495 0.799999
      vertex 3.55617 24.8787 0.799999
    endloop
  endfacet
  facet normal -0.608683 -0.793414 -0
    outer loop
      vertex 3.98528 24.5495 0.799999
      vertex 3.55617 24.8787 0
      vertex 3.98528 24.5495 0
    endloop
  endfacet
  facet normal 0.300632 -0.95374 0
    outer loop
      vertex -2.12052 25.6261 0
      vertex -1.60468 25.7887 0.799999
      vertex -2.12052 25.6261 0.799999
    endloop
  endfacet
  facet normal 0.300632 -0.95374 0
    outer loop
      vertex -1.60468 25.7887 0.799999
      vertex -2.12052 25.6261 0
      vertex -1.60468 25.7887 0
    endloop
  endfacet
  facet normal 0.999049 0.0436113 0
    outer loop
      vertex -6.17641 19.2596 0.799999
      vertex -6.2 19.8 0
      vertex -6.2 19.8 0.799999
    endloop
  endfacet
  facet normal 0.999049 0.0436113 0
    outer loop
      vertex -6.2 19.8 0
      vertex -6.17641 19.2596 0.799999
      vertex -6.17641 19.2596 0
    endloop
  endfacet
  facet normal 0.216496 0.976284 -0
    outer loop
      vertex -1.07662 13.6942 0
      vertex -1.60468 13.8113 0.799999
      vertex -1.07662 13.6942 0.799999
    endloop
  endfacet
  facet normal 0.216496 0.976284 0
    outer loop
      vertex -1.60468 13.8113 0.799999
      vertex -1.07662 13.6942 0
      vertex -1.60468 13.8113 0
    endloop
  endfacet
  facet normal 0.0436326 -0.999048 0
    outer loop
      vertex -0.540365 25.9764 0
      vertex 0 26 0.799999
      vertex -0.540365 25.9764 0.799999
    endloop
  endfacet
  facet normal 0.0436326 -0.999048 0
    outer loop
      vertex 0 26 0.799999
      vertex -0.540365 25.9764 0
      vertex 0 26 0
    endloop
  endfacet
  facet normal -0.537415 0.843318 0
    outer loop
      vertex 3.55617 14.7213 0
      vertex 3.1 14.4306 0.799999
      vertex 3.55617 14.7213 0.799999
    endloop
  endfacet
  facet normal -0.537415 0.843318 0
    outer loop
      vertex 3.1 14.4306 0.799999
      vertex 3.55617 14.7213 0
      vertex 3.1 14.4306 0
    endloop
  endfacet
  facet normal -0.216496 0.976284 0
    outer loop
      vertex 1.60468 13.8113 0
      vertex 1.07662 13.6942 0.799999
      vertex 1.60468 13.8113 0.799999
    endloop
  endfacet
  facet normal -0.216496 0.976284 0
    outer loop
      vertex 1.07662 13.6942 0.799999
      vertex 1.60468 13.8113 0
      vertex 1.07662 13.6942 0
    endloop
  endfacet
  facet normal 0.737289 0.675577 0
    outer loop
      vertex -4.38406 15.4159 0.799999
      vertex -4.74948 15.8147 0
      vertex -4.74948 15.8147 0.799999
    endloop
  endfacet
  facet normal 0.737289 0.675577 0
    outer loop
      vertex -4.74948 15.8147 0
      vertex -4.38406 15.4159 0.799999
      vertex -4.38406 15.4159 0
    endloop
  endfacet
  facet normal -0.923881 0.382679 0
    outer loop
      vertex 5.61911 17.1798 0
      vertex 5.82609 17.6795 0.799999
      vertex 5.82609 17.6795 0
    endloop
  endfacet
  facet normal -0.923881 0.382679 0
    outer loop
      vertex 5.82609 17.6795 0.799999
      vertex 5.61911 17.1798 0
      vertex 5.61911 17.1798 0.799999
    endloop
  endfacet
  facet normal -0.130527 -0.991445 0
    outer loop
      vertex 0.540365 25.9764 0
      vertex 1.07662 25.9058 0.799999
      vertex 0.540365 25.9764 0.799999
    endloop
  endfacet
  facet normal -0.130527 -0.991445 -0
    outer loop
      vertex 1.07662 25.9058 0.799999
      vertex 0.540365 25.9764 0
      vertex 1.07662 25.9058 0
    endloop
  endfacet
  facet normal -0.0436326 -0.999048 0
    outer loop
      vertex 0 26 0
      vertex 0.540365 25.9764 0.799999
      vertex 0 26 0.799999
    endloop
  endfacet
  facet normal -0.0436326 -0.999048 -0
    outer loop
      vertex 0.540365 25.9764 0.799999
      vertex 0 26 0
      vertex 0.540365 25.9764 0
    endloop
  endfacet
  facet normal 0.461672 0.887051 -0
    outer loop
      vertex -2.62023 14.1809 0
      vertex -3.1 14.4306 0.799999
      vertex -2.62023 14.1809 0.799999
    endloop
  endfacet
  facet normal 0.461672 0.887051 0
    outer loop
      vertex -3.1 14.4306 0.799999
      vertex -2.62023 14.1809 0
      vertex -3.1 14.4306 0
    endloop
  endfacet
  facet normal -0.675576 -0.737291 0
    outer loop
      vertex 3.98528 24.5495 0
      vertex 4.38406 24.1841 0.799999
      vertex 3.98528 24.5495 0.799999
    endloop
  endfacet
  facet normal -0.675576 -0.737291 -0
    outer loop
      vertex 4.38406 24.1841 0.799999
      vertex 3.98528 24.5495 0
      vertex 4.38406 24.1841 0
    endloop
  endfacet
  facet normal 0.991443 -0.130541 0
    outer loop
      vertex -6.17641 20.3404 0.799999
      vertex -6.10581 20.8766 0
      vertex -6.10581 20.8766 0.799999
    endloop
  endfacet
  facet normal 0.991443 -0.130541 0
    outer loop
      vertex -6.10581 20.8766 0
      vertex -6.17641 20.3404 0.799999
      vertex -6.17641 20.3404 0
    endloop
  endfacet
  facet normal 0.0436326 0.999048 -0
    outer loop
      vertex 0 13.6 0
      vertex -0.540365 13.6236 0.799999
      vertex 0 13.6 0.799999
    endloop
  endfacet
  facet normal 0.0436326 0.999048 0
    outer loop
      vertex -0.540365 13.6236 0.799999
      vertex 0 13.6 0
      vertex -0.540365 13.6236 0
    endloop
  endfacet
  facet normal 0.737289 -0.675577 0
    outer loop
      vertex -4.74948 23.7853 0.799999
      vertex -4.38406 24.1841 0
      vertex -4.38406 24.1841 0.799999
    endloop
  endfacet
  facet normal 0.737289 -0.675577 0
    outer loop
      vertex -4.38406 24.1841 0
      vertex -4.74948 23.7853 0.799999
      vertex -4.74948 23.7853 0
    endloop
  endfacet
  facet normal 0.991443 0.130541 0
    outer loop
      vertex -6.10581 18.7234 0.799999
      vertex -6.17641 19.2596 0
      vertex -6.17641 19.2596 0.799999
    endloop
  endfacet
  facet normal 0.991443 0.130541 0
    outer loop
      vertex -6.17641 19.2596 0
      vertex -6.10581 18.7234 0.799999
      vertex -6.10581 18.7234 0
    endloop
  endfacet
  facet normal 0.999049 -0.0436113 0
    outer loop
      vertex -6.2 19.8 0.799999
      vertex -6.17641 20.3404 0
      vertex -6.17641 20.3404 0.799999
    endloop
  endfacet
  facet normal 0.999049 -0.0436113 0
    outer loop
      vertex -6.17641 20.3404 0
      vertex -6.2 19.8 0.799999
      vertex -6.2 19.8 0
    endloop
  endfacet
  facet normal -0.737289 0.675577 0
    outer loop
      vertex 4.38406 15.4159 0
      vertex 4.74948 15.8147 0.799999
      vertex 4.74948 15.8147 0
    endloop
  endfacet
  facet normal -0.737289 0.675577 0
    outer loop
      vertex 4.74948 15.8147 0.799999
      vertex 4.38406 15.4159 0
      vertex 4.38406 15.4159 0.799999
    endloop
  endfacet
endsolid OpenSCAD_Model
