solid OpenSCAD_Model
  facet normal 1 -0 0
    outer loop
      vertex -16.8 9.8 19.3
      vertex -16.8 27.8 3.3
      vertex -16.8 27.8 19.3
    endloop
  endfacet
  facet normal 1 0 0
    outer loop
      vertex -16.8 27.8 3.3
      vertex -16.8 9.8 19.3
      vertex -16.8 9.8 3.3
    endloop
  endfacet
  facet normal 0 0 1
    outer loop
      vertex 16.8 9.8 19.3
      vertex -16.4 6.4 19.3
      vertex 16.4 6.4 19.3
    endloop
  endfacet
  facet normal 0 0 1
    outer loop
      vertex -19.8 -29.8 19.3
      vertex -16.4 6.4 19.3
      vertex -16.8 9.8 19.3
    endloop
  endfacet
  facet normal -0 0 1
    outer loop
      vertex -16.8 9.8 19.3
      vertex -16.4 6.4 19.3
      vertex 16.8 9.8 19.3
    endloop
  endfacet
  facet normal 0 0 1
    outer loop
      vertex 16.8 9.8 19.3
      vertex 19.8 29.8 19.3
      vertex 16.8 27.8 19.3
    endloop
  endfacet
  facet normal 0 0 1
    outer loop
      vertex 19.8 29.8 19.3
      vertex -16.8 27.8 19.3
      vertex 16.8 27.8 19.3
    endloop
  endfacet
  facet normal 0 0 1
    outer loop
      vertex -16.8 27.8 19.3
      vertex -19.8 29.8 19.3
      vertex -16.8 9.8 19.3
    endloop
  endfacet
  facet normal -0 0 1
    outer loop
      vertex -19.8 29.8 19.3
      vertex -16.8 27.8 19.3
      vertex 19.8 29.8 19.3
    endloop
  endfacet
  facet normal 0 0 1
    outer loop
      vertex 19.8 29.8 19.3
      vertex 16.8 9.8 19.3
      vertex 19.8 -29.8 19.3
    endloop
  endfacet
  facet normal -0 0 1
    outer loop
      vertex 16.4 6.4 19.3
      vertex 19.8 -29.8 19.3
      vertex 16.8 9.8 19.3
    endloop
  endfacet
  facet normal -0 0 1
    outer loop
      vertex 16.4 -26.4 19.3
      vertex 19.8 -29.8 19.3
      vertex 16.4 6.4 19.3
    endloop
  endfacet
  facet normal -0 0 1
    outer loop
      vertex -16.4 -26.4 19.3
      vertex 19.8 -29.8 19.3
      vertex 16.4 -26.4 19.3
    endloop
  endfacet
  facet normal 0 0 1
    outer loop
      vertex -19.8 -29.8 19.3
      vertex -16.8 9.8 19.3
      vertex -19.8 29.8 19.3
    endloop
  endfacet
  facet normal 0 0 1
    outer loop
      vertex -16.4 -26.4 19.3
      vertex -19.8 -29.8 19.3
      vertex 19.8 -29.8 19.3
    endloop
  endfacet
  facet normal 0 0 1
    outer loop
      vertex -16.4 6.4 19.3
      vertex -19.8 -29.8 19.3
      vertex -16.4 -26.4 19.3
    endloop
  endfacet
  facet normal 0 0 -1
    outer loop
      vertex 19.8 29.8 0
      vertex 6.17641 19.2596 0
      vertex 6.2 19.8 0
    endloop
  endfacet
  facet normal 0 0 -1
    outer loop
      vertex 7.35936 2.77075 0
      vertex 6.10581 18.7234 0
      vertex 6.17641 19.2596 0
    endloop
  endfacet
  facet normal 0 0 -1
    outer loop
      vertex 7.35936 2.77075 0
      vertex 5.98874 18.1953 0
      vertex 6.10581 18.7234 0
    endloop
  endfacet
  facet normal 0 0 -1
    outer loop
      vertex 7.35936 2.77075 0
      vertex 5.82609 17.6795 0
      vertex 5.98874 18.1953 0
    endloop
  endfacet
  facet normal 0 0 -1
    outer loop
      vertex 7.35936 2.77075 0
      vertex 5.61911 17.1798 0
      vertex 5.82609 17.6795 0
    endloop
  endfacet
  facet normal 0 0 -1
    outer loop
      vertex 7.35936 2.77075 0
      vertex 5.36936 16.7 0
      vertex 5.61911 17.1798 0
    endloop
  endfacet
  facet normal 0 0 -1
    outer loop
      vertex 7.35936 2.77075 0
      vertex 5.07874 16.2438 0
      vertex 5.36936 16.7 0
    endloop
  endfacet
  facet normal 0 0 -1
    outer loop
      vertex 3.98528 15.0505 0
      vertex 6.22939 3.35898 0
      vertex 5.05246 3.84648 0
    endloop
  endfacet
  facet normal 0 0 -1
    outer loop
      vertex 3.55617 14.7213 0
      vertex 5.05246 3.84648 0
      vertex 5.04138 3.85107 0
    endloop
  endfacet
  facet normal 0 0 -1
    outer loop
      vertex 3.55617 14.7213 0
      vertex 5.04138 3.85107 0
      vertex 5.02994 3.85468 0
    endloop
  endfacet
  facet normal 0 0 -1
    outer loop
      vertex 7.35936 2.77075 0
      vertex 4.74948 15.8147 0
      vertex 5.07874 16.2438 0
    endloop
  endfacet
  facet normal 0 0 -1
    outer loop
      vertex 6.22939 3.35898 0
      vertex 4.38406 15.4159 0
      vertex 4.74948 15.8147 0
    endloop
  endfacet
  facet normal 0 0 -1
    outer loop
      vertex 6.22939 3.35898 0
      vertex 3.98528 15.0505 0
      vertex 4.38406 15.4159 0
    endloop
  endfacet
  facet normal 0 0 -1
    outer loop
      vertex 3.1 14.4306 0
      vertex 5.02994 3.85468 0
      vertex 3.81499 4.23775 0
    endloop
  endfacet
  facet normal 0 0 -1
    outer loop
      vertex 5.05246 3.84648 0
      vertex 3.55617 14.7213 0
      vertex 3.98528 15.0505 0
    endloop
  endfacet
  facet normal 0 0 -1
    outer loop
      vertex 5.02994 3.85468 0
      vertex 3.1 14.4306 0
      vertex 3.55617 14.7213 0
    endloop
  endfacet
  facet normal 0 0 -1
    outer loop
      vertex 3.81499 4.23775 0
      vertex 2.62023 14.1809 0
      vertex 3.1 14.4306 0
    endloop
  endfacet
  facet normal 0 0 -1
    outer loop
      vertex 2.57128 4.51347 0
      vertex 2.62023 14.1809 0
      vertex 3.81499 4.23775 0
    endloop
  endfacet
  facet normal 0 0 -1
    outer loop
      vertex 2.12052 13.9739 0
      vertex 2.57128 4.51347 0
      vertex 2.55957 4.51607 0
    endloop
  endfacet
  facet normal 0 0 -1
    outer loop
      vertex 1.60468 13.8113 0
      vertex 2.55957 4.51607 0
      vertex 2.54768 4.51763 0
    endloop
  endfacet
  facet normal 0 0 -1
    outer loop
      vertex 2.57128 4.51347 0
      vertex 2.12052 13.9739 0
      vertex 2.62023 14.1809 0
    endloop
  endfacet
  facet normal 0 0 -1
    outer loop
      vertex 2.55957 4.51607 0
      vertex 1.60468 13.8113 0
      vertex 2.12052 13.9739 0
    endloop
  endfacet
  facet normal 0 0 -1
    outer loop
      vertex 1.28467 4.68391 0
      vertex 1.60468 13.8113 0
      vertex 2.54768 4.51763 0
    endloop
  endfacet
  facet normal 0 0 -1
    outer loop
      vertex 1.07662 13.6942 0
      vertex 1.28467 4.68391 0
      vertex 1.27269 4.68443 0
    endloop
  endfacet
  facet normal 0 0 -1
    outer loop
      vertex 1.28467 4.68391 0
      vertex 1.07662 13.6942 0
      vertex 1.60468 13.8113 0
    endloop
  endfacet
  facet normal 0 0 -1
    outer loop
      vertex 1.27269 4.68443 0
      vertex 0.540365 13.6236 0
      vertex 1.07662 13.6942 0
    endloop
  endfacet
  facet normal 0 0 -1
    outer loop
      vertex 0 4.74 0
      vertex 0.540365 13.6236 0
      vertex 1.27269 4.68443 0
    endloop
  endfacet
  facet normal 0 0 -1
    outer loop
      vertex 0 4.74 0
      vertex 0 13.6 0
      vertex 0.540365 13.6236 0
    endloop
  endfacet
  facet normal 0 0 -1
    outer loop
      vertex 0 4.74 0
      vertex -0.540365 13.6236 0
      vertex 0 13.6 0
    endloop
  endfacet
  facet normal 0 0 -1
    outer loop
      vertex -1.27269 4.68443 0
      vertex -0.540365 13.6236 0
      vertex 0 4.74 0
    endloop
  endfacet
  facet normal -0 0 -1
    outer loop
      vertex -0.540365 13.6236 0
      vertex -1.27269 4.68443 0
      vertex -1.07662 13.6942 0
    endloop
  endfacet
  facet normal 0 0 -1
    outer loop
      vertex -1.28467 4.68391 0
      vertex -1.07662 13.6942 0
      vertex -1.27269 4.68443 0
    endloop
  endfacet
  facet normal 0 0 -1
    outer loop
      vertex -1.28467 4.68391 0
      vertex -1.60468 13.8113 0
      vertex -1.07662 13.6942 0
    endloop
  endfacet
  facet normal 0 0 -1
    outer loop
      vertex -2.54768 4.51763 0
      vertex -1.60468 13.8113 0
      vertex -1.28467 4.68391 0
    endloop
  endfacet
  facet normal 0 0 -1
    outer loop
      vertex -2.55957 4.51607 0
      vertex -1.60468 13.8113 0
      vertex -2.54768 4.51763 0
    endloop
  endfacet
  facet normal -0 0 -1
    outer loop
      vertex -1.60468 13.8113 0
      vertex -2.55957 4.51607 0
      vertex -2.12052 13.9739 0
    endloop
  endfacet
  facet normal 0 0 -1
    outer loop
      vertex -2.57128 4.51347 0
      vertex -2.12052 13.9739 0
      vertex -2.55957 4.51607 0
    endloop
  endfacet
  facet normal 0 0 -1
    outer loop
      vertex -2.57128 4.51347 0
      vertex -2.62023 14.1809 0
      vertex -2.12052 13.9739 0
    endloop
  endfacet
  facet normal 0 0 -1
    outer loop
      vertex -3.81499 4.23775 0
      vertex -2.62023 14.1809 0
      vertex -2.57128 4.51347 0
    endloop
  endfacet
  facet normal -0 0 -1
    outer loop
      vertex -2.62023 14.1809 0
      vertex -3.81499 4.23775 0
      vertex -3.1 14.4306 0
    endloop
  endfacet
  facet normal 0 0 -1
    outer loop
      vertex -5.02994 3.85468 0
      vertex -3.1 14.4306 0
      vertex -3.81499 4.23775 0
    endloop
  endfacet
  facet normal -0 0 -1
    outer loop
      vertex -3.1 14.4306 0
      vertex -5.02994 3.85468 0
      vertex -3.55617 14.7213 0
    endloop
  endfacet
  facet normal 0 0 -1
    outer loop
      vertex -5.04138 3.85107 0
      vertex -3.55617 14.7213 0
      vertex -5.02994 3.85468 0
    endloop
  endfacet
  facet normal 0 0 -1
    outer loop
      vertex -5.05246 3.84648 0
      vertex -3.55617 14.7213 0
      vertex -5.04138 3.85107 0
    endloop
  endfacet
  facet normal -0 0 -1
    outer loop
      vertex -3.55617 14.7213 0
      vertex -5.05246 3.84648 0
      vertex -3.98528 15.0505 0
    endloop
  endfacet
  facet normal 0 0 -1
    outer loop
      vertex -6.22939 3.35898 0
      vertex -3.98528 15.0505 0
      vertex -5.05246 3.84648 0
    endloop
  endfacet
  facet normal -0 0 -1
    outer loop
      vertex -3.98528 15.0505 0
      vertex -6.22939 3.35898 0
      vertex -4.38406 15.4159 0
    endloop
  endfacet
  facet normal -0 0 -1
    outer loop
      vertex -4.38406 15.4159 0
      vertex -6.22939 3.35898 0
      vertex -4.74948 15.8147 0
    endloop
  endfacet
  facet normal 0 0 -1
    outer loop
      vertex -7.35936 2.77075 0
      vertex -4.74948 15.8147 0
      vertex -6.22939 3.35898 0
    endloop
  endfacet
  facet normal 0 0 -1
    outer loop
      vertex -7.37 2.76521 0
      vertex -4.74948 15.8147 0
      vertex -7.35936 2.77075 0
    endloop
  endfacet
  facet normal -0 0 -1
    outer loop
      vertex -4.74948 15.8147 0
      vertex -7.37 2.76521 0
      vertex -5.07874 16.2438 0
    endloop
  endfacet
  facet normal 0 0 -1
    outer loop
      vertex -7.38012 2.75877 0
      vertex -5.07874 16.2438 0
      vertex -7.37 2.76521 0
    endloop
  endfacet
  facet normal 0 0 -1
    outer loop
      vertex -8.45452 2.0743 0
      vertex -5.07874 16.2438 0
      vertex -7.38012 2.75877 0
    endloop
  endfacet
  facet normal -0 0 -1
    outer loop
      vertex -5.07874 16.2438 0
      vertex -8.45452 2.0743 0
      vertex -5.36936 16.7 0
    endloop
  endfacet
  facet normal 0 0 -1
    outer loop
      vertex -9.46517 1.2988 0
      vertex -5.61911 17.1798 0
      vertex -8.45452 2.0743 0
    endloop
  endfacet
  facet normal -0 0 -1
    outer loop
      vertex -5.36936 16.7 0
      vertex -8.45452 2.0743 0
      vertex -5.61911 17.1798 0
    endloop
  endfacet
  facet normal 0 0 -1
    outer loop
      vertex 14.6844 -8.72731 0
      vertex 19.8 -29.8 0
      vertex 14.74 -10 0
    endloop
  endfacet
  facet normal 0 0 -1
    outer loop
      vertex 19.8 -29.8 0
      vertex 14.6844 -11.2727 0
      vertex 14.74 -10 0
    endloop
  endfacet
  facet normal 0 0 -1
    outer loop
      vertex 19.8 -29.8 0
      vertex 14.6839 -11.2847 0
      vertex 14.6844 -11.2727 0
    endloop
  endfacet
  facet normal 0 0 -1
    outer loop
      vertex 19.8 -29.8 0
      vertex 14.5176 -12.5477 0
      vertex 14.6839 -11.2847 0
    endloop
  endfacet
  facet normal 0 0 -1
    outer loop
      vertex 19.8 -29.8 0
      vertex 14.5161 -12.5596 0
      vertex 14.5176 -12.5477 0
    endloop
  endfacet
  facet normal 0 0 -1
    outer loop
      vertex 19.8 -29.8 0
      vertex 14.5135 -12.5713 0
      vertex 14.5161 -12.5596 0
    endloop
  endfacet
  facet normal 0 0 -1
    outer loop
      vertex 19.8 -29.8 0
      vertex 14.2377 -13.815 0
      vertex 14.5135 -12.5713 0
    endloop
  endfacet
  facet normal 0 0 -1
    outer loop
      vertex 19.8 -29.8 0
      vertex 13.8547 -15.0299 0
      vertex 14.2377 -13.815 0
    endloop
  endfacet
  facet normal 0 0 -1
    outer loop
      vertex 19.8 -29.8 0
      vertex 13.8511 -15.0414 0
      vertex 13.8547 -15.0299 0
    endloop
  endfacet
  facet normal 0 0 -1
    outer loop
      vertex 19.8 -29.8 0
      vertex 13.8465 -15.0525 0
      vertex 13.8511 -15.0414 0
    endloop
  endfacet
  facet normal 0 0 -1
    outer loop
      vertex 19.8 -29.8 0
      vertex 13.359 -16.2294 0
      vertex 13.8465 -15.0525 0
    endloop
  endfacet
  facet normal 0 0 -1
    outer loop
      vertex 19.8 -29.8 0
      vertex 12.7708 -17.3594 0
      vertex 13.359 -16.2294 0
    endloop
  endfacet
  facet normal 0 0 -1
    outer loop
      vertex 19.8 -29.8 0
      vertex 12.7652 -17.37 0
      vertex 12.7708 -17.3594 0
    endloop
  endfacet
  facet normal 0 0 -1
    outer loop
      vertex 19.8 -29.8 0
      vertex 12.7588 -17.3801 0
      vertex 12.7652 -17.37 0
    endloop
  endfacet
  facet normal 0 0 -1
    outer loop
      vertex 19.8 -29.8 0
      vertex 12.0743 -18.4545 0
      vertex 12.7588 -17.3801 0
    endloop
  endfacet
  facet normal 0 0 -1
    outer loop
      vertex 19.8 -29.8 0
      vertex 11.2988 -19.4652 0
      vertex 12.0743 -18.4545 0
    endloop
  endfacet
  facet normal 0 0 -1
    outer loop
      vertex 19.8 -29.8 0
      vertex 11.2915 -19.4747 0
      vertex 11.2988 -19.4652 0
    endloop
  endfacet
  facet normal 0 0 -1
    outer loop
      vertex 19.8 -29.8 0
      vertex 11.2834 -19.4835 0
      vertex 11.2915 -19.4747 0
    endloop
  endfacet
  facet normal 0 0 -1
    outer loop
      vertex 19.8 -29.8 0
      vertex 10.4228 -20.4228 0
      vertex 11.2834 -19.4835 0
    endloop
  endfacet
  facet normal 0 0 -1
    outer loop
      vertex 19.8 -29.8 0
      vertex 9.48353 -21.2834 0
      vertex 10.4228 -20.4228 0
    endloop
  endfacet
  facet normal 0 0 -1
    outer loop
      vertex 19.8 -29.8 0
      vertex 9.47469 -21.2915 0
      vertex 9.48353 -21.2834 0
    endloop
  endfacet
  facet normal 0 0 -1
    outer loop
      vertex 19.8 -29.8 0
      vertex 9.46517 -21.2988 0
      vertex 9.47469 -21.2915 0
    endloop
  endfacet
  facet normal 0 0 -1
    outer loop
      vertex 19.8 -29.8 0
      vertex 8.45452 -22.0743 0
      vertex 9.46517 -21.2988 0
    endloop
  endfacet
  facet normal 0 0 -1
    outer loop
      vertex 19.8 -29.8 0
      vertex 7.38012 -22.7588 0
      vertex 8.45452 -22.0743 0
    endloop
  endfacet
  facet normal 0 0 -1
    outer loop
      vertex 19.8 -29.8 0
      vertex 7.37 -22.7652 0
      vertex 7.38012 -22.7588 0
    endloop
  endfacet
  facet normal 0 0 -1
    outer loop
      vertex 19.8 -29.8 0
      vertex 7.35936 -22.7708 0
      vertex 7.37 -22.7652 0
    endloop
  endfacet
  facet normal 0 0 -1
    outer loop
      vertex 19.8 -29.8 0
      vertex 6.22939 -23.359 0
      vertex 7.35936 -22.7708 0
    endloop
  endfacet
  facet normal 0 0 -1
    outer loop
      vertex 19.8 -29.8 0
      vertex 5.05246 -23.8465 0
      vertex 6.22939 -23.359 0
    endloop
  endfacet
  facet normal 0 0 -1
    outer loop
      vertex 19.8 -29.8 0
      vertex 5.04138 -23.8511 0
      vertex 5.05246 -23.8465 0
    endloop
  endfacet
  facet normal 0 0 -1
    outer loop
      vertex 19.8 -29.8 0
      vertex 5.02994 -23.8547 0
      vertex 5.04138 -23.8511 0
    endloop
  endfacet
  facet normal 0 0 -1
    outer loop
      vertex 19.8 -29.8 0
      vertex 3.81499 -24.2377 0
      vertex 5.02994 -23.8547 0
    endloop
  endfacet
  facet normal 0 0 -1
    outer loop
      vertex 19.8 -29.8 0
      vertex 2.57128 -24.5135 0
      vertex 3.81499 -24.2377 0
    endloop
  endfacet
  facet normal 0 0 -1
    outer loop
      vertex 19.8 -29.8 0
      vertex 2.55957 -24.5161 0
      vertex 2.57128 -24.5135 0
    endloop
  endfacet
  facet normal 0 0 -1
    outer loop
      vertex 19.8 -29.8 0
      vertex 2.54768 -24.5176 0
      vertex 2.55957 -24.5161 0
    endloop
  endfacet
  facet normal 0 0 -1
    outer loop
      vertex 19.8 -29.8 0
      vertex 1.28467 -24.6839 0
      vertex 2.54768 -24.5176 0
    endloop
  endfacet
  facet normal 0 0 -1
    outer loop
      vertex 19.8 -29.8 0
      vertex 1.27269 -24.6844 0
      vertex 1.28467 -24.6839 0
    endloop
  endfacet
  facet normal 0 0 -1
    outer loop
      vertex 19.8 -29.8 0
      vertex 0 -24.74 0
      vertex 1.27269 -24.6844 0
    endloop
  endfacet
  facet normal 0 0 -1
    outer loop
      vertex -19.8 -29.8 0
      vertex 0 -24.74 0
      vertex 19.8 -29.8 0
    endloop
  endfacet
  facet normal -0 0 -1
    outer loop
      vertex 0 -24.74 0
      vertex -19.8 -29.8 0
      vertex -1.27269 -24.6844 0
    endloop
  endfacet
  facet normal -0 0 -1
    outer loop
      vertex -1.27269 -24.6844 0
      vertex -19.8 -29.8 0
      vertex -1.28467 -24.6839 0
    endloop
  endfacet
  facet normal -0 0 -1
    outer loop
      vertex -1.28467 -24.6839 0
      vertex -19.8 -29.8 0
      vertex -2.54768 -24.5176 0
    endloop
  endfacet
  facet normal -0 0 -1
    outer loop
      vertex -2.54768 -24.5176 0
      vertex -19.8 -29.8 0
      vertex -2.55957 -24.5161 0
    endloop
  endfacet
  facet normal -0 0 -1
    outer loop
      vertex -2.55957 -24.5161 0
      vertex -19.8 -29.8 0
      vertex -2.57128 -24.5135 0
    endloop
  endfacet
  facet normal 0 0 -1
    outer loop
      vertex -19.8 -29.8 0
      vertex -5.02994 -23.8547 0
      vertex -3.81499 -24.2377 0
    endloop
  endfacet
  facet normal 0 0 -1
    outer loop
      vertex -19.8 -29.8 0
      vertex -5.05246 -23.8465 0
      vertex -5.04138 -23.8511 0
    endloop
  endfacet
  facet normal 0 0 -1
    outer loop
      vertex -19.8 -29.8 0
      vertex -7.38012 -22.7588 0
      vertex -7.37 -22.7652 0
    endloop
  endfacet
  facet normal 0 0 -1
    outer loop
      vertex -19.8 -29.8 0
      vertex -9.46517 -21.2988 0
      vertex -8.45452 -22.0743 0
    endloop
  endfacet
  facet normal 0 0 -1
    outer loop
      vertex -19.8 -29.8 0
      vertex -9.48353 -21.2834 0
      vertex -9.47469 -21.2915 0
    endloop
  endfacet
  facet normal 0 0 -1
    outer loop
      vertex -19.8 -29.8 0
      vertex -11.2834 -19.4835 0
      vertex -10.4228 -20.4228 0
    endloop
  endfacet
  facet normal 0 0 -1
    outer loop
      vertex -19.8 -29.8 0
      vertex -11.2988 -19.4652 0
      vertex -11.2915 -19.4747 0
    endloop
  endfacet
  facet normal 0 0 -1
    outer loop
      vertex -19.8 -29.8 0
      vertex -12.7588 -17.3801 0
      vertex -12.0743 -18.4545 0
    endloop
  endfacet
  facet normal 0 0 -1
    outer loop
      vertex -19.8 -29.8 0
      vertex -12.7708 -17.3594 0
      vertex -12.7652 -17.37 0
    endloop
  endfacet
  facet normal 0 0 -1
    outer loop
      vertex -19.8 -29.8 0
      vertex -14.6844 -11.2727 0
      vertex -14.6839 -11.2847 0
    endloop
  endfacet
  facet normal -0 0 -1
    outer loop
      vertex -14.6844 -11.2727 0
      vertex -19.8 -29.8 0
      vertex -14.74 -10 0
    endloop
  endfacet
  facet normal -0 0 -1
    outer loop
      vertex -14.5176 -12.5477 0
      vertex -19.8 -29.8 0
      vertex -14.6839 -11.2847 0
    endloop
  endfacet
  facet normal -0 0 -1
    outer loop
      vertex -14.5161 -12.5596 0
      vertex -19.8 -29.8 0
      vertex -14.5176 -12.5477 0
    endloop
  endfacet
  facet normal -0 0 -1
    outer loop
      vertex -14.5135 -12.5713 0
      vertex -19.8 -29.8 0
      vertex -14.5161 -12.5596 0
    endloop
  endfacet
  facet normal -0 0 -1
    outer loop
      vertex -14.2377 -13.815 0
      vertex -19.8 -29.8 0
      vertex -14.5135 -12.5713 0
    endloop
  endfacet
  facet normal -0 0 -1
    outer loop
      vertex -13.8547 -15.0299 0
      vertex -19.8 -29.8 0
      vertex -14.2377 -13.815 0
    endloop
  endfacet
  facet normal -0 0 -1
    outer loop
      vertex -13.8511 -15.0414 0
      vertex -19.8 -29.8 0
      vertex -13.8547 -15.0299 0
    endloop
  endfacet
  facet normal -0 0 -1
    outer loop
      vertex -13.8465 -15.0525 0
      vertex -19.8 -29.8 0
      vertex -13.8511 -15.0414 0
    endloop
  endfacet
  facet normal -0 0 -1
    outer loop
      vertex -13.359 -16.2294 0
      vertex -19.8 -29.8 0
      vertex -13.8465 -15.0525 0
    endloop
  endfacet
  facet normal -0 0 -1
    outer loop
      vertex -12.7708 -17.3594 0
      vertex -19.8 -29.8 0
      vertex -13.359 -16.2294 0
    endloop
  endfacet
  facet normal -0 0 -1
    outer loop
      vertex -12.7588 -17.3801 0
      vertex -19.8 -29.8 0
      vertex -12.7652 -17.37 0
    endloop
  endfacet
  facet normal -0 0 -1
    outer loop
      vertex -11.2988 -19.4652 0
      vertex -19.8 -29.8 0
      vertex -12.0743 -18.4545 0
    endloop
  endfacet
  facet normal -0 0 -1
    outer loop
      vertex -11.2834 -19.4835 0
      vertex -19.8 -29.8 0
      vertex -11.2915 -19.4747 0
    endloop
  endfacet
  facet normal -0 0 -1
    outer loop
      vertex -9.48353 -21.2834 0
      vertex -19.8 -29.8 0
      vertex -10.4228 -20.4228 0
    endloop
  endfacet
  facet normal -0 0 -1
    outer loop
      vertex -9.46517 -21.2988 0
      vertex -19.8 -29.8 0
      vertex -9.47469 -21.2915 0
    endloop
  endfacet
  facet normal -0 0 -1
    outer loop
      vertex -7.38012 -22.7588 0
      vertex -19.8 -29.8 0
      vertex -8.45452 -22.0743 0
    endloop
  endfacet
  facet normal -0 0 -1
    outer loop
      vertex -7.35936 -22.7708 0
      vertex -19.8 -29.8 0
      vertex -7.37 -22.7652 0
    endloop
  endfacet
  facet normal -0 0 -1
    outer loop
      vertex -6.22939 -23.359 0
      vertex -19.8 -29.8 0
      vertex -7.35936 -22.7708 0
    endloop
  endfacet
  facet normal -0 0 -1
    outer loop
      vertex -5.05246 -23.8465 0
      vertex -19.8 -29.8 0
      vertex -6.22939 -23.359 0
    endloop
  endfacet
  facet normal -0 0 -1
    outer loop
      vertex -5.02994 -23.8547 0
      vertex -19.8 -29.8 0
      vertex -5.04138 -23.8511 0
    endloop
  endfacet
  facet normal -0 0 -1
    outer loop
      vertex -2.57128 -24.5135 0
      vertex -19.8 -29.8 0
      vertex -3.81499 -24.2377 0
    endloop
  endfacet
  facet normal 0 0 -1
    outer loop
      vertex 14.6839 -8.71532 0
      vertex 19.8 -29.8 0
      vertex 14.6844 -8.72731 0
    endloop
  endfacet
  facet normal 0 0 -1
    outer loop
      vertex 19.8 -29.8 0
      vertex 14.6839 -8.71532 0
      vertex 19.8 29.8 0
    endloop
  endfacet
  facet normal 0 0 -1
    outer loop
      vertex 14.5176 -7.45232 0
      vertex 19.8 29.8 0
      vertex 14.6839 -8.71532 0
    endloop
  endfacet
  facet normal 0 0 -1
    outer loop
      vertex 14.5161 -7.44043 0
      vertex 19.8 29.8 0
      vertex 14.5176 -7.45232 0
    endloop
  endfacet
  facet normal 0 0 -1
    outer loop
      vertex 14.5135 -7.42872 0
      vertex 19.8 29.8 0
      vertex 14.5161 -7.44043 0
    endloop
  endfacet
  facet normal 0 0 -1
    outer loop
      vertex 14.2377 -6.18501 0
      vertex 19.8 29.8 0
      vertex 14.5135 -7.42872 0
    endloop
  endfacet
  facet normal 0 0 -1
    outer loop
      vertex 13.8547 -4.97006 0
      vertex 19.8 29.8 0
      vertex 14.2377 -6.18501 0
    endloop
  endfacet
  facet normal 0 0 -1
    outer loop
      vertex 13.8511 -4.95862 0
      vertex 19.8 29.8 0
      vertex 13.8547 -4.97006 0
    endloop
  endfacet
  facet normal 0 0 -1
    outer loop
      vertex 13.8465 -4.94754 0
      vertex 19.8 29.8 0
      vertex 13.8511 -4.95862 0
    endloop
  endfacet
  facet normal 0 0 -1
    outer loop
      vertex 13.359 -3.77061 0
      vertex 19.8 29.8 0
      vertex 13.8465 -4.94754 0
    endloop
  endfacet
  facet normal 0 0 -1
    outer loop
      vertex 12.7708 -2.64064 0
      vertex 19.8 29.8 0
      vertex 13.359 -3.77061 0
    endloop
  endfacet
  facet normal 0 0 -1
    outer loop
      vertex 12.7652 -2.63 0
      vertex 19.8 29.8 0
      vertex 12.7708 -2.64064 0
    endloop
  endfacet
  facet normal 0 0 -1
    outer loop
      vertex 12.7588 -2.61988 0
      vertex 19.8 29.8 0
      vertex 12.7652 -2.63 0
    endloop
  endfacet
  facet normal 0 0 -1
    outer loop
      vertex 12.0743 -1.54548 0
      vertex 19.8 29.8 0
      vertex 12.7588 -2.61988 0
    endloop
  endfacet
  facet normal 0 0 -1
    outer loop
      vertex 11.2988 -0.534826 0
      vertex 19.8 29.8 0
      vertex 12.0743 -1.54548 0
    endloop
  endfacet
  facet normal 0 0 -1
    outer loop
      vertex 11.2915 -0.52531 0
      vertex 19.8 29.8 0
      vertex 11.2988 -0.534826 0
    endloop
  endfacet
  facet normal 0 0 -1
    outer loop
      vertex 11.2834 -0.516467 0
      vertex 19.8 29.8 0
      vertex 11.2915 -0.52531 0
    endloop
  endfacet
  facet normal 0 0 -1
    outer loop
      vertex 10.4228 0.422754 0
      vertex 19.8 29.8 0
      vertex 11.2834 -0.516467 0
    endloop
  endfacet
  facet normal 0 0 -1
    outer loop
      vertex 6.17641 19.2596 0
      vertex 10.4228 0.422754 0
      vertex 9.48353 1.28339 0
    endloop
  endfacet
  facet normal 0 0 -1
    outer loop
      vertex 6.17641 19.2596 0
      vertex 9.48353 1.28339 0
      vertex 9.47469 1.2915 0
    endloop
  endfacet
  facet normal 0 0 -1
    outer loop
      vertex 6.17641 19.2596 0
      vertex 9.47469 1.2915 0
      vertex 9.46517 1.2988 0
    endloop
  endfacet
  facet normal 0 0 -1
    outer loop
      vertex 6.17641 19.2596 0
      vertex 9.46517 1.2988 0
      vertex 8.45452 2.0743 0
    endloop
  endfacet
  facet normal 0 0 -1
    outer loop
      vertex 6.17641 19.2596 0
      vertex 8.45452 2.0743 0
      vertex 7.38012 2.75877 0
    endloop
  endfacet
  facet normal 0 0 -1
    outer loop
      vertex 6.17641 19.2596 0
      vertex 7.38012 2.75877 0
      vertex 7.37 2.76521 0
    endloop
  endfacet
  facet normal 0 0 -1
    outer loop
      vertex 6.17641 19.2596 0
      vertex 7.37 2.76521 0
      vertex 7.35936 2.77075 0
    endloop
  endfacet
  facet normal 0 0 -1
    outer loop
      vertex 4.74948 15.8147 0
      vertex 7.35936 2.77075 0
      vertex 6.22939 3.35898 0
    endloop
  endfacet
  facet normal 0 0 -1
    outer loop
      vertex 6.17641 19.2596 0
      vertex 19.8 29.8 0
      vertex 10.4228 0.422754 0
    endloop
  endfacet
  facet normal 0 0 -1
    outer loop
      vertex 6.17641 20.3404 0
      vertex 19.8 29.8 0
      vertex 6.2 19.8 0
    endloop
  endfacet
  facet normal 0 0 -1
    outer loop
      vertex 6.10581 20.8766 0
      vertex 19.8 29.8 0
      vertex 6.17641 20.3404 0
    endloop
  endfacet
  facet normal 0 0 -1
    outer loop
      vertex 5.98874 21.4047 0
      vertex 19.8 29.8 0
      vertex 6.10581 20.8766 0
    endloop
  endfacet
  facet normal 0 0 -1
    outer loop
      vertex 5.82609 21.9205 0
      vertex 19.8 29.8 0
      vertex 5.98874 21.4047 0
    endloop
  endfacet
  facet normal 0 0 -1
    outer loop
      vertex 5.61911 22.4202 0
      vertex 19.8 29.8 0
      vertex 5.82609 21.9205 0
    endloop
  endfacet
  facet normal 0 0 -1
    outer loop
      vertex 5.36936 22.9 0
      vertex 19.8 29.8 0
      vertex 5.61911 22.4202 0
    endloop
  endfacet
  facet normal 0 0 -1
    outer loop
      vertex 5.07874 23.3562 0
      vertex 19.8 29.8 0
      vertex 5.36936 22.9 0
    endloop
  endfacet
  facet normal 0 0 -1
    outer loop
      vertex 4.74948 23.7853 0
      vertex 19.8 29.8 0
      vertex 5.07874 23.3562 0
    endloop
  endfacet
  facet normal 0 0 -1
    outer loop
      vertex 4.38406 24.1841 0
      vertex 19.8 29.8 0
      vertex 4.74948 23.7853 0
    endloop
  endfacet
  facet normal 0 0 -1
    outer loop
      vertex 3.98528 24.5495 0
      vertex 19.8 29.8 0
      vertex 4.38406 24.1841 0
    endloop
  endfacet
  facet normal 0 0 -1
    outer loop
      vertex 3.55617 24.8787 0
      vertex 19.8 29.8 0
      vertex 3.98528 24.5495 0
    endloop
  endfacet
  facet normal 0 0 -1
    outer loop
      vertex 3.1 25.1694 0
      vertex 19.8 29.8 0
      vertex 3.55617 24.8787 0
    endloop
  endfacet
  facet normal 0 0 -1
    outer loop
      vertex 2.62023 25.4191 0
      vertex 19.8 29.8 0
      vertex 3.1 25.1694 0
    endloop
  endfacet
  facet normal 0 0 -1
    outer loop
      vertex 2.12052 25.6261 0
      vertex 19.8 29.8 0
      vertex 2.62023 25.4191 0
    endloop
  endfacet
  facet normal 0 0 -1
    outer loop
      vertex 1.60468 25.7887 0
      vertex 19.8 29.8 0
      vertex 2.12052 25.6261 0
    endloop
  endfacet
  facet normal 0 0 -1
    outer loop
      vertex 1.07662 25.9058 0
      vertex 19.8 29.8 0
      vertex 1.60468 25.7887 0
    endloop
  endfacet
  facet normal 0 0 -1
    outer loop
      vertex 0.540365 25.9764 0
      vertex 19.8 29.8 0
      vertex 1.07662 25.9058 0
    endloop
  endfacet
  facet normal 0 0 -1
    outer loop
      vertex 0 26 0
      vertex 19.8 29.8 0
      vertex 0.540365 25.9764 0
    endloop
  endfacet
  facet normal 0 0 -1
    outer loop
      vertex -19.8 29.8 0
      vertex 0 26 0
      vertex -0.540365 25.9764 0
    endloop
  endfacet
  facet normal 0 0 -1
    outer loop
      vertex -19.8 29.8 0
      vertex -0.540365 25.9764 0
      vertex -1.07662 25.9058 0
    endloop
  endfacet
  facet normal 0 0 -1
    outer loop
      vertex -9.47469 1.2915 0
      vertex -5.61911 17.1798 0
      vertex -9.46517 1.2988 0
    endloop
  endfacet
  facet normal -0 0 -1
    outer loop
      vertex -5.61911 17.1798 0
      vertex -9.47469 1.2915 0
      vertex -5.82609 17.6795 0
    endloop
  endfacet
  facet normal 0 0 -1
    outer loop
      vertex -9.48353 1.28339 0
      vertex -5.82609 17.6795 0
      vertex -9.47469 1.2915 0
    endloop
  endfacet
  facet normal 0 0 -1
    outer loop
      vertex -10.4228 0.422754 0
      vertex -5.82609 17.6795 0
      vertex -9.48353 1.28339 0
    endloop
  endfacet
  facet normal -0 0 -1
    outer loop
      vertex -5.82609 17.6795 0
      vertex -10.4228 0.422754 0
      vertex -5.98874 18.1953 0
    endloop
  endfacet
  facet normal 0 0 -1
    outer loop
      vertex -19.8 29.8 0
      vertex -5.98874 18.1953 0
      vertex -10.4228 0.422754 0
    endloop
  endfacet
  facet normal 0 0 -1
    outer loop
      vertex -5.98874 18.1953 0
      vertex -19.8 29.8 0
      vertex -6.10581 18.7234 0
    endloop
  endfacet
  facet normal 0 0 -1
    outer loop
      vertex -6.10581 18.7234 0
      vertex -19.8 29.8 0
      vertex -6.17641 19.2596 0
    endloop
  endfacet
  facet normal 0 0 -1
    outer loop
      vertex -6.2 19.8 0
      vertex -19.8 29.8 0
      vertex -6.17641 20.3404 0
    endloop
  endfacet
  facet normal 0 0 -1
    outer loop
      vertex -6.17641 19.2596 0
      vertex -19.8 29.8 0
      vertex -6.2 19.8 0
    endloop
  endfacet
  facet normal 0 0 -1
    outer loop
      vertex -19.8 29.8 0
      vertex -10.4228 0.422754 0
      vertex -11.2834 -0.516467 0
    endloop
  endfacet
  facet normal 0 0 -1
    outer loop
      vertex -6.17641 20.3404 0
      vertex -19.8 29.8 0
      vertex -6.10581 20.8766 0
    endloop
  endfacet
  facet normal 0 0 -1
    outer loop
      vertex -19.8 29.8 0
      vertex -11.2834 -0.516467 0
      vertex -11.2915 -0.52531 0
    endloop
  endfacet
  facet normal 0 0 -1
    outer loop
      vertex -19.8 29.8 0
      vertex -11.2915 -0.52531 0
      vertex -11.2988 -0.534826 0
    endloop
  endfacet
  facet normal 0 0 -1
    outer loop
      vertex -19.8 29.8 0
      vertex -11.2988 -0.534826 0
      vertex -12.0743 -1.54548 0
    endloop
  endfacet
  facet normal 0 0 -1
    outer loop
      vertex -19.8 29.8 0
      vertex -12.0743 -1.54548 0
      vertex -12.7588 -2.61988 0
    endloop
  endfacet
  facet normal 0 0 -1
    outer loop
      vertex -19.8 29.8 0
      vertex -12.7588 -2.61988 0
      vertex -12.7652 -2.63 0
    endloop
  endfacet
  facet normal 0 0 -1
    outer loop
      vertex -19.8 29.8 0
      vertex -12.7652 -2.63 0
      vertex -12.7708 -2.64064 0
    endloop
  endfacet
  facet normal 0 0 -1
    outer loop
      vertex -19.8 29.8 0
      vertex -12.7708 -2.64064 0
      vertex -13.359 -3.77061 0
    endloop
  endfacet
  facet normal 0 0 -1
    outer loop
      vertex -19.8 29.8 0
      vertex -13.359 -3.77061 0
      vertex -13.8465 -4.94754 0
    endloop
  endfacet
  facet normal 0 0 -1
    outer loop
      vertex -19.8 29.8 0
      vertex -13.8465 -4.94754 0
      vertex -13.8511 -4.95862 0
    endloop
  endfacet
  facet normal 0 0 -1
    outer loop
      vertex -19.8 29.8 0
      vertex -13.8511 -4.95862 0
      vertex -13.8547 -4.97006 0
    endloop
  endfacet
  facet normal 0 0 -1
    outer loop
      vertex -19.8 29.8 0
      vertex -13.8547 -4.97006 0
      vertex -14.2377 -6.18501 0
    endloop
  endfacet
  facet normal 0 0 -1
    outer loop
      vertex -19.8 -29.8 0
      vertex -14.6844 -8.72731 0
      vertex -14.74 -10 0
    endloop
  endfacet
  facet normal -0 0 -1
    outer loop
      vertex -14.6844 -8.72731 0
      vertex -19.8 -29.8 0
      vertex -14.6839 -8.71532 0
    endloop
  endfacet
  facet normal 0 0 -1
    outer loop
      vertex -19.8 29.8 0
      vertex -14.6839 -8.71532 0
      vertex -19.8 -29.8 0
    endloop
  endfacet
  facet normal 0 0 -1
    outer loop
      vertex -14.6839 -8.71532 0
      vertex -19.8 29.8 0
      vertex -14.5176 -7.45232 0
    endloop
  endfacet
  facet normal 0 0 -1
    outer loop
      vertex -14.5176 -7.45232 0
      vertex -19.8 29.8 0
      vertex -14.5161 -7.44043 0
    endloop
  endfacet
  facet normal 0 0 -1
    outer loop
      vertex -14.5161 -7.44043 0
      vertex -19.8 29.8 0
      vertex -14.5135 -7.42872 0
    endloop
  endfacet
  facet normal 0 0 -1
    outer loop
      vertex 0 26 0
      vertex -19.8 29.8 0
      vertex 19.8 29.8 0
    endloop
  endfacet
  facet normal 0 0 -1
    outer loop
      vertex -1.60468 25.7887 0
      vertex -19.8 29.8 0
      vertex -1.07662 25.9058 0
    endloop
  endfacet
  facet normal 0 0 -1
    outer loop
      vertex -2.12052 25.6261 0
      vertex -19.8 29.8 0
      vertex -1.60468 25.7887 0
    endloop
  endfacet
  facet normal 0 0 -1
    outer loop
      vertex -2.62023 25.4191 0
      vertex -19.8 29.8 0
      vertex -2.12052 25.6261 0
    endloop
  endfacet
  facet normal 0 0 -1
    outer loop
      vertex -3.1 25.1694 0
      vertex -19.8 29.8 0
      vertex -2.62023 25.4191 0
    endloop
  endfacet
  facet normal 0 0 -1
    outer loop
      vertex -3.55617 24.8787 0
      vertex -19.8 29.8 0
      vertex -3.1 25.1694 0
    endloop
  endfacet
  facet normal 0 0 -1
    outer loop
      vertex -3.98528 24.5495 0
      vertex -19.8 29.8 0
      vertex -3.55617 24.8787 0
    endloop
  endfacet
  facet normal 0 0 -1
    outer loop
      vertex -4.38406 24.1841 0
      vertex -19.8 29.8 0
      vertex -3.98528 24.5495 0
    endloop
  endfacet
  facet normal 0 0 -1
    outer loop
      vertex -4.74948 23.7853 0
      vertex -19.8 29.8 0
      vertex -4.38406 24.1841 0
    endloop
  endfacet
  facet normal 0 0 -1
    outer loop
      vertex -5.07874 23.3562 0
      vertex -19.8 29.8 0
      vertex -4.74948 23.7853 0
    endloop
  endfacet
  facet normal 0 0 -1
    outer loop
      vertex -5.36936 22.9 0
      vertex -19.8 29.8 0
      vertex -5.07874 23.3562 0
    endloop
  endfacet
  facet normal 0 0 -1
    outer loop
      vertex -5.61911 22.4202 0
      vertex -19.8 29.8 0
      vertex -5.36936 22.9 0
    endloop
  endfacet
  facet normal 0 0 -1
    outer loop
      vertex -5.82609 21.9205 0
      vertex -19.8 29.8 0
      vertex -5.61911 22.4202 0
    endloop
  endfacet
  facet normal 0 0 -1
    outer loop
      vertex -5.98874 21.4047 0
      vertex -19.8 29.8 0
      vertex -5.82609 21.9205 0
    endloop
  endfacet
  facet normal 0 0 -1
    outer loop
      vertex -6.10581 20.8766 0
      vertex -19.8 29.8 0
      vertex -5.98874 21.4047 0
    endloop
  endfacet
  facet normal 0 0 -1
    outer loop
      vertex -14.5135 -7.42872 0
      vertex -19.8 29.8 0
      vertex -14.2377 -6.18501 0
    endloop
  endfacet
  facet normal -1 0 0
    outer loop
      vertex -19.8 -29.8 0
      vertex -19.8 29.8 19.3
      vertex -19.8 29.8 0
    endloop
  endfacet
  facet normal -1 -0 0
    outer loop
      vertex -19.8 29.8 19.3
      vertex -19.8 -29.8 0
      vertex -19.8 -29.8 19.3
    endloop
  endfacet
  facet normal 0 1 -0
    outer loop
      vertex 19.8 29.8 0
      vertex -19.8 29.8 19.3
      vertex 19.8 29.8 19.3
    endloop
  endfacet
  facet normal 0 1 0
    outer loop
      vertex -19.8 29.8 19.3
      vertex 19.8 29.8 0
      vertex -19.8 29.8 0
    endloop
  endfacet
  facet normal 1 -0 0
    outer loop
      vertex 19.8 -29.8 19.3
      vertex 19.8 29.8 0
      vertex 19.8 29.8 19.3
    endloop
  endfacet
  facet normal 1 0 0
    outer loop
      vertex 19.8 29.8 0
      vertex 19.8 -29.8 19.3
      vertex 19.8 -29.8 0
    endloop
  endfacet
  facet normal -1 0 0
    outer loop
      vertex 16.8 9.8 3.3
      vertex 16.8 27.8 19.3
      vertex 16.8 27.8 3.3
    endloop
  endfacet
  facet normal -1 -0 0
    outer loop
      vertex 16.8 27.8 19.3
      vertex 16.8 9.8 3.3
      vertex 16.8 9.8 19.3
    endloop
  endfacet
  facet normal 0 0 1
    outer loop
      vertex 7.07298 19.1812 3.3
      vertex 16.8 27.8 3.3
      vertex 7.1 19.8 3.3
    endloop
  endfacet
  facet normal 0 0 1
    outer loop
      vertex 16.8 27.8 3.3
      vertex 7.07298 20.4188 3.3
      vertex 7.1 19.8 3.3
    endloop
  endfacet
  facet normal 0 0 1
    outer loop
      vertex 16.8 27.8 3.3
      vertex 6.99213 21.0329 3.3
      vertex 7.07298 20.4188 3.3
    endloop
  endfacet
  facet normal 0 0 1
    outer loop
      vertex 16.8 27.8 3.3
      vertex 6.85807 21.6376 3.3
      vertex 6.99213 21.0329 3.3
    endloop
  endfacet
  facet normal 0 0 1
    outer loop
      vertex 16.8 27.8 3.3
      vertex 6.67182 22.2283 3.3
      vertex 6.85807 21.6376 3.3
    endloop
  endfacet
  facet normal 0 0 1
    outer loop
      vertex 16.8 27.8 3.3
      vertex 6.43478 22.8006 3.3
      vertex 6.67182 22.2283 3.3
    endloop
  endfacet
  facet normal 0 0 1
    outer loop
      vertex 16.8 27.8 3.3
      vertex 6.14878 23.35 3.3
      vertex 6.43478 22.8006 3.3
    endloop
  endfacet
  facet normal 0 0 1
    outer loop
      vertex 16.8 27.8 3.3
      vertex 5.81598 23.8724 3.3
      vertex 6.14878 23.35 3.3
    endloop
  endfacet
  facet normal 0 0 1
    outer loop
      vertex 16.8 27.8 3.3
      vertex 5.43892 24.3638 3.3
      vertex 5.81598 23.8724 3.3
    endloop
  endfacet
  facet normal 0 0 1
    outer loop
      vertex 16.8 27.8 3.3
      vertex 5.02046 24.8205 3.3
      vertex 5.43892 24.3638 3.3
    endloop
  endfacet
  facet normal 0 0 1
    outer loop
      vertex 16.8 27.8 3.3
      vertex 4.56379 25.2389 3.3
      vertex 5.02046 24.8205 3.3
    endloop
  endfacet
  facet normal 0 0 1
    outer loop
      vertex 16.8 27.8 3.3
      vertex 4.07239 25.616 3.3
      vertex 4.56379 25.2389 3.3
    endloop
  endfacet
  facet normal 0 0 1
    outer loop
      vertex 16.8 27.8 3.3
      vertex 3.55 25.9488 3.3
      vertex 4.07239 25.616 3.3
    endloop
  endfacet
  facet normal 0 0 1
    outer loop
      vertex 16.8 27.8 3.3
      vertex 3.00059 26.2348 3.3
      vertex 3.55 25.9488 3.3
    endloop
  endfacet
  facet normal 0 0 1
    outer loop
      vertex 16.8 27.8 3.3
      vertex 2.42834 26.4718 3.3
      vertex 3.00059 26.2348 3.3
    endloop
  endfacet
  facet normal 0 0 1
    outer loop
      vertex 16.8 27.8 3.3
      vertex 1.83762 26.6581 3.3
      vertex 2.42834 26.4718 3.3
    endloop
  endfacet
  facet normal 0 0 1
    outer loop
      vertex 16.8 27.8 3.3
      vertex 1.2329 26.7921 3.3
      vertex 1.83762 26.6581 3.3
    endloop
  endfacet
  facet normal 0 0 1
    outer loop
      vertex 16.8 27.8 3.3
      vertex 0.618805 26.873 3.3
      vertex 1.2329 26.7921 3.3
    endloop
  endfacet
  facet normal 0 0 1
    outer loop
      vertex 16.8 27.8 3.3
      vertex 0 26.9 3.3
      vertex 0.618805 26.873 3.3
    endloop
  endfacet
  facet normal -0 0 1
    outer loop
      vertex -16.8 27.8 3.3
      vertex 0 26.9 3.3
      vertex 16.8 27.8 3.3
    endloop
  endfacet
  facet normal 0 0 1
    outer loop
      vertex -7.07298 20.4188 3.3
      vertex -16.8 27.8 3.3
      vertex -7.1 19.8 3.3
    endloop
  endfacet
  facet normal 0 0 1
    outer loop
      vertex -6.99213 21.0329 3.3
      vertex -16.8 27.8 3.3
      vertex -7.07298 20.4188 3.3
    endloop
  endfacet
  facet normal 0 0 1
    outer loop
      vertex -6.85807 21.6376 3.3
      vertex -16.8 27.8 3.3
      vertex -6.99213 21.0329 3.3
    endloop
  endfacet
  facet normal 0 0 1
    outer loop
      vertex -6.67182 22.2283 3.3
      vertex -16.8 27.8 3.3
      vertex -6.85807 21.6376 3.3
    endloop
  endfacet
  facet normal 0 0 1
    outer loop
      vertex -6.43478 22.8006 3.3
      vertex -16.8 27.8 3.3
      vertex -6.67182 22.2283 3.3
    endloop
  endfacet
  facet normal 0 0 1
    outer loop
      vertex -6.14878 23.35 3.3
      vertex -16.8 27.8 3.3
      vertex -6.43478 22.8006 3.3
    endloop
  endfacet
  facet normal 0 0 1
    outer loop
      vertex -5.81598 23.8724 3.3
      vertex -16.8 27.8 3.3
      vertex -6.14878 23.35 3.3
    endloop
  endfacet
  facet normal 0 0 1
    outer loop
      vertex -5.43892 24.3638 3.3
      vertex -16.8 27.8 3.3
      vertex -5.81598 23.8724 3.3
    endloop
  endfacet
  facet normal 0 0 1
    outer loop
      vertex -5.02046 24.8205 3.3
      vertex -16.8 27.8 3.3
      vertex -5.43892 24.3638 3.3
    endloop
  endfacet
  facet normal 0 0 1
    outer loop
      vertex -4.56379 25.2389 3.3
      vertex -16.8 27.8 3.3
      vertex -5.02046 24.8205 3.3
    endloop
  endfacet
  facet normal 0 0 1
    outer loop
      vertex -4.07239 25.616 3.3
      vertex -16.8 27.8 3.3
      vertex -4.56379 25.2389 3.3
    endloop
  endfacet
  facet normal 0 0 1
    outer loop
      vertex -3.55 25.9488 3.3
      vertex -16.8 27.8 3.3
      vertex -4.07239 25.616 3.3
    endloop
  endfacet
  facet normal 0 0 1
    outer loop
      vertex -3.00059 26.2348 3.3
      vertex -16.8 27.8 3.3
      vertex -3.55 25.9488 3.3
    endloop
  endfacet
  facet normal 0 0 1
    outer loop
      vertex -2.42834 26.4718 3.3
      vertex -16.8 27.8 3.3
      vertex -3.00059 26.2348 3.3
    endloop
  endfacet
  facet normal 0 0 1
    outer loop
      vertex -1.83762 26.6581 3.3
      vertex -16.8 27.8 3.3
      vertex -2.42834 26.4718 3.3
    endloop
  endfacet
  facet normal 0 0 1
    outer loop
      vertex -1.2329 26.7921 3.3
      vertex -16.8 27.8 3.3
      vertex -1.83762 26.6581 3.3
    endloop
  endfacet
  facet normal 0 0 1
    outer loop
      vertex -0.618805 26.873 3.3
      vertex -16.8 27.8 3.3
      vertex -1.2329 26.7921 3.3
    endloop
  endfacet
  facet normal 0 0 1
    outer loop
      vertex 0 26.9 3.3
      vertex -16.8 27.8 3.3
      vertex -0.618805 26.873 3.3
    endloop
  endfacet
  facet normal 0 0 1
    outer loop
      vertex 16.8 27.8 3.3
      vertex 7.07298 19.1812 3.3
      vertex 16.8 9.8 3.3
    endloop
  endfacet
  facet normal -0 0 1
    outer loop
      vertex 6.99213 18.5671 3.3
      vertex 16.8 9.8 3.3
      vertex 7.07298 19.1812 3.3
    endloop
  endfacet
  facet normal -0 0 1
    outer loop
      vertex 6.85807 17.9624 3.3
      vertex 16.8 9.8 3.3
      vertex 6.99213 18.5671 3.3
    endloop
  endfacet
  facet normal -0 0 1
    outer loop
      vertex 6.67182 17.3717 3.3
      vertex 16.8 9.8 3.3
      vertex 6.85807 17.9624 3.3
    endloop
  endfacet
  facet normal -0 0 1
    outer loop
      vertex 6.43478 16.7994 3.3
      vertex 16.8 9.8 3.3
      vertex 6.67182 17.3717 3.3
    endloop
  endfacet
  facet normal -0 0 1
    outer loop
      vertex 6.14878 16.25 3.3
      vertex 16.8 9.8 3.3
      vertex 6.43478 16.7994 3.3
    endloop
  endfacet
  facet normal -0 0 1
    outer loop
      vertex 5.81598 15.7276 3.3
      vertex 16.8 9.8 3.3
      vertex 6.14878 16.25 3.3
    endloop
  endfacet
  facet normal -0 0 1
    outer loop
      vertex 5.43892 15.2362 3.3
      vertex 16.8 9.8 3.3
      vertex 5.81598 15.7276 3.3
    endloop
  endfacet
  facet normal -0 0 1
    outer loop
      vertex 5.02046 14.7795 3.3
      vertex 16.8 9.8 3.3
      vertex 5.43892 15.2362 3.3
    endloop
  endfacet
  facet normal -0 0 1
    outer loop
      vertex 4.56379 14.3611 3.3
      vertex 16.8 9.8 3.3
      vertex 5.02046 14.7795 3.3
    endloop
  endfacet
  facet normal -0 0 1
    outer loop
      vertex 4.07239 13.984 3.3
      vertex 16.8 9.8 3.3
      vertex 4.56379 14.3611 3.3
    endloop
  endfacet
  facet normal -0 0 1
    outer loop
      vertex 3.55 13.6512 3.3
      vertex 16.8 9.8 3.3
      vertex 4.07239 13.984 3.3
    endloop
  endfacet
  facet normal -0 0 1
    outer loop
      vertex 3.00059 13.3652 3.3
      vertex 16.8 9.8 3.3
      vertex 3.55 13.6512 3.3
    endloop
  endfacet
  facet normal -0 0 1
    outer loop
      vertex 2.42834 13.1282 3.3
      vertex 16.8 9.8 3.3
      vertex 3.00059 13.3652 3.3
    endloop
  endfacet
  facet normal -0 0 1
    outer loop
      vertex 1.83762 12.9419 3.3
      vertex 16.8 9.8 3.3
      vertex 2.42834 13.1282 3.3
    endloop
  endfacet
  facet normal -0 0 1
    outer loop
      vertex 1.2329 12.8079 3.3
      vertex 16.8 9.8 3.3
      vertex 1.83762 12.9419 3.3
    endloop
  endfacet
  facet normal -0 0 1
    outer loop
      vertex 0.618805 12.727 3.3
      vertex 16.8 9.8 3.3
      vertex 1.2329 12.8079 3.3
    endloop
  endfacet
  facet normal -0 0 1
    outer loop
      vertex 0 12.7 3.3
      vertex 16.8 9.8 3.3
      vertex 0.618805 12.727 3.3
    endloop
  endfacet
  facet normal 0 0 1
    outer loop
      vertex -16.8 9.8 3.3
      vertex 0 12.7 3.3
      vertex -0.618805 12.727 3.3
    endloop
  endfacet
  facet normal 0 0 1
    outer loop
      vertex -16.8 9.8 3.3
      vertex -0.618805 12.727 3.3
      vertex -1.2329 12.8079 3.3
    endloop
  endfacet
  facet normal 0 0 1
    outer loop
      vertex -16.8 27.8 3.3
      vertex -7.07298 19.1812 3.3
      vertex -7.1 19.8 3.3
    endloop
  endfacet
  facet normal 0 0 1
    outer loop
      vertex -16.8 9.8 3.3
      vertex -7.07298 19.1812 3.3
      vertex -16.8 27.8 3.3
    endloop
  endfacet
  facet normal 0 0 1
    outer loop
      vertex -7.07298 19.1812 3.3
      vertex -16.8 9.8 3.3
      vertex -6.99213 18.5671 3.3
    endloop
  endfacet
  facet normal 0 0 1
    outer loop
      vertex -6.99213 18.5671 3.3
      vertex -16.8 9.8 3.3
      vertex -6.85807 17.9624 3.3
    endloop
  endfacet
  facet normal 0 0 1
    outer loop
      vertex -6.85807 17.9624 3.3
      vertex -16.8 9.8 3.3
      vertex -6.67182 17.3717 3.3
    endloop
  endfacet
  facet normal 0 0 1
    outer loop
      vertex -6.67182 17.3717 3.3
      vertex -16.8 9.8 3.3
      vertex -6.43478 16.7994 3.3
    endloop
  endfacet
  facet normal 0 0 1
    outer loop
      vertex -6.43478 16.7994 3.3
      vertex -16.8 9.8 3.3
      vertex -6.14878 16.25 3.3
    endloop
  endfacet
  facet normal 0 0 1
    outer loop
      vertex -6.14878 16.25 3.3
      vertex -16.8 9.8 3.3
      vertex -5.81598 15.7276 3.3
    endloop
  endfacet
  facet normal 0 0 1
    outer loop
      vertex 0 12.7 3.3
      vertex -16.8 9.8 3.3
      vertex 16.8 9.8 3.3
    endloop
  endfacet
  facet normal 0 0 1
    outer loop
      vertex -1.83762 12.9419 3.3
      vertex -16.8 9.8 3.3
      vertex -1.2329 12.8079 3.3
    endloop
  endfacet
  facet normal 0 0 1
    outer loop
      vertex -2.42834 13.1282 3.3
      vertex -16.8 9.8 3.3
      vertex -1.83762 12.9419 3.3
    endloop
  endfacet
  facet normal 0 0 1
    outer loop
      vertex -3.00059 13.3652 3.3
      vertex -16.8 9.8 3.3
      vertex -2.42834 13.1282 3.3
    endloop
  endfacet
  facet normal 0 0 1
    outer loop
      vertex -3.55 13.6512 3.3
      vertex -16.8 9.8 3.3
      vertex -3.00059 13.3652 3.3
    endloop
  endfacet
  facet normal 0 0 1
    outer loop
      vertex -4.07239 13.984 3.3
      vertex -16.8 9.8 3.3
      vertex -3.55 13.6512 3.3
    endloop
  endfacet
  facet normal 0 0 1
    outer loop
      vertex -4.56379 14.3611 3.3
      vertex -16.8 9.8 3.3
      vertex -4.07239 13.984 3.3
    endloop
  endfacet
  facet normal 0 0 1
    outer loop
      vertex -5.02046 14.7795 3.3
      vertex -16.8 9.8 3.3
      vertex -4.56379 14.3611 3.3
    endloop
  endfacet
  facet normal 0 0 1
    outer loop
      vertex -5.43892 15.2362 3.3
      vertex -16.8 9.8 3.3
      vertex -5.02046 14.7795 3.3
    endloop
  endfacet
  facet normal 0 0 1
    outer loop
      vertex -5.81598 15.7276 3.3
      vertex -16.8 9.8 3.3
      vertex -5.43892 15.2362 3.3
    endloop
  endfacet
  facet normal 0 -1 0
    outer loop
      vertex -19.8 -29.8 0
      vertex 19.8 -29.8 19.3
      vertex -19.8 -29.8 19.3
    endloop
  endfacet
  facet normal 0 -1 -0
    outer loop
      vertex 19.8 -29.8 19.3
      vertex -19.8 -29.8 0
      vertex 19.8 -29.8 0
    endloop
  endfacet
  facet normal 0 1 -0
    outer loop
      vertex 16.8 9.8 3.3
      vertex -16.8 9.8 19.3
      vertex 16.8 9.8 19.3
    endloop
  endfacet
  facet normal 0 1 0
    outer loop
      vertex -16.8 9.8 19.3
      vertex 16.8 9.8 3.3
      vertex -16.8 9.8 3.3
    endloop
  endfacet
  facet normal 0 -1 0
    outer loop
      vertex -16.8 27.8 3.3
      vertex 16.8 27.8 19.3
      vertex -16.8 27.8 19.3
    endloop
  endfacet
  facet normal 0 -1 -0
    outer loop
      vertex 16.8 27.8 19.3
      vertex -16.8 27.8 3.3
      vertex 16.8 27.8 3.3
    endloop
  endfacet
  facet normal -1 0 0
    outer loop
      vertex 16.4 -26.4 3.3
      vertex 16.4 6.4 19.3
      vertex 16.4 6.4 3.3
    endloop
  endfacet
  facet normal -1 -0 0
    outer loop
      vertex 16.4 6.4 19.3
      vertex 16.4 -26.4 3.3
      vertex 16.4 -26.4 19.3
    endloop
  endfacet
  facet normal 0 0 1
    outer loop
      vertex 16.4 6.4 3.3
      vertex 16.2 6.2 3.3
      vertex 16.4 -26.4 3.3
    endloop
  endfacet
  facet normal 0 0 1
    outer loop
      vertex 16.4 6.4 3.3
      vertex -16.2 6.2 3.3
      vertex 16.2 6.2 3.3
    endloop
  endfacet
  facet normal 0 0 1
    outer loop
      vertex -16.2 6.2 3.3
      vertex -16.4 6.4 3.3
      vertex -16.2 -26.2 3.3
    endloop
  endfacet
  facet normal -0 0 1
    outer loop
      vertex -16.4 6.4 3.3
      vertex -16.2 6.2 3.3
      vertex 16.4 6.4 3.3
    endloop
  endfacet
  facet normal -0 0 1
    outer loop
      vertex 16.2 -26.2 3.3
      vertex 16.4 -26.4 3.3
      vertex 16.2 6.2 3.3
    endloop
  endfacet
  facet normal -0 0 1
    outer loop
      vertex -16.2 -26.2 3.3
      vertex 16.4 -26.4 3.3
      vertex 16.2 -26.2 3.3
    endloop
  endfacet
  facet normal 0 0 1
    outer loop
      vertex -16.2 -26.2 3.3
      vertex -16.4 -26.4 3.3
      vertex 16.4 -26.4 3.3
    endloop
  endfacet
  facet normal 0 0 1
    outer loop
      vertex -16.4 -26.4 3.3
      vertex -16.2 -26.2 3.3
      vertex -16.4 6.4 3.3
    endloop
  endfacet
  facet normal 1 -0 0
    outer loop
      vertex -16.4 -26.4 19.3
      vertex -16.4 6.4 3.3
      vertex -16.4 6.4 19.3
    endloop
  endfacet
  facet normal 1 0 0
    outer loop
      vertex -16.4 6.4 3.3
      vertex -16.4 -26.4 19.3
      vertex -16.4 -26.4 3.3
    endloop
  endfacet
  facet normal 0 -1 0
    outer loop
      vertex -16.4 6.4 3.3
      vertex 16.4 6.4 19.3
      vertex -16.4 6.4 19.3
    endloop
  endfacet
  facet normal 0 -1 -0
    outer loop
      vertex 16.4 6.4 19.3
      vertex -16.4 6.4 3.3
      vertex 16.4 6.4 3.3
    endloop
  endfacet
  facet normal 0 1 -0
    outer loop
      vertex 16.4 -26.4 3.3
      vertex -16.4 -26.4 19.3
      vertex 16.4 -26.4 19.3
    endloop
  endfacet
  facet normal 0 1 0
    outer loop
      vertex -16.4 -26.4 19.3
      vertex 16.4 -26.4 3.3
      vertex -16.4 -26.4 3.3
    endloop
  endfacet
  facet normal -1 0 0
    outer loop
      vertex 16.2 -26.2 1.5
      vertex 16.2 6.2 3.3
      vertex 16.2 6.2 1.5
    endloop
  endfacet
  facet normal -1 -0 0
    outer loop
      vertex 16.2 6.2 3.3
      vertex 16.2 -26.2 1.5
      vertex 16.2 -26.2 3.3
    endloop
  endfacet
  facet normal 0 0 1
    outer loop
      vertex 16.2 6.2 1.5
      vertex 13.75 -10 1.5
      vertex 16.2 -26.2 1.5
    endloop
  endfacet
  facet normal 0 0 1
    outer loop
      vertex 16.2 6.2 1.5
      vertex 13.6977 -8.80161 1.5
      vertex 13.75 -10 1.5
    endloop
  endfacet
  facet normal 0 0 1
    outer loop
      vertex 16.2 6.2 1.5
      vertex 13.5411 -7.61234 1.5
      vertex 13.6977 -8.80161 1.5
    endloop
  endfacet
  facet normal 0 0 1
    outer loop
      vertex 16.2 6.2 1.5
      vertex 13.2815 -6.44124 1.5
      vertex 13.5411 -7.61234 1.5
    endloop
  endfacet
  facet normal 0 0 1
    outer loop
      vertex 16.2 6.2 1.5
      vertex 12.9208 -5.29722 1.5
      vertex 13.2815 -6.44124 1.5
    endloop
  endfacet
  facet normal 0 0 1
    outer loop
      vertex 16.2 6.2 1.5
      vertex 12.4617 -4.189 1.5
      vertex 12.9208 -5.29722 1.5
    endloop
  endfacet
  facet normal 0 0 1
    outer loop
      vertex 16.2 6.2 1.5
      vertex 11.9078 -3.125 1.5
      vertex 12.4617 -4.189 1.5
    endloop
  endfacet
  facet normal 0 0 1
    outer loop
      vertex 16.2 6.2 1.5
      vertex 11.2633 -2.11332 1.5
      vertex 11.9078 -3.125 1.5
    endloop
  endfacet
  facet normal 0 0 1
    outer loop
      vertex 16.2 6.2 1.5
      vertex 10.5331 -1.16167 1.5
      vertex 11.2633 -2.11332 1.5
    endloop
  endfacet
  facet normal 0 0 1
    outer loop
      vertex 16.2 6.2 1.5
      vertex 9.72272 -0.277281 1.5
      vertex 10.5331 -1.16167 1.5
    endloop
  endfacet
  facet normal 0 0 1
    outer loop
      vertex 16.2 6.2 1.5
      vertex 8.83833 0.533111 1.5
      vertex 9.72272 -0.277281 1.5
    endloop
  endfacet
  facet normal 0 0 1
    outer loop
      vertex 16.2 6.2 1.5
      vertex 7.88668 1.26334 1.5
      vertex 8.83833 0.533111 1.5
    endloop
  endfacet
  facet normal 0 0 1
    outer loop
      vertex 16.2 6.2 1.5
      vertex 6.875 1.90785 1.5
      vertex 7.88668 1.26334 1.5
    endloop
  endfacet
  facet normal 0 0 1
    outer loop
      vertex 16.2 6.2 1.5
      vertex 5.811 2.46173 1.5
      vertex 6.875 1.90785 1.5
    endloop
  endfacet
  facet normal 0 0 1
    outer loop
      vertex 16.2 6.2 1.5
      vertex 4.70278 2.92077 1.5
      vertex 5.811 2.46173 1.5
    endloop
  endfacet
  facet normal 0 0 1
    outer loop
      vertex 16.2 6.2 1.5
      vertex 3.55876 3.28148 1.5
      vertex 4.70278 2.92077 1.5
    endloop
  endfacet
  facet normal 0 0 1
    outer loop
      vertex 16.2 6.2 1.5
      vertex 2.38766 3.54111 1.5
      vertex 3.55876 3.28148 1.5
    endloop
  endfacet
  facet normal 0 0 1
    outer loop
      vertex 16.2 6.2 1.5
      vertex 1.19839 3.69768 1.5
      vertex 2.38766 3.54111 1.5
    endloop
  endfacet
  facet normal 0 0 1
    outer loop
      vertex 16.2 6.2 1.5
      vertex 0 3.75 1.5
      vertex 1.19839 3.69768 1.5
    endloop
  endfacet
  facet normal -0 0 1
    outer loop
      vertex -16.2 6.2 1.5
      vertex 0 3.75 1.5
      vertex 16.2 6.2 1.5
    endloop
  endfacet
  facet normal 0 0 1
    outer loop
      vertex 0 3.75 1.5
      vertex -16.2 6.2 1.5
      vertex -1.19839 3.69768 1.5
    endloop
  endfacet
  facet normal 0 0 1
    outer loop
      vertex -13.6977 -8.80161 1.5
      vertex -16.2 6.2 1.5
      vertex -13.75 -10 1.5
    endloop
  endfacet
  facet normal 0 0 1
    outer loop
      vertex -13.5411 -7.61234 1.5
      vertex -16.2 6.2 1.5
      vertex -13.6977 -8.80161 1.5
    endloop
  endfacet
  facet normal 0 0 1
    outer loop
      vertex -13.2815 -6.44124 1.5
      vertex -16.2 6.2 1.5
      vertex -13.5411 -7.61234 1.5
    endloop
  endfacet
  facet normal 0 0 1
    outer loop
      vertex -12.9208 -5.29722 1.5
      vertex -16.2 6.2 1.5
      vertex -13.2815 -6.44124 1.5
    endloop
  endfacet
  facet normal 0 0 1
    outer loop
      vertex -12.4617 -4.189 1.5
      vertex -16.2 6.2 1.5
      vertex -12.9208 -5.29722 1.5
    endloop
  endfacet
  facet normal 0 0 1
    outer loop
      vertex -11.9078 -3.125 1.5
      vertex -16.2 6.2 1.5
      vertex -12.4617 -4.189 1.5
    endloop
  endfacet
  facet normal 0 0 1
    outer loop
      vertex -11.2633 -2.11332 1.5
      vertex -16.2 6.2 1.5
      vertex -11.9078 -3.125 1.5
    endloop
  endfacet
  facet normal 0 0 1
    outer loop
      vertex -10.5331 -1.16167 1.5
      vertex -16.2 6.2 1.5
      vertex -11.2633 -2.11332 1.5
    endloop
  endfacet
  facet normal 0 0 1
    outer loop
      vertex -9.72272 -0.277281 1.5
      vertex -16.2 6.2 1.5
      vertex -10.5331 -1.16167 1.5
    endloop
  endfacet
  facet normal 0 0 1
    outer loop
      vertex -8.83833 0.533111 1.5
      vertex -16.2 6.2 1.5
      vertex -9.72272 -0.277281 1.5
    endloop
  endfacet
  facet normal 0 0 1
    outer loop
      vertex -7.88668 1.26334 1.5
      vertex -16.2 6.2 1.5
      vertex -8.83833 0.533111 1.5
    endloop
  endfacet
  facet normal 0 0 1
    outer loop
      vertex -6.875 1.90785 1.5
      vertex -16.2 6.2 1.5
      vertex -7.88668 1.26334 1.5
    endloop
  endfacet
  facet normal 0 0 1
    outer loop
      vertex -5.811 2.46173 1.5
      vertex -16.2 6.2 1.5
      vertex -6.875 1.90785 1.5
    endloop
  endfacet
  facet normal 0 0 1
    outer loop
      vertex -4.70278 2.92077 1.5
      vertex -16.2 6.2 1.5
      vertex -5.811 2.46173 1.5
    endloop
  endfacet
  facet normal 0 0 1
    outer loop
      vertex -3.55876 3.28148 1.5
      vertex -16.2 6.2 1.5
      vertex -4.70278 2.92077 1.5
    endloop
  endfacet
  facet normal 0 0 1
    outer loop
      vertex -2.38766 3.54111 1.5
      vertex -16.2 6.2 1.5
      vertex -3.55876 3.28148 1.5
    endloop
  endfacet
  facet normal 0 0 1
    outer loop
      vertex -1.19839 3.69768 1.5
      vertex -16.2 6.2 1.5
      vertex -2.38766 3.54111 1.5
    endloop
  endfacet
  facet normal -0 0 1
    outer loop
      vertex 13.6977 -11.1984 1.5
      vertex 16.2 -26.2 1.5
      vertex 13.75 -10 1.5
    endloop
  endfacet
  facet normal -0 0 1
    outer loop
      vertex 13.5411 -12.3877 1.5
      vertex 16.2 -26.2 1.5
      vertex 13.6977 -11.1984 1.5
    endloop
  endfacet
  facet normal -0 0 1
    outer loop
      vertex 13.2815 -13.5588 1.5
      vertex 16.2 -26.2 1.5
      vertex 13.5411 -12.3877 1.5
    endloop
  endfacet
  facet normal -0 0 1
    outer loop
      vertex 12.9208 -14.7028 1.5
      vertex 16.2 -26.2 1.5
      vertex 13.2815 -13.5588 1.5
    endloop
  endfacet
  facet normal -0 0 1
    outer loop
      vertex 12.4617 -15.811 1.5
      vertex 16.2 -26.2 1.5
      vertex 12.9208 -14.7028 1.5
    endloop
  endfacet
  facet normal -0 0 1
    outer loop
      vertex 11.9078 -16.875 1.5
      vertex 16.2 -26.2 1.5
      vertex 12.4617 -15.811 1.5
    endloop
  endfacet
  facet normal -0 0 1
    outer loop
      vertex 11.2633 -17.8867 1.5
      vertex 16.2 -26.2 1.5
      vertex 11.9078 -16.875 1.5
    endloop
  endfacet
  facet normal -0 0 1
    outer loop
      vertex 10.5331 -18.8383 1.5
      vertex 16.2 -26.2 1.5
      vertex 11.2633 -17.8867 1.5
    endloop
  endfacet
  facet normal -0 0 1
    outer loop
      vertex 9.72272 -19.7227 1.5
      vertex 16.2 -26.2 1.5
      vertex 10.5331 -18.8383 1.5
    endloop
  endfacet
  facet normal -0 0 1
    outer loop
      vertex 8.83833 -20.5331 1.5
      vertex 16.2 -26.2 1.5
      vertex 9.72272 -19.7227 1.5
    endloop
  endfacet
  facet normal -0 0 1
    outer loop
      vertex 7.88668 -21.2633 1.5
      vertex 16.2 -26.2 1.5
      vertex 8.83833 -20.5331 1.5
    endloop
  endfacet
  facet normal -0 0 1
    outer loop
      vertex 6.875 -21.9078 1.5
      vertex 16.2 -26.2 1.5
      vertex 7.88668 -21.2633 1.5
    endloop
  endfacet
  facet normal -0 0 1
    outer loop
      vertex 5.811 -22.4617 1.5
      vertex 16.2 -26.2 1.5
      vertex 6.875 -21.9078 1.5
    endloop
  endfacet
  facet normal -0 0 1
    outer loop
      vertex 4.70278 -22.9208 1.5
      vertex 16.2 -26.2 1.5
      vertex 5.811 -22.4617 1.5
    endloop
  endfacet
  facet normal -0 0 1
    outer loop
      vertex 3.55876 -23.2815 1.5
      vertex 16.2 -26.2 1.5
      vertex 4.70278 -22.9208 1.5
    endloop
  endfacet
  facet normal -0 0 1
    outer loop
      vertex 2.38766 -23.5411 1.5
      vertex 16.2 -26.2 1.5
      vertex 3.55876 -23.2815 1.5
    endloop
  endfacet
  facet normal -0 0 1
    outer loop
      vertex 1.19839 -23.6977 1.5
      vertex 16.2 -26.2 1.5
      vertex 2.38766 -23.5411 1.5
    endloop
  endfacet
  facet normal -0 0 1
    outer loop
      vertex 0 -23.75 1.5
      vertex 16.2 -26.2 1.5
      vertex 1.19839 -23.6977 1.5
    endloop
  endfacet
  facet normal 0 0 1
    outer loop
      vertex -16.2 -26.2 1.5
      vertex 0 -23.75 1.5
      vertex -1.19839 -23.6977 1.5
    endloop
  endfacet
  facet normal 0 0 1
    outer loop
      vertex -16.2 -26.2 1.5
      vertex -1.19839 -23.6977 1.5
      vertex -2.38766 -23.5411 1.5
    endloop
  endfacet
  facet normal 0 0 1
    outer loop
      vertex -16.2 -26.2 1.5
      vertex -13.75 -10 1.5
      vertex -16.2 6.2 1.5
    endloop
  endfacet
  facet normal 0 0 1
    outer loop
      vertex -13.75 -10 1.5
      vertex -16.2 -26.2 1.5
      vertex -13.6977 -11.1984 1.5
    endloop
  endfacet
  facet normal 0 0 1
    outer loop
      vertex 0 -23.75 1.5
      vertex -16.2 -26.2 1.5
      vertex 16.2 -26.2 1.5
    endloop
  endfacet
  facet normal 0 0 1
    outer loop
      vertex -3.55876 -23.2815 1.5
      vertex -16.2 -26.2 1.5
      vertex -2.38766 -23.5411 1.5
    endloop
  endfacet
  facet normal 0 0 1
    outer loop
      vertex -4.70278 -22.9208 1.5
      vertex -16.2 -26.2 1.5
      vertex -3.55876 -23.2815 1.5
    endloop
  endfacet
  facet normal 0 0 1
    outer loop
      vertex -5.811 -22.4617 1.5
      vertex -16.2 -26.2 1.5
      vertex -4.70278 -22.9208 1.5
    endloop
  endfacet
  facet normal 0 0 1
    outer loop
      vertex -6.875 -21.9078 1.5
      vertex -16.2 -26.2 1.5
      vertex -5.811 -22.4617 1.5
    endloop
  endfacet
  facet normal 0 0 1
    outer loop
      vertex -7.88668 -21.2633 1.5
      vertex -16.2 -26.2 1.5
      vertex -6.875 -21.9078 1.5
    endloop
  endfacet
  facet normal 0 0 1
    outer loop
      vertex -8.83833 -20.5331 1.5
      vertex -16.2 -26.2 1.5
      vertex -7.88668 -21.2633 1.5
    endloop
  endfacet
  facet normal 0 0 1
    outer loop
      vertex -9.72272 -19.7227 1.5
      vertex -16.2 -26.2 1.5
      vertex -8.83833 -20.5331 1.5
    endloop
  endfacet
  facet normal 0 0 1
    outer loop
      vertex -10.5331 -18.8383 1.5
      vertex -16.2 -26.2 1.5
      vertex -9.72272 -19.7227 1.5
    endloop
  endfacet
  facet normal 0 0 1
    outer loop
      vertex -11.2633 -17.8867 1.5
      vertex -16.2 -26.2 1.5
      vertex -10.5331 -18.8383 1.5
    endloop
  endfacet
  facet normal 0 0 1
    outer loop
      vertex -11.9078 -16.875 1.5
      vertex -16.2 -26.2 1.5
      vertex -11.2633 -17.8867 1.5
    endloop
  endfacet
  facet normal 0 0 1
    outer loop
      vertex -12.4617 -15.811 1.5
      vertex -16.2 -26.2 1.5
      vertex -11.9078 -16.875 1.5
    endloop
  endfacet
  facet normal 0 0 1
    outer loop
      vertex -12.9208 -14.7028 1.5
      vertex -16.2 -26.2 1.5
      vertex -12.4617 -15.811 1.5
    endloop
  endfacet
  facet normal 0 0 1
    outer loop
      vertex -13.2815 -13.5588 1.5
      vertex -16.2 -26.2 1.5
      vertex -12.9208 -14.7028 1.5
    endloop
  endfacet
  facet normal 0 0 1
    outer loop
      vertex -13.5411 -12.3877 1.5
      vertex -16.2 -26.2 1.5
      vertex -13.2815 -13.5588 1.5
    endloop
  endfacet
  facet normal 0 0 1
    outer loop
      vertex -13.6977 -11.1984 1.5
      vertex -16.2 -26.2 1.5
      vertex -13.5411 -12.3877 1.5
    endloop
  endfacet
  facet normal 1 -0 0
    outer loop
      vertex -16.2 -26.2 3.3
      vertex -16.2 6.2 1.5
      vertex -16.2 6.2 3.3
    endloop
  endfacet
  facet normal 1 0 0
    outer loop
      vertex -16.2 6.2 1.5
      vertex -16.2 -26.2 3.3
      vertex -16.2 -26.2 1.5
    endloop
  endfacet
  facet normal 0 -1 0
    outer loop
      vertex -16.2 6.2 1.5
      vertex 16.2 6.2 3.3
      vertex -16.2 6.2 3.3
    endloop
  endfacet
  facet normal 0 -1 -0
    outer loop
      vertex 16.2 6.2 3.3
      vertex -16.2 6.2 1.5
      vertex 16.2 6.2 1.5
    endloop
  endfacet
  facet normal 0 1 -0
    outer loop
      vertex 16.2 -26.2 1.5
      vertex -16.2 -26.2 3.3
      vertex 16.2 -26.2 3.3
    endloop
  endfacet
  facet normal 0 1 0
    outer loop
      vertex -16.2 -26.2 3.3
      vertex 16.2 -26.2 1.5
      vertex -16.2 -26.2 1.5
    endloop
  endfacet
  facet normal -0.991442 -0.13055 0
    outer loop
      vertex 13.6977 -8.80161 0.99
      vertex 13.5411 -7.61234 1.5
      vertex 13.5411 -7.61234 0.99
    endloop
  endfacet
  facet normal -0.991442 -0.13055 0
    outer loop
      vertex 13.5411 -7.61234 1.5
      vertex 13.6977 -8.80161 0.99
      vertex 13.6977 -8.80161 1.5
    endloop
  endfacet
  facet normal -0.999049 -0.0436004 0
    outer loop
      vertex 13.75 -10 0.99
      vertex 13.6977 -8.80161 1.5
      vertex 13.6977 -8.80161 0.99
    endloop
  endfacet
  facet normal -0.999049 -0.0436004 0
    outer loop
      vertex 13.6977 -8.80161 1.5
      vertex 13.75 -10 0.99
      vertex 13.75 -10 1.5
    endloop
  endfacet
  facet normal -0.976301 -0.216418 0
    outer loop
      vertex 13.5411 -7.61234 0.99
      vertex 13.2815 -6.44124 1.5
      vertex 13.2815 -6.44124 0.99
    endloop
  endfacet
  facet normal -0.976301 -0.216418 0
    outer loop
      vertex 13.2815 -6.44124 1.5
      vertex 13.5411 -7.61234 0.99
      vertex 13.5411 -7.61234 1.5
    endloop
  endfacet
  facet normal 0.130526 -0.991445 0
    outer loop
      vertex -2.38766 3.54111 0.99
      vertex -1.19839 3.69768 1.5
      vertex -2.38766 3.54111 1.5
    endloop
  endfacet
  facet normal 0.130526 -0.991445 0
    outer loop
      vertex -1.19839 3.69768 1.5
      vertex -2.38766 3.54111 0.99
      vertex -1.19839 3.69768 0.99
    endloop
  endfacet
  facet normal 0.953717 0.300704 0
    outer loop
      vertex -12.9208 -14.7028 1.5
      vertex -13.2815 -13.5588 0.99
      vertex -13.2815 -13.5588 1.5
    endloop
  endfacet
  facet normal 0.953717 0.300704 0
    outer loop
      vertex -13.2815 -13.5588 0.99
      vertex -12.9208 -14.7028 1.5
      vertex -12.9208 -14.7028 0.99
    endloop
  endfacet
  facet normal -0.608763 -0.793352 0
    outer loop
      vertex 7.88668 1.26334 0.99
      vertex 8.83833 0.533111 1.5
      vertex 7.88668 1.26334 1.5
    endloop
  endfacet
  facet normal -0.608763 -0.793352 -0
    outer loop
      vertex 8.83833 0.533111 1.5
      vertex 7.88668 1.26334 0.99
      vertex 8.83833 0.533111 0.99
    endloop
  endfacet
  facet normal -0.382726 0.923862 0
    outer loop
      vertex 5.811 -22.4617 0.99
      vertex 4.70278 -22.9208 1.5
      vertex 5.811 -22.4617 1.5
    endloop
  endfacet
  facet normal -0.382726 0.923862 0
    outer loop
      vertex 4.70278 -22.9208 1.5
      vertex 5.811 -22.4617 0.99
      vertex 4.70278 -22.9208 0.99
    endloop
  endfacet
  facet normal -0.537299 -0.843392 0
    outer loop
      vertex 6.875 1.90785 0.99
      vertex 7.88668 1.26334 1.5
      vertex 6.875 1.90785 1.5
    endloop
  endfacet
  facet normal -0.537299 -0.843392 -0
    outer loop
      vertex 7.88668 1.26334 1.5
      vertex 6.875 1.90785 0.99
      vertex 7.88668 1.26334 0.99
    endloop
  endfacet
  facet normal -0.216418 0.976301 0
    outer loop
      vertex 3.55876 -23.2815 0.99
      vertex 2.38766 -23.5411 1.5
      vertex 3.55876 -23.2815 1.5
    endloop
  endfacet
  facet normal -0.216418 0.976301 0
    outer loop
      vertex 2.38766 -23.5411 1.5
      vertex 3.55876 -23.2815 0.99
      vertex 2.38766 -23.5411 0.99
    endloop
  endfacet
  facet normal -0.130526 -0.991445 0
    outer loop
      vertex 1.19839 3.69768 0.99
      vertex 2.38766 3.54111 1.5
      vertex 1.19839 3.69768 1.5
    endloop
  endfacet
  facet normal -0.130526 -0.991445 -0
    outer loop
      vertex 2.38766 3.54111 1.5
      vertex 1.19839 3.69768 0.99
      vertex 2.38766 3.54111 0.99
    endloop
  endfacet
  facet normal 0.608763 -0.793352 0
    outer loop
      vertex -8.83833 0.533111 0.99
      vertex -7.88668 1.26334 1.5
      vertex -8.83833 0.533111 1.5
    endloop
  endfacet
  facet normal 0.608763 -0.793352 0
    outer loop
      vertex -7.88668 1.26334 1.5
      vertex -8.83833 0.533111 0.99
      vertex -7.88668 1.26334 0.99
    endloop
  endfacet
  facet normal -0.0436004 0.999049 0
    outer loop
      vertex 1.19839 -23.6977 0.99
      vertex 0 -23.75 1.5
      vertex 1.19839 -23.6977 1.5
    endloop
  endfacet
  facet normal -0.0436004 0.999049 0
    outer loop
      vertex 0 -23.75 1.5
      vertex 1.19839 -23.6977 0.99
      vertex 0 -23.75 0.99
    endloop
  endfacet
  facet normal 0.675593 0.737275 -0
    outer loop
      vertex -8.83833 -20.5331 0.99
      vertex -9.72272 -19.7227 1.5
      vertex -8.83833 -20.5331 1.5
    endloop
  endfacet
  facet normal 0.675593 0.737275 0
    outer loop
      vertex -9.72272 -19.7227 1.5
      vertex -8.83833 -20.5331 0.99
      vertex -9.72272 -19.7227 0.99
    endloop
  endfacet
  facet normal -0.537293 0.843396 0
    outer loop
      vertex 7.88668 -21.2633 0.99
      vertex 6.875 -21.9078 1.5
      vertex 7.88668 -21.2633 1.5
    endloop
  endfacet
  facet normal -0.537293 0.843396 0
    outer loop
      vertex 6.875 -21.9078 1.5
      vertex 7.88668 -21.2633 0.99
      vertex 6.875 -21.9078 0.99
    endloop
  endfacet
  facet normal -0.923862 -0.382726 0
    outer loop
      vertex 12.9208 -5.29722 0.99
      vertex 12.4617 -4.189 1.5
      vertex 12.4617 -4.189 0.99
    endloop
  endfacet
  facet normal -0.923862 -0.382726 0
    outer loop
      vertex 12.4617 -4.189 1.5
      vertex 12.9208 -5.29722 0.99
      vertex 12.9208 -5.29722 1.5
    endloop
  endfacet
  facet normal 0.13055 0.991442 -0
    outer loop
      vertex -1.19839 -23.6977 0.99
      vertex -2.38766 -23.5411 1.5
      vertex -1.19839 -23.6977 1.5
    endloop
  endfacet
  facet normal 0.13055 0.991442 0
    outer loop
      vertex -2.38766 -23.5411 1.5
      vertex -1.19839 -23.6977 0.99
      vertex -2.38766 -23.5411 0.99
    endloop
  endfacet
  facet normal 0.923859 0.382732 0
    outer loop
      vertex -12.4617 -15.811 1.5
      vertex -12.9208 -14.7028 0.99
      vertex -12.9208 -14.7028 1.5
    endloop
  endfacet
  facet normal 0.923859 0.382732 0
    outer loop
      vertex -12.9208 -14.7028 0.99
      vertex -12.4617 -15.811 1.5
      vertex -12.4617 -15.811 0.99
    endloop
  endfacet
  facet normal -0.675589 -0.737278 0
    outer loop
      vertex 8.83833 0.533111 0.99
      vertex 9.72272 -0.277281 1.5
      vertex 8.83833 0.533111 1.5
    endloop
  endfacet
  facet normal -0.675589 -0.737278 -0
    outer loop
      vertex 9.72272 -0.277281 1.5
      vertex 8.83833 0.533111 0.99
      vertex 9.72272 -0.277281 0.99
    endloop
  endfacet
  facet normal 0.976301 -0.216418 0
    outer loop
      vertex -13.5411 -7.61234 1.5
      vertex -13.2815 -6.44124 0.99
      vertex -13.2815 -6.44124 1.5
    endloop
  endfacet
  facet normal 0.976301 -0.216418 0
    outer loop
      vertex -13.2815 -6.44124 0.99
      vertex -13.5411 -7.61234 1.5
      vertex -13.5411 -7.61234 0.99
    endloop
  endfacet
  facet normal 0.923862 -0.382726 0
    outer loop
      vertex -12.9208 -5.29722 1.5
      vertex -12.4617 -4.189 0.99
      vertex -12.4617 -4.189 1.5
    endloop
  endfacet
  facet normal 0.923862 -0.382726 0
    outer loop
      vertex -12.4617 -4.189 0.99
      vertex -12.9208 -5.29722 1.5
      vertex -12.9208 -5.29722 0.99
    endloop
  endfacet
  facet normal -0.737287 0.67558 0
    outer loop
      vertex 9.72272 -19.7227 0.99
      vertex 10.5331 -18.8383 1.5
      vertex 10.5331 -18.8383 0.99
    endloop
  endfacet
  facet normal -0.737287 0.67558 0
    outer loop
      vertex 10.5331 -18.8383 1.5
      vertex 9.72272 -19.7227 0.99
      vertex 9.72272 -19.7227 1.5
    endloop
  endfacet
  facet normal -0.461746 -0.887012 0
    outer loop
      vertex 5.811 2.46173 0.99
      vertex 6.875 1.90785 1.5
      vertex 5.811 2.46173 1.5
    endloop
  endfacet
  facet normal -0.461746 -0.887012 -0
    outer loop
      vertex 6.875 1.90785 1.5
      vertex 5.811 2.46173 0.99
      vertex 6.875 1.90785 0.99
    endloop
  endfacet
  facet normal -0.843401 0.537285 0
    outer loop
      vertex 11.2633 -17.8867 0.99
      vertex 11.9078 -16.875 1.5
      vertex 11.9078 -16.875 0.99
    endloop
  endfacet
  facet normal -0.843401 0.537285 0
    outer loop
      vertex 11.9078 -16.875 1.5
      vertex 11.2633 -17.8867 0.99
      vertex 11.2633 -17.8867 1.5
    endloop
  endfacet
  facet normal -0.843396 -0.537293 0
    outer loop
      vertex 11.9078 -3.125 0.99
      vertex 11.2633 -2.11332 1.5
      vertex 11.2633 -2.11332 0.99
    endloop
  endfacet
  facet normal -0.843396 -0.537293 0
    outer loop
      vertex 11.2633 -2.11332 1.5
      vertex 11.9078 -3.125 0.99
      vertex 11.9078 -3.125 1.5
    endloop
  endfacet
  facet normal 0.793364 -0.608747 0
    outer loop
      vertex -11.2633 -2.11332 1.5
      vertex -10.5331 -1.16167 0.99
      vertex -10.5331 -1.16167 1.5
    endloop
  endfacet
  facet normal 0.793364 -0.608747 0
    outer loop
      vertex -10.5331 -1.16167 0.99
      vertex -11.2633 -2.11332 1.5
      vertex -11.2633 -2.11332 0.99
    endloop
  endfacet
  facet normal 0.043617 -0.999048 0
    outer loop
      vertex -1.19839 3.69768 0.99
      vertex 0 3.75 1.5
      vertex -1.19839 3.69768 1.5
    endloop
  endfacet
  facet normal 0.043617 -0.999048 0
    outer loop
      vertex 0 3.75 1.5
      vertex -1.19839 3.69768 0.99
      vertex 0 3.75 0.99
    endloop
  endfacet
  facet normal 0.991442 -0.13055 0
    outer loop
      vertex -13.6977 -8.80161 1.5
      vertex -13.5411 -7.61234 0.99
      vertex -13.5411 -7.61234 1.5
    endloop
  endfacet
  facet normal 0.991442 -0.13055 0
    outer loop
      vertex -13.5411 -7.61234 0.99
      vertex -13.6977 -8.80161 1.5
      vertex -13.6977 -8.80161 0.99
    endloop
  endfacet
  facet normal -0.976301 0.216418 0
    outer loop
      vertex 13.2815 -13.5588 0.99
      vertex 13.5411 -12.3877 1.5
      vertex 13.5411 -12.3877 0.99
    endloop
  endfacet
  facet normal -0.976301 0.216418 0
    outer loop
      vertex 13.5411 -12.3877 1.5
      vertex 13.2815 -13.5588 0.99
      vertex 13.2815 -13.5588 1.5
    endloop
  endfacet
  facet normal 0.976301 0.216418 0
    outer loop
      vertex -13.2815 -13.5588 1.5
      vertex -13.5411 -12.3877 0.99
      vertex -13.5411 -12.3877 1.5
    endloop
  endfacet
  facet normal 0.976301 0.216418 0
    outer loop
      vertex -13.5411 -12.3877 0.99
      vertex -13.2815 -13.5588 1.5
      vertex -13.2815 -13.5588 0.99
    endloop
  endfacet
  facet normal 0.300707 -0.953717 0
    outer loop
      vertex -4.70278 2.92077 0.99
      vertex -3.55876 3.28148 1.5
      vertex -4.70278 2.92077 1.5
    endloop
  endfacet
  facet normal 0.300707 -0.953717 0
    outer loop
      vertex -3.55876 3.28148 1.5
      vertex -4.70278 2.92077 0.99
      vertex -3.55876 3.28148 0.99
    endloop
  endfacet
  facet normal -0.300707 -0.953717 0
    outer loop
      vertex 3.55876 3.28148 0.99
      vertex 4.70278 2.92077 1.5
      vertex 3.55876 3.28148 1.5
    endloop
  endfacet
  facet normal -0.300707 -0.953717 -0
    outer loop
      vertex 4.70278 2.92077 1.5
      vertex 3.55876 3.28148 0.99
      vertex 4.70278 2.92077 0.99
    endloop
  endfacet
  facet normal -0.46176 0.887005 0
    outer loop
      vertex 6.875 -21.9078 0.99
      vertex 5.811 -22.4617 1.5
      vertex 6.875 -21.9078 1.5
    endloop
  endfacet
  facet normal -0.46176 0.887005 0
    outer loop
      vertex 5.811 -22.4617 1.5
      vertex 6.875 -21.9078 0.99
      vertex 5.811 -22.4617 0.99
    endloop
  endfacet
  facet normal 0.843401 0.537285 0
    outer loop
      vertex -11.2633 -17.8867 1.5
      vertex -11.9078 -16.875 0.99
      vertex -11.9078 -16.875 1.5
    endloop
  endfacet
  facet normal 0.843401 0.537285 0
    outer loop
      vertex -11.9078 -16.875 0.99
      vertex -11.2633 -17.8867 1.5
      vertex -11.2633 -17.8867 0.99
    endloop
  endfacet
  facet normal -0.923859 0.382732 0
    outer loop
      vertex 12.4617 -15.811 0.99
      vertex 12.9208 -14.7028 1.5
      vertex 12.9208 -14.7028 0.99
    endloop
  endfacet
  facet normal -0.923859 0.382732 0
    outer loop
      vertex 12.9208 -14.7028 1.5
      vertex 12.4617 -15.811 0.99
      vertex 12.4617 -15.811 1.5
    endloop
  endfacet
  facet normal -0.13055 0.991442 0
    outer loop
      vertex 2.38766 -23.5411 0.99
      vertex 1.19839 -23.6977 1.5
      vertex 2.38766 -23.5411 1.5
    endloop
  endfacet
  facet normal -0.13055 0.991442 0
    outer loop
      vertex 1.19839 -23.6977 1.5
      vertex 2.38766 -23.5411 0.99
      vertex 1.19839 -23.6977 0.99
    endloop
  endfacet
  facet normal -0.953719 -0.3007 0
    outer loop
      vertex 13.2815 -6.44124 0.99
      vertex 12.9208 -5.29722 1.5
      vertex 12.9208 -5.29722 0.99
    endloop
  endfacet
  facet normal -0.953719 -0.3007 0
    outer loop
      vertex 12.9208 -5.29722 1.5
      vertex 13.2815 -6.44124 0.99
      vertex 13.2815 -6.44124 1.5
    endloop
  endfacet
  facet normal 0.737283 -0.675584 0
    outer loop
      vertex -10.5331 -1.16167 1.5
      vertex -9.72272 -0.277281 0.99
      vertex -9.72272 -0.277281 1.5
    endloop
  endfacet
  facet normal 0.737283 -0.675584 0
    outer loop
      vertex -9.72272 -0.277281 0.99
      vertex -10.5331 -1.16167 1.5
      vertex -10.5331 -1.16167 0.99
    endloop
  endfacet
  facet normal -0.382684 -0.923879 0
    outer loop
      vertex 4.70278 2.92077 0.99
      vertex 5.811 2.46173 1.5
      vertex 4.70278 2.92077 1.5
    endloop
  endfacet
  facet normal -0.382684 -0.923879 -0
    outer loop
      vertex 5.811 2.46173 1.5
      vertex 4.70278 2.92077 0.99
      vertex 5.811 2.46173 0.99
    endloop
  endfacet
  facet normal 0.216442 -0.976295 0
    outer loop
      vertex -3.55876 3.28148 0.99
      vertex -2.38766 3.54111 1.5
      vertex -3.55876 3.28148 1.5
    endloop
  endfacet
  facet normal 0.216442 -0.976295 0
    outer loop
      vertex -2.38766 3.54111 1.5
      vertex -3.55876 3.28148 0.99
      vertex -2.38766 3.54111 0.99
    endloop
  endfacet
  facet normal -0.953717 0.300704 0
    outer loop
      vertex 12.9208 -14.7028 0.99
      vertex 13.2815 -13.5588 1.5
      vertex 13.2815 -13.5588 0.99
    endloop
  endfacet
  facet normal -0.953717 0.300704 0
    outer loop
      vertex 13.2815 -13.5588 1.5
      vertex 12.9208 -14.7028 0.99
      vertex 12.9208 -14.7028 1.5
    endloop
  endfacet
  facet normal -0.793349 0.608768 0
    outer loop
      vertex 10.5331 -18.8383 0.99
      vertex 11.2633 -17.8867 1.5
      vertex 11.2633 -17.8867 0.99
    endloop
  endfacet
  facet normal -0.793349 0.608768 0
    outer loop
      vertex 11.2633 -17.8867 1.5
      vertex 10.5331 -18.8383 0.99
      vertex 10.5331 -18.8383 1.5
    endloop
  endfacet
  facet normal 0.537293 0.843396 -0
    outer loop
      vertex -6.875 -21.9078 0.99
      vertex -7.88668 -21.2633 1.5
      vertex -6.875 -21.9078 1.5
    endloop
  endfacet
  facet normal 0.537293 0.843396 0
    outer loop
      vertex -7.88668 -21.2633 1.5
      vertex -6.875 -21.9078 0.99
      vertex -7.88668 -21.2633 0.99
    endloop
  endfacet
  facet normal 0.953719 -0.3007 0
    outer loop
      vertex -13.2815 -6.44124 1.5
      vertex -12.9208 -5.29722 0.99
      vertex -12.9208 -5.29722 1.5
    endloop
  endfacet
  facet normal 0.953719 -0.3007 0
    outer loop
      vertex -12.9208 -5.29722 0.99
      vertex -13.2815 -6.44124 1.5
      vertex -13.2815 -6.44124 0.99
    endloop
  endfacet
  facet normal -0.887005 -0.46176 0
    outer loop
      vertex 12.4617 -4.189 0.99
      vertex 11.9078 -3.125 1.5
      vertex 11.9078 -3.125 0.99
    endloop
  endfacet
  facet normal -0.887005 -0.46176 0
    outer loop
      vertex 11.9078 -3.125 1.5
      vertex 12.4617 -4.189 0.99
      vertex 12.4617 -4.189 1.5
    endloop
  endfacet
  facet normal 0.382726 0.923862 -0
    outer loop
      vertex -4.70278 -22.9208 0.99
      vertex -5.811 -22.4617 1.5
      vertex -4.70278 -22.9208 1.5
    endloop
  endfacet
  facet normal 0.382726 0.923862 0
    outer loop
      vertex -5.811 -22.4617 1.5
      vertex -4.70278 -22.9208 0.99
      vertex -5.811 -22.4617 0.99
    endloop
  endfacet
  facet normal -0.737283 -0.675584 0
    outer loop
      vertex 10.5331 -1.16167 0.99
      vertex 9.72272 -0.277281 1.5
      vertex 9.72272 -0.277281 0.99
    endloop
  endfacet
  facet normal -0.737283 -0.675584 0
    outer loop
      vertex 9.72272 -0.277281 1.5
      vertex 10.5331 -1.16167 0.99
      vertex 10.5331 -1.16167 1.5
    endloop
  endfacet
  facet normal 0.675589 -0.737278 0
    outer loop
      vertex -9.72272 -0.277281 0.99
      vertex -8.83833 0.533111 1.5
      vertex -9.72272 -0.277281 1.5
    endloop
  endfacet
  facet normal 0.675589 -0.737278 0
    outer loop
      vertex -8.83833 0.533111 1.5
      vertex -9.72272 -0.277281 0.99
      vertex -8.83833 0.533111 0.99
    endloop
  endfacet
  facet normal 0.382684 -0.923879 0
    outer loop
      vertex -5.811 2.46173 0.99
      vertex -4.70278 2.92077 1.5
      vertex -5.811 2.46173 1.5
    endloop
  endfacet
  facet normal 0.382684 -0.923879 0
    outer loop
      vertex -4.70278 2.92077 1.5
      vertex -5.811 2.46173 0.99
      vertex -4.70278 2.92077 0.99
    endloop
  endfacet
  facet normal 0.737287 0.67558 0
    outer loop
      vertex -9.72272 -19.7227 1.5
      vertex -10.5331 -18.8383 0.99
      vertex -10.5331 -18.8383 1.5
    endloop
  endfacet
  facet normal 0.737287 0.67558 0
    outer loop
      vertex -10.5331 -18.8383 0.99
      vertex -9.72272 -19.7227 1.5
      vertex -9.72272 -19.7227 0.99
    endloop
  endfacet
  facet normal 0.887005 0.46176 0
    outer loop
      vertex -11.9078 -16.875 1.5
      vertex -12.4617 -15.811 0.99
      vertex -12.4617 -15.811 1.5
    endloop
  endfacet
  facet normal 0.887005 0.46176 0
    outer loop
      vertex -12.4617 -15.811 0.99
      vertex -11.9078 -16.875 1.5
      vertex -11.9078 -16.875 0.99
    endloop
  endfacet
  facet normal 0.991442 0.130547 0
    outer loop
      vertex -13.5411 -12.3877 1.5
      vertex -13.6977 -11.1984 0.99
      vertex -13.6977 -11.1984 1.5
    endloop
  endfacet
  facet normal 0.991442 0.130547 0
    outer loop
      vertex -13.6977 -11.1984 0.99
      vertex -13.5411 -12.3877 1.5
      vertex -13.5411 -12.3877 0.99
    endloop
  endfacet
  facet normal 0.793349 0.608768 0
    outer loop
      vertex -10.5331 -18.8383 1.5
      vertex -11.2633 -17.8867 0.99
      vertex -11.2633 -17.8867 1.5
    endloop
  endfacet
  facet normal 0.793349 0.608768 0
    outer loop
      vertex -11.2633 -17.8867 0.99
      vertex -10.5331 -18.8383 1.5
      vertex -10.5331 -18.8383 0.99
    endloop
  endfacet
  facet normal -0.3007 0.953719 0
    outer loop
      vertex 4.70278 -22.9208 0.99
      vertex 3.55876 -23.2815 1.5
      vertex 4.70278 -22.9208 1.5
    endloop
  endfacet
  facet normal -0.3007 0.953719 0
    outer loop
      vertex 3.55876 -23.2815 1.5
      vertex 4.70278 -22.9208 0.99
      vertex 3.55876 -23.2815 0.99
    endloop
  endfacet
  facet normal -0.991442 0.130547 0
    outer loop
      vertex 13.5411 -12.3877 0.99
      vertex 13.6977 -11.1984 1.5
      vertex 13.6977 -11.1984 0.99
    endloop
  endfacet
  facet normal -0.991442 0.130547 0
    outer loop
      vertex 13.6977 -11.1984 1.5
      vertex 13.5411 -12.3877 0.99
      vertex 13.5411 -12.3877 1.5
    endloop
  endfacet
  facet normal -0.999049 0.0436 0
    outer loop
      vertex 13.6977 -11.1984 0.99
      vertex 13.75 -10 1.5
      vertex 13.75 -10 0.99
    endloop
  endfacet
  facet normal -0.999049 0.0436 0
    outer loop
      vertex 13.75 -10 1.5
      vertex 13.6977 -11.1984 0.99
      vertex 13.6977 -11.1984 1.5
    endloop
  endfacet
  facet normal 0.999049 0.0436 0
    outer loop
      vertex -13.6977 -11.1984 1.5
      vertex -13.75 -10 0.99
      vertex -13.75 -10 1.5
    endloop
  endfacet
  facet normal 0.999049 0.0436 0
    outer loop
      vertex -13.75 -10 0.99
      vertex -13.6977 -11.1984 1.5
      vertex -13.6977 -11.1984 0.99
    endloop
  endfacet
  facet normal -0.043617 -0.999048 0
    outer loop
      vertex 0 3.75 0.99
      vertex 1.19839 3.69768 1.5
      vertex 0 3.75 1.5
    endloop
  endfacet
  facet normal -0.043617 -0.999048 -0
    outer loop
      vertex 1.19839 3.69768 1.5
      vertex 0 3.75 0.99
      vertex 1.19839 3.69768 0.99
    endloop
  endfacet
  facet normal -0.887005 0.46176 0
    outer loop
      vertex 11.9078 -16.875 0.99
      vertex 12.4617 -15.811 1.5
      vertex 12.4617 -15.811 0.99
    endloop
  endfacet
  facet normal -0.887005 0.46176 0
    outer loop
      vertex 12.4617 -15.811 1.5
      vertex 11.9078 -16.875 0.99
      vertex 11.9078 -16.875 1.5
    endloop
  endfacet
  facet normal 0.46176 0.887005 -0
    outer loop
      vertex -5.811 -22.4617 0.99
      vertex -6.875 -21.9078 1.5
      vertex -5.811 -22.4617 1.5
    endloop
  endfacet
  facet normal 0.46176 0.887005 0
    outer loop
      vertex -6.875 -21.9078 1.5
      vertex -5.811 -22.4617 0.99
      vertex -6.875 -21.9078 0.99
    endloop
  endfacet
  facet normal 0.608747 0.793364 -0
    outer loop
      vertex -7.88668 -21.2633 0.99
      vertex -8.83833 -20.5331 1.5
      vertex -7.88668 -21.2633 1.5
    endloop
  endfacet
  facet normal 0.608747 0.793364 0
    outer loop
      vertex -8.83833 -20.5331 1.5
      vertex -7.88668 -21.2633 0.99
      vertex -8.83833 -20.5331 0.99
    endloop
  endfacet
  facet normal 0.887005 -0.46176 0
    outer loop
      vertex -12.4617 -4.189 1.5
      vertex -11.9078 -3.125 0.99
      vertex -11.9078 -3.125 1.5
    endloop
  endfacet
  facet normal 0.887005 -0.46176 0
    outer loop
      vertex -11.9078 -3.125 0.99
      vertex -12.4617 -4.189 1.5
      vertex -12.4617 -4.189 0.99
    endloop
  endfacet
  facet normal -0.793364 -0.608747 0
    outer loop
      vertex 11.2633 -2.11332 0.99
      vertex 10.5331 -1.16167 1.5
      vertex 10.5331 -1.16167 0.99
    endloop
  endfacet
  facet normal -0.793364 -0.608747 0
    outer loop
      vertex 10.5331 -1.16167 1.5
      vertex 11.2633 -2.11332 0.99
      vertex 11.2633 -2.11332 1.5
    endloop
  endfacet
  facet normal 0.537299 -0.843392 0
    outer loop
      vertex -7.88668 1.26334 0.99
      vertex -6.875 1.90785 1.5
      vertex -7.88668 1.26334 1.5
    endloop
  endfacet
  facet normal 0.537299 -0.843392 0
    outer loop
      vertex -6.875 1.90785 1.5
      vertex -7.88668 1.26334 0.99
      vertex -6.875 1.90785 0.99
    endloop
  endfacet
  facet normal 0.461746 -0.887012 0
    outer loop
      vertex -6.875 1.90785 0.99
      vertex -5.811 2.46173 1.5
      vertex -6.875 1.90785 1.5
    endloop
  endfacet
  facet normal 0.461746 -0.887012 0
    outer loop
      vertex -5.811 2.46173 1.5
      vertex -6.875 1.90785 0.99
      vertex -5.811 2.46173 0.99
    endloop
  endfacet
  facet normal 0.999049 -0.0436004 0
    outer loop
      vertex -13.75 -10 1.5
      vertex -13.6977 -8.80161 0.99
      vertex -13.6977 -8.80161 1.5
    endloop
  endfacet
  facet normal 0.999049 -0.0436004 0
    outer loop
      vertex -13.6977 -8.80161 0.99
      vertex -13.75 -10 1.5
      vertex -13.75 -10 0.99
    endloop
  endfacet
  facet normal 0.3007 0.953719 -0
    outer loop
      vertex -3.55876 -23.2815 0.99
      vertex -4.70278 -22.9208 1.5
      vertex -3.55876 -23.2815 1.5
    endloop
  endfacet
  facet normal 0.3007 0.953719 0
    outer loop
      vertex -4.70278 -22.9208 1.5
      vertex -3.55876 -23.2815 0.99
      vertex -4.70278 -22.9208 0.99
    endloop
  endfacet
  facet normal 0.216418 0.976301 -0
    outer loop
      vertex -2.38766 -23.5411 0.99
      vertex -3.55876 -23.2815 1.5
      vertex -2.38766 -23.5411 1.5
    endloop
  endfacet
  facet normal 0.216418 0.976301 0
    outer loop
      vertex -3.55876 -23.2815 1.5
      vertex -2.38766 -23.5411 0.99
      vertex -3.55876 -23.2815 0.99
    endloop
  endfacet
  facet normal 0.0436004 0.999049 -0
    outer loop
      vertex 0 -23.75 0.99
      vertex -1.19839 -23.6977 1.5
      vertex 0 -23.75 1.5
    endloop
  endfacet
  facet normal 0.0436004 0.999049 0
    outer loop
      vertex -1.19839 -23.6977 1.5
      vertex 0 -23.75 0.99
      vertex -1.19839 -23.6977 0.99
    endloop
  endfacet
  facet normal -0.675593 0.737275 0
    outer loop
      vertex 9.72272 -19.7227 0.99
      vertex 8.83833 -20.5331 1.5
      vertex 9.72272 -19.7227 1.5
    endloop
  endfacet
  facet normal -0.675593 0.737275 0
    outer loop
      vertex 8.83833 -20.5331 1.5
      vertex 9.72272 -19.7227 0.99
      vertex 8.83833 -20.5331 0.99
    endloop
  endfacet
  facet normal -0.608747 0.793364 0
    outer loop
      vertex 8.83833 -20.5331 0.99
      vertex 7.88668 -21.2633 1.5
      vertex 8.83833 -20.5331 1.5
    endloop
  endfacet
  facet normal -0.608747 0.793364 0
    outer loop
      vertex 7.88668 -21.2633 1.5
      vertex 8.83833 -20.5331 0.99
      vertex 7.88668 -21.2633 0.99
    endloop
  endfacet
  facet normal -0.216442 -0.976295 0
    outer loop
      vertex 2.38766 3.54111 0.99
      vertex 3.55876 3.28148 1.5
      vertex 2.38766 3.54111 1.5
    endloop
  endfacet
  facet normal -0.216442 -0.976295 -0
    outer loop
      vertex 3.55876 3.28148 1.5
      vertex 2.38766 3.54111 0.99
      vertex 3.55876 3.28148 0.99
    endloop
  endfacet
  facet normal 0.843396 -0.537293 0
    outer loop
      vertex -11.9078 -3.125 1.5
      vertex -11.2633 -2.11332 0.99
      vertex -11.2633 -2.11332 1.5
    endloop
  endfacet
  facet normal 0.843396 -0.537293 0
    outer loop
      vertex -11.2633 -2.11332 0.99
      vertex -11.9078 -3.125 1.5
      vertex -11.9078 -3.125 0.99
    endloop
  endfacet
  facet normal -0.70677 -0.0308766 -0.70677
    outer loop
      vertex 14.6844 -8.72731 0
      vertex 14.74 -10 0
      vertex 13.75 -10 0.99
    endloop
  endfacet
  facet normal -0.653383 -0.27126 -0.706759
    outer loop
      vertex 12.9208 -5.29722 0.99
      vertex 13.8465 -4.94754 0
      vertex 13.8511 -4.95862 0
    endloop
  endfacet
  facet normal -0.653582 -0.270758 -0.706767
    outer loop
      vertex 13.8465 -4.94754 0
      vertex 12.9208 -5.29722 0.99
      vertex 12.4617 -4.189 0.99
    endloop
  endfacet
  facet normal -0.56126 0.43065 -0.706773
    outer loop
      vertex 12.0743 -18.4545 0
      vertex 11.2988 -19.4652 0
      vertex 11.2633 -17.8867 0.99
    endloop
  endfacet
  facet normal -0.430483 -0.561396 -0.706766
    outer loop
      vertex 8.83833 0.533111 0.99
      vertex 9.46517 1.2988 0
      vertex 9.47469 1.2915 0
    endloop
  endfacet
  facet normal -0.430665 -0.561252 -0.70677
    outer loop
      vertex 9.46517 1.2988 0
      vertex 8.83833 0.533111 0.99
      vertex 7.88668 1.26334 0.99
    endloop
  endfacet
  facet normal -0.706791 -0.0308457 -0.70675
    outer loop
      vertex 13.6977 -8.80161 0.99
      vertex 14.6844 -8.72731 0
      vertex 13.75 -10 0.99
    endloop
  endfacet
  facet normal -0.706871 -0.0294775 -0.706728
    outer loop
      vertex 14.6844 -8.72731 0
      vertex 13.6977 -8.80161 0.99
      vertex 14.6839 -8.71532 0
    endloop
  endfacet
  facet normal -0.477899 0.521585 -0.706797
    outer loop
      vertex 9.72272 -19.7227 0.99
      vertex 10.4228 -20.4228 0
      vertex 9.48353 -21.2834 0
    endloop
  endfacet
  facet normal -0.270726 -0.653591 -0.706771
    outer loop
      vertex 6.22939 3.35898 0
      vertex 5.811 2.46173 0.99
      vertex 5.05246 3.84648 0
    endloop
  endfacet
  facet normal -0.706873 0.029453 -0.706727
    outer loop
      vertex 13.6977 -11.1984 0.99
      vertex 14.6844 -11.2727 0
      vertex 14.6839 -11.2847 0
    endloop
  endfacet
  facet normal -0.706791 0.0308454 -0.70675
    outer loop
      vertex 14.6844 -11.2727 0
      vertex 13.6977 -11.1984 0.99
      vertex 13.75 -10 0.99
    endloop
  endfacet
  facet normal -0.701401 -0.0923539 -0.706758
    outer loop
      vertex 14.5176 -7.45232 0
      vertex 14.6839 -8.71532 0
      vertex 13.6977 -8.80161 0.99
    endloop
  endfacet
  facet normal 0.270752 -0.653581 -0.706771
    outer loop
      vertex -4.70278 2.92077 0.99
      vertex -5.05246 3.84648 0
      vertex -5.04138 3.85107 0
    endloop
  endfacet
  facet normal 0.270726 -0.653591 -0.706771
    outer loop
      vertex -5.05246 3.84648 0
      vertex -4.70278 2.92077 0.99
      vertex -5.811 2.46173 0.99
    endloop
  endfacet
  facet normal -0.270726 -0.653591 -0.706771
    outer loop
      vertex 4.70278 2.92077 0.99
      vertex 5.05246 3.84648 0
      vertex 5.811 2.46173 0.99
    endloop
  endfacet
  facet normal -0.270752 -0.653581 -0.706771
    outer loop
      vertex 5.05246 3.84648 0
      vertex 4.70278 2.92077 0.99
      vertex 5.04138 3.85107 0
    endloop
  endfacet
  facet normal 0.430658 0.561244 -0.706781
    outer loop
      vertex -7.88668 -21.2633 0.99
      vertex -8.45452 -22.0743 0
      vertex -9.46517 -21.2988 0
    endloop
  endfacet
  facet normal 0.430652 0.561258 -0.706773
    outer loop
      vertex -9.46517 -21.2988 0
      vertex -8.83833 -20.5331 0.99
      vertex -7.88668 -21.2633 0.99
    endloop
  endfacet
  facet normal 0.430481 0.561394 -0.70677
    outer loop
      vertex -8.83833 -20.5331 0.99
      vertex -9.46517 -21.2988 0
      vertex -9.47469 -21.2915 0
    endloop
  endfacet
  facet normal -0.380108 -0.596651 -0.706771
    outer loop
      vertex 6.875 1.90785 0.99
      vertex 7.38012 2.75877 0
      vertex 7.88668 1.26334 0.99
    endloop
  endfacet
  facet normal -0.379806 -0.596838 -0.706776
    outer loop
      vertex 7.38012 2.75877 0
      vertex 6.875 1.90785 0.99
      vertex 7.37 2.76521 0
    endloop
  endfacet
  facet normal -0.701397 -0.0923582 -0.706761
    outer loop
      vertex 13.5411 -7.61234 0.99
      vertex 14.5176 -7.45232 0
      vertex 13.6977 -8.80161 0.99
    endloop
  endfacet
  facet normal -0.701954 -0.088556 -0.706696
    outer loop
      vertex 14.5176 -7.45232 0
      vertex 13.5411 -7.61234 0.99
      vertex 14.5161 -7.44043 0
    endloop
  endfacet
  facet normal 0.153164 0.690687 -0.706748
    outer loop
      vertex -3.55876 -23.2815 0.99
      vertex -2.57128 -24.5135 0
      vertex -3.81499 -24.2377 0
    endloop
  endfacet
  facet normal 0.521593 0.477891 -0.706796
    outer loop
      vertex -9.72272 -19.7227 0.99
      vertex -10.4228 -20.4228 0
      vertex -11.2834 -19.4835 0
    endloop
  endfacet
  facet normal -0.70677 0.0308764 -0.70677
    outer loop
      vertex 14.74 -10 0
      vertex 14.6844 -11.2727 0
      vertex 13.75 -10 0.99
    endloop
  endfacet
  facet normal 0.153339 0.690616 -0.706779
    outer loop
      vertex -2.57128 -24.5135 0
      vertex -2.38766 -23.5411 0.99
      vertex -2.55957 -24.5161 0
    endloop
  endfacet
  facet normal 0.153101 0.690665 -0.706783
    outer loop
      vertex -2.38766 -23.5411 0.99
      vertex -2.57128 -24.5135 0
      vertex -3.55876 -23.2815 0.99
    endloop
  endfacet
  facet normal 0.70677 -0.0308766 -0.70677
    outer loop
      vertex -14.6844 -8.72731 0
      vertex -13.75 -10 0.99
      vertex -14.74 -10 0
    endloop
  endfacet
  facet normal -0.62543 0.330416 -0.706868
    outer loop
      vertex 11.9078 -16.875 0.99
      vertex 12.7708 -17.3594 0
      vertex 12.7652 -17.37 0
    endloop
  endfacet
  facet normal -0.627473 0.326652 -0.706807
    outer loop
      vertex 12.7708 -17.3594 0
      vertex 11.9078 -16.875 0.99
      vertex 12.4617 -15.811 0.99
    endloop
  endfacet
  facet normal -0.380115 0.596634 -0.706782
    outer loop
      vertex 7.88668 -21.2633 0.99
      vertex 8.45452 -22.0743 0
      vertex 7.38012 -22.7588 0
    endloop
  endfacet
  facet normal 0.380115 0.596634 -0.706782
    outer loop
      vertex -7.88668 -21.2633 0.99
      vertex -7.38012 -22.7588 0
      vertex -8.45452 -22.0743 0
    endloop
  endfacet
  facet normal -0.561244 -0.430657 -0.706781
    outer loop
      vertex 11.2988 -0.534826 0
      vertex 12.0743 -1.54548 0
      vertex 11.2633 -2.11332 0.99
    endloop
  endfacet
  facet normal -0.674703 -0.212728 -0.706769
    outer loop
      vertex 12.9208 -5.29722 0.99
      vertex 13.8547 -4.97006 0
      vertex 13.2815 -6.44124 0.99
    endloop
  endfacet
  facet normal -0.674826 -0.212358 -0.706763
    outer loop
      vertex 13.8547 -4.97006 0
      vertex 12.9208 -5.29722 0.99
      vertex 13.8511 -4.95862 0
    endloop
  endfacet
  facet normal -0.27072 0.653576 -0.706788
    outer loop
      vertex 5.811 -22.4617 0.99
      vertex 6.22939 -23.359 0
      vertex 5.05246 -23.8465 0
    endloop
  endfacet
  facet normal -0.690689 0.153166 -0.706745
    outer loop
      vertex 14.5135 -12.5713 0
      vertex 14.2377 -13.815 0
      vertex 13.2815 -13.5588 0.99
    endloop
  endfacet
  facet normal 0.03086 -0.70677 -0.70677
    outer loop
      vertex 0 4.74 0
      vertex 0 3.75 0.99
      vertex -1.27269 4.68443 0
    endloop
  endfacet
  facet normal -0.0923409 -0.701392 -0.706769
    outer loop
      vertex 1.28467 4.68391 0
      vertex 2.54768 4.51763 0
      vertex 1.19839 3.69768 0.99
    endloop
  endfacet
  facet normal -0.690592 0.153465 -0.706775
    outer loop
      vertex 14.5135 -12.5713 0
      vertex 13.5411 -12.3877 0.99
      vertex 14.5161 -12.5596 0
    endloop
  endfacet
  facet normal -0.690666 0.153101 -0.706781
    outer loop
      vertex 13.5411 -12.3877 0.99
      vertex 14.5135 -12.5713 0
      vertex 13.2815 -13.5588 0.99
    endloop
  endfacet
  facet normal -0.674734 0.212711 -0.706745
    outer loop
      vertex 14.2377 -13.815 0
      vertex 13.8547 -15.0299 0
      vertex 13.2815 -13.5588 0.99
    endloop
  endfacet
  facet normal -0.326715 -0.627482 -0.70677
    outer loop
      vertex 6.875 1.90785 0.99
      vertex 7.35936 2.77075 0
      vertex 7.37 2.76521 0
    endloop
  endfacet
  facet normal -0.32666 -0.627512 -0.706769
    outer loop
      vertex 7.35936 2.77075 0
      vertex 6.875 1.90785 0.99
      vertex 5.811 2.46173 0.99
    endloop
  endfacet
  facet normal -0.521593 0.477891 -0.706796
    outer loop
      vertex 11.2834 -19.4835 0
      vertex 10.4228 -20.4228 0
      vertex 9.72272 -19.7227 0.99
    endloop
  endfacet
  facet normal 0.70677 0.0308764 -0.70677
    outer loop
      vertex -13.75 -10 0.99
      vertex -14.6844 -11.2727 0
      vertex -14.74 -10 0
    endloop
  endfacet
  facet normal 0.674733 -0.212702 -0.706748
    outer loop
      vertex -13.8547 -4.97006 0
      vertex -13.2815 -6.44124 0.99
      vertex -14.2377 -6.18501 0
    endloop
  endfacet
  facet normal -0.59786 -0.378093 -0.70683
    outer loop
      vertex 11.9078 -3.125 0.99
      vertex 12.7588 -2.61988 0
      vertex 12.7652 -2.63 0
    endloop
  endfacet
  facet normal -0.596634 -0.380091 -0.706795
    outer loop
      vertex 12.7588 -2.61988 0
      vertex 11.9078 -3.125 0.99
      vertex 11.2633 -2.11332 0.99
    endloop
  endfacet
  facet normal -0.0308766 0.70677 -0.70677
    outer loop
      vertex 0 -23.75 0.99
      vertex 1.27269 -24.6844 0
      vertex 0 -24.74 0
    endloop
  endfacet
  facet normal -0.7014 0.0923538 -0.706759
    outer loop
      vertex 14.6839 -11.2847 0
      vertex 14.5176 -12.5477 0
      vertex 13.6977 -11.1984 0.99
    endloop
  endfacet
  facet normal -0.153116 -0.690674 -0.706771
    outer loop
      vertex 3.81499 4.23775 0
      vertex 3.55876 3.28148 0.99
      vertex 2.57128 4.51347 0
    endloop
  endfacet
  facet normal 0.596634 -0.380115 -0.706782
    outer loop
      vertex -12.0743 -1.54548 0
      vertex -11.2633 -2.11332 0.99
      vertex -12.7588 -2.61988 0
    endloop
  endfacet
  facet normal -0.153121 -0.690675 -0.706769
    outer loop
      vertex 2.38766 3.54111 0.99
      vertex 2.57128 4.51347 0
      vertex 3.55876 3.28148 0.99
    endloop
  endfacet
  facet normal -0.153342 -0.69063 -0.706765
    outer loop
      vertex 2.57128 4.51347 0
      vertex 2.38766 3.54111 0.99
      vertex 2.55957 4.51607 0
    endloop
  endfacet
  facet normal -0.520527 0.479122 -0.706749
    outer loop
      vertex 11.2834 -19.4835 0
      vertex 10.5331 -18.8383 0.99
      vertex 11.2915 -19.4747 0
    endloop
  endfacet
  facet normal -0.521585 0.477931 -0.706775
    outer loop
      vertex 10.5331 -18.8383 0.99
      vertex 11.2834 -19.4835 0
      vertex 9.72272 -19.7227 0.99
    endloop
  endfacet
  facet normal -0.674733 -0.212702 -0.706748
    outer loop
      vertex 13.8547 -4.97006 0
      vertex 14.2377 -6.18501 0
      vertex 13.2815 -6.44124 0.99
    endloop
  endfacet
  facet normal -0.326663 -0.627508 -0.706771
    outer loop
      vertex 6.22939 3.35898 0
      vertex 7.35936 2.77075 0
      vertex 5.811 2.46173 0.99
    endloop
  endfacet
  facet normal 0.477921 -0.521587 -0.70678
    outer loop
      vertex -9.48353 1.28339 0
      vertex -9.72272 -0.277281 0.99
      vertex -10.4228 0.422754 0
    endloop
  endfacet
  facet normal -0.560937 0.431036 -0.706794
    outer loop
      vertex 10.5331 -18.8383 0.99
      vertex 11.2988 -19.4652 0
      vertex 11.2915 -19.4747 0
    endloop
  endfacet
  facet normal -0.561236 0.430659 -0.706786
    outer loop
      vertex 11.2988 -19.4652 0
      vertex 10.5331 -18.8383 0.99
      vertex 11.2633 -17.8867 0.99
    endloop
  endfacet
  facet normal -0.521584 -0.477923 -0.706781
    outer loop
      vertex 10.4228 0.422754 0
      vertex 11.2834 -0.516467 0
      vertex 9.72272 -0.277281 0.99
    endloop
  endfacet
  facet normal 0.675166 0.211356 -0.706739
    outer loop
      vertex -13.8547 -15.0299 0
      vertex -12.9208 -14.7028 0.99
      vertex -13.8511 -15.0414 0
    endloop
  endfacet
  facet normal 0.674708 0.212734 -0.706763
    outer loop
      vertex -12.9208 -14.7028 0.99
      vertex -13.8547 -15.0299 0
      vertex -13.2815 -13.5588 0.99
    endloop
  endfacet
  facet normal -0.03086 -0.70677 -0.70677
    outer loop
      vertex 0 4.74 0
      vertex 1.27269 4.68443 0
      vertex 0 3.75 0.99
    endloop
  endfacet
  facet normal 0.379806 -0.596838 -0.706776
    outer loop
      vertex -6.875 1.90785 0.99
      vertex -7.38012 2.75877 0
      vertex -7.37 2.76521 0
    endloop
  endfacet
  facet normal 0.380108 -0.596651 -0.706771
    outer loop
      vertex -7.38012 2.75877 0
      vertex -6.875 1.90785 0.99
      vertex -7.88668 1.26334 0.99
    endloop
  endfacet
  facet normal 0.32666 -0.627512 -0.706769
    outer loop
      vertex -6.875 1.90785 0.99
      vertex -7.35936 2.77075 0
      vertex -5.811 2.46173 0.99
    endloop
  endfacet
  facet normal 0.326715 -0.627482 -0.70677
    outer loop
      vertex -7.35936 2.77075 0
      vertex -6.875 1.90785 0.99
      vertex -7.37 2.76521 0
    endloop
  endfacet
  facet normal -0.212702 0.674733 -0.706748
    outer loop
      vertex 5.02994 -23.8547 0
      vertex 3.81499 -24.2377 0
      vertex 3.55876 -23.2815 0.99
    endloop
  endfacet
  facet normal -0.38011 -0.596651 -0.70677
    outer loop
      vertex 8.45452 2.0743 0
      vertex 7.88668 1.26334 0.99
      vertex 7.38012 2.75877 0
    endloop
  endfacet
  facet normal -0.27126 0.653383 -0.706759
    outer loop
      vertex 4.70278 -22.9208 0.99
      vertex 5.05246 -23.8465 0
      vertex 5.04138 -23.8511 0
    endloop
  endfacet
  facet normal -0.270758 0.653582 -0.706767
    outer loop
      vertex 5.05246 -23.8465 0
      vertex 4.70278 -22.9208 0.99
      vertex 5.811 -22.4617 0.99
    endloop
  endfacet
  facet normal -0.561257 -0.430652 -0.706774
    outer loop
      vertex 10.5331 -1.16167 0.99
      vertex 11.2988 -0.534826 0
      vertex 11.2633 -2.11332 0.99
    endloop
  endfacet
  facet normal -0.561304 -0.430593 -0.706773
    outer loop
      vertex 11.2988 -0.534826 0
      vertex 10.5331 -1.16167 0.99
      vertex 11.2915 -0.52531 0
    endloop
  endfacet
  facet normal -0.701965 0.088483 -0.706693
    outer loop
      vertex 13.5411 -12.3877 0.99
      vertex 14.5176 -12.5477 0
      vertex 14.5161 -12.5596 0
    endloop
  endfacet
  facet normal -0.701399 0.092356 -0.70676
    outer loop
      vertex 14.5176 -12.5477 0
      vertex 13.5411 -12.3877 0.99
      vertex 13.6977 -11.1984 0.99
    endloop
  endfacet
  facet normal -0.212891 -0.674645 -0.706775
    outer loop
      vertex 4.70278 2.92077 0.99
      vertex 5.02994 3.85468 0
      vertex 5.04138 3.85107 0
    endloop
  endfacet
  facet normal -0.212733 -0.674698 -0.706773
    outer loop
      vertex 5.02994 3.85468 0
      vertex 4.70278 2.92077 0.99
      vertex 3.55876 3.28148 0.99
    endloop
  endfacet
  facet normal -0.0295021 0.70687 -0.706728
    outer loop
      vertex 1.27269 -24.6844 0
      vertex 1.19839 -23.6977 0.99
      vertex 1.28467 -24.6839 0
    endloop
  endfacet
  facet normal -0.0308457 0.706791 -0.70675
    outer loop
      vertex 1.19839 -23.6977 0.99
      vertex 1.27269 -24.6844 0
      vertex 0 -23.75 0.99
    endloop
  endfacet
  facet normal 0.326642 0.6275 -0.706788
    outer loop
      vertex -5.811 -22.4617 0.99
      vertex -6.22939 -23.359 0
      vertex -7.35936 -22.7708 0
    endloop
  endfacet
  facet normal -0.477921 -0.521587 -0.70678
    outer loop
      vertex 10.4228 0.422754 0
      vertex 9.72272 -0.277281 0.99
      vertex 9.48353 1.28339 0
    endloop
  endfacet
  facet normal 0.701397 -0.0923582 -0.706761
    outer loop
      vertex -14.5176 -7.45232 0
      vertex -13.5411 -7.61234 0.99
      vertex -13.6977 -8.80161 0.99
    endloop
  endfacet
  facet normal 0.701954 -0.088556 -0.706696
    outer loop
      vertex -13.5411 -7.61234 0.99
      vertex -14.5176 -7.45232 0
      vertex -14.5161 -7.44043 0
    endloop
  endfacet
  facet normal 0.270726 -0.653591 -0.706771
    outer loop
      vertex -5.05246 3.84648 0
      vertex -5.811 2.46173 0.99
      vertex -6.22939 3.35898 0
    endloop
  endfacet
  facet normal 0.0923532 0.701401 -0.706758
    outer loop
      vertex -1.19839 -23.6977 0.99
      vertex -1.28467 -24.6839 0
      vertex -2.54768 -24.5176 0
    endloop
  endfacet
  facet normal -0.212731 -0.6747 -0.706771
    outer loop
      vertex 3.81499 4.23775 0
      vertex 5.02994 3.85468 0
      vertex 3.55876 3.28148 0.99
    endloop
  endfacet
  facet normal -0.477942 -0.521583 -0.706769
    outer loop
      vertex 8.83833 0.533111 0.99
      vertex 9.48353 1.28339 0
      vertex 9.72272 -0.277281 0.99
    endloop
  endfacet
  facet normal -0.478256 -0.521305 -0.706762
    outer loop
      vertex 9.48353 1.28339 0
      vertex 8.83833 0.533111 0.99
      vertex 9.47469 1.2915 0
    endloop
  endfacet
  facet normal -0.0920306 -0.701439 -0.706763
    outer loop
      vertex 2.38766 3.54111 0.99
      vertex 2.54768 4.51763 0
      vertex 2.55957 4.51607 0
    endloop
  endfacet
  facet normal -0.0923399 -0.701393 -0.706768
    outer loop
      vertex 2.54768 4.51763 0
      vertex 2.38766 3.54111 0.99
      vertex 1.19839 3.69768 0.99
    endloop
  endfacet
  facet normal -0.6275 -0.326642 -0.706788
    outer loop
      vertex 12.7708 -2.64064 0
      vertex 13.359 -3.77061 0
      vertex 12.4617 -4.189 0.99
    endloop
  endfacet
  facet normal -0.690687 -0.153164 -0.706748
    outer loop
      vertex 14.2377 -6.18501 0
      vertex 14.5135 -7.42872 0
      vertex 13.2815 -6.44124 0.99
    endloop
  endfacet
  facet normal -0.690616 -0.153339 -0.706779
    outer loop
      vertex 13.5411 -7.61234 0.99
      vertex 14.5135 -7.42872 0
      vertex 14.5161 -7.44043 0
    endloop
  endfacet
  facet normal -0.690665 -0.153101 -0.706783
    outer loop
      vertex 14.5135 -7.42872 0
      vertex 13.5411 -7.61234 0.99
      vertex 13.2815 -6.44124 0.99
    endloop
  endfacet
  facet normal -0.627479 -0.326655 -0.706801
    outer loop
      vertex 11.9078 -3.125 0.99
      vertex 12.7708 -2.64064 0
      vertex 12.4617 -4.189 0.99
    endloop
  endfacet
  facet normal -0.625961 -0.329453 -0.706847
    outer loop
      vertex 12.7708 -2.64064 0
      vertex 11.9078 -3.125 0.99
      vertex 12.7652 -2.63 0
    endloop
  endfacet
  facet normal -0.596634 -0.380115 -0.706782
    outer loop
      vertex 12.0743 -1.54548 0
      vertex 12.7588 -2.61988 0
      vertex 11.2633 -2.11332 0.99
    endloop
  endfacet
  facet normal -0.477927 0.521589 -0.706775
    outer loop
      vertex 8.83833 -20.5331 0.99
      vertex 9.48353 -21.2834 0
      vertex 9.47469 -21.2915 0
    endloop
  endfacet
  facet normal -0.477941 0.521577 -0.706774
    outer loop
      vertex 9.48353 -21.2834 0
      vertex 8.83833 -20.5331 0.99
      vertex 9.72272 -19.7227 0.99
    endloop
  endfacet
  facet normal -0.59664 0.380119 -0.706774
    outer loop
      vertex 12.7588 -17.3801 0
      vertex 12.0743 -18.4545 0
      vertex 11.2633 -17.8867 0.99
    endloop
  endfacet
  facet normal -0.653547 0.270839 -0.706769
    outer loop
      vertex 13.8465 -15.0525 0
      vertex 12.9208 -14.7028 0.99
      vertex 13.8511 -15.0414 0
    endloop
  endfacet
  facet normal -0.653578 0.270761 -0.70677
    outer loop
      vertex 12.9208 -14.7028 0.99
      vertex 13.8465 -15.0525 0
      vertex 12.4617 -15.811 0.99
    endloop
  endfacet
  facet normal -0.0306784 -0.706783 -0.706765
    outer loop
      vertex 1.19839 3.69768 0.99
      vertex 1.27269 4.68443 0
      vertex 1.28467 4.68391 0
    endloop
  endfacet
  facet normal -0.0308567 -0.706772 -0.706768
    outer loop
      vertex 1.27269 4.68443 0
      vertex 1.19839 3.69768 0.99
      vertex 0 3.75 0.99
    endloop
  endfacet
  facet normal -0.088556 0.701954 -0.706696
    outer loop
      vertex 2.54768 -24.5176 0
      vertex 2.38766 -23.5411 0.99
      vertex 2.55957 -24.5161 0
    endloop
  endfacet
  facet normal -0.0923582 0.701397 -0.706761
    outer loop
      vertex 2.38766 -23.5411 0.99
      vertex 2.54768 -24.5176 0
      vertex 1.19839 -23.6977 0.99
    endloop
  endfacet
  facet normal 0.521582 -0.477934 -0.706775
    outer loop
      vertex -10.5331 -1.16167 0.99
      vertex -11.2834 -0.516467 0
      vertex -9.72272 -0.277281 0.99
    endloop
  endfacet
  facet normal 0.521668 -0.477837 -0.706777
    outer loop
      vertex -11.2834 -0.516467 0
      vertex -10.5331 -1.16167 0.99
      vertex -11.2915 -0.52531 0
    endloop
  endfacet
  facet normal -0.653576 -0.27072 -0.706788
    outer loop
      vertex 13.359 -3.77061 0
      vertex 13.8465 -4.94754 0
      vertex 12.4617 -4.189 0.99
    endloop
  endfacet
  facet normal 0.653576 -0.27072 -0.706788
    outer loop
      vertex -13.359 -3.77061 0
      vertex -12.4617 -4.189 0.99
      vertex -13.8465 -4.94754 0
    endloop
  endfacet
  facet normal 0.477899 0.521585 -0.706797
    outer loop
      vertex -9.72272 -19.7227 0.99
      vertex -9.48353 -21.2834 0
      vertex -10.4228 -20.4228 0
    endloop
  endfacet
  facet normal -0.0923532 0.701401 -0.706758
    outer loop
      vertex 2.54768 -24.5176 0
      vertex 1.28467 -24.6839 0
      vertex 1.19839 -23.6977 0.99
    endloop
  endfacet
  facet normal 0.478256 -0.521305 -0.706762
    outer loop
      vertex -8.83833 0.533111 0.99
      vertex -9.48353 1.28339 0
      vertex -9.47469 1.2915 0
    endloop
  endfacet
  facet normal 0.477942 -0.521583 -0.706769
    outer loop
      vertex -9.48353 1.28339 0
      vertex -8.83833 0.533111 0.99
      vertex -9.72272 -0.277281 0.99
    endloop
  endfacet
  facet normal 0.674703 -0.212728 -0.706769
    outer loop
      vertex -13.8547 -4.97006 0
      vertex -12.9208 -5.29722 0.99
      vertex -13.2815 -6.44124 0.99
    endloop
  endfacet
  facet normal 0.674826 -0.212358 -0.706763
    outer loop
      vertex -12.9208 -5.29722 0.99
      vertex -13.8547 -4.97006 0
      vertex -13.8511 -4.95862 0
    endloop
  endfacet
  facet normal -0.597533 0.378635 -0.706817
    outer loop
      vertex 12.7588 -17.3801 0
      vertex 11.9078 -16.875 0.99
      vertex 12.7652 -17.37 0
    endloop
  endfacet
  facet normal -0.59664 0.380088 -0.706791
    outer loop
      vertex 11.9078 -16.875 0.99
      vertex 12.7588 -17.3801 0
      vertex 11.2633 -17.8867 0.99
    endloop
  endfacet
  facet normal -0.653572 0.270725 -0.70679
    outer loop
      vertex 13.8465 -15.0525 0
      vertex 13.359 -16.2294 0
      vertex 12.4617 -15.811 0.99
    endloop
  endfacet
  facet normal 0.521584 -0.477923 -0.706781
    outer loop
      vertex -10.4228 0.422754 0
      vertex -9.72272 -0.277281 0.99
      vertex -11.2834 -0.516467 0
    endloop
  endfacet
  facet normal 0.690665 -0.153101 -0.706783
    outer loop
      vertex -13.5411 -7.61234 0.99
      vertex -14.5135 -7.42872 0
      vertex -13.2815 -6.44124 0.99
    endloop
  endfacet
  facet normal 0.690616 -0.153339 -0.706779
    outer loop
      vertex -14.5135 -7.42872 0
      vertex -13.5411 -7.61234 0.99
      vertex -14.5161 -7.44043 0
    endloop
  endfacet
  facet normal 0.212702 0.674733 -0.706748
    outer loop
      vertex -3.55876 -23.2815 0.99
      vertex -3.81499 -24.2377 0
      vertex -5.02994 -23.8547 0
    endloop
  endfacet
  facet normal 0.430665 -0.561252 -0.70677
    outer loop
      vertex -8.83833 0.533111 0.99
      vertex -9.46517 1.2988 0
      vertex -7.88668 1.26334 0.99
    endloop
  endfacet
  facet normal 0.430483 -0.561396 -0.706766
    outer loop
      vertex -9.46517 1.2988 0
      vertex -8.83833 0.533111 0.99
      vertex -9.47469 1.2915 0
    endloop
  endfacet
  facet normal 0.477927 0.521589 -0.706775
    outer loop
      vertex -9.48353 -21.2834 0
      vertex -8.83833 -20.5331 0.99
      vertex -9.47469 -21.2915 0
    endloop
  endfacet
  facet normal 0.477941 0.521577 -0.706774
    outer loop
      vertex -8.83833 -20.5331 0.99
      vertex -9.48353 -21.2834 0
      vertex -9.72272 -19.7227 0.99
    endloop
  endfacet
  facet normal 0.326663 -0.627508 -0.706771
    outer loop
      vertex -6.22939 3.35898 0
      vertex -5.811 2.46173 0.99
      vertex -7.35936 2.77075 0
    endloop
  endfacet
  facet normal 0.690687 -0.153164 -0.706748
    outer loop
      vertex -14.2377 -6.18501 0
      vertex -13.2815 -6.44124 0.99
      vertex -14.5135 -7.42872 0
    endloop
  endfacet
  facet normal 0.706791 -0.0308457 -0.70675
    outer loop
      vertex -14.6844 -8.72731 0
      vertex -13.6977 -8.80161 0.99
      vertex -13.75 -10 0.99
    endloop
  endfacet
  facet normal 0.706871 -0.0294775 -0.706728
    outer loop
      vertex -13.6977 -8.80161 0.99
      vertex -14.6844 -8.72731 0
      vertex -14.6839 -8.71532 0
    endloop
  endfacet
  facet normal 0.701965 0.088483 -0.706693
    outer loop
      vertex -14.5176 -12.5477 0
      vertex -13.5411 -12.3877 0.99
      vertex -14.5161 -12.5596 0
    endloop
  endfacet
  facet normal 0.701399 0.092356 -0.70676
    outer loop
      vertex -13.5411 -12.3877 0.99
      vertex -14.5176 -12.5477 0
      vertex -13.6977 -11.1984 0.99
    endloop
  endfacet
  facet normal -0.521668 -0.477837 -0.706777
    outer loop
      vertex 10.5331 -1.16167 0.99
      vertex 11.2834 -0.516467 0
      vertex 11.2915 -0.52531 0
    endloop
  endfacet
  facet normal -0.521582 -0.477934 -0.706775
    outer loop
      vertex 11.2834 -0.516467 0
      vertex 10.5331 -1.16167 0.99
      vertex 9.72272 -0.277281 0.99
    endloop
  endfacet
  facet normal -0.430665 -0.561253 -0.70677
    outer loop
      vertex 8.45452 2.0743 0
      vertex 9.46517 1.2988 0
      vertex 7.88668 1.26334 0.99
    endloop
  endfacet
  facet normal 0.7014 0.0923538 -0.706759
    outer loop
      vertex -13.6977 -11.1984 0.99
      vertex -14.5176 -12.5477 0
      vertex -14.6839 -11.2847 0
    endloop
  endfacet
  facet normal 0.326655 0.627479 -0.706801
    outer loop
      vertex -7.35936 -22.7708 0
      vertex -6.875 -21.9078 0.99
      vertex -5.811 -22.4617 0.99
    endloop
  endfacet
  facet normal 0.329453 0.625961 -0.706847
    outer loop
      vertex -6.875 -21.9078 0.99
      vertex -7.35936 -22.7708 0
      vertex -7.37 -22.7652 0
    endloop
  endfacet
  facet normal -0.627502 0.326634 -0.706789
    outer loop
      vertex 13.359 -16.2294 0
      vertex 12.7708 -17.3594 0
      vertex 12.4617 -15.811 0.99
    endloop
  endfacet
  facet normal 0.378093 0.59786 -0.70683
    outer loop
      vertex -7.38012 -22.7588 0
      vertex -6.875 -21.9078 0.99
      vertex -7.37 -22.7652 0
    endloop
  endfacet
  facet normal 0.380091 0.596634 -0.706795
    outer loop
      vertex -6.875 -21.9078 0.99
      vertex -7.38012 -22.7588 0
      vertex -7.88668 -21.2633 0.99
    endloop
  endfacet
  facet normal -0.326642 0.6275 -0.706788
    outer loop
      vertex 7.35936 -22.7708 0
      vertex 6.22939 -23.359 0
      vertex 5.811 -22.4617 0.99
    endloop
  endfacet
  facet normal 0.627502 0.326634 -0.706789
    outer loop
      vertex -12.4617 -15.811 0.99
      vertex -12.7708 -17.3594 0
      vertex -13.359 -16.2294 0
    endloop
  endfacet
  facet normal 0.62543 0.330416 -0.706868
    outer loop
      vertex -12.7708 -17.3594 0
      vertex -11.9078 -16.875 0.99
      vertex -12.7652 -17.37 0
    endloop
  endfacet
  facet normal 0.627473 0.326652 -0.706807
    outer loop
      vertex -11.9078 -16.875 0.99
      vertex -12.7708 -17.3594 0
      vertex -12.4617 -15.811 0.99
    endloop
  endfacet
  facet normal 0.701401 -0.0923539 -0.706758
    outer loop
      vertex -14.5176 -7.45232 0
      vertex -13.6977 -8.80161 0.99
      vertex -14.6839 -8.71532 0
    endloop
  endfacet
  facet normal 0.560937 0.431036 -0.706794
    outer loop
      vertex -11.2988 -19.4652 0
      vertex -10.5331 -18.8383 0.99
      vertex -11.2915 -19.4747 0
    endloop
  endfacet
  facet normal 0.561236 0.430659 -0.706786
    outer loop
      vertex -10.5331 -18.8383 0.99
      vertex -11.2988 -19.4652 0
      vertex -11.2633 -17.8867 0.99
    endloop
  endfacet
  facet normal 0.153342 -0.69063 -0.706765
    outer loop
      vertex -2.38766 3.54111 0.99
      vertex -2.57128 4.51347 0
      vertex -2.55957 4.51607 0
    endloop
  endfacet
  facet normal 0.153121 -0.690675 -0.706769
    outer loop
      vertex -2.57128 4.51347 0
      vertex -2.38766 3.54111 0.99
      vertex -3.55876 3.28148 0.99
    endloop
  endfacet
  facet normal 0.153116 -0.690674 -0.706771
    outer loop
      vertex -2.57128 4.51347 0
      vertex -3.55876 3.28148 0.99
      vertex -3.81499 4.23775 0
    endloop
  endfacet
  facet normal 0.0923582 0.701397 -0.706761
    outer loop
      vertex -2.54768 -24.5176 0
      vertex -2.38766 -23.5411 0.99
      vertex -1.19839 -23.6977 0.99
    endloop
  endfacet
  facet normal 0.088556 0.701954 -0.706696
    outer loop
      vertex -2.38766 -23.5411 0.99
      vertex -2.54768 -24.5176 0
      vertex -2.55957 -24.5161 0
    endloop
  endfacet
  facet normal -0.212358 0.674826 -0.706763
    outer loop
      vertex 5.02994 -23.8547 0
      vertex 4.70278 -22.9208 0.99
      vertex 5.04138 -23.8511 0
    endloop
  endfacet
  facet normal -0.212728 0.674703 -0.706769
    outer loop
      vertex 4.70278 -22.9208 0.99
      vertex 5.02994 -23.8547 0
      vertex 3.55876 -23.2815 0.99
    endloop
  endfacet
  facet normal -0.675166 0.211356 -0.706739
    outer loop
      vertex 12.9208 -14.7028 0.99
      vertex 13.8547 -15.0299 0
      vertex 13.8511 -15.0414 0
    endloop
  endfacet
  facet normal -0.674708 0.212734 -0.706763
    outer loop
      vertex 13.8547 -15.0299 0
      vertex 12.9208 -14.7028 0.99
      vertex 13.2815 -13.5588 0.99
    endloop
  endfacet
  facet normal -0.153339 0.690616 -0.706779
    outer loop
      vertex 2.38766 -23.5411 0.99
      vertex 2.57128 -24.5135 0
      vertex 2.55957 -24.5161 0
    endloop
  endfacet
  facet normal -0.153101 0.690665 -0.706783
    outer loop
      vertex 2.57128 -24.5135 0
      vertex 2.38766 -23.5411 0.99
      vertex 3.55876 -23.2815 0.99
    endloop
  endfacet
  facet normal -0.153164 0.690687 -0.706748
    outer loop
      vertex 3.55876 -23.2815 0.99
      vertex 3.81499 -24.2377 0
      vertex 2.57128 -24.5135 0
    endloop
  endfacet
  facet normal 0.56126 0.43065 -0.706773
    outer loop
      vertex -11.2633 -17.8867 0.99
      vertex -11.2988 -19.4652 0
      vertex -12.0743 -18.4545 0
    endloop
  endfacet
  facet normal 0.561244 -0.430657 -0.706781
    outer loop
      vertex -11.2988 -0.534826 0
      vertex -11.2633 -2.11332 0.99
      vertex -12.0743 -1.54548 0
    endloop
  endfacet
  facet normal -0.329453 0.625961 -0.706847
    outer loop
      vertex 7.35936 -22.7708 0
      vertex 6.875 -21.9078 0.99
      vertex 7.37 -22.7652 0
    endloop
  endfacet
  facet normal -0.326655 0.627479 -0.706801
    outer loop
      vertex 6.875 -21.9078 0.99
      vertex 7.35936 -22.7708 0
      vertex 5.811 -22.4617 0.99
    endloop
  endfacet
  facet normal 0.596634 -0.380091 -0.706795
    outer loop
      vertex -11.9078 -3.125 0.99
      vertex -12.7588 -2.61988 0
      vertex -11.2633 -2.11332 0.99
    endloop
  endfacet
  facet normal 0.59786 -0.378093 -0.70683
    outer loop
      vertex -12.7588 -2.61988 0
      vertex -11.9078 -3.125 0.99
      vertex -12.7652 -2.63 0
    endloop
  endfacet
  facet normal 0.0308567 -0.706772 -0.706768
    outer loop
      vertex -1.19839 3.69768 0.99
      vertex -1.27269 4.68443 0
      vertex 0 3.75 0.99
    endloop
  endfacet
  facet normal 0.0306784 -0.706783 -0.706765
    outer loop
      vertex -1.27269 4.68443 0
      vertex -1.19839 3.69768 0.99
      vertex -1.28467 4.68391 0
    endloop
  endfacet
  facet normal 0.0923409 -0.701392 -0.706769
    outer loop
      vertex -1.28467 4.68391 0
      vertex -1.19839 3.69768 0.99
      vertex -2.54768 4.51763 0
    endloop
  endfacet
  facet normal 0.561257 -0.430652 -0.706774
    outer loop
      vertex -11.2988 -0.534826 0
      vertex -10.5331 -1.16167 0.99
      vertex -11.2633 -2.11332 0.99
    endloop
  endfacet
  facet normal 0.561304 -0.430593 -0.706773
    outer loop
      vertex -10.5331 -1.16167 0.99
      vertex -11.2988 -0.534826 0
      vertex -11.2915 -0.52531 0
    endloop
  endfacet
  facet normal 0.653582 -0.270758 -0.706767
    outer loop
      vertex -12.9208 -5.29722 0.99
      vertex -13.8465 -4.94754 0
      vertex -12.4617 -4.189 0.99
    endloop
  endfacet
  facet normal 0.653383 -0.27126 -0.706759
    outer loop
      vertex -13.8465 -4.94754 0
      vertex -12.9208 -5.29722 0.99
      vertex -13.8511 -4.95862 0
    endloop
  endfacet
  facet normal 0.0923399 -0.701393 -0.706768
    outer loop
      vertex -2.38766 3.54111 0.99
      vertex -2.54768 4.51763 0
      vertex -1.19839 3.69768 0.99
    endloop
  endfacet
  facet normal 0.0920306 -0.701439 -0.706763
    outer loop
      vertex -2.54768 4.51763 0
      vertex -2.38766 3.54111 0.99
      vertex -2.55957 4.51607 0
    endloop
  endfacet
  facet normal -0.378093 0.59786 -0.70683
    outer loop
      vertex 6.875 -21.9078 0.99
      vertex 7.38012 -22.7588 0
      vertex 7.37 -22.7652 0
    endloop
  endfacet
  facet normal -0.380091 0.596634 -0.706795
    outer loop
      vertex 7.38012 -22.7588 0
      vertex 6.875 -21.9078 0.99
      vertex 7.88668 -21.2633 0.99
    endloop
  endfacet
  facet normal 0.212731 -0.6747 -0.706771
    outer loop
      vertex -3.81499 4.23775 0
      vertex -3.55876 3.28148 0.99
      vertex -5.02994 3.85468 0
    endloop
  endfacet
  facet normal 0.212733 -0.674698 -0.706773
    outer loop
      vertex -4.70278 2.92077 0.99
      vertex -5.02994 3.85468 0
      vertex -3.55876 3.28148 0.99
    endloop
  endfacet
  facet normal 0.212891 -0.674645 -0.706775
    outer loop
      vertex -5.02994 3.85468 0
      vertex -4.70278 2.92077 0.99
      vertex -5.04138 3.85107 0
    endloop
  endfacet
  facet normal 0.59664 0.380119 -0.706774
    outer loop
      vertex -11.2633 -17.8867 0.99
      vertex -12.0743 -18.4545 0
      vertex -12.7588 -17.3801 0
    endloop
  endfacet
  facet normal -0.430481 0.561394 -0.70677
    outer loop
      vertex 9.46517 -21.2988 0
      vertex 8.83833 -20.5331 0.99
      vertex 9.47469 -21.2915 0
    endloop
  endfacet
  facet normal -0.430652 0.561258 -0.706773
    outer loop
      vertex 8.83833 -20.5331 0.99
      vertex 9.46517 -21.2988 0
      vertex 7.88668 -21.2633 0.99
    endloop
  endfacet
  facet normal 0.430665 -0.561253 -0.70677
    outer loop
      vertex -8.45452 2.0743 0
      vertex -7.88668 1.26334 0.99
      vertex -9.46517 1.2988 0
    endloop
  endfacet
  facet normal 0.38011 -0.596651 -0.70677
    outer loop
      vertex -7.38012 2.75877 0
      vertex -7.88668 1.26334 0.99
      vertex -8.45452 2.0743 0
    endloop
  endfacet
  facet normal 0.627479 -0.326655 -0.706801
    outer loop
      vertex -12.7708 -2.64064 0
      vertex -11.9078 -3.125 0.99
      vertex -12.4617 -4.189 0.99
    endloop
  endfacet
  facet normal 0.625961 -0.329453 -0.706847
    outer loop
      vertex -11.9078 -3.125 0.99
      vertex -12.7708 -2.64064 0
      vertex -12.7652 -2.63 0
    endloop
  endfacet
  facet normal 0.212728 0.674703 -0.706769
    outer loop
      vertex -5.02994 -23.8547 0
      vertex -4.70278 -22.9208 0.99
      vertex -3.55876 -23.2815 0.99
    endloop
  endfacet
  facet normal 0.212358 0.674826 -0.706763
    outer loop
      vertex -4.70278 -22.9208 0.99
      vertex -5.02994 -23.8547 0
      vertex -5.04138 -23.8511 0
    endloop
  endfacet
  facet normal 0.59664 0.380088 -0.706791
    outer loop
      vertex -12.7588 -17.3801 0
      vertex -11.9078 -16.875 0.99
      vertex -11.2633 -17.8867 0.99
    endloop
  endfacet
  facet normal 0.597533 0.378635 -0.706817
    outer loop
      vertex -11.9078 -16.875 0.99
      vertex -12.7588 -17.3801 0
      vertex -12.7652 -17.37 0
    endloop
  endfacet
  facet normal 0.6275 -0.326642 -0.706788
    outer loop
      vertex -12.7708 -2.64064 0
      vertex -12.4617 -4.189 0.99
      vertex -13.359 -3.77061 0
    endloop
  endfacet
  facet normal 0.0308766 0.70677 -0.70677
    outer loop
      vertex 0 -23.75 0.99
      vertex 0 -24.74 0
      vertex -1.27269 -24.6844 0
    endloop
  endfacet
  facet normal 0.674734 0.212711 -0.706745
    outer loop
      vertex -13.2815 -13.5588 0.99
      vertex -13.8547 -15.0299 0
      vertex -14.2377 -13.815 0
    endloop
  endfacet
  facet normal 0.27072 0.653576 -0.706788
    outer loop
      vertex -5.811 -22.4617 0.99
      vertex -5.05246 -23.8465 0
      vertex -6.22939 -23.359 0
    endloop
  endfacet
  facet normal 0.690666 0.153101 -0.706781
    outer loop
      vertex -14.5135 -12.5713 0
      vertex -13.5411 -12.3877 0.99
      vertex -13.2815 -13.5588 0.99
    endloop
  endfacet
  facet normal 0.690592 0.153465 -0.706775
    outer loop
      vertex -13.5411 -12.3877 0.99
      vertex -14.5135 -12.5713 0
      vertex -14.5161 -12.5596 0
    endloop
  endfacet
  facet normal 0.521585 0.477931 -0.706775
    outer loop
      vertex -11.2834 -19.4835 0
      vertex -10.5331 -18.8383 0.99
      vertex -9.72272 -19.7227 0.99
    endloop
  endfacet
  facet normal 0.520527 0.479122 -0.706749
    outer loop
      vertex -10.5331 -18.8383 0.99
      vertex -11.2834 -19.4835 0
      vertex -11.2915 -19.4747 0
    endloop
  endfacet
  facet normal -0.430658 0.561244 -0.706781
    outer loop
      vertex 9.46517 -21.2988 0
      vertex 8.45452 -22.0743 0
      vertex 7.88668 -21.2633 0.99
    endloop
  endfacet
  facet normal 0.27126 0.653383 -0.706759
    outer loop
      vertex -5.05246 -23.8465 0
      vertex -4.70278 -22.9208 0.99
      vertex -5.04138 -23.8511 0
    endloop
  endfacet
  facet normal 0.270758 0.653582 -0.706767
    outer loop
      vertex -4.70278 -22.9208 0.99
      vertex -5.05246 -23.8465 0
      vertex -5.811 -22.4617 0.99
    endloop
  endfacet
  facet normal 0.706873 0.029453 -0.706727
    outer loop
      vertex -14.6844 -11.2727 0
      vertex -13.6977 -11.1984 0.99
      vertex -14.6839 -11.2847 0
    endloop
  endfacet
  facet normal 0.706791 0.0308454 -0.70675
    outer loop
      vertex -13.6977 -11.1984 0.99
      vertex -14.6844 -11.2727 0
      vertex -13.75 -10 0.99
    endloop
  endfacet
  facet normal 0.653572 0.270725 -0.70679
    outer loop
      vertex -12.4617 -15.811 0.99
      vertex -13.359 -16.2294 0
      vertex -13.8465 -15.0525 0
    endloop
  endfacet
  facet normal 0.0308457 0.706791 -0.70675
    outer loop
      vertex -1.27269 -24.6844 0
      vertex -1.19839 -23.6977 0.99
      vertex 0 -23.75 0.99
    endloop
  endfacet
  facet normal 0.0295021 0.70687 -0.706728
    outer loop
      vertex -1.19839 -23.6977 0.99
      vertex -1.27269 -24.6844 0
      vertex -1.28467 -24.6839 0
    endloop
  endfacet
  facet normal 0.690689 0.153166 -0.706745
    outer loop
      vertex -13.2815 -13.5588 0.99
      vertex -14.2377 -13.815 0
      vertex -14.5135 -12.5713 0
    endloop
  endfacet
  facet normal 0.653578 0.270761 -0.70677
    outer loop
      vertex -13.8465 -15.0525 0
      vertex -12.9208 -14.7028 0.99
      vertex -12.4617 -15.811 0.99
    endloop
  endfacet
  facet normal 0.653547 0.270839 -0.706769
    outer loop
      vertex -12.9208 -14.7028 0.99
      vertex -13.8465 -15.0525 0
      vertex -13.8511 -15.0414 0
    endloop
  endfacet
  facet normal 0.793357 -0.608757 0
    outer loop
      vertex -5.81598 23.8724 3.3
      vertex -5.43892 24.3638 0.799999
      vertex -5.43892 24.3638 3.3
    endloop
  endfacet
  facet normal 0.793357 -0.608757 0
    outer loop
      vertex -5.43892 24.3638 0.799999
      vertex -5.81598 23.8724 3.3
      vertex -5.81598 23.8724 0.799999
    endloop
  endfacet
  facet normal -0.953716 0.30071 0
    outer loop
      vertex 6.67182 17.3717 0.799999
      vertex 6.85807 17.9624 3.3
      vertex 6.85807 17.9624 0.799999
    endloop
  endfacet
  facet normal -0.953716 0.30071 0
    outer loop
      vertex 6.85807 17.9624 3.3
      vertex 6.67182 17.3717 0.799999
      vertex 6.67182 17.3717 3.3
    endloop
  endfacet
  facet normal 0.991444 0.13053 0
    outer loop
      vertex -6.99213 18.5671 3.3
      vertex -7.07298 19.1812 0.799999
      vertex -7.07298 19.1812 3.3
    endloop
  endfacet
  facet normal 0.991444 0.13053 0
    outer loop
      vertex -7.07298 19.1812 0.799999
      vertex -6.99213 18.5671 3.3
      vertex -6.99213 18.5671 0.799999
    endloop
  endfacet
  facet normal 0.923888 -0.382664 0
    outer loop
      vertex -6.67182 22.2283 3.3
      vertex -6.43478 22.8006 0.799999
      vertex -6.43478 22.8006 3.3
    endloop
  endfacet
  facet normal 0.923888 -0.382664 0
    outer loop
      vertex -6.43478 22.8006 0.799999
      vertex -6.67182 22.2283 3.3
      vertex -6.67182 22.2283 0.799999
    endloop
  endfacet
  facet normal 0.953716 0.30071 0
    outer loop
      vertex -6.67182 17.3717 3.3
      vertex -6.85807 17.9624 0.799999
      vertex -6.85807 17.9624 3.3
    endloop
  endfacet
  facet normal 0.953716 0.30071 0
    outer loop
      vertex -6.85807 17.9624 0.799999
      vertex -6.67182 17.3717 3.3
      vertex -6.67182 17.3717 0.799999
    endloop
  endfacet
  facet normal -0.7373 0.675565 0
    outer loop
      vertex 5.02046 14.7795 0.799999
      vertex 5.43892 15.2362 3.3
      vertex 5.43892 15.2362 0.799999
    endloop
  endfacet
  facet normal -0.7373 0.675565 0
    outer loop
      vertex 5.43892 15.2362 3.3
      vertex 5.02046 14.7795 0.799999
      vertex 5.02046 14.7795 3.3
    endloop
  endfacet
  facet normal -0.843395 -0.537293 0
    outer loop
      vertex 6.14878 23.35 0.799999
      vertex 5.81598 23.8724 3.3
      vertex 5.81598 23.8724 0.799999
    endloop
  endfacet
  facet normal -0.843395 -0.537293 0
    outer loop
      vertex 5.81598 23.8724 3.3
      vertex 6.14878 23.35 0.799999
      vertex 6.14878 23.35 3.3
    endloop
  endfacet
  facet normal -0.887011 0.461749 0
    outer loop
      vertex 6.14878 16.25 0.799999
      vertex 6.43478 16.7994 3.3
      vertex 6.43478 16.7994 0.799999
    endloop
  endfacet
  facet normal -0.887011 0.461749 0
    outer loop
      vertex 6.43478 16.7994 3.3
      vertex 6.14878 16.25 0.799999
      vertex 6.14878 16.25 3.3
    endloop
  endfacet
  facet normal 0.887011 -0.461749 0
    outer loop
      vertex -6.43478 22.8006 3.3
      vertex -6.14878 23.35 0.799999
      vertex -6.14878 23.35 3.3
    endloop
  endfacet
  facet normal 0.887011 -0.461749 0
    outer loop
      vertex -6.14878 23.35 0.799999
      vertex -6.43478 22.8006 3.3
      vertex -6.43478 22.8006 0.799999
    endloop
  endfacet
  facet normal 0.999048 -0.0436236 0
    outer loop
      vertex -7.1 19.8 3.3
      vertex -7.07298 20.4188 0.799999
      vertex -7.07298 20.4188 3.3
    endloop
  endfacet
  facet normal 0.999048 -0.0436236 0
    outer loop
      vertex -7.07298 20.4188 0.799999
      vertex -7.1 19.8 3.3
      vertex -7.1 19.8 0.799999
    endloop
  endfacet
  facet normal 0.923888 0.382664 0
    outer loop
      vertex -6.43478 16.7994 3.3
      vertex -6.67182 17.3717 0.799999
      vertex -6.67182 17.3717 3.3
    endloop
  endfacet
  facet normal 0.923888 0.382664 0
    outer loop
      vertex -6.67182 17.3717 0.799999
      vertex -6.43478 16.7994 3.3
      vertex -6.43478 16.7994 0.799999
    endloop
  endfacet
  facet normal -0.923888 -0.382664 0
    outer loop
      vertex 6.67182 22.2283 0.799999
      vertex 6.43478 22.8006 3.3
      vertex 6.43478 22.8006 0.799999
    endloop
  endfacet
  facet normal -0.923888 -0.382664 0
    outer loop
      vertex 6.43478 22.8006 3.3
      vertex 6.67182 22.2283 0.799999
      vertex 6.67182 22.2283 3.3
    endloop
  endfacet
  facet normal -0.843395 0.537293 0
    outer loop
      vertex 5.81598 15.7276 0.799999
      vertex 6.14878 16.25 3.3
      vertex 6.14878 16.25 0.799999
    endloop
  endfacet
  facet normal -0.843395 0.537293 0
    outer loop
      vertex 6.14878 16.25 3.3
      vertex 5.81598 15.7276 0.799999
      vertex 5.81598 15.7276 3.3
    endloop
  endfacet
  facet normal -0.537301 0.843391 0
    outer loop
      vertex 4.07239 13.984 0.799999
      vertex 3.55 13.6512 3.3
      vertex 4.07239 13.984 3.3
    endloop
  endfacet
  facet normal -0.537301 0.843391 0
    outer loop
      vertex 3.55 13.6512 3.3
      vertex 4.07239 13.984 0.799999
      vertex 3.55 13.6512 0.799999
    endloop
  endfacet
  facet normal -0.976296 0.216442 0
    outer loop
      vertex 6.85807 17.9624 0.799999
      vertex 6.99213 18.5671 3.3
      vertex 6.99213 18.5671 0.799999
    endloop
  endfacet
  facet normal -0.976296 0.216442 0
    outer loop
      vertex 6.99213 18.5671 3.3
      vertex 6.85807 17.9624 0.799999
      vertex 6.85807 17.9624 3.3
    endloop
  endfacet
  facet normal -0.608798 0.793326 0
    outer loop
      vertex 4.56379 14.3611 0.799999
      vertex 4.07239 13.984 3.3
      vertex 4.56379 14.3611 3.3
    endloop
  endfacet
  facet normal -0.608798 0.793326 0
    outer loop
      vertex 4.07239 13.984 3.3
      vertex 4.56379 14.3611 0.799999
      vertex 4.07239 13.984 0.799999
    endloop
  endfacet
  facet normal 0.537301 0.843391 -0
    outer loop
      vertex -3.55 13.6512 0.799999
      vertex -4.07239 13.984 3.3
      vertex -3.55 13.6512 3.3
    endloop
  endfacet
  facet normal 0.537301 0.843391 0
    outer loop
      vertex -4.07239 13.984 3.3
      vertex -3.55 13.6512 0.799999
      vertex -4.07239 13.984 0.799999
    endloop
  endfacet
  facet normal -0.793357 0.608757 0
    outer loop
      vertex 5.43892 15.2362 0.799999
      vertex 5.81598 15.7276 3.3
      vertex 5.81598 15.7276 0.799999
    endloop
  endfacet
  facet normal -0.793357 0.608757 0
    outer loop
      vertex 5.81598 15.7276 3.3
      vertex 5.43892 15.2362 0.799999
      vertex 5.43892 15.2362 3.3
    endloop
  endfacet
  facet normal -0.887011 -0.461749 0
    outer loop
      vertex 6.43478 22.8006 0.799999
      vertex 6.14878 23.35 3.3
      vertex 6.14878 23.35 0.799999
    endloop
  endfacet
  facet normal -0.887011 -0.461749 0
    outer loop
      vertex 6.14878 23.35 3.3
      vertex 6.43478 22.8006 0.799999
      vertex 6.43478 22.8006 3.3
    endloop
  endfacet
  facet normal -0.991444 -0.13053 0
    outer loop
      vertex 7.07298 20.4188 0.799999
      vertex 6.99213 21.0329 3.3
      vertex 6.99213 21.0329 0.799999
    endloop
  endfacet
  facet normal -0.991444 -0.13053 0
    outer loop
      vertex 6.99213 21.0329 3.3
      vertex 7.07298 20.4188 0.799999
      vertex 7.07298 20.4188 3.3
    endloop
  endfacet
  facet normal 0.675537 0.737326 -0
    outer loop
      vertex -4.56379 14.3611 0.799999
      vertex -5.02046 14.7795 3.3
      vertex -4.56379 14.3611 3.3
    endloop
  endfacet
  facet normal 0.675537 0.737326 0
    outer loop
      vertex -5.02046 14.7795 3.3
      vertex -4.56379 14.3611 0.799999
      vertex -5.02046 14.7795 0.799999
    endloop
  endfacet
  facet normal 0.043591 -0.999049 0
    outer loop
      vertex -0.618805 26.873 0.799999
      vertex 0 26.9 3.3
      vertex -0.618805 26.873 3.3
    endloop
  endfacet
  facet normal 0.043591 -0.999049 0
    outer loop
      vertex 0 26.9 3.3
      vertex -0.618805 26.873 0.799999
      vertex 0 26.9 0.799999
    endloop
  endfacet
  facet normal 0.537301 -0.843391 0
    outer loop
      vertex -4.07239 25.616 0.799999
      vertex -3.55 25.9488 3.3
      vertex -4.07239 25.616 3.3
    endloop
  endfacet
  facet normal 0.537301 -0.843391 0
    outer loop
      vertex -3.55 25.9488 3.3
      vertex -4.07239 25.616 0.799999
      vertex -3.55 25.9488 0.799999
    endloop
  endfacet
  facet normal -0.999048 -0.0436236 0
    outer loop
      vertex 7.1 19.8 0.799999
      vertex 7.07298 20.4188 3.3
      vertex 7.07298 20.4188 0.799999
    endloop
  endfacet
  facet normal -0.999048 -0.0436236 0
    outer loop
      vertex 7.07298 20.4188 3.3
      vertex 7.1 19.8 0.799999
      vertex 7.1 19.8 3.3
    endloop
  endfacet
  facet normal 0.382637 -0.923899 0
    outer loop
      vertex -3.00059 26.2348 0.799999
      vertex -2.42834 26.4718 3.3
      vertex -3.00059 26.2348 3.3
    endloop
  endfacet
  facet normal 0.382637 -0.923899 0
    outer loop
      vertex -2.42834 26.4718 3.3
      vertex -3.00059 26.2348 0.799999
      vertex -2.42834 26.4718 0.799999
    endloop
  endfacet
  facet normal -0.976296 -0.216442 0
    outer loop
      vertex 6.99213 21.0329 0.799999
      vertex 6.85807 21.6376 3.3
      vertex 6.85807 21.6376 0.799999
    endloop
  endfacet
  facet normal -0.976296 -0.216442 0
    outer loop
      vertex 6.85807 21.6376 3.3
      vertex 6.99213 21.0329 0.799999
      vertex 6.99213 21.0329 3.3
    endloop
  endfacet
  facet normal -0.300774 -0.953695 0
    outer loop
      vertex 1.83762 26.6581 0.799999
      vertex 2.42834 26.4718 3.3
      vertex 1.83762 26.6581 3.3
    endloop
  endfacet
  facet normal -0.300774 -0.953695 -0
    outer loop
      vertex 2.42834 26.4718 3.3
      vertex 1.83762 26.6581 0.799999
      vertex 2.42834 26.4718 0.799999
    endloop
  endfacet
  facet normal -0.999048 0.0436236 0
    outer loop
      vertex 7.07298 19.1812 0.799999
      vertex 7.1 19.8 3.3
      vertex 7.1 19.8 0.799999
    endloop
  endfacet
  facet normal -0.999048 0.0436236 0
    outer loop
      vertex 7.1 19.8 3.3
      vertex 7.07298 19.1812 0.799999
      vertex 7.07298 19.1812 3.3
    endloop
  endfacet
  facet normal -0.13061 0.991434 0
    outer loop
      vertex 1.2329 12.8079 0.799999
      vertex 0.618805 12.727 3.3
      vertex 1.2329 12.8079 3.3
    endloop
  endfacet
  facet normal -0.13061 0.991434 0
    outer loop
      vertex 0.618805 12.727 3.3
      vertex 1.2329 12.8079 0.799999
      vertex 0.618805 12.727 0.799999
    endloop
  endfacet
  facet normal -0.382637 0.923899 0
    outer loop
      vertex 3.00059 13.3652 0.799999
      vertex 2.42834 13.1282 3.3
      vertex 3.00059 13.3652 3.3
    endloop
  endfacet
  facet normal -0.382637 0.923899 0
    outer loop
      vertex 2.42834 13.1282 3.3
      vertex 3.00059 13.3652 0.799999
      vertex 2.42834 13.1282 0.799999
    endloop
  endfacet
  facet normal -0.043591 0.999049 0
    outer loop
      vertex 0.618805 12.727 0.799999
      vertex 0 12.7 3.3
      vertex 0.618805 12.727 3.3
    endloop
  endfacet
  facet normal -0.043591 0.999049 0
    outer loop
      vertex 0 12.7 3.3
      vertex 0.618805 12.727 0.799999
      vertex 0 12.7 0.799999
    endloop
  endfacet
  facet normal 0.999048 0.0436236 0
    outer loop
      vertex -7.07298 19.1812 3.3
      vertex -7.1 19.8 0.799999
      vertex -7.1 19.8 3.3
    endloop
  endfacet
  facet normal 0.999048 0.0436236 0
    outer loop
      vertex -7.1 19.8 0.799999
      vertex -7.07298 19.1812 3.3
      vertex -7.07298 19.1812 0.799999
    endloop
  endfacet
  facet normal 0.608798 0.793326 -0
    outer loop
      vertex -4.07239 13.984 0.799999
      vertex -4.56379 14.3611 3.3
      vertex -4.07239 13.984 3.3
    endloop
  endfacet
  facet normal 0.608798 0.793326 0
    outer loop
      vertex -4.56379 14.3611 3.3
      vertex -4.07239 13.984 0.799999
      vertex -4.56379 14.3611 0.799999
    endloop
  endfacet
  facet normal -0.675537 -0.737326 0
    outer loop
      vertex 4.56379 25.2389 0.799999
      vertex 5.02046 24.8205 3.3
      vertex 4.56379 25.2389 3.3
    endloop
  endfacet
  facet normal -0.675537 -0.737326 -0
    outer loop
      vertex 5.02046 24.8205 3.3
      vertex 4.56379 25.2389 0.799999
      vertex 5.02046 24.8205 0.799999
    endloop
  endfacet
  facet normal -0.923888 0.382664 0
    outer loop
      vertex 6.43478 16.7994 0.799999
      vertex 6.67182 17.3717 3.3
      vertex 6.67182 17.3717 0.799999
    endloop
  endfacet
  facet normal -0.923888 0.382664 0
    outer loop
      vertex 6.67182 17.3717 3.3
      vertex 6.43478 16.7994 0.799999
      vertex 6.43478 16.7994 3.3
    endloop
  endfacet
  facet normal -0.953716 -0.30071 0
    outer loop
      vertex 6.85807 21.6376 0.799999
      vertex 6.67182 22.2283 3.3
      vertex 6.67182 22.2283 0.799999
    endloop
  endfacet
  facet normal -0.953716 -0.30071 0
    outer loop
      vertex 6.67182 22.2283 3.3
      vertex 6.85807 21.6376 0.799999
      vertex 6.85807 21.6376 3.3
    endloop
  endfacet
  facet normal -0.043591 -0.999049 0
    outer loop
      vertex 0 26.9 0.799999
      vertex 0.618805 26.873 3.3
      vertex 0 26.9 3.3
    endloop
  endfacet
  facet normal -0.043591 -0.999049 -0
    outer loop
      vertex 0.618805 26.873 3.3
      vertex 0 26.9 0.799999
      vertex 0.618805 26.873 0.799999
    endloop
  endfacet
  facet normal 0.991444 -0.13053 0
    outer loop
      vertex -7.07298 20.4188 3.3
      vertex -6.99213 21.0329 0.799999
      vertex -6.99213 21.0329 3.3
    endloop
  endfacet
  facet normal 0.991444 -0.13053 0
    outer loop
      vertex -6.99213 21.0329 0.799999
      vertex -7.07298 20.4188 3.3
      vertex -7.07298 20.4188 0.799999
    endloop
  endfacet
  facet normal -0.382637 -0.923899 0
    outer loop
      vertex 2.42834 26.4718 0.799999
      vertex 3.00059 26.2348 3.3
      vertex 2.42834 26.4718 3.3
    endloop
  endfacet
  facet normal -0.382637 -0.923899 -0
    outer loop
      vertex 3.00059 26.2348 3.3
      vertex 2.42834 26.4718 0.799999
      vertex 3.00059 26.2348 0.799999
    endloop
  endfacet
  facet normal 0.461743 0.887014 -0
    outer loop
      vertex -3.00059 13.3652 0.799999
      vertex -3.55 13.6512 3.3
      vertex -3.00059 13.3652 3.3
    endloop
  endfacet
  facet normal 0.461743 0.887014 0
    outer loop
      vertex -3.55 13.6512 3.3
      vertex -3.00059 13.3652 0.799999
      vertex -3.55 13.6512 0.799999
    endloop
  endfacet
  facet normal -0.300774 0.953695 0
    outer loop
      vertex 2.42834 13.1282 0.799999
      vertex 1.83762 12.9419 3.3
      vertex 2.42834 13.1282 3.3
    endloop
  endfacet
  facet normal -0.300774 0.953695 0
    outer loop
      vertex 1.83762 12.9419 3.3
      vertex 2.42834 13.1282 0.799999
      vertex 1.83762 12.9419 0.799999
    endloop
  endfacet
  facet normal 0.300774 0.953695 -0
    outer loop
      vertex -1.83762 12.9419 0.799999
      vertex -2.42834 13.1282 3.3
      vertex -1.83762 12.9419 3.3
    endloop
  endfacet
  facet normal 0.300774 0.953695 0
    outer loop
      vertex -2.42834 13.1282 3.3
      vertex -1.83762 12.9419 0.799999
      vertex -2.42834 13.1282 0.799999
    endloop
  endfacet
  facet normal -0.216342 -0.976318 0
    outer loop
      vertex 1.2329 26.7921 0.799999
      vertex 1.83762 26.6581 3.3
      vertex 1.2329 26.7921 3.3
    endloop
  endfacet
  facet normal -0.216342 -0.976318 -0
    outer loop
      vertex 1.83762 26.6581 3.3
      vertex 1.2329 26.7921 0.799999
      vertex 1.83762 26.6581 0.799999
    endloop
  endfacet
  facet normal 0.13061 0.991434 -0
    outer loop
      vertex -0.618805 12.727 0.799999
      vertex -1.2329 12.8079 3.3
      vertex -0.618805 12.727 3.3
    endloop
  endfacet
  facet normal 0.13061 0.991434 0
    outer loop
      vertex -1.2329 12.8079 3.3
      vertex -0.618805 12.727 0.799999
      vertex -1.2329 12.8079 0.799999
    endloop
  endfacet
  facet normal 0.7373 -0.675565 0
    outer loop
      vertex -5.43892 24.3638 3.3
      vertex -5.02046 24.8205 0.799999
      vertex -5.02046 24.8205 3.3
    endloop
  endfacet
  facet normal 0.7373 -0.675565 0
    outer loop
      vertex -5.02046 24.8205 0.799999
      vertex -5.43892 24.3638 3.3
      vertex -5.43892 24.3638 0.799999
    endloop
  endfacet
  facet normal -0.461743 0.887014 0
    outer loop
      vertex 3.55 13.6512 0.799999
      vertex 3.00059 13.3652 3.3
      vertex 3.55 13.6512 3.3
    endloop
  endfacet
  facet normal -0.461743 0.887014 0
    outer loop
      vertex 3.00059 13.3652 3.3
      vertex 3.55 13.6512 0.799999
      vertex 3.00059 13.3652 0.799999
    endloop
  endfacet
  facet normal -0.7373 -0.675565 0
    outer loop
      vertex 5.43892 24.3638 0.799999
      vertex 5.02046 24.8205 3.3
      vertex 5.02046 24.8205 0.799999
    endloop
  endfacet
  facet normal -0.7373 -0.675565 0
    outer loop
      vertex 5.02046 24.8205 3.3
      vertex 5.43892 24.3638 0.799999
      vertex 5.43892 24.3638 3.3
    endloop
  endfacet
  facet normal 0.976296 0.216442 0
    outer loop
      vertex -6.85807 17.9624 3.3
      vertex -6.99213 18.5671 0.799999
      vertex -6.99213 18.5671 3.3
    endloop
  endfacet
  facet normal 0.976296 0.216442 0
    outer loop
      vertex -6.99213 18.5671 0.799999
      vertex -6.85807 17.9624 3.3
      vertex -6.85807 17.9624 0.799999
    endloop
  endfacet
  facet normal 0.13061 -0.991434 0
    outer loop
      vertex -1.2329 26.7921 0.799999
      vertex -0.618805 26.873 3.3
      vertex -1.2329 26.7921 3.3
    endloop
  endfacet
  facet normal 0.13061 -0.991434 0
    outer loop
      vertex -0.618805 26.873 3.3
      vertex -1.2329 26.7921 0.799999
      vertex -0.618805 26.873 0.799999
    endloop
  endfacet
  facet normal -0.461743 -0.887014 0
    outer loop
      vertex 3.00059 26.2348 0.799999
      vertex 3.55 25.9488 3.3
      vertex 3.00059 26.2348 3.3
    endloop
  endfacet
  facet normal -0.461743 -0.887014 -0
    outer loop
      vertex 3.55 25.9488 3.3
      vertex 3.00059 26.2348 0.799999
      vertex 3.55 25.9488 0.799999
    endloop
  endfacet
  facet normal -0.793357 -0.608757 0
    outer loop
      vertex 5.81598 23.8724 0.799999
      vertex 5.43892 24.3638 3.3
      vertex 5.43892 24.3638 0.799999
    endloop
  endfacet
  facet normal -0.793357 -0.608757 0
    outer loop
      vertex 5.43892 24.3638 3.3
      vertex 5.81598 23.8724 0.799999
      vertex 5.81598 23.8724 3.3
    endloop
  endfacet
  facet normal -0.608798 -0.793326 0
    outer loop
      vertex 4.07239 25.616 0.799999
      vertex 4.56379 25.2389 3.3
      vertex 4.07239 25.616 3.3
    endloop
  endfacet
  facet normal -0.608798 -0.793326 -0
    outer loop
      vertex 4.56379 25.2389 3.3
      vertex 4.07239 25.616 0.799999
      vertex 4.56379 25.2389 0.799999
    endloop
  endfacet
  facet normal 0.461743 -0.887014 0
    outer loop
      vertex -3.55 25.9488 0.799999
      vertex -3.00059 26.2348 3.3
      vertex -3.55 25.9488 3.3
    endloop
  endfacet
  facet normal 0.461743 -0.887014 0
    outer loop
      vertex -3.00059 26.2348 3.3
      vertex -3.55 25.9488 0.799999
      vertex -3.00059 26.2348 0.799999
    endloop
  endfacet
  facet normal 0.608798 -0.793326 0
    outer loop
      vertex -4.56379 25.2389 0.799999
      vertex -4.07239 25.616 3.3
      vertex -4.56379 25.2389 3.3
    endloop
  endfacet
  facet normal 0.608798 -0.793326 0
    outer loop
      vertex -4.07239 25.616 3.3
      vertex -4.56379 25.2389 0.799999
      vertex -4.07239 25.616 0.799999
    endloop
  endfacet
  facet normal -0.537301 -0.843391 0
    outer loop
      vertex 3.55 25.9488 0.799999
      vertex 4.07239 25.616 3.3
      vertex 3.55 25.9488 3.3
    endloop
  endfacet
  facet normal -0.537301 -0.843391 -0
    outer loop
      vertex 4.07239 25.616 3.3
      vertex 3.55 25.9488 0.799999
      vertex 4.07239 25.616 0.799999
    endloop
  endfacet
  facet normal 0.216342 0.976318 -0
    outer loop
      vertex -1.2329 12.8079 0.799999
      vertex -1.83762 12.9419 3.3
      vertex -1.2329 12.8079 3.3
    endloop
  endfacet
  facet normal 0.216342 0.976318 0
    outer loop
      vertex -1.83762 12.9419 3.3
      vertex -1.2329 12.8079 0.799999
      vertex -1.83762 12.9419 0.799999
    endloop
  endfacet
  facet normal 0.300774 -0.953695 0
    outer loop
      vertex -2.42834 26.4718 0.799999
      vertex -1.83762 26.6581 3.3
      vertex -2.42834 26.4718 3.3
    endloop
  endfacet
  facet normal 0.300774 -0.953695 0
    outer loop
      vertex -1.83762 26.6581 3.3
      vertex -2.42834 26.4718 0.799999
      vertex -1.83762 26.6581 0.799999
    endloop
  endfacet
  facet normal -0.991444 0.13053 0
    outer loop
      vertex 6.99213 18.5671 0.799999
      vertex 7.07298 19.1812 3.3
      vertex 7.07298 19.1812 0.799999
    endloop
  endfacet
  facet normal -0.991444 0.13053 0
    outer loop
      vertex 7.07298 19.1812 3.3
      vertex 6.99213 18.5671 0.799999
      vertex 6.99213 18.5671 3.3
    endloop
  endfacet
  facet normal 0.382637 0.923899 -0
    outer loop
      vertex -2.42834 13.1282 0.799999
      vertex -3.00059 13.3652 3.3
      vertex -2.42834 13.1282 3.3
    endloop
  endfacet
  facet normal 0.382637 0.923899 0
    outer loop
      vertex -3.00059 13.3652 3.3
      vertex -2.42834 13.1282 0.799999
      vertex -3.00059 13.3652 0.799999
    endloop
  endfacet
  facet normal 0.216342 -0.976318 0
    outer loop
      vertex -1.83762 26.6581 0.799999
      vertex -1.2329 26.7921 3.3
      vertex -1.83762 26.6581 3.3
    endloop
  endfacet
  facet normal 0.216342 -0.976318 0
    outer loop
      vertex -1.2329 26.7921 3.3
      vertex -1.83762 26.6581 0.799999
      vertex -1.2329 26.7921 0.799999
    endloop
  endfacet
  facet normal 0.7373 0.675565 0
    outer loop
      vertex -5.02046 14.7795 3.3
      vertex -5.43892 15.2362 0.799999
      vertex -5.43892 15.2362 3.3
    endloop
  endfacet
  facet normal 0.7373 0.675565 0
    outer loop
      vertex -5.43892 15.2362 0.799999
      vertex -5.02046 14.7795 3.3
      vertex -5.02046 14.7795 0.799999
    endloop
  endfacet
  facet normal -0.675537 0.737326 0
    outer loop
      vertex 5.02046 14.7795 0.799999
      vertex 4.56379 14.3611 3.3
      vertex 5.02046 14.7795 3.3
    endloop
  endfacet
  facet normal -0.675537 0.737326 0
    outer loop
      vertex 4.56379 14.3611 3.3
      vertex 5.02046 14.7795 0.799999
      vertex 4.56379 14.3611 0.799999
    endloop
  endfacet
  facet normal 0.675537 -0.737326 0
    outer loop
      vertex -5.02046 24.8205 0.799999
      vertex -4.56379 25.2389 3.3
      vertex -5.02046 24.8205 3.3
    endloop
  endfacet
  facet normal 0.675537 -0.737326 0
    outer loop
      vertex -4.56379 25.2389 3.3
      vertex -5.02046 24.8205 0.799999
      vertex -4.56379 25.2389 0.799999
    endloop
  endfacet
  facet normal -0.216342 0.976318 0
    outer loop
      vertex 1.83762 12.9419 0.799999
      vertex 1.2329 12.8079 3.3
      vertex 1.83762 12.9419 3.3
    endloop
  endfacet
  facet normal -0.216342 0.976318 0
    outer loop
      vertex 1.2329 12.8079 3.3
      vertex 1.83762 12.9419 0.799999
      vertex 1.2329 12.8079 0.799999
    endloop
  endfacet
  facet normal 0.843395 -0.537293 0
    outer loop
      vertex -6.14878 23.35 3.3
      vertex -5.81598 23.8724 0.799999
      vertex -5.81598 23.8724 3.3
    endloop
  endfacet
  facet normal 0.843395 -0.537293 0
    outer loop
      vertex -5.81598 23.8724 0.799999
      vertex -6.14878 23.35 3.3
      vertex -6.14878 23.35 0.799999
    endloop
  endfacet
  facet normal 0.793357 0.608757 0
    outer loop
      vertex -5.43892 15.2362 3.3
      vertex -5.81598 15.7276 0.799999
      vertex -5.81598 15.7276 3.3
    endloop
  endfacet
  facet normal 0.793357 0.608757 0
    outer loop
      vertex -5.81598 15.7276 0.799999
      vertex -5.43892 15.2362 3.3
      vertex -5.43892 15.2362 0.799999
    endloop
  endfacet
  facet normal 0.843395 0.537293 0
    outer loop
      vertex -5.81598 15.7276 3.3
      vertex -6.14878 16.25 0.799999
      vertex -6.14878 16.25 3.3
    endloop
  endfacet
  facet normal 0.843395 0.537293 0
    outer loop
      vertex -6.14878 16.25 0.799999
      vertex -5.81598 15.7276 3.3
      vertex -5.81598 15.7276 0.799999
    endloop
  endfacet
  facet normal -0.13061 -0.991434 0
    outer loop
      vertex 0.618805 26.873 0.799999
      vertex 1.2329 26.7921 3.3
      vertex 0.618805 26.873 3.3
    endloop
  endfacet
  facet normal -0.13061 -0.991434 -0
    outer loop
      vertex 1.2329 26.7921 3.3
      vertex 0.618805 26.873 0.799999
      vertex 1.2329 26.7921 0.799999
    endloop
  endfacet
  facet normal 0.953716 -0.30071 0
    outer loop
      vertex -6.85807 21.6376 3.3
      vertex -6.67182 22.2283 0.799999
      vertex -6.67182 22.2283 3.3
    endloop
  endfacet
  facet normal 0.953716 -0.30071 0
    outer loop
      vertex -6.67182 22.2283 0.799999
      vertex -6.85807 21.6376 3.3
      vertex -6.85807 21.6376 0.799999
    endloop
  endfacet
  facet normal 0.976296 -0.216442 0
    outer loop
      vertex -6.99213 21.0329 3.3
      vertex -6.85807 21.6376 0.799999
      vertex -6.85807 21.6376 3.3
    endloop
  endfacet
  facet normal 0.976296 -0.216442 0
    outer loop
      vertex -6.85807 21.6376 0.799999
      vertex -6.99213 21.0329 3.3
      vertex -6.99213 21.0329 0.799999
    endloop
  endfacet
  facet normal 0.887011 0.461749 0
    outer loop
      vertex -6.14878 16.25 3.3
      vertex -6.43478 16.7994 0.799999
      vertex -6.43478 16.7994 3.3
    endloop
  endfacet
  facet normal 0.887011 0.461749 0
    outer loop
      vertex -6.43478 16.7994 0.799999
      vertex -6.14878 16.25 3.3
      vertex -6.14878 16.25 0.799999
    endloop
  endfacet
  facet normal 0.043591 0.999049 -0
    outer loop
      vertex 0 12.7 0.799999
      vertex -0.618805 12.727 3.3
      vertex 0 12.7 3.3
    endloop
  endfacet
  facet normal 0.043591 0.999049 0
    outer loop
      vertex -0.618805 12.727 3.3
      vertex 0 12.7 0.799999
      vertex -0.618805 12.727 0.799999
    endloop
  endfacet
  facet normal 0 0 1
    outer loop
      vertex 6.2 19.8 0.799999
      vertex 7.1 19.8 0.799999
      vertex 7.07298 20.4188 0.799999
    endloop
  endfacet
  facet normal 0 0 1
    outer loop
      vertex 6.17641 20.3404 0.799999
      vertex 7.07298 20.4188 0.799999
      vertex 6.99213 21.0329 0.799999
    endloop
  endfacet
  facet normal 0 0 1
    outer loop
      vertex 7.1 19.8 0.799999
      vertex 6.2 19.8 0.799999
      vertex 7.07298 19.1812 0.799999
    endloop
  endfacet
  facet normal 0 0 1
    outer loop
      vertex 6.10581 20.8766 0.799999
      vertex 6.99213 21.0329 0.799999
      vertex 6.85807 21.6376 0.799999
    endloop
  endfacet
  facet normal -0 0 1
    outer loop
      vertex 6.17641 19.2596 0.799999
      vertex 7.07298 19.1812 0.799999
      vertex 6.2 19.8 0.799999
    endloop
  endfacet
  facet normal 0 0 1
    outer loop
      vertex 5.98874 21.4047 0.799999
      vertex 6.85807 21.6376 0.799999
      vertex 6.67182 22.2283 0.799999
    endloop
  endfacet
  facet normal 0 0 1
    outer loop
      vertex 7.07298 19.1812 0.799999
      vertex 6.17641 19.2596 0.799999
      vertex 6.99213 18.5671 0.799999
    endloop
  endfacet
  facet normal 0 0 1
    outer loop
      vertex 5.82609 21.9205 0.799999
      vertex 6.67182 22.2283 0.799999
      vertex 6.43478 22.8006 0.799999
    endloop
  endfacet
  facet normal -0 0 1
    outer loop
      vertex 6.10581 18.7234 0.799999
      vertex 6.99213 18.5671 0.799999
      vertex 6.17641 19.2596 0.799999
    endloop
  endfacet
  facet normal 0 0 1
    outer loop
      vertex 6.99213 18.5671 0.799999
      vertex 6.10581 18.7234 0.799999
      vertex 6.85807 17.9624 0.799999
    endloop
  endfacet
  facet normal 0 0 1
    outer loop
      vertex 7.07298 20.4188 0.799999
      vertex 6.17641 20.3404 0.799999
      vertex 6.2 19.8 0.799999
    endloop
  endfacet
  facet normal 0 0 1
    outer loop
      vertex 5.61911 22.4202 0.799999
      vertex 6.43478 22.8006 0.799999
      vertex 6.14878 23.35 0.799999
    endloop
  endfacet
  facet normal 0 0 1
    outer loop
      vertex 6.99213 21.0329 0.799999
      vertex 6.10581 20.8766 0.799999
      vertex 6.17641 20.3404 0.799999
    endloop
  endfacet
  facet normal 0 0 1
    outer loop
      vertex 6.85807 21.6376 0.799999
      vertex 5.98874 21.4047 0.799999
      vertex 6.10581 20.8766 0.799999
    endloop
  endfacet
  facet normal 0 0 1
    outer loop
      vertex 6.67182 22.2283 0.799999
      vertex 5.82609 21.9205 0.799999
      vertex 5.98874 21.4047 0.799999
    endloop
  endfacet
  facet normal 0 0 1
    outer loop
      vertex 5.36936 22.9 0.799999
      vertex 6.14878 23.35 0.799999
      vertex 5.81598 23.8724 0.799999
    endloop
  endfacet
  facet normal 0 0 1
    outer loop
      vertex 6.43478 22.8006 0.799999
      vertex 5.61911 22.4202 0.799999
      vertex 5.82609 21.9205 0.799999
    endloop
  endfacet
  facet normal 0 0 1
    outer loop
      vertex 5.07874 23.3562 0.799999
      vertex 5.81598 23.8724 0.799999
      vertex 5.43892 24.3638 0.799999
    endloop
  endfacet
  facet normal 0 0 1
    outer loop
      vertex 6.14878 23.35 0.799999
      vertex 5.36936 22.9 0.799999
      vertex 5.61911 22.4202 0.799999
    endloop
  endfacet
  facet normal 0 0 1
    outer loop
      vertex 5.81598 23.8724 0.799999
      vertex 5.07874 23.3562 0.799999
      vertex 5.36936 22.9 0.799999
    endloop
  endfacet
  facet normal 0 0 1
    outer loop
      vertex 4.74948 23.7853 0.799999
      vertex 5.43892 24.3638 0.799999
      vertex 5.02046 24.8205 0.799999
    endloop
  endfacet
  facet normal 0 0 1
    outer loop
      vertex 5.43892 24.3638 0.799999
      vertex 4.74948 23.7853 0.799999
      vertex 5.07874 23.3562 0.799999
    endloop
  endfacet
  facet normal 0 0 1
    outer loop
      vertex 4.38406 24.1841 0.799999
      vertex 5.02046 24.8205 0.799999
      vertex 4.56379 25.2389 0.799999
    endloop
  endfacet
  facet normal 0 0 1
    outer loop
      vertex 5.02046 24.8205 0.799999
      vertex 4.38406 24.1841 0.799999
      vertex 4.74948 23.7853 0.799999
    endloop
  endfacet
  facet normal 0 0 1
    outer loop
      vertex 3.98528 24.5495 0.799999
      vertex 4.56379 25.2389 0.799999
      vertex 4.07239 25.616 0.799999
    endloop
  endfacet
  facet normal 0 0 1
    outer loop
      vertex 4.56379 25.2389 0.799999
      vertex 3.98528 24.5495 0.799999
      vertex 4.38406 24.1841 0.799999
    endloop
  endfacet
  facet normal 0 0 1
    outer loop
      vertex 4.07239 25.616 0.799999
      vertex 3.55617 24.8787 0.799999
      vertex 3.98528 24.5495 0.799999
    endloop
  endfacet
  facet normal 0 0 1
    outer loop
      vertex 3.55 25.9488 0.799999
      vertex 3.55617 24.8787 0.799999
      vertex 4.07239 25.616 0.799999
    endloop
  endfacet
  facet normal 0 0 1
    outer loop
      vertex 3.55 25.9488 0.799999
      vertex 3.1 25.1694 0.799999
      vertex 3.55617 24.8787 0.799999
    endloop
  endfacet
  facet normal 0 0 1
    outer loop
      vertex 3.00059 26.2348 0.799999
      vertex 3.1 25.1694 0.799999
      vertex 3.55 25.9488 0.799999
    endloop
  endfacet
  facet normal 0 0 1
    outer loop
      vertex 3.00059 26.2348 0.799999
      vertex 2.62023 25.4191 0.799999
      vertex 3.1 25.1694 0.799999
    endloop
  endfacet
  facet normal 0 0 1
    outer loop
      vertex 2.42834 26.4718 0.799999
      vertex 2.62023 25.4191 0.799999
      vertex 3.00059 26.2348 0.799999
    endloop
  endfacet
  facet normal 0 0 1
    outer loop
      vertex 2.42834 26.4718 0.799999
      vertex 2.12052 25.6261 0.799999
      vertex 2.62023 25.4191 0.799999
    endloop
  endfacet
  facet normal 0 0 1
    outer loop
      vertex 1.83762 26.6581 0.799999
      vertex 2.12052 25.6261 0.799999
      vertex 2.42834 26.4718 0.799999
    endloop
  endfacet
  facet normal 0 0 1
    outer loop
      vertex 1.83762 26.6581 0.799999
      vertex 1.60468 25.7887 0.799999
      vertex 2.12052 25.6261 0.799999
    endloop
  endfacet
  facet normal 0 0 1
    outer loop
      vertex 1.2329 26.7921 0.799999
      vertex 1.60468 25.7887 0.799999
      vertex 1.83762 26.6581 0.799999
    endloop
  endfacet
  facet normal 0 0 1
    outer loop
      vertex 1.2329 26.7921 0.799999
      vertex 1.07662 25.9058 0.799999
      vertex 1.60468 25.7887 0.799999
    endloop
  endfacet
  facet normal 0 0 1
    outer loop
      vertex 0.618805 26.873 0.799999
      vertex 1.07662 25.9058 0.799999
      vertex 1.2329 26.7921 0.799999
    endloop
  endfacet
  facet normal 0 0 1
    outer loop
      vertex 0.618805 26.873 0.799999
      vertex 0.540365 25.9764 0.799999
      vertex 1.07662 25.9058 0.799999
    endloop
  endfacet
  facet normal 0 0 1
    outer loop
      vertex 0 26.9 0.799999
      vertex 0.540365 25.9764 0.799999
      vertex 0.618805 26.873 0.799999
    endloop
  endfacet
  facet normal 0 0 1
    outer loop
      vertex 0 26.9 0.799999
      vertex 0 26 0.799999
      vertex 0.540365 25.9764 0.799999
    endloop
  endfacet
  facet normal 0 0 1
    outer loop
      vertex 0 26.9 0.799999
      vertex -0.540365 25.9764 0.799999
      vertex 0 26 0.799999
    endloop
  endfacet
  facet normal -0 0 1
    outer loop
      vertex -0.618805 26.873 0.799999
      vertex -0.540365 25.9764 0.799999
      vertex 0 26.9 0.799999
    endloop
  endfacet
  facet normal 0 0 1
    outer loop
      vertex -0.618805 26.873 0.799999
      vertex -1.07662 25.9058 0.799999
      vertex -0.540365 25.9764 0.799999
    endloop
  endfacet
  facet normal -0 0 1
    outer loop
      vertex -1.2329 26.7921 0.799999
      vertex -1.07662 25.9058 0.799999
      vertex -0.618805 26.873 0.799999
    endloop
  endfacet
  facet normal 0 0 1
    outer loop
      vertex -1.2329 26.7921 0.799999
      vertex -1.60468 25.7887 0.799999
      vertex -1.07662 25.9058 0.799999
    endloop
  endfacet
  facet normal -0 0 1
    outer loop
      vertex -1.83762 26.6581 0.799999
      vertex -1.60468 25.7887 0.799999
      vertex -1.2329 26.7921 0.799999
    endloop
  endfacet
  facet normal 0 0 1
    outer loop
      vertex -1.83762 26.6581 0.799999
      vertex -2.12052 25.6261 0.799999
      vertex -1.60468 25.7887 0.799999
    endloop
  endfacet
  facet normal -0 0 1
    outer loop
      vertex -2.42834 26.4718 0.799999
      vertex -2.12052 25.6261 0.799999
      vertex -1.83762 26.6581 0.799999
    endloop
  endfacet
  facet normal 0 0 1
    outer loop
      vertex -2.42834 26.4718 0.799999
      vertex -2.62023 25.4191 0.799999
      vertex -2.12052 25.6261 0.799999
    endloop
  endfacet
  facet normal -0 0 1
    outer loop
      vertex -3.00059 26.2348 0.799999
      vertex -2.62023 25.4191 0.799999
      vertex -2.42834 26.4718 0.799999
    endloop
  endfacet
  facet normal 0 0 1
    outer loop
      vertex -3.00059 26.2348 0.799999
      vertex -3.1 25.1694 0.799999
      vertex -2.62023 25.4191 0.799999
    endloop
  endfacet
  facet normal -0 0 1
    outer loop
      vertex -3.55 25.9488 0.799999
      vertex -3.1 25.1694 0.799999
      vertex -3.00059 26.2348 0.799999
    endloop
  endfacet
  facet normal 0 0 1
    outer loop
      vertex -3.55 25.9488 0.799999
      vertex -3.55617 24.8787 0.799999
      vertex -3.1 25.1694 0.799999
    endloop
  endfacet
  facet normal -0 0 1
    outer loop
      vertex -4.07239 25.616 0.799999
      vertex -3.55617 24.8787 0.799999
      vertex -3.55 25.9488 0.799999
    endloop
  endfacet
  facet normal 0 0 1
    outer loop
      vertex -3.55617 24.8787 0.799999
      vertex -4.07239 25.616 0.799999
      vertex -3.98528 24.5495 0.799999
    endloop
  endfacet
  facet normal -0 0 1
    outer loop
      vertex -4.56379 25.2389 0.799999
      vertex -3.98528 24.5495 0.799999
      vertex -4.07239 25.616 0.799999
    endloop
  endfacet
  facet normal 0 0 1
    outer loop
      vertex -3.98528 24.5495 0.799999
      vertex -4.56379 25.2389 0.799999
      vertex -4.38406 24.1841 0.799999
    endloop
  endfacet
  facet normal -0 0 1
    outer loop
      vertex -5.02046 24.8205 0.799999
      vertex -4.38406 24.1841 0.799999
      vertex -4.56379 25.2389 0.799999
    endloop
  endfacet
  facet normal 0 0 1
    outer loop
      vertex -4.38406 24.1841 0.799999
      vertex -5.02046 24.8205 0.799999
      vertex -4.74948 23.7853 0.799999
    endloop
  endfacet
  facet normal -0 0 1
    outer loop
      vertex -5.43892 24.3638 0.799999
      vertex -4.74948 23.7853 0.799999
      vertex -5.02046 24.8205 0.799999
    endloop
  endfacet
  facet normal 0 0 1
    outer loop
      vertex -4.74948 23.7853 0.799999
      vertex -5.43892 24.3638 0.799999
      vertex -5.07874 23.3562 0.799999
    endloop
  endfacet
  facet normal -0 0 1
    outer loop
      vertex -5.81598 23.8724 0.799999
      vertex -5.07874 23.3562 0.799999
      vertex -5.43892 24.3638 0.799999
    endloop
  endfacet
  facet normal 0 0 1
    outer loop
      vertex -5.07874 23.3562 0.799999
      vertex -5.81598 23.8724 0.799999
      vertex -5.36936 22.9 0.799999
    endloop
  endfacet
  facet normal -0 0 1
    outer loop
      vertex -6.14878 23.35 0.799999
      vertex -5.36936 22.9 0.799999
      vertex -5.81598 23.8724 0.799999
    endloop
  endfacet
  facet normal 0 0 1
    outer loop
      vertex -5.36936 22.9 0.799999
      vertex -6.14878 23.35 0.799999
      vertex -5.61911 22.4202 0.799999
    endloop
  endfacet
  facet normal -0 0 1
    outer loop
      vertex -6.43478 22.8006 0.799999
      vertex -5.61911 22.4202 0.799999
      vertex -6.14878 23.35 0.799999
    endloop
  endfacet
  facet normal 0 0 1
    outer loop
      vertex -5.61911 22.4202 0.799999
      vertex -6.43478 22.8006 0.799999
      vertex -5.82609 21.9205 0.799999
    endloop
  endfacet
  facet normal -0 0 1
    outer loop
      vertex -6.67182 22.2283 0.799999
      vertex -5.82609 21.9205 0.799999
      vertex -6.43478 22.8006 0.799999
    endloop
  endfacet
  facet normal 0 0 1
    outer loop
      vertex -5.82609 21.9205 0.799999
      vertex -6.67182 22.2283 0.799999
      vertex -5.98874 21.4047 0.799999
    endloop
  endfacet
  facet normal -0 0 1
    outer loop
      vertex -6.85807 21.6376 0.799999
      vertex -5.98874 21.4047 0.799999
      vertex -6.67182 22.2283 0.799999
    endloop
  endfacet
  facet normal 0 0 1
    outer loop
      vertex -5.98874 21.4047 0.799999
      vertex -6.85807 21.6376 0.799999
      vertex -6.10581 20.8766 0.799999
    endloop
  endfacet
  facet normal -0 0 1
    outer loop
      vertex 5.98874 18.1953 0.799999
      vertex 6.85807 17.9624 0.799999
      vertex 6.10581 18.7234 0.799999
    endloop
  endfacet
  facet normal 0 0 1
    outer loop
      vertex 6.85807 17.9624 0.799999
      vertex 5.98874 18.1953 0.799999
      vertex 6.67182 17.3717 0.799999
    endloop
  endfacet
  facet normal -0 0 1
    outer loop
      vertex 5.82609 17.6795 0.799999
      vertex 6.67182 17.3717 0.799999
      vertex 5.98874 18.1953 0.799999
    endloop
  endfacet
  facet normal 0 0 1
    outer loop
      vertex 6.67182 17.3717 0.799999
      vertex 5.82609 17.6795 0.799999
      vertex 6.43478 16.7994 0.799999
    endloop
  endfacet
  facet normal -0 0 1
    outer loop
      vertex 5.61911 17.1798 0.799999
      vertex 6.43478 16.7994 0.799999
      vertex 5.82609 17.6795 0.799999
    endloop
  endfacet
  facet normal 0 0 1
    outer loop
      vertex 6.43478 16.7994 0.799999
      vertex 5.61911 17.1798 0.799999
      vertex 6.14878 16.25 0.799999
    endloop
  endfacet
  facet normal -0 0 1
    outer loop
      vertex 5.36936 16.7 0.799999
      vertex 6.14878 16.25 0.799999
      vertex 5.61911 17.1798 0.799999
    endloop
  endfacet
  facet normal 0 0 1
    outer loop
      vertex 6.14878 16.25 0.799999
      vertex 5.36936 16.7 0.799999
      vertex 5.81598 15.7276 0.799999
    endloop
  endfacet
  facet normal -0 0 1
    outer loop
      vertex 5.07874 16.2438 0.799999
      vertex 5.81598 15.7276 0.799999
      vertex 5.36936 16.7 0.799999
    endloop
  endfacet
  facet normal 0 0 1
    outer loop
      vertex 5.81598 15.7276 0.799999
      vertex 5.07874 16.2438 0.799999
      vertex 5.43892 15.2362 0.799999
    endloop
  endfacet
  facet normal -0 0 1
    outer loop
      vertex 4.74948 15.8147 0.799999
      vertex 5.43892 15.2362 0.799999
      vertex 5.07874 16.2438 0.799999
    endloop
  endfacet
  facet normal 0 0 1
    outer loop
      vertex 5.43892 15.2362 0.799999
      vertex 4.74948 15.8147 0.799999
      vertex 5.02046 14.7795 0.799999
    endloop
  endfacet
  facet normal -0 0 1
    outer loop
      vertex 4.38406 15.4159 0.799999
      vertex 5.02046 14.7795 0.799999
      vertex 4.74948 15.8147 0.799999
    endloop
  endfacet
  facet normal 0 0 1
    outer loop
      vertex 5.02046 14.7795 0.799999
      vertex 4.38406 15.4159 0.799999
      vertex 4.56379 14.3611 0.799999
    endloop
  endfacet
  facet normal -0 0 1
    outer loop
      vertex 3.98528 15.0505 0.799999
      vertex 4.56379 14.3611 0.799999
      vertex 4.38406 15.4159 0.799999
    endloop
  endfacet
  facet normal 0 0 1
    outer loop
      vertex 4.56379 14.3611 0.799999
      vertex 3.98528 15.0505 0.799999
      vertex 4.07239 13.984 0.799999
    endloop
  endfacet
  facet normal -0 0 1
    outer loop
      vertex 3.55617 14.7213 0.799999
      vertex 4.07239 13.984 0.799999
      vertex 3.98528 15.0505 0.799999
    endloop
  endfacet
  facet normal 0 0 1
    outer loop
      vertex 3.55617 14.7213 0.799999
      vertex 3.55 13.6512 0.799999
      vertex 4.07239 13.984 0.799999
    endloop
  endfacet
  facet normal -0 0 1
    outer loop
      vertex 3.1 14.4306 0.799999
      vertex 3.55 13.6512 0.799999
      vertex 3.55617 14.7213 0.799999
    endloop
  endfacet
  facet normal 0 0 1
    outer loop
      vertex 3.1 14.4306 0.799999
      vertex 3.00059 13.3652 0.799999
      vertex 3.55 13.6512 0.799999
    endloop
  endfacet
  facet normal -0 0 1
    outer loop
      vertex 2.62023 14.1809 0.799999
      vertex 3.00059 13.3652 0.799999
      vertex 3.1 14.4306 0.799999
    endloop
  endfacet
  facet normal 0 0 1
    outer loop
      vertex 2.62023 14.1809 0.799999
      vertex 2.42834 13.1282 0.799999
      vertex 3.00059 13.3652 0.799999
    endloop
  endfacet
  facet normal -0 0 1
    outer loop
      vertex 2.12052 13.9739 0.799999
      vertex 2.42834 13.1282 0.799999
      vertex 2.62023 14.1809 0.799999
    endloop
  endfacet
  facet normal 0 0 1
    outer loop
      vertex 2.12052 13.9739 0.799999
      vertex 1.83762 12.9419 0.799999
      vertex 2.42834 13.1282 0.799999
    endloop
  endfacet
  facet normal -0 0 1
    outer loop
      vertex 1.60468 13.8113 0.799999
      vertex 1.83762 12.9419 0.799999
      vertex 2.12052 13.9739 0.799999
    endloop
  endfacet
  facet normal 0 0 1
    outer loop
      vertex 1.60468 13.8113 0.799999
      vertex 1.2329 12.8079 0.799999
      vertex 1.83762 12.9419 0.799999
    endloop
  endfacet
  facet normal -0 0 1
    outer loop
      vertex 1.07662 13.6942 0.799999
      vertex 1.2329 12.8079 0.799999
      vertex 1.60468 13.8113 0.799999
    endloop
  endfacet
  facet normal 0 0 1
    outer loop
      vertex 1.07662 13.6942 0.799999
      vertex 0.618805 12.727 0.799999
      vertex 1.2329 12.8079 0.799999
    endloop
  endfacet
  facet normal -0 0 1
    outer loop
      vertex 0.540365 13.6236 0.799999
      vertex 0.618805 12.727 0.799999
      vertex 1.07662 13.6942 0.799999
    endloop
  endfacet
  facet normal -0 0 1
    outer loop
      vertex 0 13.6 0.799999
      vertex 0.618805 12.727 0.799999
      vertex 0.540365 13.6236 0.799999
    endloop
  endfacet
  facet normal 0 0 1
    outer loop
      vertex 0 13.6 0.799999
      vertex 0 12.7 0.799999
      vertex 0.618805 12.727 0.799999
    endloop
  endfacet
  facet normal 0 0 1
    outer loop
      vertex -0.540365 13.6236 0.799999
      vertex 0 12.7 0.799999
      vertex 0 13.6 0.799999
    endloop
  endfacet
  facet normal 0 0 1
    outer loop
      vertex -0.540365 13.6236 0.799999
      vertex -0.618805 12.727 0.799999
      vertex 0 12.7 0.799999
    endloop
  endfacet
  facet normal 0 0 1
    outer loop
      vertex -1.07662 13.6942 0.799999
      vertex -0.618805 12.727 0.799999
      vertex -0.540365 13.6236 0.799999
    endloop
  endfacet
  facet normal 0 0 1
    outer loop
      vertex -1.07662 13.6942 0.799999
      vertex -1.2329 12.8079 0.799999
      vertex -0.618805 12.727 0.799999
    endloop
  endfacet
  facet normal 0 0 1
    outer loop
      vertex -1.60468 13.8113 0.799999
      vertex -1.2329 12.8079 0.799999
      vertex -1.07662 13.6942 0.799999
    endloop
  endfacet
  facet normal 0 0 1
    outer loop
      vertex -1.60468 13.8113 0.799999
      vertex -1.83762 12.9419 0.799999
      vertex -1.2329 12.8079 0.799999
    endloop
  endfacet
  facet normal 0 0 1
    outer loop
      vertex -2.12052 13.9739 0.799999
      vertex -1.83762 12.9419 0.799999
      vertex -1.60468 13.8113 0.799999
    endloop
  endfacet
  facet normal 0 0 1
    outer loop
      vertex -2.12052 13.9739 0.799999
      vertex -2.42834 13.1282 0.799999
      vertex -1.83762 12.9419 0.799999
    endloop
  endfacet
  facet normal 0 0 1
    outer loop
      vertex -2.62023 14.1809 0.799999
      vertex -2.42834 13.1282 0.799999
      vertex -2.12052 13.9739 0.799999
    endloop
  endfacet
  facet normal 0 0 1
    outer loop
      vertex -2.62023 14.1809 0.799999
      vertex -3.00059 13.3652 0.799999
      vertex -2.42834 13.1282 0.799999
    endloop
  endfacet
  facet normal 0 0 1
    outer loop
      vertex -3.1 14.4306 0.799999
      vertex -3.00059 13.3652 0.799999
      vertex -2.62023 14.1809 0.799999
    endloop
  endfacet
  facet normal 0 0 1
    outer loop
      vertex -3.1 14.4306 0.799999
      vertex -3.55 13.6512 0.799999
      vertex -3.00059 13.3652 0.799999
    endloop
  endfacet
  facet normal 0 0 1
    outer loop
      vertex -3.55617 14.7213 0.799999
      vertex -3.55 13.6512 0.799999
      vertex -3.1 14.4306 0.799999
    endloop
  endfacet
  facet normal 0 0 1
    outer loop
      vertex -4.07239 13.984 0.799999
      vertex -3.55617 14.7213 0.799999
      vertex -3.98528 15.0505 0.799999
    endloop
  endfacet
  facet normal 0 0 1
    outer loop
      vertex -3.55617 14.7213 0.799999
      vertex -4.07239 13.984 0.799999
      vertex -3.55 13.6512 0.799999
    endloop
  endfacet
  facet normal 0 0 1
    outer loop
      vertex -4.56379 14.3611 0.799999
      vertex -3.98528 15.0505 0.799999
      vertex -4.38406 15.4159 0.799999
    endloop
  endfacet
  facet normal 0 0 1
    outer loop
      vertex -3.98528 15.0505 0.799999
      vertex -4.56379 14.3611 0.799999
      vertex -4.07239 13.984 0.799999
    endloop
  endfacet
  facet normal 0 0 1
    outer loop
      vertex -5.02046 14.7795 0.799999
      vertex -4.38406 15.4159 0.799999
      vertex -4.74948 15.8147 0.799999
    endloop
  endfacet
  facet normal 0 0 1
    outer loop
      vertex -4.38406 15.4159 0.799999
      vertex -5.02046 14.7795 0.799999
      vertex -4.56379 14.3611 0.799999
    endloop
  endfacet
  facet normal 0 0 1
    outer loop
      vertex -5.43892 15.2362 0.799999
      vertex -4.74948 15.8147 0.799999
      vertex -5.07874 16.2438 0.799999
    endloop
  endfacet
  facet normal 0 0 1
    outer loop
      vertex -5.81598 15.7276 0.799999
      vertex -5.07874 16.2438 0.799999
      vertex -5.36936 16.7 0.799999
    endloop
  endfacet
  facet normal 0 0 1
    outer loop
      vertex -4.74948 15.8147 0.799999
      vertex -5.43892 15.2362 0.799999
      vertex -5.02046 14.7795 0.799999
    endloop
  endfacet
  facet normal 0 0 1
    outer loop
      vertex -6.14878 16.25 0.799999
      vertex -5.36936 16.7 0.799999
      vertex -5.61911 17.1798 0.799999
    endloop
  endfacet
  facet normal 0 0 1
    outer loop
      vertex -5.07874 16.2438 0.799999
      vertex -5.81598 15.7276 0.799999
      vertex -5.43892 15.2362 0.799999
    endloop
  endfacet
  facet normal 0 0 1
    outer loop
      vertex -6.43478 16.7994 0.799999
      vertex -5.61911 17.1798 0.799999
      vertex -5.82609 17.6795 0.799999
    endloop
  endfacet
  facet normal 0 0 1
    outer loop
      vertex -6.67182 17.3717 0.799999
      vertex -5.82609 17.6795 0.799999
      vertex -5.98874 18.1953 0.799999
    endloop
  endfacet
  facet normal 0 0 1
    outer loop
      vertex -6.85807 17.9624 0.799999
      vertex -5.98874 18.1953 0.799999
      vertex -6.10581 18.7234 0.799999
    endloop
  endfacet
  facet normal 0 0 1
    outer loop
      vertex -5.36936 16.7 0.799999
      vertex -6.14878 16.25 0.799999
      vertex -5.81598 15.7276 0.799999
    endloop
  endfacet
  facet normal 0 0 1
    outer loop
      vertex -6.99213 18.5671 0.799999
      vertex -6.10581 18.7234 0.799999
      vertex -6.17641 19.2596 0.799999
    endloop
  endfacet
  facet normal 0 0 1
    outer loop
      vertex -7.07298 19.1812 0.799999
      vertex -6.17641 19.2596 0.799999
      vertex -6.2 19.8 0.799999
    endloop
  endfacet
  facet normal -0 0 1
    outer loop
      vertex -6.99213 21.0329 0.799999
      vertex -6.10581 20.8766 0.799999
      vertex -6.85807 21.6376 0.799999
    endloop
  endfacet
  facet normal 0 0 1
    outer loop
      vertex -5.61911 17.1798 0.799999
      vertex -6.43478 16.7994 0.799999
      vertex -6.14878 16.25 0.799999
    endloop
  endfacet
  facet normal 0 0 1
    outer loop
      vertex -6.10581 20.8766 0.799999
      vertex -6.99213 21.0329 0.799999
      vertex -6.17641 20.3404 0.799999
    endloop
  endfacet
  facet normal 0 0 1
    outer loop
      vertex -5.82609 17.6795 0.799999
      vertex -6.67182 17.3717 0.799999
      vertex -6.43478 16.7994 0.799999
    endloop
  endfacet
  facet normal -0 0 1
    outer loop
      vertex -7.07298 20.4188 0.799999
      vertex -6.17641 20.3404 0.799999
      vertex -6.99213 21.0329 0.799999
    endloop
  endfacet
  facet normal 0 0 1
    outer loop
      vertex -5.98874 18.1953 0.799999
      vertex -6.85807 17.9624 0.799999
      vertex -6.67182 17.3717 0.799999
    endloop
  endfacet
  facet normal 0 0 1
    outer loop
      vertex -6.17641 20.3404 0.799999
      vertex -7.07298 20.4188 0.799999
      vertex -6.2 19.8 0.799999
    endloop
  endfacet
  facet normal 0 0 1
    outer loop
      vertex -6.10581 18.7234 0.799999
      vertex -6.99213 18.5671 0.799999
      vertex -6.85807 17.9624 0.799999
    endloop
  endfacet
  facet normal 0 0 1
    outer loop
      vertex -7.1 19.8 0.799999
      vertex -6.2 19.8 0.799999
      vertex -7.07298 20.4188 0.799999
    endloop
  endfacet
  facet normal 0 0 1
    outer loop
      vertex -6.17641 19.2596 0.799999
      vertex -7.07298 19.1812 0.799999
      vertex -6.99213 18.5671 0.799999
    endloop
  endfacet
  facet normal 0 0 1
    outer loop
      vertex -6.2 19.8 0.799999
      vertex -7.1 19.8 0.799999
      vertex -7.07298 19.1812 0.799999
    endloop
  endfacet
  facet normal 0.382704 0.923871 -0
    outer loop
      vertex -2.12052 13.9739 0
      vertex -2.62023 14.1809 0.799999
      vertex -2.12052 13.9739 0.799999
    endloop
  endfacet
  facet normal 0.382704 0.923871 0
    outer loop
      vertex -2.62023 14.1809 0.799999
      vertex -2.12052 13.9739 0
      vertex -2.62023 14.1809 0
    endloop
  endfacet
  facet normal -0.976299 -0.216427 0
    outer loop
      vertex 6.10581 20.8766 0
      vertex 5.98874 21.4047 0.799999
      vertex 5.98874 21.4047 0
    endloop
  endfacet
  facet normal -0.976299 -0.216427 0
    outer loop
      vertex 5.98874 21.4047 0.799999
      vertex 6.10581 20.8766 0
      vertex 6.10581 20.8766 0.799999
    endloop
  endfacet
  facet normal -0.793353 -0.608761 0
    outer loop
      vertex 5.07874 23.3562 0
      vertex 4.74948 23.7853 0.799999
      vertex 4.74948 23.7853 0
    endloop
  endfacet
  facet normal -0.793353 -0.608761 0
    outer loop
      vertex 4.74948 23.7853 0.799999
      vertex 5.07874 23.3562 0
      vertex 5.07874 23.3562 0.799999
    endloop
  endfacet
  facet normal -0.953707 0.300738 0
    outer loop
      vertex 5.82609 17.6795 0
      vertex 5.98874 18.1953 0.799999
      vertex 5.98874 18.1953 0
    endloop
  endfacet
  facet normal -0.953707 0.300738 0
    outer loop
      vertex 5.98874 18.1953 0.799999
      vertex 5.82609 17.6795 0
      vertex 5.82609 17.6795 0.799999
    endloop
  endfacet
  facet normal 0.991443 -0.130541 0
    outer loop
      vertex -6.17641 20.3404 0.799999
      vertex -6.10581 20.8766 0
      vertex -6.10581 20.8766 0.799999
    endloop
  endfacet
  facet normal 0.991443 -0.130541 0
    outer loop
      vertex -6.10581 20.8766 0
      vertex -6.17641 20.3404 0.799999
      vertex -6.17641 20.3404 0
    endloop
  endfacet
  facet normal -0.991443 -0.130541 0
    outer loop
      vertex 6.17641 20.3404 0
      vertex 6.10581 20.8766 0.799999
      vertex 6.10581 20.8766 0
    endloop
  endfacet
  facet normal -0.991443 -0.130541 0
    outer loop
      vertex 6.10581 20.8766 0.799999
      vertex 6.17641 20.3404 0
      vertex 6.17641 20.3404 0.799999
    endloop
  endfacet
  facet normal 0.537415 0.843318 -0
    outer loop
      vertex -3.1 14.4306 0
      vertex -3.55617 14.7213 0.799999
      vertex -3.1 14.4306 0.799999
    endloop
  endfacet
  facet normal 0.537415 0.843318 0
    outer loop
      vertex -3.55617 14.7213 0.799999
      vertex -3.1 14.4306 0
      vertex -3.55617 14.7213 0
    endloop
  endfacet
  facet normal -0.608683 0.793414 0
    outer loop
      vertex 3.98528 15.0505 0
      vertex 3.55617 14.7213 0.799999
      vertex 3.98528 15.0505 0.799999
    endloop
  endfacet
  facet normal -0.608683 0.793414 0
    outer loop
      vertex 3.55617 14.7213 0.799999
      vertex 3.98528 15.0505 0
      vertex 3.55617 14.7213 0
    endloop
  endfacet
  facet normal -0.130527 -0.991445 0
    outer loop
      vertex 0.540365 25.9764 0
      vertex 1.07662 25.9058 0.799999
      vertex 0.540365 25.9764 0.799999
    endloop
  endfacet
  facet normal -0.130527 -0.991445 -0
    outer loop
      vertex 1.07662 25.9058 0.799999
      vertex 0.540365 25.9764 0
      vertex 1.07662 25.9058 0
    endloop
  endfacet
  facet normal 0.999049 -0.0436113 0
    outer loop
      vertex -6.2 19.8 0.799999
      vertex -6.17641 20.3404 0
      vertex -6.17641 20.3404 0.799999
    endloop
  endfacet
  facet normal 0.999049 -0.0436113 0
    outer loop
      vertex -6.17641 20.3404 0
      vertex -6.2 19.8 0.799999
      vertex -6.2 19.8 0
    endloop
  endfacet
  facet normal -0.843401 -0.537285 0
    outer loop
      vertex 5.36936 22.9 0
      vertex 5.07874 23.3562 0.799999
      vertex 5.07874 23.3562 0
    endloop
  endfacet
  facet normal -0.843401 -0.537285 0
    outer loop
      vertex 5.07874 23.3562 0.799999
      vertex 5.36936 22.9 0
      vertex 5.36936 22.9 0.799999
    endloop
  endfacet
  facet normal -0.675576 -0.737291 0
    outer loop
      vertex 3.98528 24.5495 0
      vertex 4.38406 24.1841 0.799999
      vertex 3.98528 24.5495 0.799999
    endloop
  endfacet
  facet normal -0.675576 -0.737291 -0
    outer loop
      vertex 4.38406 24.1841 0.799999
      vertex 3.98528 24.5495 0
      vertex 4.38406 24.1841 0
    endloop
  endfacet
  facet normal -0.675576 0.737291 0
    outer loop
      vertex 4.38406 15.4159 0
      vertex 3.98528 15.0505 0.799999
      vertex 4.38406 15.4159 0.799999
    endloop
  endfacet
  facet normal -0.675576 0.737291 0
    outer loop
      vertex 3.98528 15.0505 0.799999
      vertex 4.38406 15.4159 0
      vertex 3.98528 15.0505 0
    endloop
  endfacet
  facet normal 0.923881 0.382679 0
    outer loop
      vertex -5.61911 17.1798 0.799999
      vertex -5.82609 17.6795 0
      vertex -5.82609 17.6795 0.799999
    endloop
  endfacet
  facet normal 0.923881 0.382679 0
    outer loop
      vertex -5.82609 17.6795 0
      vertex -5.61911 17.1798 0.799999
      vertex -5.61911 17.1798 0
    endloop
  endfacet
  facet normal -0.0436326 -0.999048 0
    outer loop
      vertex 0 26 0
      vertex 0.540365 25.9764 0.799999
      vertex 0 26 0.799999
    endloop
  endfacet
  facet normal -0.0436326 -0.999048 -0
    outer loop
      vertex 0.540365 25.9764 0.799999
      vertex 0 26 0
      vertex 0.540365 25.9764 0
    endloop
  endfacet
  facet normal 0.953707 0.300738 0
    outer loop
      vertex -5.82609 17.6795 0.799999
      vertex -5.98874 18.1953 0
      vertex -5.98874 18.1953 0.799999
    endloop
  endfacet
  facet normal 0.953707 0.300738 0
    outer loop
      vertex -5.98874 18.1953 0
      vertex -5.82609 17.6795 0.799999
      vertex -5.82609 17.6795 0
    endloop
  endfacet
  facet normal -0.300632 -0.95374 0
    outer loop
      vertex 1.60468 25.7887 0
      vertex 2.12052 25.6261 0.799999
      vertex 1.60468 25.7887 0.799999
    endloop
  endfacet
  facet normal -0.300632 -0.95374 -0
    outer loop
      vertex 2.12052 25.6261 0.799999
      vertex 1.60468 25.7887 0
      vertex 2.12052 25.6261 0
    endloop
  endfacet
  facet normal -0.382704 0.923871 0
    outer loop
      vertex 2.62023 14.1809 0
      vertex 2.12052 13.9739 0.799999
      vertex 2.62023 14.1809 0.799999
    endloop
  endfacet
  facet normal -0.382704 0.923871 0
    outer loop
      vertex 2.12052 13.9739 0.799999
      vertex 2.62023 14.1809 0
      vertex 2.12052 13.9739 0
    endloop
  endfacet
  facet normal -0.382704 -0.923871 0
    outer loop
      vertex 2.12052 25.6261 0
      vertex 2.62023 25.4191 0.799999
      vertex 2.12052 25.6261 0.799999
    endloop
  endfacet
  facet normal -0.382704 -0.923871 -0
    outer loop
      vertex 2.62023 25.4191 0.799999
      vertex 2.12052 25.6261 0
      vertex 2.62023 25.4191 0
    endloop
  endfacet
  facet normal -0.999049 -0.0436113 0
    outer loop
      vertex 6.2 19.8 0
      vertex 6.17641 20.3404 0.799999
      vertex 6.17641 20.3404 0
    endloop
  endfacet
  facet normal -0.999049 -0.0436113 0
    outer loop
      vertex 6.17641 20.3404 0.799999
      vertex 6.2 19.8 0
      vertex 6.2 19.8 0.799999
    endloop
  endfacet
  facet normal -0.737289 0.675577 0
    outer loop
      vertex 4.38406 15.4159 0
      vertex 4.74948 15.8147 0.799999
      vertex 4.74948 15.8147 0
    endloop
  endfacet
  facet normal -0.737289 0.675577 0
    outer loop
      vertex 4.74948 15.8147 0.799999
      vertex 4.38406 15.4159 0
      vertex 4.38406 15.4159 0.799999
    endloop
  endfacet
  facet normal 0.0436326 -0.999048 0
    outer loop
      vertex -0.540365 25.9764 0
      vertex 0 26 0.799999
      vertex -0.540365 25.9764 0.799999
    endloop
  endfacet
  facet normal 0.0436326 -0.999048 0
    outer loop
      vertex 0 26 0.799999
      vertex -0.540365 25.9764 0
      vertex 0 26 0
    endloop
  endfacet
  facet normal 0.130527 -0.991445 0
    outer loop
      vertex -1.07662 25.9058 0
      vertex -0.540365 25.9764 0.799999
      vertex -1.07662 25.9058 0.799999
    endloop
  endfacet
  facet normal 0.130527 -0.991445 0
    outer loop
      vertex -0.540365 25.9764 0.799999
      vertex -1.07662 25.9058 0
      vertex -0.540365 25.9764 0
    endloop
  endfacet
  facet normal 0.461672 0.887051 -0
    outer loop
      vertex -2.62023 14.1809 0
      vertex -3.1 14.4306 0.799999
      vertex -2.62023 14.1809 0.799999
    endloop
  endfacet
  facet normal 0.461672 0.887051 0
    outer loop
      vertex -3.1 14.4306 0.799999
      vertex -2.62023 14.1809 0
      vertex -3.1 14.4306 0
    endloop
  endfacet
  facet normal 0.793353 0.608761 0
    outer loop
      vertex -4.74948 15.8147 0.799999
      vertex -5.07874 16.2438 0
      vertex -5.07874 16.2438 0.799999
    endloop
  endfacet
  facet normal 0.793353 0.608761 0
    outer loop
      vertex -5.07874 16.2438 0
      vertex -4.74948 15.8147 0.799999
      vertex -4.74948 15.8147 0
    endloop
  endfacet
  facet normal -0.923881 -0.382679 0
    outer loop
      vertex 5.82609 21.9205 0
      vertex 5.61911 22.4202 0.799999
      vertex 5.61911 22.4202 0
    endloop
  endfacet
  facet normal -0.923881 -0.382679 0
    outer loop
      vertex 5.61911 22.4202 0.799999
      vertex 5.82609 21.9205 0
      vertex 5.82609 21.9205 0.799999
    endloop
  endfacet
  facet normal -0.999049 0.0436113 0
    outer loop
      vertex 6.17641 19.2596 0
      vertex 6.2 19.8 0.799999
      vertex 6.2 19.8 0
    endloop
  endfacet
  facet normal -0.999049 0.0436113 0
    outer loop
      vertex 6.2 19.8 0.799999
      vertex 6.17641 19.2596 0
      vertex 6.17641 19.2596 0.799999
    endloop
  endfacet
  facet normal 0.887025 -0.461722 0
    outer loop
      vertex -5.61911 22.4202 0.799999
      vertex -5.36936 22.9 0
      vertex -5.36936 22.9 0.799999
    endloop
  endfacet
  facet normal 0.887025 -0.461722 0
    outer loop
      vertex -5.36936 22.9 0
      vertex -5.61911 22.4202 0.799999
      vertex -5.61911 22.4202 0
    endloop
  endfacet
  facet normal 0.216496 -0.976284 0
    outer loop
      vertex -1.60468 25.7887 0
      vertex -1.07662 25.9058 0.799999
      vertex -1.60468 25.7887 0.799999
    endloop
  endfacet
  facet normal 0.216496 -0.976284 0
    outer loop
      vertex -1.07662 25.9058 0.799999
      vertex -1.60468 25.7887 0
      vertex -1.07662 25.9058 0
    endloop
  endfacet
  facet normal 0.999049 0.0436113 0
    outer loop
      vertex -6.17641 19.2596 0.799999
      vertex -6.2 19.8 0
      vertex -6.2 19.8 0.799999
    endloop
  endfacet
  facet normal 0.999049 0.0436113 0
    outer loop
      vertex -6.2 19.8 0
      vertex -6.17641 19.2596 0.799999
      vertex -6.17641 19.2596 0
    endloop
  endfacet
  facet normal 0.737289 0.675577 0
    outer loop
      vertex -4.38406 15.4159 0.799999
      vertex -4.74948 15.8147 0
      vertex -4.74948 15.8147 0.799999
    endloop
  endfacet
  facet normal 0.737289 0.675577 0
    outer loop
      vertex -4.74948 15.8147 0
      vertex -4.38406 15.4159 0.799999
      vertex -4.38406 15.4159 0
    endloop
  endfacet
  facet normal 0.608683 -0.793414 0
    outer loop
      vertex -3.98528 24.5495 0
      vertex -3.55617 24.8787 0.799999
      vertex -3.98528 24.5495 0.799999
    endloop
  endfacet
  facet normal 0.608683 -0.793414 0
    outer loop
      vertex -3.55617 24.8787 0.799999
      vertex -3.98528 24.5495 0
      vertex -3.55617 24.8787 0
    endloop
  endfacet
  facet normal 0.300632 0.95374 -0
    outer loop
      vertex -1.60468 13.8113 0
      vertex -2.12052 13.9739 0.799999
      vertex -1.60468 13.8113 0.799999
    endloop
  endfacet
  facet normal 0.300632 0.95374 0
    outer loop
      vertex -2.12052 13.9739 0.799999
      vertex -1.60468 13.8113 0
      vertex -2.12052 13.9739 0
    endloop
  endfacet
  facet normal -0.887025 0.461722 0
    outer loop
      vertex 5.36936 16.7 0
      vertex 5.61911 17.1798 0.799999
      vertex 5.61911 17.1798 0
    endloop
  endfacet
  facet normal -0.887025 0.461722 0
    outer loop
      vertex 5.61911 17.1798 0.799999
      vertex 5.36936 16.7 0
      vertex 5.36936 16.7 0.799999
    endloop
  endfacet
  facet normal -0.216496 0.976284 0
    outer loop
      vertex 1.60468 13.8113 0
      vertex 1.07662 13.6942 0.799999
      vertex 1.60468 13.8113 0.799999
    endloop
  endfacet
  facet normal -0.216496 0.976284 0
    outer loop
      vertex 1.07662 13.6942 0.799999
      vertex 1.60468 13.8113 0
      vertex 1.07662 13.6942 0
    endloop
  endfacet
  facet normal -0.461672 -0.887051 0
    outer loop
      vertex 2.62023 25.4191 0
      vertex 3.1 25.1694 0.799999
      vertex 2.62023 25.4191 0.799999
    endloop
  endfacet
  facet normal -0.461672 -0.887051 -0
    outer loop
      vertex 3.1 25.1694 0.799999
      vertex 2.62023 25.4191 0
      vertex 3.1 25.1694 0
    endloop
  endfacet
  facet normal -0.0436326 0.999048 0
    outer loop
      vertex 0.540365 13.6236 0
      vertex 0 13.6 0.799999
      vertex 0.540365 13.6236 0.799999
    endloop
  endfacet
  facet normal -0.0436326 0.999048 0
    outer loop
      vertex 0 13.6 0.799999
      vertex 0.540365 13.6236 0
      vertex 0 13.6 0
    endloop
  endfacet
  facet normal -0.216496 -0.976284 0
    outer loop
      vertex 1.07662 25.9058 0
      vertex 1.60468 25.7887 0.799999
      vertex 1.07662 25.9058 0.799999
    endloop
  endfacet
  facet normal -0.216496 -0.976284 -0
    outer loop
      vertex 1.60468 25.7887 0.799999
      vertex 1.07662 25.9058 0
      vertex 1.60468 25.7887 0
    endloop
  endfacet
  facet normal -0.953707 -0.300738 0
    outer loop
      vertex 5.98874 21.4047 0
      vertex 5.82609 21.9205 0.799999
      vertex 5.82609 21.9205 0
    endloop
  endfacet
  facet normal -0.953707 -0.300738 0
    outer loop
      vertex 5.82609 21.9205 0.799999
      vertex 5.98874 21.4047 0
      vertex 5.98874 21.4047 0.799999
    endloop
  endfacet
  facet normal -0.130527 0.991445 0
    outer loop
      vertex 1.07662 13.6942 0
      vertex 0.540365 13.6236 0.799999
      vertex 1.07662 13.6942 0.799999
    endloop
  endfacet
  facet normal -0.130527 0.991445 0
    outer loop
      vertex 0.540365 13.6236 0.799999
      vertex 1.07662 13.6942 0
      vertex 0.540365 13.6236 0
    endloop
  endfacet
  facet normal 0.608683 0.793414 -0
    outer loop
      vertex -3.55617 14.7213 0
      vertex -3.98528 15.0505 0.799999
      vertex -3.55617 14.7213 0.799999
    endloop
  endfacet
  facet normal 0.608683 0.793414 0
    outer loop
      vertex -3.98528 15.0505 0.799999
      vertex -3.55617 14.7213 0
      vertex -3.98528 15.0505 0
    endloop
  endfacet
  facet normal 0.953707 -0.300738 0
    outer loop
      vertex -5.98874 21.4047 0.799999
      vertex -5.82609 21.9205 0
      vertex -5.82609 21.9205 0.799999
    endloop
  endfacet
  facet normal 0.953707 -0.300738 0
    outer loop
      vertex -5.82609 21.9205 0
      vertex -5.98874 21.4047 0.799999
      vertex -5.98874 21.4047 0
    endloop
  endfacet
  facet normal 0.976299 -0.216427 0
    outer loop
      vertex -6.10581 20.8766 0.799999
      vertex -5.98874 21.4047 0
      vertex -5.98874 21.4047 0.799999
    endloop
  endfacet
  facet normal 0.976299 -0.216427 0
    outer loop
      vertex -5.98874 21.4047 0
      vertex -6.10581 20.8766 0.799999
      vertex -6.10581 20.8766 0
    endloop
  endfacet
  facet normal -0.537415 -0.843318 0
    outer loop
      vertex 3.1 25.1694 0
      vertex 3.55617 24.8787 0.799999
      vertex 3.1 25.1694 0.799999
    endloop
  endfacet
  facet normal -0.537415 -0.843318 -0
    outer loop
      vertex 3.55617 24.8787 0.799999
      vertex 3.1 25.1694 0
      vertex 3.55617 24.8787 0
    endloop
  endfacet
  facet normal 0.991443 0.130541 0
    outer loop
      vertex -6.10581 18.7234 0.799999
      vertex -6.17641 19.2596 0
      vertex -6.17641 19.2596 0.799999
    endloop
  endfacet
  facet normal 0.991443 0.130541 0
    outer loop
      vertex -6.17641 19.2596 0
      vertex -6.10581 18.7234 0.799999
      vertex -6.10581 18.7234 0
    endloop
  endfacet
  facet normal -0.887025 -0.461722 0
    outer loop
      vertex 5.61911 22.4202 0
      vertex 5.36936 22.9 0.799999
      vertex 5.36936 22.9 0
    endloop
  endfacet
  facet normal -0.887025 -0.461722 0
    outer loop
      vertex 5.36936 22.9 0.799999
      vertex 5.61911 22.4202 0
      vertex 5.61911 22.4202 0.799999
    endloop
  endfacet
  facet normal 0.537415 -0.843318 0
    outer loop
      vertex -3.55617 24.8787 0
      vertex -3.1 25.1694 0.799999
      vertex -3.55617 24.8787 0.799999
    endloop
  endfacet
  facet normal 0.537415 -0.843318 0
    outer loop
      vertex -3.1 25.1694 0.799999
      vertex -3.55617 24.8787 0
      vertex -3.1 25.1694 0
    endloop
  endfacet
  facet normal -0.608683 -0.793414 0
    outer loop
      vertex 3.55617 24.8787 0
      vertex 3.98528 24.5495 0.799999
      vertex 3.55617 24.8787 0.799999
    endloop
  endfacet
  facet normal -0.608683 -0.793414 -0
    outer loop
      vertex 3.98528 24.5495 0.799999
      vertex 3.55617 24.8787 0
      vertex 3.98528 24.5495 0
    endloop
  endfacet
  facet normal -0.991443 0.130541 0
    outer loop
      vertex 6.10581 18.7234 0
      vertex 6.17641 19.2596 0.799999
      vertex 6.17641 19.2596 0
    endloop
  endfacet
  facet normal -0.991443 0.130541 0
    outer loop
      vertex 6.17641 19.2596 0.799999
      vertex 6.10581 18.7234 0
      vertex 6.10581 18.7234 0.799999
    endloop
  endfacet
  facet normal -0.923881 0.382679 0
    outer loop
      vertex 5.61911 17.1798 0
      vertex 5.82609 17.6795 0.799999
      vertex 5.82609 17.6795 0
    endloop
  endfacet
  facet normal -0.923881 0.382679 0
    outer loop
      vertex 5.82609 17.6795 0.799999
      vertex 5.61911 17.1798 0
      vertex 5.61911 17.1798 0.799999
    endloop
  endfacet
  facet normal 0.976299 0.216427 0
    outer loop
      vertex -5.98874 18.1953 0.799999
      vertex -6.10581 18.7234 0
      vertex -6.10581 18.7234 0.799999
    endloop
  endfacet
  facet normal 0.976299 0.216427 0
    outer loop
      vertex -6.10581 18.7234 0
      vertex -5.98874 18.1953 0.799999
      vertex -5.98874 18.1953 0
    endloop
  endfacet
  facet normal -0.793353 0.608761 0
    outer loop
      vertex 4.74948 15.8147 0
      vertex 5.07874 16.2438 0.799999
      vertex 5.07874 16.2438 0
    endloop
  endfacet
  facet normal -0.793353 0.608761 0
    outer loop
      vertex 5.07874 16.2438 0.799999
      vertex 4.74948 15.8147 0
      vertex 4.74948 15.8147 0.799999
    endloop
  endfacet
  facet normal 0.843401 0.537285 0
    outer loop
      vertex -5.07874 16.2438 0.799999
      vertex -5.36936 16.7 0
      vertex -5.36936 16.7 0.799999
    endloop
  endfacet
  facet normal 0.843401 0.537285 0
    outer loop
      vertex -5.36936 16.7 0
      vertex -5.07874 16.2438 0.799999
      vertex -5.07874 16.2438 0
    endloop
  endfacet
  facet normal 0.675576 -0.737291 0
    outer loop
      vertex -4.38406 24.1841 0
      vertex -3.98528 24.5495 0.799999
      vertex -4.38406 24.1841 0.799999
    endloop
  endfacet
  facet normal 0.675576 -0.737291 0
    outer loop
      vertex -3.98528 24.5495 0.799999
      vertex -4.38406 24.1841 0
      vertex -3.98528 24.5495 0
    endloop
  endfacet
  facet normal 0.887025 0.461722 0
    outer loop
      vertex -5.36936 16.7 0.799999
      vertex -5.61911 17.1798 0
      vertex -5.61911 17.1798 0.799999
    endloop
  endfacet
  facet normal 0.887025 0.461722 0
    outer loop
      vertex -5.61911 17.1798 0
      vertex -5.36936 16.7 0.799999
      vertex -5.36936 16.7 0
    endloop
  endfacet
  facet normal -0.300632 0.95374 0
    outer loop
      vertex 2.12052 13.9739 0
      vertex 1.60468 13.8113 0.799999
      vertex 2.12052 13.9739 0.799999
    endloop
  endfacet
  facet normal -0.300632 0.95374 0
    outer loop
      vertex 1.60468 13.8113 0.799999
      vertex 2.12052 13.9739 0
      vertex 1.60468 13.8113 0
    endloop
  endfacet
  facet normal 0.216496 0.976284 -0
    outer loop
      vertex -1.07662 13.6942 0
      vertex -1.60468 13.8113 0.799999
      vertex -1.07662 13.6942 0.799999
    endloop
  endfacet
  facet normal 0.216496 0.976284 0
    outer loop
      vertex -1.60468 13.8113 0.799999
      vertex -1.07662 13.6942 0
      vertex -1.60468 13.8113 0
    endloop
  endfacet
  facet normal 0.300632 -0.95374 0
    outer loop
      vertex -2.12052 25.6261 0
      vertex -1.60468 25.7887 0.799999
      vertex -2.12052 25.6261 0.799999
    endloop
  endfacet
  facet normal 0.300632 -0.95374 0
    outer loop
      vertex -1.60468 25.7887 0.799999
      vertex -2.12052 25.6261 0
      vertex -1.60468 25.7887 0
    endloop
  endfacet
  facet normal -0.976299 0.216427 0
    outer loop
      vertex 5.98874 18.1953 0
      vertex 6.10581 18.7234 0.799999
      vertex 6.10581 18.7234 0
    endloop
  endfacet
  facet normal -0.976299 0.216427 0
    outer loop
      vertex 6.10581 18.7234 0.799999
      vertex 5.98874 18.1953 0
      vertex 5.98874 18.1953 0.799999
    endloop
  endfacet
  facet normal -0.843401 0.537285 0
    outer loop
      vertex 5.07874 16.2438 0
      vertex 5.36936 16.7 0.799999
      vertex 5.36936 16.7 0
    endloop
  endfacet
  facet normal -0.843401 0.537285 0
    outer loop
      vertex 5.36936 16.7 0.799999
      vertex 5.07874 16.2438 0
      vertex 5.07874 16.2438 0.799999
    endloop
  endfacet
  facet normal 0.923881 -0.382679 0
    outer loop
      vertex -5.82609 21.9205 0.799999
      vertex -5.61911 22.4202 0
      vertex -5.61911 22.4202 0.799999
    endloop
  endfacet
  facet normal 0.923881 -0.382679 0
    outer loop
      vertex -5.61911 22.4202 0
      vertex -5.82609 21.9205 0.799999
      vertex -5.82609 21.9205 0
    endloop
  endfacet
  facet normal -0.537415 0.843318 0
    outer loop
      vertex 3.55617 14.7213 0
      vertex 3.1 14.4306 0.799999
      vertex 3.55617 14.7213 0.799999
    endloop
  endfacet
  facet normal -0.537415 0.843318 0
    outer loop
      vertex 3.1 14.4306 0.799999
      vertex 3.55617 14.7213 0
      vertex 3.1 14.4306 0
    endloop
  endfacet
  facet normal -0.737289 -0.675577 0
    outer loop
      vertex 4.74948 23.7853 0
      vertex 4.38406 24.1841 0.799999
      vertex 4.38406 24.1841 0
    endloop
  endfacet
  facet normal -0.737289 -0.675577 0
    outer loop
      vertex 4.38406 24.1841 0.799999
      vertex 4.74948 23.7853 0
      vertex 4.74948 23.7853 0.799999
    endloop
  endfacet
  facet normal -0.461672 0.887051 0
    outer loop
      vertex 3.1 14.4306 0
      vertex 2.62023 14.1809 0.799999
      vertex 3.1 14.4306 0.799999
    endloop
  endfacet
  facet normal -0.461672 0.887051 0
    outer loop
      vertex 2.62023 14.1809 0.799999
      vertex 3.1 14.4306 0
      vertex 2.62023 14.1809 0
    endloop
  endfacet
  facet normal 0.675576 0.737291 -0
    outer loop
      vertex -3.98528 15.0505 0
      vertex -4.38406 15.4159 0.799999
      vertex -3.98528 15.0505 0.799999
    endloop
  endfacet
  facet normal 0.675576 0.737291 0
    outer loop
      vertex -4.38406 15.4159 0.799999
      vertex -3.98528 15.0505 0
      vertex -4.38406 15.4159 0
    endloop
  endfacet
  facet normal 0.130527 0.991445 -0
    outer loop
      vertex -0.540365 13.6236 0
      vertex -1.07662 13.6942 0.799999
      vertex -0.540365 13.6236 0.799999
    endloop
  endfacet
  facet normal 0.130527 0.991445 0
    outer loop
      vertex -1.07662 13.6942 0.799999
      vertex -0.540365 13.6236 0
      vertex -1.07662 13.6942 0
    endloop
  endfacet
  facet normal 0.0436326 0.999048 -0
    outer loop
      vertex 0 13.6 0
      vertex -0.540365 13.6236 0.799999
      vertex 0 13.6 0.799999
    endloop
  endfacet
  facet normal 0.0436326 0.999048 0
    outer loop
      vertex -0.540365 13.6236 0.799999
      vertex 0 13.6 0
      vertex -0.540365 13.6236 0
    endloop
  endfacet
  facet normal 0.461672 -0.887051 0
    outer loop
      vertex -3.1 25.1694 0
      vertex -2.62023 25.4191 0.799999
      vertex -3.1 25.1694 0.799999
    endloop
  endfacet
  facet normal 0.461672 -0.887051 0
    outer loop
      vertex -2.62023 25.4191 0.799999
      vertex -3.1 25.1694 0
      vertex -2.62023 25.4191 0
    endloop
  endfacet
  facet normal 0.793353 -0.608761 0
    outer loop
      vertex -5.07874 23.3562 0.799999
      vertex -4.74948 23.7853 0
      vertex -4.74948 23.7853 0.799999
    endloop
  endfacet
  facet normal 0.793353 -0.608761 0
    outer loop
      vertex -4.74948 23.7853 0
      vertex -5.07874 23.3562 0.799999
      vertex -5.07874 23.3562 0
    endloop
  endfacet
  facet normal 0.382704 -0.923871 0
    outer loop
      vertex -2.62023 25.4191 0
      vertex -2.12052 25.6261 0.799999
      vertex -2.62023 25.4191 0.799999
    endloop
  endfacet
  facet normal 0.382704 -0.923871 0
    outer loop
      vertex -2.12052 25.6261 0.799999
      vertex -2.62023 25.4191 0
      vertex -2.12052 25.6261 0
    endloop
  endfacet
  facet normal 0.843401 -0.537285 0
    outer loop
      vertex -5.36936 22.9 0.799999
      vertex -5.07874 23.3562 0
      vertex -5.07874 23.3562 0.799999
    endloop
  endfacet
  facet normal 0.843401 -0.537285 0
    outer loop
      vertex -5.07874 23.3562 0
      vertex -5.36936 22.9 0.799999
      vertex -5.36936 22.9 0
    endloop
  endfacet
  facet normal 0.737289 -0.675577 0
    outer loop
      vertex -4.74948 23.7853 0.799999
      vertex -4.38406 24.1841 0
      vertex -4.38406 24.1841 0.799999
    endloop
  endfacet
  facet normal 0.737289 -0.675577 0
    outer loop
      vertex -4.38406 24.1841 0
      vertex -4.74948 23.7853 0.799999
      vertex -4.74948 23.7853 0
    endloop
  endfacet
endsolid OpenSCAD_Model
