solid OpenSCAD_Model
  facet normal 1 -0 0
    outer loop
      vertex -16.8 9.8 19.3
      vertex -16.8 27.8 3.3
      vertex -16.8 27.8 19.3
    endloop
  endfacet
  facet normal 1 0 0
    outer loop
      vertex -16.8 27.8 3.3
      vertex -16.8 9.8 19.3
      vertex -16.8 9.8 3.3
    endloop
  endfacet
  facet normal 0 0 1
    outer loop
      vertex 16.8 9.8 19.3
      vertex -16.6 6.6 19.3
      vertex 16.6 6.6 19.3
    endloop
  endfacet
  facet normal 0 0 1
    outer loop
      vertex -19.8 -29.8 19.3
      vertex -16.6 6.6 19.3
      vertex -16.8 9.8 19.3
    endloop
  endfacet
  facet normal -0 0 1
    outer loop
      vertex -16.8 9.8 19.3
      vertex -16.6 6.6 19.3
      vertex 16.8 9.8 19.3
    endloop
  endfacet
  facet normal 0 0 1
    outer loop
      vertex 16.8 9.8 19.3
      vertex 19.8 29.8 19.3
      vertex 16.8 27.8 19.3
    endloop
  endfacet
  facet normal 0 0 1
    outer loop
      vertex 19.8 29.8 19.3
      vertex -16.8 27.8 19.3
      vertex 16.8 27.8 19.3
    endloop
  endfacet
  facet normal 0 0 1
    outer loop
      vertex -16.8 27.8 19.3
      vertex -19.8 29.8 19.3
      vertex -16.8 9.8 19.3
    endloop
  endfacet
  facet normal -0 0 1
    outer loop
      vertex -19.8 29.8 19.3
      vertex -16.8 27.8 19.3
      vertex 19.8 29.8 19.3
    endloop
  endfacet
  facet normal 0 0 1
    outer loop
      vertex 19.8 29.8 19.3
      vertex 16.8 9.8 19.3
      vertex 19.8 -29.8 19.3
    endloop
  endfacet
  facet normal -0 0 1
    outer loop
      vertex 16.6 6.6 19.3
      vertex 19.8 -29.8 19.3
      vertex 16.8 9.8 19.3
    endloop
  endfacet
  facet normal -0 0 1
    outer loop
      vertex 16.6 -26.6 19.3
      vertex 19.8 -29.8 19.3
      vertex 16.6 6.6 19.3
    endloop
  endfacet
  facet normal -0 0 1
    outer loop
      vertex -16.6 -26.6 19.3
      vertex 19.8 -29.8 19.3
      vertex 16.6 -26.6 19.3
    endloop
  endfacet
  facet normal 0 0 1
    outer loop
      vertex -19.8 -29.8 19.3
      vertex -16.8 9.8 19.3
      vertex -19.8 29.8 19.3
    endloop
  endfacet
  facet normal 0 0 1
    outer loop
      vertex -16.6 -26.6 19.3
      vertex -19.8 -29.8 19.3
      vertex 19.8 -29.8 19.3
    endloop
  endfacet
  facet normal 0 0 1
    outer loop
      vertex -16.6 6.6 19.3
      vertex -19.8 -29.8 19.3
      vertex -16.6 -26.6 19.3
    endloop
  endfacet
  facet normal 0 0 -1
    outer loop
      vertex 19.8 29.8 0
      vertex 6.17641 19.2596 0
      vertex 6.2 19.8 0
    endloop
  endfacet
  facet normal 0 0 -1
    outer loop
      vertex 7.375 2.77387 0
      vertex 6.10581 18.7234 0
      vertex 6.17641 19.2596 0
    endloop
  endfacet
  facet normal 0 0 -1
    outer loop
      vertex 7.375 2.77387 0
      vertex 5.98874 18.1953 0
      vertex 6.10581 18.7234 0
    endloop
  endfacet
  facet normal 0 0 -1
    outer loop
      vertex 7.375 2.77387 0
      vertex 5.82609 17.6795 0
      vertex 5.98874 18.1953 0
    endloop
  endfacet
  facet normal 0 0 -1
    outer loop
      vertex 7.375 2.77387 0
      vertex 5.61911 17.1798 0
      vertex 5.82609 17.6795 0
    endloop
  endfacet
  facet normal 0 0 -1
    outer loop
      vertex 7.375 2.77387 0
      vertex 5.36936 16.7 0
      vertex 5.61911 17.1798 0
    endloop
  endfacet
  facet normal 0 0 -1
    outer loop
      vertex 7.375 2.77387 0
      vertex 5.07874 16.2438 0
      vertex 5.36936 16.7 0
    endloop
  endfacet
  facet normal 0 0 -1
    outer loop
      vertex 3.98528 15.0505 0
      vertex 6.23362 3.36804 0
      vertex 5.0448 3.86047 0
    endloop
  endfacet
  facet normal 0 0 -1
    outer loop
      vertex 7.375 2.77387 0
      vertex 4.74948 15.8147 0
      vertex 5.07874 16.2438 0
    endloop
  endfacet
  facet normal 0 0 -1
    outer loop
      vertex 6.23362 3.36804 0
      vertex 4.38406 15.4159 0
      vertex 4.74948 15.8147 0
    endloop
  endfacet
  facet normal 0 0 -1
    outer loop
      vertex 6.23362 3.36804 0
      vertex 3.98528 15.0505 0
      vertex 4.38406 15.4159 0
    endloop
  endfacet
  facet normal 0 0 -1
    outer loop
      vertex 3.1 14.4306 0
      vertex 5.0448 3.86047 0
      vertex 3.81758 4.24741 0
    endloop
  endfacet
  facet normal 0 0 -1
    outer loop
      vertex 5.0448 3.86047 0
      vertex 3.55617 14.7213 0
      vertex 3.98528 15.0505 0
    endloop
  endfacet
  facet normal 0 0 -1
    outer loop
      vertex 5.0448 3.86047 0
      vertex 3.1 14.4306 0
      vertex 3.55617 14.7213 0
    endloop
  endfacet
  facet normal 0 0 -1
    outer loop
      vertex 3.81758 4.24741 0
      vertex 2.62023 14.1809 0
      vertex 3.1 14.4306 0
    endloop
  endfacet
  facet normal 0 0 -1
    outer loop
      vertex 2.56131 4.52591 0
      vertex 2.62023 14.1809 0
      vertex 3.81758 4.24741 0
    endloop
  endfacet
  facet normal 0 0 -1
    outer loop
      vertex 2.56131 4.52591 0
      vertex 2.12052 13.9739 0
      vertex 2.62023 14.1809 0
    endloop
  endfacet
  facet normal 0 0 -1
    outer loop
      vertex 2.56131 4.52591 0
      vertex 1.60468 13.8113 0
      vertex 2.12052 13.9739 0
    endloop
  endfacet
  facet normal 0 0 -1
    outer loop
      vertex 1.28555 4.69387 0
      vertex 1.60468 13.8113 0
      vertex 2.56131 4.52591 0
    endloop
  endfacet
  facet normal 0 0 -1
    outer loop
      vertex 1.28555 4.69387 0
      vertex 1.07662 13.6942 0
      vertex 1.60468 13.8113 0
    endloop
  endfacet
  facet normal 0 0 -1
    outer loop
      vertex 1.28555 4.69387 0
      vertex 0.540365 13.6236 0
      vertex 1.07662 13.6942 0
    endloop
  endfacet
  facet normal 0 0 -1
    outer loop
      vertex 0 4.75 0
      vertex 0.540365 13.6236 0
      vertex 1.28555 4.69387 0
    endloop
  endfacet
  facet normal 0 0 -1
    outer loop
      vertex 0 4.75 0
      vertex 0 13.6 0
      vertex 0.540365 13.6236 0
    endloop
  endfacet
  facet normal 0 0 -1
    outer loop
      vertex 0 4.75 0
      vertex -0.540365 13.6236 0
      vertex 0 13.6 0
    endloop
  endfacet
  facet normal 0 0 -1
    outer loop
      vertex -1.28555 4.69387 0
      vertex -0.540365 13.6236 0
      vertex 0 4.75 0
    endloop
  endfacet
  facet normal -0 0 -1
    outer loop
      vertex -0.540365 13.6236 0
      vertex -1.28555 4.69387 0
      vertex -1.07662 13.6942 0
    endloop
  endfacet
  facet normal 0 0 -1
    outer loop
      vertex -1.28555 4.69387 0
      vertex -1.60468 13.8113 0
      vertex -1.07662 13.6942 0
    endloop
  endfacet
  facet normal 0 0 -1
    outer loop
      vertex -2.56131 4.52591 0
      vertex -1.60468 13.8113 0
      vertex -1.28555 4.69387 0
    endloop
  endfacet
  facet normal -0 0 -1
    outer loop
      vertex -1.60468 13.8113 0
      vertex -2.56131 4.52591 0
      vertex -2.12052 13.9739 0
    endloop
  endfacet
  facet normal 0 0 -1
    outer loop
      vertex -2.56131 4.52591 0
      vertex -2.62023 14.1809 0
      vertex -2.12052 13.9739 0
    endloop
  endfacet
  facet normal 0 0 -1
    outer loop
      vertex -3.81758 4.24741 0
      vertex -2.62023 14.1809 0
      vertex -2.56131 4.52591 0
    endloop
  endfacet
  facet normal -0 0 -1
    outer loop
      vertex -2.62023 14.1809 0
      vertex -3.81758 4.24741 0
      vertex -3.1 14.4306 0
    endloop
  endfacet
  facet normal 0 0 -1
    outer loop
      vertex -5.0448 3.86047 0
      vertex -3.1 14.4306 0
      vertex -3.81758 4.24741 0
    endloop
  endfacet
  facet normal -0 0 -1
    outer loop
      vertex -3.1 14.4306 0
      vertex -5.0448 3.86047 0
      vertex -3.55617 14.7213 0
    endloop
  endfacet
  facet normal -0 0 -1
    outer loop
      vertex -3.55617 14.7213 0
      vertex -5.0448 3.86047 0
      vertex -3.98528 15.0505 0
    endloop
  endfacet
  facet normal 0 0 -1
    outer loop
      vertex -6.23362 3.36804 0
      vertex -3.98528 15.0505 0
      vertex -5.0448 3.86047 0
    endloop
  endfacet
  facet normal -0 0 -1
    outer loop
      vertex -3.98528 15.0505 0
      vertex -6.23362 3.36804 0
      vertex -4.38406 15.4159 0
    endloop
  endfacet
  facet normal -0 0 -1
    outer loop
      vertex -4.38406 15.4159 0
      vertex -6.23362 3.36804 0
      vertex -4.74948 15.8147 0
    endloop
  endfacet
  facet normal 0 0 -1
    outer loop
      vertex -7.375 2.77387 0
      vertex -4.74948 15.8147 0
      vertex -6.23362 3.36804 0
    endloop
  endfacet
  facet normal -0 0 -1
    outer loop
      vertex -4.74948 15.8147 0
      vertex -7.375 2.77387 0
      vertex -5.07874 16.2438 0
    endloop
  endfacet
  facet normal 0 0 -1
    outer loop
      vertex -8.46025 2.08249 0
      vertex -5.07874 16.2438 0
      vertex -7.375 2.77387 0
    endloop
  endfacet
  facet normal -0 0 -1
    outer loop
      vertex -5.07874 16.2438 0
      vertex -8.46025 2.08249 0
      vertex -5.36936 16.7 0
    endloop
  endfacet
  facet normal -0 0 -1
    outer loop
      vertex -5.36936 16.7 0
      vertex -8.46025 2.08249 0
      vertex -5.61911 17.1798 0
    endloop
  endfacet
  facet normal 0 0 -1
    outer loop
      vertex -9.48112 1.29916 0
      vertex -5.61911 17.1798 0
      vertex -8.46025 2.08249 0
    endloop
  endfacet
  facet normal 0 0 -1
    outer loop
      vertex -10.4298 0.429825 0
      vertex -5.82609 17.6795 0
      vertex -9.48112 1.29916 0
    endloop
  endfacet
  facet normal -0 0 -1
    outer loop
      vertex -5.61911 17.1798 0
      vertex -9.48112 1.29916 0
      vertex -5.82609 17.6795 0
    endloop
  endfacet
  facet normal 0 0 -1
    outer loop
      vertex 14.6939 -8.71445 0
      vertex 19.8 -29.8 0
      vertex 14.75 -10 0
    endloop
  endfacet
  facet normal 0 0 -1
    outer loop
      vertex 19.8 -29.8 0
      vertex 14.6939 -11.2855 0
      vertex 14.75 -10 0
    endloop
  endfacet
  facet normal 0 0 -1
    outer loop
      vertex 19.8 -29.8 0
      vertex 14.5259 -12.5613 0
      vertex 14.6939 -11.2855 0
    endloop
  endfacet
  facet normal 0 0 -1
    outer loop
      vertex 19.8 -29.8 0
      vertex 14.2474 -13.8176 0
      vertex 14.5259 -12.5613 0
    endloop
  endfacet
  facet normal 0 0 -1
    outer loop
      vertex 19.8 -29.8 0
      vertex 13.8605 -15.0448 0
      vertex 14.2474 -13.8176 0
    endloop
  endfacet
  facet normal 0 0 -1
    outer loop
      vertex 19.8 -29.8 0
      vertex 13.368 -16.2336 0
      vertex 13.8605 -15.0448 0
    endloop
  endfacet
  facet normal 0 0 -1
    outer loop
      vertex 19.8 -29.8 0
      vertex 12.7739 -17.375 0
      vertex 13.368 -16.2336 0
    endloop
  endfacet
  facet normal 0 0 -1
    outer loop
      vertex 19.8 -29.8 0
      vertex 12.0825 -18.4603 0
      vertex 12.7739 -17.375 0
    endloop
  endfacet
  facet normal 0 0 -1
    outer loop
      vertex 19.8 -29.8 0
      vertex 11.2992 -19.4811 0
      vertex 12.0825 -18.4603 0
    endloop
  endfacet
  facet normal 0 0 -1
    outer loop
      vertex 19.8 -29.8 0
      vertex 10.4298 -20.4298 0
      vertex 11.2992 -19.4811 0
    endloop
  endfacet
  facet normal 0 0 -1
    outer loop
      vertex 19.8 -29.8 0
      vertex 9.48112 -21.2992 0
      vertex 10.4298 -20.4298 0
    endloop
  endfacet
  facet normal 0 0 -1
    outer loop
      vertex 19.8 -29.8 0
      vertex 8.46025 -22.0825 0
      vertex 9.48112 -21.2992 0
    endloop
  endfacet
  facet normal 0 0 -1
    outer loop
      vertex 19.8 -29.8 0
      vertex 7.375 -22.7739 0
      vertex 8.46025 -22.0825 0
    endloop
  endfacet
  facet normal 0 0 -1
    outer loop
      vertex 19.8 -29.8 0
      vertex 6.23362 -23.368 0
      vertex 7.375 -22.7739 0
    endloop
  endfacet
  facet normal 0 0 -1
    outer loop
      vertex 19.8 -29.8 0
      vertex 5.0448 -23.8605 0
      vertex 6.23362 -23.368 0
    endloop
  endfacet
  facet normal 0 0 -1
    outer loop
      vertex 19.8 -29.8 0
      vertex 3.81758 -24.2474 0
      vertex 5.0448 -23.8605 0
    endloop
  endfacet
  facet normal 0 0 -1
    outer loop
      vertex 19.8 -29.8 0
      vertex 2.56131 -24.5259 0
      vertex 3.81758 -24.2474 0
    endloop
  endfacet
  facet normal 0 0 -1
    outer loop
      vertex 19.8 -29.8 0
      vertex 1.28555 -24.6939 0
      vertex 2.56131 -24.5259 0
    endloop
  endfacet
  facet normal 0 0 -1
    outer loop
      vertex 19.8 -29.8 0
      vertex 0 -24.75 0
      vertex 1.28555 -24.6939 0
    endloop
  endfacet
  facet normal 0 0 -1
    outer loop
      vertex -19.8 -29.8 0
      vertex 0 -24.75 0
      vertex 19.8 -29.8 0
    endloop
  endfacet
  facet normal -0 0 -1
    outer loop
      vertex 0 -24.75 0
      vertex -19.8 -29.8 0
      vertex -1.28555 -24.6939 0
    endloop
  endfacet
  facet normal -0 0 -1
    outer loop
      vertex -1.28555 -24.6939 0
      vertex -19.8 -29.8 0
      vertex -2.56131 -24.5259 0
    endloop
  endfacet
  facet normal -0 0 -1
    outer loop
      vertex -14.6939 -11.2855 0
      vertex -19.8 -29.8 0
      vertex -14.75 -10 0
    endloop
  endfacet
  facet normal -0 0 -1
    outer loop
      vertex -14.5259 -12.5613 0
      vertex -19.8 -29.8 0
      vertex -14.6939 -11.2855 0
    endloop
  endfacet
  facet normal -0 0 -1
    outer loop
      vertex -14.2474 -13.8176 0
      vertex -19.8 -29.8 0
      vertex -14.5259 -12.5613 0
    endloop
  endfacet
  facet normal -0 0 -1
    outer loop
      vertex -13.8605 -15.0448 0
      vertex -19.8 -29.8 0
      vertex -14.2474 -13.8176 0
    endloop
  endfacet
  facet normal -0 0 -1
    outer loop
      vertex -13.368 -16.2336 0
      vertex -19.8 -29.8 0
      vertex -13.8605 -15.0448 0
    endloop
  endfacet
  facet normal -0 0 -1
    outer loop
      vertex -12.7739 -17.375 0
      vertex -19.8 -29.8 0
      vertex -13.368 -16.2336 0
    endloop
  endfacet
  facet normal -0 0 -1
    outer loop
      vertex -12.0825 -18.4603 0
      vertex -19.8 -29.8 0
      vertex -12.7739 -17.375 0
    endloop
  endfacet
  facet normal -0 0 -1
    outer loop
      vertex -11.2992 -19.4811 0
      vertex -19.8 -29.8 0
      vertex -12.0825 -18.4603 0
    endloop
  endfacet
  facet normal -0 0 -1
    outer loop
      vertex -10.4298 -20.4298 0
      vertex -19.8 -29.8 0
      vertex -11.2992 -19.4811 0
    endloop
  endfacet
  facet normal -0 0 -1
    outer loop
      vertex -9.48112 -21.2992 0
      vertex -19.8 -29.8 0
      vertex -10.4298 -20.4298 0
    endloop
  endfacet
  facet normal -0 0 -1
    outer loop
      vertex -8.46025 -22.0825 0
      vertex -19.8 -29.8 0
      vertex -9.48112 -21.2992 0
    endloop
  endfacet
  facet normal -0 0 -1
    outer loop
      vertex -7.375 -22.7739 0
      vertex -19.8 -29.8 0
      vertex -8.46025 -22.0825 0
    endloop
  endfacet
  facet normal -0 0 -1
    outer loop
      vertex -6.23362 -23.368 0
      vertex -19.8 -29.8 0
      vertex -7.375 -22.7739 0
    endloop
  endfacet
  facet normal -0 0 -1
    outer loop
      vertex -5.0448 -23.8605 0
      vertex -19.8 -29.8 0
      vertex -6.23362 -23.368 0
    endloop
  endfacet
  facet normal -0 0 -1
    outer loop
      vertex -3.81758 -24.2474 0
      vertex -19.8 -29.8 0
      vertex -5.0448 -23.8605 0
    endloop
  endfacet
  facet normal -0 0 -1
    outer loop
      vertex -2.56131 -24.5259 0
      vertex -19.8 -29.8 0
      vertex -3.81758 -24.2474 0
    endloop
  endfacet
  facet normal 0 0 -1
    outer loop
      vertex 19.8 -29.8 0
      vertex 14.6939 -8.71445 0
      vertex 19.8 29.8 0
    endloop
  endfacet
  facet normal 0 0 -1
    outer loop
      vertex 14.5259 -7.43869 0
      vertex 19.8 29.8 0
      vertex 14.6939 -8.71445 0
    endloop
  endfacet
  facet normal 0 0 -1
    outer loop
      vertex 14.2474 -6.18242 0
      vertex 19.8 29.8 0
      vertex 14.5259 -7.43869 0
    endloop
  endfacet
  facet normal 0 0 -1
    outer loop
      vertex 13.8605 -4.9552 0
      vertex 19.8 29.8 0
      vertex 14.2474 -6.18242 0
    endloop
  endfacet
  facet normal 0 0 -1
    outer loop
      vertex 13.368 -3.76638 0
      vertex 19.8 29.8 0
      vertex 13.8605 -4.9552 0
    endloop
  endfacet
  facet normal 0 0 -1
    outer loop
      vertex 12.7739 -2.625 0
      vertex 19.8 29.8 0
      vertex 13.368 -3.76638 0
    endloop
  endfacet
  facet normal 0 0 -1
    outer loop
      vertex 12.0825 -1.53975 0
      vertex 19.8 29.8 0
      vertex 12.7739 -2.625 0
    endloop
  endfacet
  facet normal 0 0 -1
    outer loop
      vertex 11.2992 -0.518883 0
      vertex 19.8 29.8 0
      vertex 12.0825 -1.53975 0
    endloop
  endfacet
  facet normal 0 0 -1
    outer loop
      vertex 10.4298 0.429825 0
      vertex 19.8 29.8 0
      vertex 11.2992 -0.518883 0
    endloop
  endfacet
  facet normal 0 0 -1
    outer loop
      vertex 6.17641 19.2596 0
      vertex 10.4298 0.429825 0
      vertex 9.48112 1.29916 0
    endloop
  endfacet
  facet normal 0 0 -1
    outer loop
      vertex 6.17641 19.2596 0
      vertex 9.48112 1.29916 0
      vertex 8.46025 2.08249 0
    endloop
  endfacet
  facet normal 0 0 -1
    outer loop
      vertex 6.17641 19.2596 0
      vertex 8.46025 2.08249 0
      vertex 7.375 2.77387 0
    endloop
  endfacet
  facet normal 0 0 -1
    outer loop
      vertex 4.74948 15.8147 0
      vertex 7.375 2.77387 0
      vertex 6.23362 3.36804 0
    endloop
  endfacet
  facet normal 0 0 -1
    outer loop
      vertex 6.17641 19.2596 0
      vertex 19.8 29.8 0
      vertex 10.4298 0.429825 0
    endloop
  endfacet
  facet normal 0 0 -1
    outer loop
      vertex 6.17641 20.3404 0
      vertex 19.8 29.8 0
      vertex 6.2 19.8 0
    endloop
  endfacet
  facet normal 0 0 -1
    outer loop
      vertex 6.10581 20.8766 0
      vertex 19.8 29.8 0
      vertex 6.17641 20.3404 0
    endloop
  endfacet
  facet normal 0 0 -1
    outer loop
      vertex 5.98874 21.4047 0
      vertex 19.8 29.8 0
      vertex 6.10581 20.8766 0
    endloop
  endfacet
  facet normal 0 0 -1
    outer loop
      vertex 5.82609 21.9205 0
      vertex 19.8 29.8 0
      vertex 5.98874 21.4047 0
    endloop
  endfacet
  facet normal 0 0 -1
    outer loop
      vertex 5.61911 22.4202 0
      vertex 19.8 29.8 0
      vertex 5.82609 21.9205 0
    endloop
  endfacet
  facet normal 0 0 -1
    outer loop
      vertex 5.36936 22.9 0
      vertex 19.8 29.8 0
      vertex 5.61911 22.4202 0
    endloop
  endfacet
  facet normal 0 0 -1
    outer loop
      vertex 5.07874 23.3562 0
      vertex 19.8 29.8 0
      vertex 5.36936 22.9 0
    endloop
  endfacet
  facet normal 0 0 -1
    outer loop
      vertex 4.74948 23.7853 0
      vertex 19.8 29.8 0
      vertex 5.07874 23.3562 0
    endloop
  endfacet
  facet normal 0 0 -1
    outer loop
      vertex 4.38406 24.1841 0
      vertex 19.8 29.8 0
      vertex 4.74948 23.7853 0
    endloop
  endfacet
  facet normal 0 0 -1
    outer loop
      vertex 3.98528 24.5495 0
      vertex 19.8 29.8 0
      vertex 4.38406 24.1841 0
    endloop
  endfacet
  facet normal 0 0 -1
    outer loop
      vertex 3.55617 24.8787 0
      vertex 19.8 29.8 0
      vertex 3.98528 24.5495 0
    endloop
  endfacet
  facet normal 0 0 -1
    outer loop
      vertex 3.1 25.1694 0
      vertex 19.8 29.8 0
      vertex 3.55617 24.8787 0
    endloop
  endfacet
  facet normal 0 0 -1
    outer loop
      vertex 2.62023 25.4191 0
      vertex 19.8 29.8 0
      vertex 3.1 25.1694 0
    endloop
  endfacet
  facet normal 0 0 -1
    outer loop
      vertex 2.12052 25.6261 0
      vertex 19.8 29.8 0
      vertex 2.62023 25.4191 0
    endloop
  endfacet
  facet normal 0 0 -1
    outer loop
      vertex 1.60468 25.7887 0
      vertex 19.8 29.8 0
      vertex 2.12052 25.6261 0
    endloop
  endfacet
  facet normal 0 0 -1
    outer loop
      vertex 1.07662 25.9058 0
      vertex 19.8 29.8 0
      vertex 1.60468 25.7887 0
    endloop
  endfacet
  facet normal 0 0 -1
    outer loop
      vertex 0.540365 25.9764 0
      vertex 19.8 29.8 0
      vertex 1.07662 25.9058 0
    endloop
  endfacet
  facet normal 0 0 -1
    outer loop
      vertex 0 26 0
      vertex 19.8 29.8 0
      vertex 0.540365 25.9764 0
    endloop
  endfacet
  facet normal 0 0 -1
    outer loop
      vertex -19.8 29.8 0
      vertex 0 26 0
      vertex -0.540365 25.9764 0
    endloop
  endfacet
  facet normal 0 0 -1
    outer loop
      vertex -19.8 29.8 0
      vertex -0.540365 25.9764 0
      vertex -1.07662 25.9058 0
    endloop
  endfacet
  facet normal -0 0 -1
    outer loop
      vertex -5.82609 17.6795 0
      vertex -10.4298 0.429825 0
      vertex -5.98874 18.1953 0
    endloop
  endfacet
  facet normal 0 0 -1
    outer loop
      vertex -19.8 29.8 0
      vertex -5.98874 18.1953 0
      vertex -10.4298 0.429825 0
    endloop
  endfacet
  facet normal 0 0 -1
    outer loop
      vertex -5.98874 18.1953 0
      vertex -19.8 29.8 0
      vertex -6.10581 18.7234 0
    endloop
  endfacet
  facet normal 0 0 -1
    outer loop
      vertex -6.10581 18.7234 0
      vertex -19.8 29.8 0
      vertex -6.17641 19.2596 0
    endloop
  endfacet
  facet normal 0 0 -1
    outer loop
      vertex -6.2 19.8 0
      vertex -19.8 29.8 0
      vertex -6.17641 20.3404 0
    endloop
  endfacet
  facet normal 0 0 -1
    outer loop
      vertex -6.17641 19.2596 0
      vertex -19.8 29.8 0
      vertex -6.2 19.8 0
    endloop
  endfacet
  facet normal 0 0 -1
    outer loop
      vertex -19.8 29.8 0
      vertex -10.4298 0.429825 0
      vertex -11.2992 -0.518883 0
    endloop
  endfacet
  facet normal 0 0 -1
    outer loop
      vertex -6.17641 20.3404 0
      vertex -19.8 29.8 0
      vertex -6.10581 20.8766 0
    endloop
  endfacet
  facet normal 0 0 -1
    outer loop
      vertex -19.8 29.8 0
      vertex -11.2992 -0.518883 0
      vertex -12.0825 -1.53975 0
    endloop
  endfacet
  facet normal 0 0 -1
    outer loop
      vertex -19.8 29.8 0
      vertex -12.0825 -1.53975 0
      vertex -12.7739 -2.625 0
    endloop
  endfacet
  facet normal 0 0 -1
    outer loop
      vertex -19.8 29.8 0
      vertex -12.7739 -2.625 0
      vertex -13.368 -3.76638 0
    endloop
  endfacet
  facet normal 0 0 -1
    outer loop
      vertex -19.8 29.8 0
      vertex -13.368 -3.76638 0
      vertex -13.8605 -4.9552 0
    endloop
  endfacet
  facet normal 0 0 -1
    outer loop
      vertex -19.8 29.8 0
      vertex -13.8605 -4.9552 0
      vertex -14.2474 -6.18242 0
    endloop
  endfacet
  facet normal 0 0 -1
    outer loop
      vertex -19.8 -29.8 0
      vertex -14.6939 -8.71445 0
      vertex -14.75 -10 0
    endloop
  endfacet
  facet normal 0 0 -1
    outer loop
      vertex -19.8 29.8 0
      vertex -14.6939 -8.71445 0
      vertex -19.8 -29.8 0
    endloop
  endfacet
  facet normal 0 0 -1
    outer loop
      vertex -14.6939 -8.71445 0
      vertex -19.8 29.8 0
      vertex -14.5259 -7.43869 0
    endloop
  endfacet
  facet normal 0 0 -1
    outer loop
      vertex 0 26 0
      vertex -19.8 29.8 0
      vertex 19.8 29.8 0
    endloop
  endfacet
  facet normal 0 0 -1
    outer loop
      vertex -1.60468 25.7887 0
      vertex -19.8 29.8 0
      vertex -1.07662 25.9058 0
    endloop
  endfacet
  facet normal 0 0 -1
    outer loop
      vertex -2.12052 25.6261 0
      vertex -19.8 29.8 0
      vertex -1.60468 25.7887 0
    endloop
  endfacet
  facet normal 0 0 -1
    outer loop
      vertex -2.62023 25.4191 0
      vertex -19.8 29.8 0
      vertex -2.12052 25.6261 0
    endloop
  endfacet
  facet normal 0 0 -1
    outer loop
      vertex -3.1 25.1694 0
      vertex -19.8 29.8 0
      vertex -2.62023 25.4191 0
    endloop
  endfacet
  facet normal 0 0 -1
    outer loop
      vertex -3.55617 24.8787 0
      vertex -19.8 29.8 0
      vertex -3.1 25.1694 0
    endloop
  endfacet
  facet normal 0 0 -1
    outer loop
      vertex -3.98528 24.5495 0
      vertex -19.8 29.8 0
      vertex -3.55617 24.8787 0
    endloop
  endfacet
  facet normal 0 0 -1
    outer loop
      vertex -4.38406 24.1841 0
      vertex -19.8 29.8 0
      vertex -3.98528 24.5495 0
    endloop
  endfacet
  facet normal 0 0 -1
    outer loop
      vertex -4.74948 23.7853 0
      vertex -19.8 29.8 0
      vertex -4.38406 24.1841 0
    endloop
  endfacet
  facet normal 0 0 -1
    outer loop
      vertex -5.07874 23.3562 0
      vertex -19.8 29.8 0
      vertex -4.74948 23.7853 0
    endloop
  endfacet
  facet normal 0 0 -1
    outer loop
      vertex -5.36936 22.9 0
      vertex -19.8 29.8 0
      vertex -5.07874 23.3562 0
    endloop
  endfacet
  facet normal 0 0 -1
    outer loop
      vertex -5.61911 22.4202 0
      vertex -19.8 29.8 0
      vertex -5.36936 22.9 0
    endloop
  endfacet
  facet normal 0 0 -1
    outer loop
      vertex -5.82609 21.9205 0
      vertex -19.8 29.8 0
      vertex -5.61911 22.4202 0
    endloop
  endfacet
  facet normal 0 0 -1
    outer loop
      vertex -5.98874 21.4047 0
      vertex -19.8 29.8 0
      vertex -5.82609 21.9205 0
    endloop
  endfacet
  facet normal 0 0 -1
    outer loop
      vertex -6.10581 20.8766 0
      vertex -19.8 29.8 0
      vertex -5.98874 21.4047 0
    endloop
  endfacet
  facet normal 0 0 -1
    outer loop
      vertex -14.5259 -7.43869 0
      vertex -19.8 29.8 0
      vertex -14.2474 -6.18242 0
    endloop
  endfacet
  facet normal -1 0 0
    outer loop
      vertex -19.8 -29.8 0
      vertex -19.8 29.8 19.3
      vertex -19.8 29.8 0
    endloop
  endfacet
  facet normal -1 -0 0
    outer loop
      vertex -19.8 29.8 19.3
      vertex -19.8 -29.8 0
      vertex -19.8 -29.8 19.3
    endloop
  endfacet
  facet normal 0 1 -0
    outer loop
      vertex 19.8 29.8 0
      vertex -19.8 29.8 19.3
      vertex 19.8 29.8 19.3
    endloop
  endfacet
  facet normal 0 1 0
    outer loop
      vertex -19.8 29.8 19.3
      vertex 19.8 29.8 0
      vertex -19.8 29.8 0
    endloop
  endfacet
  facet normal 1 -0 0
    outer loop
      vertex 19.8 -29.8 19.3
      vertex 19.8 29.8 0
      vertex 19.8 29.8 19.3
    endloop
  endfacet
  facet normal 1 0 0
    outer loop
      vertex 19.8 29.8 0
      vertex 19.8 -29.8 19.3
      vertex 19.8 -29.8 0
    endloop
  endfacet
  facet normal -1 0 0
    outer loop
      vertex 16.8 9.8 3.3
      vertex 16.8 27.8 19.3
      vertex 16.8 27.8 3.3
    endloop
  endfacet
  facet normal -1 -0 0
    outer loop
      vertex 16.8 27.8 19.3
      vertex 16.8 9.8 3.3
      vertex 16.8 9.8 19.3
    endloop
  endfacet
  facet normal 0 0 1
    outer loop
      vertex 7.07298 19.1812 3.3
      vertex 16.8 27.8 3.3
      vertex 7.1 19.8 3.3
    endloop
  endfacet
  facet normal 0 0 1
    outer loop
      vertex 16.8 27.8 3.3
      vertex 7.07298 20.4188 3.3
      vertex 7.1 19.8 3.3
    endloop
  endfacet
  facet normal 0 0 1
    outer loop
      vertex 16.8 27.8 3.3
      vertex 6.99213 21.0329 3.3
      vertex 7.07298 20.4188 3.3
    endloop
  endfacet
  facet normal 0 0 1
    outer loop
      vertex 16.8 27.8 3.3
      vertex 6.85807 21.6376 3.3
      vertex 6.99213 21.0329 3.3
    endloop
  endfacet
  facet normal 0 0 1
    outer loop
      vertex 16.8 27.8 3.3
      vertex 6.67182 22.2283 3.3
      vertex 6.85807 21.6376 3.3
    endloop
  endfacet
  facet normal 0 0 1
    outer loop
      vertex 16.8 27.8 3.3
      vertex 6.43478 22.8006 3.3
      vertex 6.67182 22.2283 3.3
    endloop
  endfacet
  facet normal 0 0 1
    outer loop
      vertex 16.8 27.8 3.3
      vertex 6.14878 23.35 3.3
      vertex 6.43478 22.8006 3.3
    endloop
  endfacet
  facet normal 0 0 1
    outer loop
      vertex 16.8 27.8 3.3
      vertex 5.81598 23.8724 3.3
      vertex 6.14878 23.35 3.3
    endloop
  endfacet
  facet normal 0 0 1
    outer loop
      vertex 16.8 27.8 3.3
      vertex 5.43892 24.3638 3.3
      vertex 5.81598 23.8724 3.3
    endloop
  endfacet
  facet normal 0 0 1
    outer loop
      vertex 16.8 27.8 3.3
      vertex 5.02046 24.8205 3.3
      vertex 5.43892 24.3638 3.3
    endloop
  endfacet
  facet normal 0 0 1
    outer loop
      vertex 16.8 27.8 3.3
      vertex 4.56379 25.2389 3.3
      vertex 5.02046 24.8205 3.3
    endloop
  endfacet
  facet normal 0 0 1
    outer loop
      vertex 16.8 27.8 3.3
      vertex 4.07239 25.616 3.3
      vertex 4.56379 25.2389 3.3
    endloop
  endfacet
  facet normal 0 0 1
    outer loop
      vertex 16.8 27.8 3.3
      vertex 3.55 25.9488 3.3
      vertex 4.07239 25.616 3.3
    endloop
  endfacet
  facet normal 0 0 1
    outer loop
      vertex 16.8 27.8 3.3
      vertex 3.00059 26.2348 3.3
      vertex 3.55 25.9488 3.3
    endloop
  endfacet
  facet normal 0 0 1
    outer loop
      vertex 16.8 27.8 3.3
      vertex 2.42834 26.4718 3.3
      vertex 3.00059 26.2348 3.3
    endloop
  endfacet
  facet normal 0 0 1
    outer loop
      vertex 16.8 27.8 3.3
      vertex 1.83762 26.6581 3.3
      vertex 2.42834 26.4718 3.3
    endloop
  endfacet
  facet normal 0 0 1
    outer loop
      vertex 16.8 27.8 3.3
      vertex 1.2329 26.7921 3.3
      vertex 1.83762 26.6581 3.3
    endloop
  endfacet
  facet normal 0 0 1
    outer loop
      vertex 16.8 27.8 3.3
      vertex 0.618805 26.873 3.3
      vertex 1.2329 26.7921 3.3
    endloop
  endfacet
  facet normal 0 0 1
    outer loop
      vertex 16.8 27.8 3.3
      vertex 0 26.9 3.3
      vertex 0.618805 26.873 3.3
    endloop
  endfacet
  facet normal -0 0 1
    outer loop
      vertex -16.8 27.8 3.3
      vertex 0 26.9 3.3
      vertex 16.8 27.8 3.3
    endloop
  endfacet
  facet normal 0 0 1
    outer loop
      vertex -7.07298 20.4188 3.3
      vertex -16.8 27.8 3.3
      vertex -7.1 19.8 3.3
    endloop
  endfacet
  facet normal 0 0 1
    outer loop
      vertex -6.99213 21.0329 3.3
      vertex -16.8 27.8 3.3
      vertex -7.07298 20.4188 3.3
    endloop
  endfacet
  facet normal 0 0 1
    outer loop
      vertex -6.85807 21.6376 3.3
      vertex -16.8 27.8 3.3
      vertex -6.99213 21.0329 3.3
    endloop
  endfacet
  facet normal 0 0 1
    outer loop
      vertex -6.67182 22.2283 3.3
      vertex -16.8 27.8 3.3
      vertex -6.85807 21.6376 3.3
    endloop
  endfacet
  facet normal 0 0 1
    outer loop
      vertex -6.43478 22.8006 3.3
      vertex -16.8 27.8 3.3
      vertex -6.67182 22.2283 3.3
    endloop
  endfacet
  facet normal 0 0 1
    outer loop
      vertex -6.14878 23.35 3.3
      vertex -16.8 27.8 3.3
      vertex -6.43478 22.8006 3.3
    endloop
  endfacet
  facet normal 0 0 1
    outer loop
      vertex -5.81598 23.8724 3.3
      vertex -16.8 27.8 3.3
      vertex -6.14878 23.35 3.3
    endloop
  endfacet
  facet normal 0 0 1
    outer loop
      vertex -5.43892 24.3638 3.3
      vertex -16.8 27.8 3.3
      vertex -5.81598 23.8724 3.3
    endloop
  endfacet
  facet normal 0 0 1
    outer loop
      vertex -5.02046 24.8205 3.3
      vertex -16.8 27.8 3.3
      vertex -5.43892 24.3638 3.3
    endloop
  endfacet
  facet normal 0 0 1
    outer loop
      vertex -4.56379 25.2389 3.3
      vertex -16.8 27.8 3.3
      vertex -5.02046 24.8205 3.3
    endloop
  endfacet
  facet normal 0 0 1
    outer loop
      vertex -4.07239 25.616 3.3
      vertex -16.8 27.8 3.3
      vertex -4.56379 25.2389 3.3
    endloop
  endfacet
  facet normal 0 0 1
    outer loop
      vertex -3.55 25.9488 3.3
      vertex -16.8 27.8 3.3
      vertex -4.07239 25.616 3.3
    endloop
  endfacet
  facet normal 0 0 1
    outer loop
      vertex -3.00059 26.2348 3.3
      vertex -16.8 27.8 3.3
      vertex -3.55 25.9488 3.3
    endloop
  endfacet
  facet normal 0 0 1
    outer loop
      vertex -2.42834 26.4718 3.3
      vertex -16.8 27.8 3.3
      vertex -3.00059 26.2348 3.3
    endloop
  endfacet
  facet normal 0 0 1
    outer loop
      vertex -1.83762 26.6581 3.3
      vertex -16.8 27.8 3.3
      vertex -2.42834 26.4718 3.3
    endloop
  endfacet
  facet normal 0 0 1
    outer loop
      vertex -1.2329 26.7921 3.3
      vertex -16.8 27.8 3.3
      vertex -1.83762 26.6581 3.3
    endloop
  endfacet
  facet normal 0 0 1
    outer loop
      vertex -0.618805 26.873 3.3
      vertex -16.8 27.8 3.3
      vertex -1.2329 26.7921 3.3
    endloop
  endfacet
  facet normal 0 0 1
    outer loop
      vertex 0 26.9 3.3
      vertex -16.8 27.8 3.3
      vertex -0.618805 26.873 3.3
    endloop
  endfacet
  facet normal 0 0 1
    outer loop
      vertex 16.8 27.8 3.3
      vertex 7.07298 19.1812 3.3
      vertex 16.8 9.8 3.3
    endloop
  endfacet
  facet normal -0 0 1
    outer loop
      vertex 6.99213 18.5671 3.3
      vertex 16.8 9.8 3.3
      vertex 7.07298 19.1812 3.3
    endloop
  endfacet
  facet normal -0 0 1
    outer loop
      vertex 6.85807 17.9624 3.3
      vertex 16.8 9.8 3.3
      vertex 6.99213 18.5671 3.3
    endloop
  endfacet
  facet normal -0 0 1
    outer loop
      vertex 6.67182 17.3717 3.3
      vertex 16.8 9.8 3.3
      vertex 6.85807 17.9624 3.3
    endloop
  endfacet
  facet normal -0 0 1
    outer loop
      vertex 6.43478 16.7994 3.3
      vertex 16.8 9.8 3.3
      vertex 6.67182 17.3717 3.3
    endloop
  endfacet
  facet normal -0 0 1
    outer loop
      vertex 6.14878 16.25 3.3
      vertex 16.8 9.8 3.3
      vertex 6.43478 16.7994 3.3
    endloop
  endfacet
  facet normal -0 0 1
    outer loop
      vertex 5.81598 15.7276 3.3
      vertex 16.8 9.8 3.3
      vertex 6.14878 16.25 3.3
    endloop
  endfacet
  facet normal -0 0 1
    outer loop
      vertex 5.43892 15.2362 3.3
      vertex 16.8 9.8 3.3
      vertex 5.81598 15.7276 3.3
    endloop
  endfacet
  facet normal -0 0 1
    outer loop
      vertex 5.02046 14.7795 3.3
      vertex 16.8 9.8 3.3
      vertex 5.43892 15.2362 3.3
    endloop
  endfacet
  facet normal -0 0 1
    outer loop
      vertex 4.56379 14.3611 3.3
      vertex 16.8 9.8 3.3
      vertex 5.02046 14.7795 3.3
    endloop
  endfacet
  facet normal -0 0 1
    outer loop
      vertex 4.07239 13.984 3.3
      vertex 16.8 9.8 3.3
      vertex 4.56379 14.3611 3.3
    endloop
  endfacet
  facet normal -0 0 1
    outer loop
      vertex 3.55 13.6512 3.3
      vertex 16.8 9.8 3.3
      vertex 4.07239 13.984 3.3
    endloop
  endfacet
  facet normal -0 0 1
    outer loop
      vertex 3.00059 13.3652 3.3
      vertex 16.8 9.8 3.3
      vertex 3.55 13.6512 3.3
    endloop
  endfacet
  facet normal -0 0 1
    outer loop
      vertex 2.42834 13.1282 3.3
      vertex 16.8 9.8 3.3
      vertex 3.00059 13.3652 3.3
    endloop
  endfacet
  facet normal -0 0 1
    outer loop
      vertex 1.83762 12.9419 3.3
      vertex 16.8 9.8 3.3
      vertex 2.42834 13.1282 3.3
    endloop
  endfacet
  facet normal -0 0 1
    outer loop
      vertex 1.2329 12.8079 3.3
      vertex 16.8 9.8 3.3
      vertex 1.83762 12.9419 3.3
    endloop
  endfacet
  facet normal -0 0 1
    outer loop
      vertex 0.618805 12.727 3.3
      vertex 16.8 9.8 3.3
      vertex 1.2329 12.8079 3.3
    endloop
  endfacet
  facet normal -0 0 1
    outer loop
      vertex 0 12.7 3.3
      vertex 16.8 9.8 3.3
      vertex 0.618805 12.727 3.3
    endloop
  endfacet
  facet normal 0 0 1
    outer loop
      vertex -16.8 9.8 3.3
      vertex 0 12.7 3.3
      vertex -0.618805 12.727 3.3
    endloop
  endfacet
  facet normal 0 0 1
    outer loop
      vertex -16.8 9.8 3.3
      vertex -0.618805 12.727 3.3
      vertex -1.2329 12.8079 3.3
    endloop
  endfacet
  facet normal 0 0 1
    outer loop
      vertex -16.8 27.8 3.3
      vertex -7.07298 19.1812 3.3
      vertex -7.1 19.8 3.3
    endloop
  endfacet
  facet normal 0 0 1
    outer loop
      vertex -16.8 9.8 3.3
      vertex -7.07298 19.1812 3.3
      vertex -16.8 27.8 3.3
    endloop
  endfacet
  facet normal 0 0 1
    outer loop
      vertex -7.07298 19.1812 3.3
      vertex -16.8 9.8 3.3
      vertex -6.99213 18.5671 3.3
    endloop
  endfacet
  facet normal 0 0 1
    outer loop
      vertex -6.99213 18.5671 3.3
      vertex -16.8 9.8 3.3
      vertex -6.85807 17.9624 3.3
    endloop
  endfacet
  facet normal 0 0 1
    outer loop
      vertex -6.85807 17.9624 3.3
      vertex -16.8 9.8 3.3
      vertex -6.67182 17.3717 3.3
    endloop
  endfacet
  facet normal 0 0 1
    outer loop
      vertex -6.67182 17.3717 3.3
      vertex -16.8 9.8 3.3
      vertex -6.43478 16.7994 3.3
    endloop
  endfacet
  facet normal 0 0 1
    outer loop
      vertex -6.43478 16.7994 3.3
      vertex -16.8 9.8 3.3
      vertex -6.14878 16.25 3.3
    endloop
  endfacet
  facet normal 0 0 1
    outer loop
      vertex -6.14878 16.25 3.3
      vertex -16.8 9.8 3.3
      vertex -5.81598 15.7276 3.3
    endloop
  endfacet
  facet normal 0 0 1
    outer loop
      vertex 0 12.7 3.3
      vertex -16.8 9.8 3.3
      vertex 16.8 9.8 3.3
    endloop
  endfacet
  facet normal 0 0 1
    outer loop
      vertex -1.83762 12.9419 3.3
      vertex -16.8 9.8 3.3
      vertex -1.2329 12.8079 3.3
    endloop
  endfacet
  facet normal 0 0 1
    outer loop
      vertex -2.42834 13.1282 3.3
      vertex -16.8 9.8 3.3
      vertex -1.83762 12.9419 3.3
    endloop
  endfacet
  facet normal 0 0 1
    outer loop
      vertex -3.00059 13.3652 3.3
      vertex -16.8 9.8 3.3
      vertex -2.42834 13.1282 3.3
    endloop
  endfacet
  facet normal 0 0 1
    outer loop
      vertex -3.55 13.6512 3.3
      vertex -16.8 9.8 3.3
      vertex -3.00059 13.3652 3.3
    endloop
  endfacet
  facet normal 0 0 1
    outer loop
      vertex -4.07239 13.984 3.3
      vertex -16.8 9.8 3.3
      vertex -3.55 13.6512 3.3
    endloop
  endfacet
  facet normal 0 0 1
    outer loop
      vertex -4.56379 14.3611 3.3
      vertex -16.8 9.8 3.3
      vertex -4.07239 13.984 3.3
    endloop
  endfacet
  facet normal 0 0 1
    outer loop
      vertex -5.02046 14.7795 3.3
      vertex -16.8 9.8 3.3
      vertex -4.56379 14.3611 3.3
    endloop
  endfacet
  facet normal 0 0 1
    outer loop
      vertex -5.43892 15.2362 3.3
      vertex -16.8 9.8 3.3
      vertex -5.02046 14.7795 3.3
    endloop
  endfacet
  facet normal 0 0 1
    outer loop
      vertex -5.81598 15.7276 3.3
      vertex -16.8 9.8 3.3
      vertex -5.43892 15.2362 3.3
    endloop
  endfacet
  facet normal 0 -1 0
    outer loop
      vertex -19.8 -29.8 0
      vertex 19.8 -29.8 19.3
      vertex -19.8 -29.8 19.3
    endloop
  endfacet
  facet normal 0 -1 -0
    outer loop
      vertex 19.8 -29.8 19.3
      vertex -19.8 -29.8 0
      vertex 19.8 -29.8 0
    endloop
  endfacet
  facet normal 0 1 -0
    outer loop
      vertex 16.8 9.8 3.3
      vertex -16.8 9.8 19.3
      vertex 16.8 9.8 19.3
    endloop
  endfacet
  facet normal 0 1 0
    outer loop
      vertex -16.8 9.8 19.3
      vertex 16.8 9.8 3.3
      vertex -16.8 9.8 3.3
    endloop
  endfacet
  facet normal 0 -1 0
    outer loop
      vertex -16.8 27.8 3.3
      vertex 16.8 27.8 19.3
      vertex -16.8 27.8 19.3
    endloop
  endfacet
  facet normal 0 -1 -0
    outer loop
      vertex 16.8 27.8 19.3
      vertex -16.8 27.8 3.3
      vertex 16.8 27.8 3.3
    endloop
  endfacet
  facet normal -1 0 0
    outer loop
      vertex 16.6 -26.6 3.3
      vertex 16.6 6.6 19.3
      vertex 16.6 6.6 3.3
    endloop
  endfacet
  facet normal -1 -0 0
    outer loop
      vertex 16.6 6.6 19.3
      vertex 16.6 -26.6 3.3
      vertex 16.6 -26.6 19.3
    endloop
  endfacet
  facet normal 0 0 1
    outer loop
      vertex 16.6 6.6 3.3
      vertex 16.2 6.2 3.3
      vertex 16.6 -26.6 3.3
    endloop
  endfacet
  facet normal 0 0 1
    outer loop
      vertex 16.6 6.6 3.3
      vertex -16.2 6.2 3.3
      vertex 16.2 6.2 3.3
    endloop
  endfacet
  facet normal 0 0 1
    outer loop
      vertex -16.2 6.2 3.3
      vertex -16.6 6.6 3.3
      vertex -16.2 -26.2 3.3
    endloop
  endfacet
  facet normal -0 0 1
    outer loop
      vertex -16.6 6.6 3.3
      vertex -16.2 6.2 3.3
      vertex 16.6 6.6 3.3
    endloop
  endfacet
  facet normal -0 0 1
    outer loop
      vertex 16.2 -26.2 3.3
      vertex 16.6 -26.6 3.3
      vertex 16.2 6.2 3.3
    endloop
  endfacet
  facet normal -0 0 1
    outer loop
      vertex -16.2 -26.2 3.3
      vertex 16.6 -26.6 3.3
      vertex 16.2 -26.2 3.3
    endloop
  endfacet
  facet normal 0 0 1
    outer loop
      vertex -16.2 -26.2 3.3
      vertex -16.6 -26.6 3.3
      vertex 16.6 -26.6 3.3
    endloop
  endfacet
  facet normal 0 0 1
    outer loop
      vertex -16.6 -26.6 3.3
      vertex -16.2 -26.2 3.3
      vertex -16.6 6.6 3.3
    endloop
  endfacet
  facet normal 1 -0 0
    outer loop
      vertex -16.6 -26.6 19.3
      vertex -16.6 6.6 3.3
      vertex -16.6 6.6 19.3
    endloop
  endfacet
  facet normal 1 0 0
    outer loop
      vertex -16.6 6.6 3.3
      vertex -16.6 -26.6 19.3
      vertex -16.6 -26.6 3.3
    endloop
  endfacet
  facet normal 0 -1 0
    outer loop
      vertex -16.6 6.6 3.3
      vertex 16.6 6.6 19.3
      vertex -16.6 6.6 19.3
    endloop
  endfacet
  facet normal 0 -1 -0
    outer loop
      vertex 16.6 6.6 19.3
      vertex -16.6 6.6 3.3
      vertex 16.6 6.6 3.3
    endloop
  endfacet
  facet normal 0 1 -0
    outer loop
      vertex 16.6 -26.6 3.3
      vertex -16.6 -26.6 19.3
      vertex 16.6 -26.6 19.3
    endloop
  endfacet
  facet normal 0 1 0
    outer loop
      vertex -16.6 -26.6 19.3
      vertex 16.6 -26.6 3.3
      vertex -16.6 -26.6 3.3
    endloop
  endfacet
  facet normal 0 0 1
    outer loop
      vertex 16.2 6.2 1.5
      vertex 13.75 -10 1.5
      vertex 16.2 -26.2 1.5
    endloop
  endfacet
  facet normal 0 0 1
    outer loop
      vertex 16.2 6.2 1.5
      vertex 13.6977 -8.80161 1.5
      vertex 13.75 -10 1.5
    endloop
  endfacet
  facet normal 0 0 1
    outer loop
      vertex 16.2 6.2 1.5
      vertex 13.5411 -7.61234 1.5
      vertex 13.6977 -8.80161 1.5
    endloop
  endfacet
  facet normal 0 0 1
    outer loop
      vertex 16.2 6.2 1.5
      vertex 13.2815 -6.44124 1.5
      vertex 13.5411 -7.61234 1.5
    endloop
  endfacet
  facet normal 0 0 1
    outer loop
      vertex 16.2 6.2 1.5
      vertex 12.9208 -5.29722 1.5
      vertex 13.2815 -6.44124 1.5
    endloop
  endfacet
  facet normal 0 0 1
    outer loop
      vertex 16.2 6.2 1.5
      vertex 12.4617 -4.189 1.5
      vertex 12.9208 -5.29722 1.5
    endloop
  endfacet
  facet normal 0 0 1
    outer loop
      vertex 16.2 6.2 1.5
      vertex 11.9078 -3.125 1.5
      vertex 12.4617 -4.189 1.5
    endloop
  endfacet
  facet normal 0 0 1
    outer loop
      vertex 16.2 6.2 1.5
      vertex 11.2633 -2.11332 1.5
      vertex 11.9078 -3.125 1.5
    endloop
  endfacet
  facet normal 0 0 1
    outer loop
      vertex 16.2 6.2 1.5
      vertex 10.5331 -1.16167 1.5
      vertex 11.2633 -2.11332 1.5
    endloop
  endfacet
  facet normal 0 0 1
    outer loop
      vertex 16.2 6.2 1.5
      vertex 9.72272 -0.277281 1.5
      vertex 10.5331 -1.16167 1.5
    endloop
  endfacet
  facet normal 0 0 1
    outer loop
      vertex 16.2 6.2 1.5
      vertex 8.83833 0.533111 1.5
      vertex 9.72272 -0.277281 1.5
    endloop
  endfacet
  facet normal 0 0 1
    outer loop
      vertex 16.2 6.2 1.5
      vertex 7.88668 1.26334 1.5
      vertex 8.83833 0.533111 1.5
    endloop
  endfacet
  facet normal 0 0 1
    outer loop
      vertex 16.2 6.2 1.5
      vertex 6.875 1.90785 1.5
      vertex 7.88668 1.26334 1.5
    endloop
  endfacet
  facet normal 0 0 1
    outer loop
      vertex 16.2 6.2 1.5
      vertex 5.811 2.46173 1.5
      vertex 6.875 1.90785 1.5
    endloop
  endfacet
  facet normal 0 0 1
    outer loop
      vertex 16.2 6.2 1.5
      vertex 4.70278 2.92077 1.5
      vertex 5.811 2.46173 1.5
    endloop
  endfacet
  facet normal 0 0 1
    outer loop
      vertex 16.2 6.2 1.5
      vertex 3.55876 3.28148 1.5
      vertex 4.70278 2.92077 1.5
    endloop
  endfacet
  facet normal 0 0 1
    outer loop
      vertex 16.2 6.2 1.5
      vertex 2.38766 3.54111 1.5
      vertex 3.55876 3.28148 1.5
    endloop
  endfacet
  facet normal 0 0 1
    outer loop
      vertex 16.2 6.2 1.5
      vertex 1.19839 3.69768 1.5
      vertex 2.38766 3.54111 1.5
    endloop
  endfacet
  facet normal 0 0 1
    outer loop
      vertex 16.2 6.2 1.5
      vertex 0 3.75 1.5
      vertex 1.19839 3.69768 1.5
    endloop
  endfacet
  facet normal -0 0 1
    outer loop
      vertex -16.2 6.2 1.5
      vertex 0 3.75 1.5
      vertex 16.2 6.2 1.5
    endloop
  endfacet
  facet normal 0 0 1
    outer loop
      vertex 0 3.75 1.5
      vertex -16.2 6.2 1.5
      vertex -1.19839 3.69768 1.5
    endloop
  endfacet
  facet normal 0 0 1
    outer loop
      vertex -13.6977 -8.80161 1.5
      vertex -16.2 6.2 1.5
      vertex -13.75 -10 1.5
    endloop
  endfacet
  facet normal 0 0 1
    outer loop
      vertex -13.5411 -7.61234 1.5
      vertex -16.2 6.2 1.5
      vertex -13.6977 -8.80161 1.5
    endloop
  endfacet
  facet normal 0 0 1
    outer loop
      vertex -13.2815 -6.44124 1.5
      vertex -16.2 6.2 1.5
      vertex -13.5411 -7.61234 1.5
    endloop
  endfacet
  facet normal 0 0 1
    outer loop
      vertex -12.9208 -5.29722 1.5
      vertex -16.2 6.2 1.5
      vertex -13.2815 -6.44124 1.5
    endloop
  endfacet
  facet normal 0 0 1
    outer loop
      vertex -12.4617 -4.189 1.5
      vertex -16.2 6.2 1.5
      vertex -12.9208 -5.29722 1.5
    endloop
  endfacet
  facet normal 0 0 1
    outer loop
      vertex -11.9078 -3.125 1.5
      vertex -16.2 6.2 1.5
      vertex -12.4617 -4.189 1.5
    endloop
  endfacet
  facet normal 0 0 1
    outer loop
      vertex -11.2633 -2.11332 1.5
      vertex -16.2 6.2 1.5
      vertex -11.9078 -3.125 1.5
    endloop
  endfacet
  facet normal 0 0 1
    outer loop
      vertex -10.5331 -1.16167 1.5
      vertex -16.2 6.2 1.5
      vertex -11.2633 -2.11332 1.5
    endloop
  endfacet
  facet normal 0 0 1
    outer loop
      vertex -9.72272 -0.277281 1.5
      vertex -16.2 6.2 1.5
      vertex -10.5331 -1.16167 1.5
    endloop
  endfacet
  facet normal 0 0 1
    outer loop
      vertex -8.83833 0.533111 1.5
      vertex -16.2 6.2 1.5
      vertex -9.72272 -0.277281 1.5
    endloop
  endfacet
  facet normal 0 0 1
    outer loop
      vertex -7.88668 1.26334 1.5
      vertex -16.2 6.2 1.5
      vertex -8.83833 0.533111 1.5
    endloop
  endfacet
  facet normal 0 0 1
    outer loop
      vertex -6.875 1.90785 1.5
      vertex -16.2 6.2 1.5
      vertex -7.88668 1.26334 1.5
    endloop
  endfacet
  facet normal 0 0 1
    outer loop
      vertex -5.811 2.46173 1.5
      vertex -16.2 6.2 1.5
      vertex -6.875 1.90785 1.5
    endloop
  endfacet
  facet normal 0 0 1
    outer loop
      vertex -4.70278 2.92077 1.5
      vertex -16.2 6.2 1.5
      vertex -5.811 2.46173 1.5
    endloop
  endfacet
  facet normal 0 0 1
    outer loop
      vertex -3.55876 3.28148 1.5
      vertex -16.2 6.2 1.5
      vertex -4.70278 2.92077 1.5
    endloop
  endfacet
  facet normal 0 0 1
    outer loop
      vertex -2.38766 3.54111 1.5
      vertex -16.2 6.2 1.5
      vertex -3.55876 3.28148 1.5
    endloop
  endfacet
  facet normal 0 0 1
    outer loop
      vertex -1.19839 3.69768 1.5
      vertex -16.2 6.2 1.5
      vertex -2.38766 3.54111 1.5
    endloop
  endfacet
  facet normal -0 0 1
    outer loop
      vertex 13.6977 -11.1984 1.5
      vertex 16.2 -26.2 1.5
      vertex 13.75 -10 1.5
    endloop
  endfacet
  facet normal -0 0 1
    outer loop
      vertex 13.5411 -12.3877 1.5
      vertex 16.2 -26.2 1.5
      vertex 13.6977 -11.1984 1.5
    endloop
  endfacet
  facet normal -0 0 1
    outer loop
      vertex 13.2815 -13.5588 1.5
      vertex 16.2 -26.2 1.5
      vertex 13.5411 -12.3877 1.5
    endloop
  endfacet
  facet normal -0 0 1
    outer loop
      vertex 12.9208 -14.7028 1.5
      vertex 16.2 -26.2 1.5
      vertex 13.2815 -13.5588 1.5
    endloop
  endfacet
  facet normal -0 0 1
    outer loop
      vertex 12.4617 -15.811 1.5
      vertex 16.2 -26.2 1.5
      vertex 12.9208 -14.7028 1.5
    endloop
  endfacet
  facet normal -0 0 1
    outer loop
      vertex 11.9078 -16.875 1.5
      vertex 16.2 -26.2 1.5
      vertex 12.4617 -15.811 1.5
    endloop
  endfacet
  facet normal -0 0 1
    outer loop
      vertex 11.2633 -17.8867 1.5
      vertex 16.2 -26.2 1.5
      vertex 11.9078 -16.875 1.5
    endloop
  endfacet
  facet normal -0 0 1
    outer loop
      vertex 10.5331 -18.8383 1.5
      vertex 16.2 -26.2 1.5
      vertex 11.2633 -17.8867 1.5
    endloop
  endfacet
  facet normal -0 0 1
    outer loop
      vertex 9.72272 -19.7227 1.5
      vertex 16.2 -26.2 1.5
      vertex 10.5331 -18.8383 1.5
    endloop
  endfacet
  facet normal -0 0 1
    outer loop
      vertex 8.83833 -20.5331 1.5
      vertex 16.2 -26.2 1.5
      vertex 9.72272 -19.7227 1.5
    endloop
  endfacet
  facet normal -0 0 1
    outer loop
      vertex 7.88668 -21.2633 1.5
      vertex 16.2 -26.2 1.5
      vertex 8.83833 -20.5331 1.5
    endloop
  endfacet
  facet normal -0 0 1
    outer loop
      vertex 6.875 -21.9078 1.5
      vertex 16.2 -26.2 1.5
      vertex 7.88668 -21.2633 1.5
    endloop
  endfacet
  facet normal -0 0 1
    outer loop
      vertex 5.811 -22.4617 1.5
      vertex 16.2 -26.2 1.5
      vertex 6.875 -21.9078 1.5
    endloop
  endfacet
  facet normal -0 0 1
    outer loop
      vertex 4.70278 -22.9208 1.5
      vertex 16.2 -26.2 1.5
      vertex 5.811 -22.4617 1.5
    endloop
  endfacet
  facet normal -0 0 1
    outer loop
      vertex 3.55876 -23.2815 1.5
      vertex 16.2 -26.2 1.5
      vertex 4.70278 -22.9208 1.5
    endloop
  endfacet
  facet normal -0 0 1
    outer loop
      vertex 2.38766 -23.5411 1.5
      vertex 16.2 -26.2 1.5
      vertex 3.55876 -23.2815 1.5
    endloop
  endfacet
  facet normal -0 0 1
    outer loop
      vertex 1.19839 -23.6977 1.5
      vertex 16.2 -26.2 1.5
      vertex 2.38766 -23.5411 1.5
    endloop
  endfacet
  facet normal -0 0 1
    outer loop
      vertex 0 -23.75 1.5
      vertex 16.2 -26.2 1.5
      vertex 1.19839 -23.6977 1.5
    endloop
  endfacet
  facet normal 0 0 1
    outer loop
      vertex -16.2 -26.2 1.5
      vertex 0 -23.75 1.5
      vertex -1.19839 -23.6977 1.5
    endloop
  endfacet
  facet normal 0 0 1
    outer loop
      vertex -16.2 -26.2 1.5
      vertex -1.19839 -23.6977 1.5
      vertex -2.38766 -23.5411 1.5
    endloop
  endfacet
  facet normal 0 0 1
    outer loop
      vertex -16.2 -26.2 1.5
      vertex -13.75 -10 1.5
      vertex -16.2 6.2 1.5
    endloop
  endfacet
  facet normal 0 0 1
    outer loop
      vertex -13.75 -10 1.5
      vertex -16.2 -26.2 1.5
      vertex -13.6977 -11.1984 1.5
    endloop
  endfacet
  facet normal 0 0 1
    outer loop
      vertex 0 -23.75 1.5
      vertex -16.2 -26.2 1.5
      vertex 16.2 -26.2 1.5
    endloop
  endfacet
  facet normal 0 0 1
    outer loop
      vertex -3.55876 -23.2815 1.5
      vertex -16.2 -26.2 1.5
      vertex -2.38766 -23.5411 1.5
    endloop
  endfacet
  facet normal 0 0 1
    outer loop
      vertex -4.70278 -22.9208 1.5
      vertex -16.2 -26.2 1.5
      vertex -3.55876 -23.2815 1.5
    endloop
  endfacet
  facet normal 0 0 1
    outer loop
      vertex -5.811 -22.4617 1.5
      vertex -16.2 -26.2 1.5
      vertex -4.70278 -22.9208 1.5
    endloop
  endfacet
  facet normal 0 0 1
    outer loop
      vertex -6.875 -21.9078 1.5
      vertex -16.2 -26.2 1.5
      vertex -5.811 -22.4617 1.5
    endloop
  endfacet
  facet normal 0 0 1
    outer loop
      vertex -7.88668 -21.2633 1.5
      vertex -16.2 -26.2 1.5
      vertex -6.875 -21.9078 1.5
    endloop
  endfacet
  facet normal 0 0 1
    outer loop
      vertex -8.83833 -20.5331 1.5
      vertex -16.2 -26.2 1.5
      vertex -7.88668 -21.2633 1.5
    endloop
  endfacet
  facet normal 0 0 1
    outer loop
      vertex -9.72272 -19.7227 1.5
      vertex -16.2 -26.2 1.5
      vertex -8.83833 -20.5331 1.5
    endloop
  endfacet
  facet normal 0 0 1
    outer loop
      vertex -10.5331 -18.8383 1.5
      vertex -16.2 -26.2 1.5
      vertex -9.72272 -19.7227 1.5
    endloop
  endfacet
  facet normal 0 0 1
    outer loop
      vertex -11.2633 -17.8867 1.5
      vertex -16.2 -26.2 1.5
      vertex -10.5331 -18.8383 1.5
    endloop
  endfacet
  facet normal 0 0 1
    outer loop
      vertex -11.9078 -16.875 1.5
      vertex -16.2 -26.2 1.5
      vertex -11.2633 -17.8867 1.5
    endloop
  endfacet
  facet normal 0 0 1
    outer loop
      vertex -12.4617 -15.811 1.5
      vertex -16.2 -26.2 1.5
      vertex -11.9078 -16.875 1.5
    endloop
  endfacet
  facet normal 0 0 1
    outer loop
      vertex -12.9208 -14.7028 1.5
      vertex -16.2 -26.2 1.5
      vertex -12.4617 -15.811 1.5
    endloop
  endfacet
  facet normal 0 0 1
    outer loop
      vertex -13.2815 -13.5588 1.5
      vertex -16.2 -26.2 1.5
      vertex -12.9208 -14.7028 1.5
    endloop
  endfacet
  facet normal 0 0 1
    outer loop
      vertex -13.5411 -12.3877 1.5
      vertex -16.2 -26.2 1.5
      vertex -13.2815 -13.5588 1.5
    endloop
  endfacet
  facet normal 0 0 1
    outer loop
      vertex -13.6977 -11.1984 1.5
      vertex -16.2 -26.2 1.5
      vertex -13.5411 -12.3877 1.5
    endloop
  endfacet
  facet normal 1 -0 0
    outer loop
      vertex -16.2 -26.2 3.3
      vertex -16.2 6.2 1.5
      vertex -16.2 6.2 3.3
    endloop
  endfacet
  facet normal 1 0 0
    outer loop
      vertex -16.2 6.2 1.5
      vertex -16.2 -26.2 3.3
      vertex -16.2 -26.2 1.5
    endloop
  endfacet
  facet normal 0 -1 0
    outer loop
      vertex -16.2 6.2 1.5
      vertex 16.2 6.2 3.3
      vertex -16.2 6.2 3.3
    endloop
  endfacet
  facet normal 0 -1 -0
    outer loop
      vertex 16.2 6.2 3.3
      vertex -16.2 6.2 1.5
      vertex 16.2 6.2 1.5
    endloop
  endfacet
  facet normal -1 0 0
    outer loop
      vertex 16.2 -26.2 1.5
      vertex 16.2 6.2 3.3
      vertex 16.2 6.2 1.5
    endloop
  endfacet
  facet normal -1 -0 0
    outer loop
      vertex 16.2 6.2 3.3
      vertex 16.2 -26.2 1.5
      vertex 16.2 -26.2 3.3
    endloop
  endfacet
  facet normal 0 1 -0
    outer loop
      vertex 16.2 -26.2 1.5
      vertex -16.2 -26.2 3.3
      vertex 16.2 -26.2 3.3
    endloop
  endfacet
  facet normal 0 1 0
    outer loop
      vertex -16.2 -26.2 3.3
      vertex 16.2 -26.2 1.5
      vertex -16.2 -26.2 1.5
    endloop
  endfacet
  facet normal -0.3007 0.953719 0
    outer loop
      vertex 4.70278 -22.9208 1
      vertex 3.55876 -23.2815 1.5
      vertex 4.70278 -22.9208 1.5
    endloop
  endfacet
  facet normal -0.3007 0.953719 0
    outer loop
      vertex 3.55876 -23.2815 1.5
      vertex 4.70278 -22.9208 1
      vertex 3.55876 -23.2815 1
    endloop
  endfacet
  facet normal -0.999049 0.0436 0
    outer loop
      vertex 13.6977 -11.1984 1
      vertex 13.75 -10 1.5
      vertex 13.75 -10 1
    endloop
  endfacet
  facet normal -0.999049 0.0436 0
    outer loop
      vertex 13.75 -10 1.5
      vertex 13.6977 -11.1984 1
      vertex 13.6977 -11.1984 1.5
    endloop
  endfacet
  facet normal -0.0436004 0.999049 0
    outer loop
      vertex 1.19839 -23.6977 1
      vertex 0 -23.75 1.5
      vertex 1.19839 -23.6977 1.5
    endloop
  endfacet
  facet normal -0.0436004 0.999049 0
    outer loop
      vertex 0 -23.75 1.5
      vertex 1.19839 -23.6977 1
      vertex 0 -23.75 1
    endloop
  endfacet
  facet normal 0.793349 0.608768 0
    outer loop
      vertex -10.5331 -18.8383 1.5
      vertex -11.2633 -17.8867 1
      vertex -11.2633 -17.8867 1.5
    endloop
  endfacet
  facet normal 0.793349 0.608768 0
    outer loop
      vertex -11.2633 -17.8867 1
      vertex -10.5331 -18.8383 1.5
      vertex -10.5331 -18.8383 1
    endloop
  endfacet
  facet normal 0.675589 -0.737278 0
    outer loop
      vertex -9.72272 -0.277281 1
      vertex -8.83833 0.533111 1.5
      vertex -9.72272 -0.277281 1.5
    endloop
  endfacet
  facet normal 0.675589 -0.737278 0
    outer loop
      vertex -8.83833 0.533111 1.5
      vertex -9.72272 -0.277281 1
      vertex -8.83833 0.533111 1
    endloop
  endfacet
  facet normal -0.737287 0.67558 0
    outer loop
      vertex 9.72272 -19.7227 1
      vertex 10.5331 -18.8383 1.5
      vertex 10.5331 -18.8383 1
    endloop
  endfacet
  facet normal -0.737287 0.67558 0
    outer loop
      vertex 10.5331 -18.8383 1.5
      vertex 9.72272 -19.7227 1
      vertex 9.72272 -19.7227 1.5
    endloop
  endfacet
  facet normal 0.999049 -0.0436004 0
    outer loop
      vertex -13.75 -10 1.5
      vertex -13.6977 -8.80161 1
      vertex -13.6977 -8.80161 1.5
    endloop
  endfacet
  facet normal 0.999049 -0.0436004 0
    outer loop
      vertex -13.6977 -8.80161 1
      vertex -13.75 -10 1.5
      vertex -13.75 -10 1
    endloop
  endfacet
  facet normal 0.46176 0.887005 -0
    outer loop
      vertex -5.811 -22.4617 1
      vertex -6.875 -21.9078 1.5
      vertex -5.811 -22.4617 1.5
    endloop
  endfacet
  facet normal 0.46176 0.887005 0
    outer loop
      vertex -6.875 -21.9078 1.5
      vertex -5.811 -22.4617 1
      vertex -6.875 -21.9078 1
    endloop
  endfacet
  facet normal -0.923862 -0.382726 0
    outer loop
      vertex 12.9208 -5.29722 1
      vertex 12.4617 -4.189 1.5
      vertex 12.4617 -4.189 1
    endloop
  endfacet
  facet normal -0.923862 -0.382726 0
    outer loop
      vertex 12.4617 -4.189 1.5
      vertex 12.9208 -5.29722 1
      vertex 12.9208 -5.29722 1.5
    endloop
  endfacet
  facet normal 0.3007 0.953719 -0
    outer loop
      vertex -3.55876 -23.2815 1
      vertex -4.70278 -22.9208 1.5
      vertex -3.55876 -23.2815 1.5
    endloop
  endfacet
  facet normal 0.3007 0.953719 0
    outer loop
      vertex -4.70278 -22.9208 1.5
      vertex -3.55876 -23.2815 1
      vertex -4.70278 -22.9208 1
    endloop
  endfacet
  facet normal 0.130526 -0.991445 0
    outer loop
      vertex -2.38766 3.54111 1
      vertex -1.19839 3.69768 1.5
      vertex -2.38766 3.54111 1.5
    endloop
  endfacet
  facet normal 0.130526 -0.991445 0
    outer loop
      vertex -1.19839 3.69768 1.5
      vertex -2.38766 3.54111 1
      vertex -1.19839 3.69768 1
    endloop
  endfacet
  facet normal 0.608747 0.793364 -0
    outer loop
      vertex -7.88668 -21.2633 1
      vertex -8.83833 -20.5331 1.5
      vertex -7.88668 -21.2633 1.5
    endloop
  endfacet
  facet normal 0.608747 0.793364 0
    outer loop
      vertex -8.83833 -20.5331 1.5
      vertex -7.88668 -21.2633 1
      vertex -8.83833 -20.5331 1
    endloop
  endfacet
  facet normal 0.300707 -0.953717 0
    outer loop
      vertex -4.70278 2.92077 1
      vertex -3.55876 3.28148 1.5
      vertex -4.70278 2.92077 1.5
    endloop
  endfacet
  facet normal 0.300707 -0.953717 0
    outer loop
      vertex -3.55876 3.28148 1.5
      vertex -4.70278 2.92077 1
      vertex -3.55876 3.28148 1
    endloop
  endfacet
  facet normal -0.953717 0.300704 0
    outer loop
      vertex 12.9208 -14.7028 1
      vertex 13.2815 -13.5588 1.5
      vertex 13.2815 -13.5588 1
    endloop
  endfacet
  facet normal -0.953717 0.300704 0
    outer loop
      vertex 13.2815 -13.5588 1.5
      vertex 12.9208 -14.7028 1
      vertex 12.9208 -14.7028 1.5
    endloop
  endfacet
  facet normal 0.043617 -0.999048 0
    outer loop
      vertex -1.19839 3.69768 1
      vertex 0 3.75 1.5
      vertex -1.19839 3.69768 1.5
    endloop
  endfacet
  facet normal 0.043617 -0.999048 0
    outer loop
      vertex 0 3.75 1.5
      vertex -1.19839 3.69768 1
      vertex 0 3.75 1
    endloop
  endfacet
  facet normal -0.608747 0.793364 0
    outer loop
      vertex 8.83833 -20.5331 1
      vertex 7.88668 -21.2633 1.5
      vertex 8.83833 -20.5331 1.5
    endloop
  endfacet
  facet normal -0.608747 0.793364 0
    outer loop
      vertex 7.88668 -21.2633 1.5
      vertex 8.83833 -20.5331 1
      vertex 7.88668 -21.2633 1
    endloop
  endfacet
  facet normal 0.537293 0.843396 -0
    outer loop
      vertex -6.875 -21.9078 1
      vertex -7.88668 -21.2633 1.5
      vertex -6.875 -21.9078 1.5
    endloop
  endfacet
  facet normal 0.537293 0.843396 0
    outer loop
      vertex -7.88668 -21.2633 1.5
      vertex -6.875 -21.9078 1
      vertex -7.88668 -21.2633 1
    endloop
  endfacet
  facet normal -0.923859 0.382732 0
    outer loop
      vertex 12.4617 -15.811 1
      vertex 12.9208 -14.7028 1.5
      vertex 12.9208 -14.7028 1
    endloop
  endfacet
  facet normal -0.923859 0.382732 0
    outer loop
      vertex 12.9208 -14.7028 1.5
      vertex 12.4617 -15.811 1
      vertex 12.4617 -15.811 1.5
    endloop
  endfacet
  facet normal -0.537299 -0.843392 0
    outer loop
      vertex 6.875 1.90785 1
      vertex 7.88668 1.26334 1.5
      vertex 6.875 1.90785 1.5
    endloop
  endfacet
  facet normal -0.537299 -0.843392 -0
    outer loop
      vertex 7.88668 1.26334 1.5
      vertex 6.875 1.90785 1
      vertex 7.88668 1.26334 1
    endloop
  endfacet
  facet normal 0.216418 0.976301 -0
    outer loop
      vertex -2.38766 -23.5411 1
      vertex -3.55876 -23.2815 1.5
      vertex -2.38766 -23.5411 1.5
    endloop
  endfacet
  facet normal 0.216418 0.976301 0
    outer loop
      vertex -3.55876 -23.2815 1.5
      vertex -2.38766 -23.5411 1
      vertex -3.55876 -23.2815 1
    endloop
  endfacet
  facet normal 0.675593 0.737275 -0
    outer loop
      vertex -8.83833 -20.5331 1
      vertex -9.72272 -19.7227 1.5
      vertex -8.83833 -20.5331 1.5
    endloop
  endfacet
  facet normal 0.675593 0.737275 0
    outer loop
      vertex -9.72272 -19.7227 1.5
      vertex -8.83833 -20.5331 1
      vertex -9.72272 -19.7227 1
    endloop
  endfacet
  facet normal -0.675593 0.737275 0
    outer loop
      vertex 9.72272 -19.7227 1
      vertex 8.83833 -20.5331 1.5
      vertex 9.72272 -19.7227 1.5
    endloop
  endfacet
  facet normal -0.675593 0.737275 0
    outer loop
      vertex 8.83833 -20.5331 1.5
      vertex 9.72272 -19.7227 1
      vertex 8.83833 -20.5331 1
    endloop
  endfacet
  facet normal 0.843396 -0.537293 0
    outer loop
      vertex -11.9078 -3.125 1.5
      vertex -11.2633 -2.11332 1
      vertex -11.2633 -2.11332 1.5
    endloop
  endfacet
  facet normal 0.843396 -0.537293 0
    outer loop
      vertex -11.2633 -2.11332 1
      vertex -11.9078 -3.125 1.5
      vertex -11.9078 -3.125 1
    endloop
  endfacet
  facet normal -0.887005 -0.46176 0
    outer loop
      vertex 12.4617 -4.189 1
      vertex 11.9078 -3.125 1.5
      vertex 11.9078 -3.125 1
    endloop
  endfacet
  facet normal -0.887005 -0.46176 0
    outer loop
      vertex 11.9078 -3.125 1.5
      vertex 12.4617 -4.189 1
      vertex 12.4617 -4.189 1.5
    endloop
  endfacet
  facet normal 0.991442 0.130547 0
    outer loop
      vertex -13.5411 -12.3877 1.5
      vertex -13.6977 -11.1984 1
      vertex -13.6977 -11.1984 1.5
    endloop
  endfacet
  facet normal 0.991442 0.130547 0
    outer loop
      vertex -13.6977 -11.1984 1
      vertex -13.5411 -12.3877 1.5
      vertex -13.5411 -12.3877 1
    endloop
  endfacet
  facet normal -0.13055 0.991442 0
    outer loop
      vertex 2.38766 -23.5411 1
      vertex 1.19839 -23.6977 1.5
      vertex 2.38766 -23.5411 1.5
    endloop
  endfacet
  facet normal -0.13055 0.991442 0
    outer loop
      vertex 1.19839 -23.6977 1.5
      vertex 2.38766 -23.5411 1
      vertex 1.19839 -23.6977 1
    endloop
  endfacet
  facet normal 0.461746 -0.887012 0
    outer loop
      vertex -6.875 1.90785 1
      vertex -5.811 2.46173 1.5
      vertex -6.875 1.90785 1.5
    endloop
  endfacet
  facet normal 0.461746 -0.887012 0
    outer loop
      vertex -5.811 2.46173 1.5
      vertex -6.875 1.90785 1
      vertex -5.811 2.46173 1
    endloop
  endfacet
  facet normal 0.608763 -0.793352 0
    outer loop
      vertex -8.83833 0.533111 1
      vertex -7.88668 1.26334 1.5
      vertex -8.83833 0.533111 1.5
    endloop
  endfacet
  facet normal 0.608763 -0.793352 0
    outer loop
      vertex -7.88668 1.26334 1.5
      vertex -8.83833 0.533111 1
      vertex -7.88668 1.26334 1
    endloop
  endfacet
  facet normal 0.923862 -0.382726 0
    outer loop
      vertex -12.9208 -5.29722 1.5
      vertex -12.4617 -4.189 1
      vertex -12.4617 -4.189 1.5
    endloop
  endfacet
  facet normal 0.923862 -0.382726 0
    outer loop
      vertex -12.4617 -4.189 1
      vertex -12.9208 -5.29722 1.5
      vertex -12.9208 -5.29722 1
    endloop
  endfacet
  facet normal 0.999049 0.0436 0
    outer loop
      vertex -13.6977 -11.1984 1.5
      vertex -13.75 -10 1
      vertex -13.75 -10 1.5
    endloop
  endfacet
  facet normal 0.999049 0.0436 0
    outer loop
      vertex -13.75 -10 1
      vertex -13.6977 -11.1984 1.5
      vertex -13.6977 -11.1984 1
    endloop
  endfacet
  facet normal -0.887005 0.46176 0
    outer loop
      vertex 11.9078 -16.875 1
      vertex 12.4617 -15.811 1.5
      vertex 12.4617 -15.811 1
    endloop
  endfacet
  facet normal -0.887005 0.46176 0
    outer loop
      vertex 12.4617 -15.811 1.5
      vertex 11.9078 -16.875 1
      vertex 11.9078 -16.875 1.5
    endloop
  endfacet
  facet normal -0.976301 0.216418 0
    outer loop
      vertex 13.2815 -13.5588 1
      vertex 13.5411 -12.3877 1.5
      vertex 13.5411 -12.3877 1
    endloop
  endfacet
  facet normal -0.976301 0.216418 0
    outer loop
      vertex 13.5411 -12.3877 1.5
      vertex 13.2815 -13.5588 1
      vertex 13.2815 -13.5588 1.5
    endloop
  endfacet
  facet normal 0.976301 -0.216418 0
    outer loop
      vertex -13.5411 -7.61234 1.5
      vertex -13.2815 -6.44124 1
      vertex -13.2815 -6.44124 1.5
    endloop
  endfacet
  facet normal 0.976301 -0.216418 0
    outer loop
      vertex -13.2815 -6.44124 1
      vertex -13.5411 -7.61234 1.5
      vertex -13.5411 -7.61234 1
    endloop
  endfacet
  facet normal 0.953717 0.300704 0
    outer loop
      vertex -12.9208 -14.7028 1.5
      vertex -13.2815 -13.5588 1
      vertex -13.2815 -13.5588 1.5
    endloop
  endfacet
  facet normal 0.953717 0.300704 0
    outer loop
      vertex -13.2815 -13.5588 1
      vertex -12.9208 -14.7028 1.5
      vertex -12.9208 -14.7028 1
    endloop
  endfacet
  facet normal -0.382726 0.923862 0
    outer loop
      vertex 5.811 -22.4617 1
      vertex 4.70278 -22.9208 1.5
      vertex 5.811 -22.4617 1.5
    endloop
  endfacet
  facet normal -0.382726 0.923862 0
    outer loop
      vertex 4.70278 -22.9208 1.5
      vertex 5.811 -22.4617 1
      vertex 4.70278 -22.9208 1
    endloop
  endfacet
  facet normal 0.953719 -0.3007 0
    outer loop
      vertex -13.2815 -6.44124 1.5
      vertex -12.9208 -5.29722 1
      vertex -12.9208 -5.29722 1.5
    endloop
  endfacet
  facet normal 0.953719 -0.3007 0
    outer loop
      vertex -12.9208 -5.29722 1
      vertex -13.2815 -6.44124 1.5
      vertex -13.2815 -6.44124 1
    endloop
  endfacet
  facet normal -0.537293 0.843396 0
    outer loop
      vertex 7.88668 -21.2633 1
      vertex 6.875 -21.9078 1.5
      vertex 7.88668 -21.2633 1.5
    endloop
  endfacet
  facet normal -0.537293 0.843396 0
    outer loop
      vertex 6.875 -21.9078 1.5
      vertex 7.88668 -21.2633 1
      vertex 6.875 -21.9078 1
    endloop
  endfacet
  facet normal 0.737287 0.67558 0
    outer loop
      vertex -9.72272 -19.7227 1.5
      vertex -10.5331 -18.8383 1
      vertex -10.5331 -18.8383 1.5
    endloop
  endfacet
  facet normal 0.737287 0.67558 0
    outer loop
      vertex -10.5331 -18.8383 1
      vertex -9.72272 -19.7227 1.5
      vertex -9.72272 -19.7227 1
    endloop
  endfacet
  facet normal -0.793349 0.608768 0
    outer loop
      vertex 10.5331 -18.8383 1
      vertex 11.2633 -17.8867 1.5
      vertex 11.2633 -17.8867 1
    endloop
  endfacet
  facet normal -0.793349 0.608768 0
    outer loop
      vertex 11.2633 -17.8867 1.5
      vertex 10.5331 -18.8383 1
      vertex 10.5331 -18.8383 1.5
    endloop
  endfacet
  facet normal -0.991442 0.130547 0
    outer loop
      vertex 13.5411 -12.3877 1
      vertex 13.6977 -11.1984 1.5
      vertex 13.6977 -11.1984 1
    endloop
  endfacet
  facet normal -0.991442 0.130547 0
    outer loop
      vertex 13.6977 -11.1984 1.5
      vertex 13.5411 -12.3877 1
      vertex 13.5411 -12.3877 1.5
    endloop
  endfacet
  facet normal 0.737283 -0.675584 0
    outer loop
      vertex -10.5331 -1.16167 1.5
      vertex -9.72272 -0.277281 1
      vertex -9.72272 -0.277281 1.5
    endloop
  endfacet
  facet normal 0.737283 -0.675584 0
    outer loop
      vertex -9.72272 -0.277281 1
      vertex -10.5331 -1.16167 1.5
      vertex -10.5331 -1.16167 1
    endloop
  endfacet
  facet normal -0.843401 0.537285 0
    outer loop
      vertex 11.2633 -17.8867 1
      vertex 11.9078 -16.875 1.5
      vertex 11.9078 -16.875 1
    endloop
  endfacet
  facet normal -0.843401 0.537285 0
    outer loop
      vertex 11.9078 -16.875 1.5
      vertex 11.2633 -17.8867 1
      vertex 11.2633 -17.8867 1.5
    endloop
  endfacet
  facet normal 0.991442 -0.13055 0
    outer loop
      vertex -13.6977 -8.80161 1.5
      vertex -13.5411 -7.61234 1
      vertex -13.5411 -7.61234 1.5
    endloop
  endfacet
  facet normal 0.991442 -0.13055 0
    outer loop
      vertex -13.5411 -7.61234 1
      vertex -13.6977 -8.80161 1.5
      vertex -13.6977 -8.80161 1
    endloop
  endfacet
  facet normal -0.216418 0.976301 0
    outer loop
      vertex 3.55876 -23.2815 1
      vertex 2.38766 -23.5411 1.5
      vertex 3.55876 -23.2815 1.5
    endloop
  endfacet
  facet normal -0.216418 0.976301 0
    outer loop
      vertex 2.38766 -23.5411 1.5
      vertex 3.55876 -23.2815 1
      vertex 2.38766 -23.5411 1
    endloop
  endfacet
  facet normal 0.216442 -0.976295 0
    outer loop
      vertex -3.55876 3.28148 1
      vertex -2.38766 3.54111 1.5
      vertex -3.55876 3.28148 1.5
    endloop
  endfacet
  facet normal 0.216442 -0.976295 0
    outer loop
      vertex -2.38766 3.54111 1.5
      vertex -3.55876 3.28148 1
      vertex -2.38766 3.54111 1
    endloop
  endfacet
  facet normal -0.216442 -0.976295 0
    outer loop
      vertex 2.38766 3.54111 1
      vertex 3.55876 3.28148 1.5
      vertex 2.38766 3.54111 1.5
    endloop
  endfacet
  facet normal -0.216442 -0.976295 -0
    outer loop
      vertex 3.55876 3.28148 1.5
      vertex 2.38766 3.54111 1
      vertex 3.55876 3.28148 1
    endloop
  endfacet
  facet normal -0.953719 -0.3007 0
    outer loop
      vertex 13.2815 -6.44124 1
      vertex 12.9208 -5.29722 1.5
      vertex 12.9208 -5.29722 1
    endloop
  endfacet
  facet normal -0.953719 -0.3007 0
    outer loop
      vertex 12.9208 -5.29722 1.5
      vertex 13.2815 -6.44124 1
      vertex 13.2815 -6.44124 1.5
    endloop
  endfacet
  facet normal -0.999049 -0.0436004 0
    outer loop
      vertex 13.75 -10 1
      vertex 13.6977 -8.80161 1.5
      vertex 13.6977 -8.80161 1
    endloop
  endfacet
  facet normal -0.999049 -0.0436004 0
    outer loop
      vertex 13.6977 -8.80161 1.5
      vertex 13.75 -10 1
      vertex 13.75 -10 1.5
    endloop
  endfacet
  facet normal -0.793364 -0.608747 0
    outer loop
      vertex 11.2633 -2.11332 1
      vertex 10.5331 -1.16167 1.5
      vertex 10.5331 -1.16167 1
    endloop
  endfacet
  facet normal -0.793364 -0.608747 0
    outer loop
      vertex 10.5331 -1.16167 1.5
      vertex 11.2633 -2.11332 1
      vertex 11.2633 -2.11332 1.5
    endloop
  endfacet
  facet normal 0.887005 0.46176 0
    outer loop
      vertex -11.9078 -16.875 1.5
      vertex -12.4617 -15.811 1
      vertex -12.4617 -15.811 1.5
    endloop
  endfacet
  facet normal 0.887005 0.46176 0
    outer loop
      vertex -12.4617 -15.811 1
      vertex -11.9078 -16.875 1.5
      vertex -11.9078 -16.875 1
    endloop
  endfacet
  facet normal -0.130526 -0.991445 0
    outer loop
      vertex 1.19839 3.69768 1
      vertex 2.38766 3.54111 1.5
      vertex 1.19839 3.69768 1.5
    endloop
  endfacet
  facet normal -0.130526 -0.991445 -0
    outer loop
      vertex 2.38766 3.54111 1.5
      vertex 1.19839 3.69768 1
      vertex 2.38766 3.54111 1
    endloop
  endfacet
  facet normal 0.793364 -0.608747 0
    outer loop
      vertex -11.2633 -2.11332 1.5
      vertex -10.5331 -1.16167 1
      vertex -10.5331 -1.16167 1.5
    endloop
  endfacet
  facet normal 0.793364 -0.608747 0
    outer loop
      vertex -10.5331 -1.16167 1
      vertex -11.2633 -2.11332 1.5
      vertex -11.2633 -2.11332 1
    endloop
  endfacet
  facet normal -0.976301 -0.216418 0
    outer loop
      vertex 13.5411 -7.61234 1
      vertex 13.2815 -6.44124 1.5
      vertex 13.2815 -6.44124 1
    endloop
  endfacet
  facet normal -0.976301 -0.216418 0
    outer loop
      vertex 13.2815 -6.44124 1.5
      vertex 13.5411 -7.61234 1
      vertex 13.5411 -7.61234 1.5
    endloop
  endfacet
  facet normal 0.382684 -0.923879 0
    outer loop
      vertex -5.811 2.46173 1
      vertex -4.70278 2.92077 1.5
      vertex -5.811 2.46173 1.5
    endloop
  endfacet
  facet normal 0.382684 -0.923879 0
    outer loop
      vertex -4.70278 2.92077 1.5
      vertex -5.811 2.46173 1
      vertex -4.70278 2.92077 1
    endloop
  endfacet
  facet normal 0.976301 0.216418 0
    outer loop
      vertex -13.2815 -13.5588 1.5
      vertex -13.5411 -12.3877 1
      vertex -13.5411 -12.3877 1.5
    endloop
  endfacet
  facet normal 0.976301 0.216418 0
    outer loop
      vertex -13.5411 -12.3877 1
      vertex -13.2815 -13.5588 1.5
      vertex -13.2815 -13.5588 1
    endloop
  endfacet
  facet normal 0.0436004 0.999049 -0
    outer loop
      vertex 0 -23.75 1
      vertex -1.19839 -23.6977 1.5
      vertex 0 -23.75 1.5
    endloop
  endfacet
  facet normal 0.0436004 0.999049 0
    outer loop
      vertex -1.19839 -23.6977 1.5
      vertex 0 -23.75 1
      vertex -1.19839 -23.6977 1
    endloop
  endfacet
  facet normal 0.923859 0.382732 0
    outer loop
      vertex -12.4617 -15.811 1.5
      vertex -12.9208 -14.7028 1
      vertex -12.9208 -14.7028 1.5
    endloop
  endfacet
  facet normal 0.923859 0.382732 0
    outer loop
      vertex -12.9208 -14.7028 1
      vertex -12.4617 -15.811 1.5
      vertex -12.4617 -15.811 1
    endloop
  endfacet
  facet normal 0.382726 0.923862 -0
    outer loop
      vertex -4.70278 -22.9208 1
      vertex -5.811 -22.4617 1.5
      vertex -4.70278 -22.9208 1.5
    endloop
  endfacet
  facet normal 0.382726 0.923862 0
    outer loop
      vertex -5.811 -22.4617 1.5
      vertex -4.70278 -22.9208 1
      vertex -5.811 -22.4617 1
    endloop
  endfacet
  facet normal -0.675589 -0.737278 0
    outer loop
      vertex 8.83833 0.533111 1
      vertex 9.72272 -0.277281 1.5
      vertex 8.83833 0.533111 1.5
    endloop
  endfacet
  facet normal -0.675589 -0.737278 -0
    outer loop
      vertex 9.72272 -0.277281 1.5
      vertex 8.83833 0.533111 1
      vertex 9.72272 -0.277281 1
    endloop
  endfacet
  facet normal -0.46176 0.887005 0
    outer loop
      vertex 6.875 -21.9078 1
      vertex 5.811 -22.4617 1.5
      vertex 6.875 -21.9078 1.5
    endloop
  endfacet
  facet normal -0.46176 0.887005 0
    outer loop
      vertex 5.811 -22.4617 1.5
      vertex 6.875 -21.9078 1
      vertex 5.811 -22.4617 1
    endloop
  endfacet
  facet normal 0.13055 0.991442 -0
    outer loop
      vertex -1.19839 -23.6977 1
      vertex -2.38766 -23.5411 1.5
      vertex -1.19839 -23.6977 1.5
    endloop
  endfacet
  facet normal 0.13055 0.991442 0
    outer loop
      vertex -2.38766 -23.5411 1.5
      vertex -1.19839 -23.6977 1
      vertex -2.38766 -23.5411 1
    endloop
  endfacet
  facet normal 0.537299 -0.843392 0
    outer loop
      vertex -7.88668 1.26334 1
      vertex -6.875 1.90785 1.5
      vertex -7.88668 1.26334 1.5
    endloop
  endfacet
  facet normal 0.537299 -0.843392 0
    outer loop
      vertex -6.875 1.90785 1.5
      vertex -7.88668 1.26334 1
      vertex -6.875 1.90785 1
    endloop
  endfacet
  facet normal -0.043617 -0.999048 0
    outer loop
      vertex 0 3.75 1
      vertex 1.19839 3.69768 1.5
      vertex 0 3.75 1.5
    endloop
  endfacet
  facet normal -0.043617 -0.999048 -0
    outer loop
      vertex 1.19839 3.69768 1.5
      vertex 0 3.75 1
      vertex 1.19839 3.69768 1
    endloop
  endfacet
  facet normal -0.382684 -0.923879 0
    outer loop
      vertex 4.70278 2.92077 1
      vertex 5.811 2.46173 1.5
      vertex 4.70278 2.92077 1.5
    endloop
  endfacet
  facet normal -0.382684 -0.923879 -0
    outer loop
      vertex 5.811 2.46173 1.5
      vertex 4.70278 2.92077 1
      vertex 5.811 2.46173 1
    endloop
  endfacet
  facet normal -0.991442 -0.13055 0
    outer loop
      vertex 13.6977 -8.80161 1
      vertex 13.5411 -7.61234 1.5
      vertex 13.5411 -7.61234 1
    endloop
  endfacet
  facet normal -0.991442 -0.13055 0
    outer loop
      vertex 13.5411 -7.61234 1.5
      vertex 13.6977 -8.80161 1
      vertex 13.6977 -8.80161 1.5
    endloop
  endfacet
  facet normal -0.461746 -0.887012 0
    outer loop
      vertex 5.811 2.46173 1
      vertex 6.875 1.90785 1.5
      vertex 5.811 2.46173 1.5
    endloop
  endfacet
  facet normal -0.461746 -0.887012 -0
    outer loop
      vertex 6.875 1.90785 1.5
      vertex 5.811 2.46173 1
      vertex 6.875 1.90785 1
    endloop
  endfacet
  facet normal 0.887005 -0.46176 0
    outer loop
      vertex -12.4617 -4.189 1.5
      vertex -11.9078 -3.125 1
      vertex -11.9078 -3.125 1.5
    endloop
  endfacet
  facet normal 0.887005 -0.46176 0
    outer loop
      vertex -11.9078 -3.125 1
      vertex -12.4617 -4.189 1.5
      vertex -12.4617 -4.189 1
    endloop
  endfacet
  facet normal -0.300707 -0.953717 0
    outer loop
      vertex 3.55876 3.28148 1
      vertex 4.70278 2.92077 1.5
      vertex 3.55876 3.28148 1.5
    endloop
  endfacet
  facet normal -0.300707 -0.953717 -0
    outer loop
      vertex 4.70278 2.92077 1.5
      vertex 3.55876 3.28148 1
      vertex 4.70278 2.92077 1
    endloop
  endfacet
  facet normal -0.608763 -0.793352 0
    outer loop
      vertex 7.88668 1.26334 1
      vertex 8.83833 0.533111 1.5
      vertex 7.88668 1.26334 1.5
    endloop
  endfacet
  facet normal -0.608763 -0.793352 -0
    outer loop
      vertex 8.83833 0.533111 1.5
      vertex 7.88668 1.26334 1
      vertex 8.83833 0.533111 1
    endloop
  endfacet
  facet normal -0.843396 -0.537293 0
    outer loop
      vertex 11.9078 -3.125 1
      vertex 11.2633 -2.11332 1.5
      vertex 11.2633 -2.11332 1
    endloop
  endfacet
  facet normal -0.843396 -0.537293 0
    outer loop
      vertex 11.2633 -2.11332 1.5
      vertex 11.9078 -3.125 1
      vertex 11.9078 -3.125 1.5
    endloop
  endfacet
  facet normal 0.843401 0.537285 0
    outer loop
      vertex -11.2633 -17.8867 1.5
      vertex -11.9078 -16.875 1
      vertex -11.9078 -16.875 1.5
    endloop
  endfacet
  facet normal 0.843401 0.537285 0
    outer loop
      vertex -11.9078 -16.875 1
      vertex -11.2633 -17.8867 1.5
      vertex -11.2633 -17.8867 1
    endloop
  endfacet
  facet normal -0.737283 -0.675584 0
    outer loop
      vertex 10.5331 -1.16167 1
      vertex 9.72272 -0.277281 1.5
      vertex 9.72272 -0.277281 1
    endloop
  endfacet
  facet normal -0.737283 -0.675584 0
    outer loop
      vertex 9.72272 -0.277281 1.5
      vertex 10.5331 -1.16167 1
      vertex 10.5331 -1.16167 1.5
    endloop
  endfacet
  facet normal 0.627485 -0.326658 -0.706794
    outer loop
      vertex -11.9078 -3.125 1
      vertex -12.4617 -4.189 1
      vertex -12.7739 -2.625 0
    endloop
  endfacet
  facet normal -0.270762 0.653579 -0.706769
    outer loop
      vertex 5.811 -22.4617 1
      vertex 6.23362 -23.368 0
      vertex 5.0448 -23.8605 0
    endloop
  endfacet
  facet normal 0.596639 0.380094 -0.706789
    outer loop
      vertex -11.2633 -17.8867 1
      vertex -12.0825 -18.4603 0
      vertex -12.7739 -17.375 0
    endloop
  endfacet
  facet normal -0.0308592 -0.70677 -0.70677
    outer loop
      vertex 0 4.75 0
      vertex 1.28555 4.69387 0
      vertex 0 3.75 1
    endloop
  endfacet
  facet normal 0.521576 0.477922 -0.706788
    outer loop
      vertex -10.5331 -18.8383 1
      vertex -9.72272 -19.7227 1
      vertex -11.2992 -19.4811 0
    endloop
  endfacet
  facet normal -0.430645 0.561248 -0.706786
    outer loop
      vertex 8.83833 -20.5331 1
      vertex 9.48112 -21.2992 0
      vertex 7.88668 -21.2633 1
    endloop
  endfacet
  facet normal 0.326658 0.627485 -0.706794
    outer loop
      vertex -6.875 -21.9078 1
      vertex -5.811 -22.4617 1
      vertex -7.375 -22.7739 0
    endloop
  endfacet
  facet normal -0.674701 0.212731 -0.70677
    outer loop
      vertex 13.2815 -13.5588 1
      vertex 13.8605 -15.0448 0
      vertex 12.9208 -14.7028 1
    endloop
  endfacet
  facet normal -0.380092 0.596636 -0.706792
    outer loop
      vertex 7.88668 -21.2633 1
      vertex 7.375 -22.7739 0
      vertex 6.875 -21.9078 1
    endloop
  endfacet
  facet normal -0.674716 0.212718 -0.70676
    outer loop
      vertex 14.2474 -13.8176 0
      vertex 13.8605 -15.0448 0
      vertex 13.2815 -13.5588 1
    endloop
  endfacet
  facet normal 0.153114 -0.690674 -0.706771
    outer loop
      vertex -2.56131 4.52591 0
      vertex -3.55876 3.28148 1
      vertex -3.81758 4.24741 0
    endloop
  endfacet
  facet normal 0.430664 -0.56125 -0.706772
    outer loop
      vertex -7.88668 1.26334 1
      vertex -8.83833 0.533111 1
      vertex -9.48112 1.29916 0
    endloop
  endfacet
  facet normal -0.653579 0.270762 -0.706769
    outer loop
      vertex 12.9208 -14.7028 1
      vertex 13.8605 -15.0448 0
      vertex 12.4617 -15.811 1
    endloop
  endfacet
  facet normal -0.596636 -0.38011 -0.706783
    outer loop
      vertex 12.0825 -1.53975 0
      vertex 12.7739 -2.625 0
      vertex 11.2633 -2.11332 1
    endloop
  endfacet
  facet normal -0.477975 0.521561 -0.706763
    outer loop
      vertex 9.72272 -19.7227 1
      vertex 10.4298 -20.4298 0
      vertex 9.48112 -21.2992 0
    endloop
  endfacet
  facet normal -0.627531 0.326631 -0.706765
    outer loop
      vertex 13.368 -16.2336 0
      vertex 12.7739 -17.375 0
      vertex 12.4617 -15.811 1
    endloop
  endfacet
  facet normal -0.561253 -0.430643 -0.706782
    outer loop
      vertex 11.2992 -0.518883 0
      vertex 12.0825 -1.53975 0
      vertex 11.2633 -2.11332 1
    endloop
  endfacet
  facet normal 0.69068 -0.153104 -0.706768
    outer loop
      vertex -13.2815 -6.44124 1
      vertex -13.5411 -7.61234 1
      vertex -14.5259 -7.43869 0
    endloop
  endfacet
  facet normal -0.477934 0.521569 -0.706785
    outer loop
      vertex 9.72272 -19.7227 1
      vertex 9.48112 -21.2992 0
      vertex 8.83833 -20.5331 1
    endloop
  endfacet
  facet normal 0.701391 -0.0923574 -0.706768
    outer loop
      vertex -13.5411 -7.61234 1
      vertex -13.6977 -8.80161 1
      vertex -14.5259 -7.43869 0
    endloop
  endfacet
  facet normal -0.430664 -0.56125 -0.706772
    outer loop
      vertex 9.48112 1.29916 0
      vertex 8.83833 0.533111 1
      vertex 7.88668 1.26334 1
    endloop
  endfacet
  facet normal 0.270757 0.653578 -0.706772
    outer loop
      vertex -4.70278 -22.9208 1
      vertex -5.0448 -23.8605 0
      vertex -5.811 -22.4617 1
    endloop
  endfacet
  facet normal 0.561248 -0.430645 -0.706785
    outer loop
      vertex -10.5331 -1.16167 1
      vertex -11.2633 -2.11332 1
      vertex -11.2992 -0.518883 0
    endloop
  endfacet
  facet normal 0.477975 0.521561 -0.706763
    outer loop
      vertex -9.72272 -19.7227 1
      vertex -9.48112 -21.2992 0
      vertex -10.4298 -20.4298 0
    endloop
  endfacet
  facet normal -0.212733 -0.674698 -0.706773
    outer loop
      vertex 5.0448 3.86047 0
      vertex 4.70278 2.92077 1
      vertex 3.55876 3.28148 1
    endloop
  endfacet
  facet normal 0.70677 0.0308439 -0.70677
    outer loop
      vertex -13.75 -10 1
      vertex -14.6939 -11.2855 0
      vertex -14.75 -10 0
    endloop
  endfacet
  facet normal -0.09234 -0.701394 -0.706767
    outer loop
      vertex 2.56131 4.52591 0
      vertex 2.38766 3.54111 1
      vertex 1.19839 3.69768 1
    endloop
  endfacet
  facet normal 0.561235 0.430657 -0.706788
    outer loop
      vertex -11.2633 -17.8867 1
      vertex -11.2992 -19.4811 0
      vertex -12.0825 -18.4603 0
    endloop
  endfacet
  facet normal -0.0923574 0.701391 -0.706768
    outer loop
      vertex 2.38766 -23.5411 1
      vertex 2.56131 -24.5259 0
      vertex 1.19839 -23.6977 1
    endloop
  endfacet
  facet normal -0.596639 0.380087 -0.706793
    outer loop
      vertex 11.9078 -16.875 1
      vertex 12.7739 -17.375 0
      vertex 11.2633 -17.8867 1
    endloop
  endfacet
  facet normal -0.561235 0.430657 -0.706788
    outer loop
      vertex 12.0825 -18.4603 0
      vertex 11.2992 -19.4811 0
      vertex 11.2633 -17.8867 1
    endloop
  endfacet
  facet normal 0.690684 -0.153116 -0.706761
    outer loop
      vertex -14.2474 -6.18242 0
      vertex -13.2815 -6.44124 1
      vertex -14.5259 -7.43869 0
    endloop
  endfacet
  facet normal 0.706769 -0.0308447 -0.706772
    outer loop
      vertex -13.6977 -8.80161 1
      vertex -13.75 -10 1
      vertex -14.6939 -8.71445 0
    endloop
  endfacet
  facet normal 0.430645 0.561248 -0.706786
    outer loop
      vertex -8.83833 -20.5331 1
      vertex -7.88668 -21.2633 1
      vertex -9.48112 -21.2992 0
    endloop
  endfacet
  facet normal 0.380092 0.596636 -0.706792
    outer loop
      vertex -6.875 -21.9078 1
      vertex -7.375 -22.7739 0
      vertex -7.88668 -21.2633 1
    endloop
  endfacet
  facet normal -0.430642 0.561254 -0.706783
    outer loop
      vertex 9.48112 -21.2992 0
      vertex 8.46025 -22.0825 0
      vertex 7.88668 -21.2633 1
    endloop
  endfacet
  facet normal 0.6747 -0.212727 -0.706772
    outer loop
      vertex -12.9208 -5.29722 1
      vertex -13.2815 -6.44124 1
      vertex -13.8605 -4.9552 0
    endloop
  endfacet
  facet normal -0.212714 0.674715 -0.706762
    outer loop
      vertex 5.0448 -23.8605 0
      vertex 3.81758 -24.2474 0
      vertex 3.55876 -23.2815 1
    endloop
  endfacet
  facet normal 0.430642 0.561254 -0.706783
    outer loop
      vertex -7.88668 -21.2633 1
      vertex -8.46025 -22.0825 0
      vertex -9.48112 -21.2992 0
    endloop
  endfacet
  facet normal 0.47794 -0.521581 -0.706772
    outer loop
      vertex -9.48112 1.29916 0
      vertex -8.83833 0.533111 1
      vertex -9.72272 -0.277281 1
    endloop
  endfacet
  facet normal 0.0308427 0.70677 -0.70677
    outer loop
      vertex 0 -23.75 1
      vertex 0 -24.75 0
      vertex -1.28555 -24.6939 0
    endloop
  endfacet
  facet normal -0.0923629 0.701386 -0.706772
    outer loop
      vertex 2.56131 -24.5259 0
      vertex 1.28555 -24.6939 0
      vertex 1.19839 -23.6977 1
    endloop
  endfacet
  facet normal 0.70677 0.0308445 -0.706771
    outer loop
      vertex -13.75 -10 1
      vertex -13.6977 -11.1984 1
      vertex -14.6939 -11.2855 0
    endloop
  endfacet
  facet normal 0.70139 0.0923604 -0.706769
    outer loop
      vertex -13.6977 -11.1984 1
      vertex -14.5259 -12.5613 0
      vertex -14.6939 -11.2855 0
    endloop
  endfacet
  facet normal 0.270726 -0.65359 -0.706772
    outer loop
      vertex -5.0448 3.86047 0
      vertex -4.70278 2.92077 1
      vertex -5.811 2.46173 1
    endloop
  endfacet
  facet normal 0.674715 -0.212714 -0.706762
    outer loop
      vertex -13.8605 -4.9552 0
      vertex -13.2815 -6.44124 1
      vertex -14.2474 -6.18242 0
    endloop
  endfacet
  facet normal 0.212727 0.6747 -0.706772
    outer loop
      vertex -4.70278 -22.9208 1
      vertex -3.55876 -23.2815 1
      vertex -5.0448 -23.8605 0
    endloop
  endfacet
  facet normal -0.38011 0.596636 -0.706783
    outer loop
      vertex 7.88668 -21.2633 1
      vertex 8.46025 -22.0825 0
      vertex 7.375 -22.7739 0
    endloop
  endfacet
  facet normal 0.690683 0.153105 -0.706764
    outer loop
      vertex -13.5411 -12.3877 1
      vertex -13.2815 -13.5588 1
      vertex -14.5259 -12.5613 0
    endloop
  endfacet
  facet normal 0.561253 -0.430643 -0.706782
    outer loop
      vertex -11.2992 -0.518883 0
      vertex -11.2633 -2.11332 1
      vertex -12.0825 -1.53975 0
    endloop
  endfacet
  facet normal 0.153104 0.69068 -0.706768
    outer loop
      vertex -2.38766 -23.5411 1
      vertex -2.56131 -24.5259 0
      vertex -3.55876 -23.2815 1
    endloop
  endfacet
  facet normal 0.596636 -0.38011 -0.706783
    outer loop
      vertex -12.0825 -1.53975 0
      vertex -11.2633 -2.11332 1
      vertex -12.7739 -2.625 0
    endloop
  endfacet
  facet normal 0.0308447 0.706769 -0.706772
    outer loop
      vertex -1.19839 -23.6977 1
      vertex 0 -23.75 1
      vertex -1.28555 -24.6939 0
    endloop
  endfacet
  facet normal -0.0308447 0.706769 -0.706772
    outer loop
      vertex 1.19839 -23.6977 1
      vertex 1.28555 -24.6939 0
      vertex 0 -23.75 1
    endloop
  endfacet
  facet normal -0.70139 0.0923604 -0.706769
    outer loop
      vertex 14.6939 -11.2855 0
      vertex 14.5259 -12.5613 0
      vertex 13.6977 -11.1984 1
    endloop
  endfacet
  facet normal -0.690686 0.153113 -0.706759
    outer loop
      vertex 14.5259 -12.5613 0
      vertex 14.2474 -13.8176 0
      vertex 13.2815 -13.5588 1
    endloop
  endfacet
  facet normal -0.32666 -0.627512 -0.706768
    outer loop
      vertex 7.375 2.77387 0
      vertex 6.875 1.90785 1
      vertex 5.811 2.46173 1
    endloop
  endfacet
  facet normal -0.0308427 0.70677 -0.70677
    outer loop
      vertex 0 -23.75 1
      vertex 1.28555 -24.6939 0
      vertex 0 -24.75 0
    endloop
  endfacet
  facet normal -0.701394 0.0923554 -0.706765
    outer loop
      vertex 13.6977 -11.1984 1
      vertex 14.5259 -12.5613 0
      vertex 13.5411 -12.3877 1
    endloop
  endfacet
  facet normal 0.09234 -0.701394 -0.706767
    outer loop
      vertex -1.19839 3.69768 1
      vertex -2.38766 3.54111 1
      vertex -2.56131 4.52591 0
    endloop
  endfacet
  facet normal -0.153104 0.69068 -0.706768
    outer loop
      vertex 3.55876 -23.2815 1
      vertex 2.56131 -24.5259 0
      vertex 2.38766 -23.5411 1
    endloop
  endfacet
  facet normal 0.38011 0.596636 -0.706783
    outer loop
      vertex -7.88668 -21.2633 1
      vertex -7.375 -22.7739 0
      vertex -8.46025 -22.0825 0
    endloop
  endfacet
  facet normal -0.521576 0.477922 -0.706788
    outer loop
      vertex 10.5331 -18.8383 1
      vertex 11.2992 -19.4811 0
      vertex 9.72272 -19.7227 1
    endloop
  endfacet
  facet normal -0.561248 -0.430645 -0.706785
    outer loop
      vertex 11.2992 -0.518883 0
      vertex 11.2633 -2.11332 1
      vertex 10.5331 -1.16167 1
    endloop
  endfacet
  facet normal 0.596639 0.380087 -0.706793
    outer loop
      vertex -11.9078 -16.875 1
      vertex -11.2633 -17.8867 1
      vertex -12.7739 -17.375 0
    endloop
  endfacet
  facet normal 0.674716 0.212718 -0.70676
    outer loop
      vertex -13.2815 -13.5588 1
      vertex -13.8605 -15.0448 0
      vertex -14.2474 -13.8176 0
    endloop
  endfacet
  facet normal 0.596636 -0.380092 -0.706792
    outer loop
      vertex -11.2633 -2.11332 1
      vertex -11.9078 -3.125 1
      vertex -12.7739 -2.625 0
    endloop
  endfacet
  facet normal -0.212727 0.6747 -0.706772
    outer loop
      vertex 4.70278 -22.9208 1
      vertex 5.0448 -23.8605 0
      vertex 3.55876 -23.2815 1
    endloop
  endfacet
  facet normal -0.596639 0.380094 -0.706789
    outer loop
      vertex 12.7739 -17.375 0
      vertex 12.0825 -18.4603 0
      vertex 11.2633 -17.8867 1
    endloop
  endfacet
  facet normal 0.477934 0.521569 -0.706785
    outer loop
      vertex -8.83833 -20.5331 1
      vertex -9.48112 -21.2992 0
      vertex -9.72272 -19.7227 1
    endloop
  endfacet
  facet normal -0.70677 0.0308445 -0.706771
    outer loop
      vertex 13.75 -10 1
      vertex 14.6939 -11.2855 0
      vertex 13.6977 -11.1984 1
    endloop
  endfacet
  facet normal 0.674701 0.212731 -0.70677
    outer loop
      vertex -13.2815 -13.5588 1
      vertex -12.9208 -14.7028 1
      vertex -13.8605 -15.0448 0
    endloop
  endfacet
  facet normal -0.596636 -0.380092 -0.706792
    outer loop
      vertex 12.7739 -2.625 0
      vertex 11.9078 -3.125 1
      vertex 11.2633 -2.11332 1
    endloop
  endfacet
  facet normal -0.627526 -0.326634 -0.706769
    outer loop
      vertex 12.7739 -2.625 0
      vertex 13.368 -3.76638 0
      vertex 12.4617 -4.189 1
    endloop
  endfacet
  facet normal 0.430662 -0.561257 -0.706768
    outer loop
      vertex -8.46025 2.08249 0
      vertex -7.88668 1.26334 1
      vertex -9.48112 1.29916 0
    endloop
  endfacet
  facet normal 0.701394 0.0923554 -0.706765
    outer loop
      vertex -13.6977 -11.1984 1
      vertex -13.5411 -12.3877 1
      vertex -14.5259 -12.5613 0
    endloop
  endfacet
  facet normal 0.690686 0.153113 -0.706759
    outer loop
      vertex -13.2815 -13.5588 1
      vertex -14.2474 -13.8176 0
      vertex -14.5259 -12.5613 0
    endloop
  endfacet
  facet normal 0.0923629 0.701386 -0.706772
    outer loop
      vertex -1.19839 -23.6977 1
      vertex -1.28555 -24.6939 0
      vertex -2.56131 -24.5259 0
    endloop
  endfacet
  facet normal 0.0923574 0.701391 -0.706768
    outer loop
      vertex -2.38766 -23.5411 1
      vertex -1.19839 -23.6977 1
      vertex -2.56131 -24.5259 0
    endloop
  endfacet
  facet normal 0.70677 -0.0308427 -0.70677
    outer loop
      vertex -14.6939 -8.71445 0
      vertex -13.75 -10 1
      vertex -14.75 -10 0
    endloop
  endfacet
  facet normal -0.65358 0.270767 -0.706766
    outer loop
      vertex 13.8605 -15.0448 0
      vertex 13.368 -16.2336 0
      vertex 12.4617 -15.811 1
    endloop
  endfacet
  facet normal -0.561235 0.430657 -0.706788
    outer loop
      vertex 11.2633 -17.8867 1
      vertex 11.2992 -19.4811 0
      vertex 10.5331 -18.8383 1
    endloop
  endfacet
  facet normal -0.326658 0.627485 -0.706794
    outer loop
      vertex 6.875 -21.9078 1
      vertex 7.375 -22.7739 0
      vertex 5.811 -22.4617 1
    endloop
  endfacet
  facet normal 0.521567 0.47797 -0.706762
    outer loop
      vertex -9.72272 -19.7227 1
      vertex -10.4298 -20.4298 0
      vertex -11.2992 -19.4811 0
    endloop
  endfacet
  facet normal -0.477955 -0.521578 -0.706764
    outer loop
      vertex 10.4298 0.429825 0
      vertex 9.72272 -0.277281 1
      vertex 9.48112 1.29916 0
    endloop
  endfacet
  facet normal 0.32666 -0.627512 -0.706768
    outer loop
      vertex -5.811 2.46173 1
      vertex -6.875 1.90785 1
      vertex -7.375 2.77387 0
    endloop
  endfacet
  facet normal 0.477955 -0.521578 -0.706764
    outer loop
      vertex -9.48112 1.29916 0
      vertex -9.72272 -0.277281 1
      vertex -10.4298 0.429825 0
    endloop
  endfacet
  facet normal 0.270762 0.653579 -0.706769
    outer loop
      vertex -5.811 -22.4617 1
      vertex -5.0448 -23.8605 0
      vertex -6.23362 -23.368 0
    endloop
  endfacet
  facet normal -0.153116 0.690684 -0.706761
    outer loop
      vertex 3.55876 -23.2815 1
      vertex 3.81758 -24.2474 0
      vertex 2.56131 -24.5259 0
    endloop
  endfacet
  facet normal -0.326634 0.627526 -0.706769
    outer loop
      vertex 7.375 -22.7739 0
      vertex 6.23362 -23.368 0
      vertex 5.811 -22.4617 1
    endloop
  endfacet
  facet normal -0.627485 0.326658 -0.706794
    outer loop
      vertex 12.4617 -15.811 1
      vertex 12.7739 -17.375 0
      vertex 11.9078 -16.875 1
    endloop
  endfacet
  facet normal -0.521567 0.47797 -0.706762
    outer loop
      vertex 11.2992 -19.4811 0
      vertex 10.4298 -20.4298 0
      vertex 9.72272 -19.7227 1
    endloop
  endfacet
  facet normal -0.521568 -0.477967 -0.706763
    outer loop
      vertex 10.4298 0.429825 0
      vertex 11.2992 -0.518883 0
      vertex 9.72272 -0.277281 1
    endloop
  endfacet
  facet normal 0.212731 -0.674699 -0.706772
    outer loop
      vertex -3.81758 4.24741 0
      vertex -3.55876 3.28148 1
      vertex -5.0448 3.86047 0
    endloop
  endfacet
  facet normal -0.0923417 -0.701392 -0.706769
    outer loop
      vertex 1.28555 4.69387 0
      vertex 2.56131 4.52591 0
      vertex 1.19839 3.69768 1
    endloop
  endfacet
  facet normal 0.653579 0.270762 -0.706769
    outer loop
      vertex -12.9208 -14.7028 1
      vertex -12.4617 -15.811 1
      vertex -13.8605 -15.0448 0
    endloop
  endfacet
  facet normal 0.0308592 -0.70677 -0.70677
    outer loop
      vertex 0 4.75 0
      vertex 0 3.75 1
      vertex -1.28555 4.69387 0
    endloop
  endfacet
  facet normal 0.0308566 -0.706772 -0.706768
    outer loop
      vertex 0 3.75 1
      vertex -1.19839 3.69768 1
      vertex -1.28555 4.69387 0
    endloop
  endfacet
  facet normal 0.627485 0.326658 -0.706794
    outer loop
      vertex -12.4617 -15.811 1
      vertex -11.9078 -16.875 1
      vertex -12.7739 -17.375 0
    endloop
  endfacet
  facet normal -0.69068 -0.153104 -0.706768
    outer loop
      vertex 14.5259 -7.43869 0
      vertex 13.5411 -7.61234 1
      vertex 13.2815 -6.44124 1
    endloop
  endfacet
  facet normal -0.521575 -0.477928 -0.706785
    outer loop
      vertex 11.2992 -0.518883 0
      vertex 10.5331 -1.16167 1
      vertex 9.72272 -0.277281 1
    endloop
  endfacet
  facet normal 0.701386 -0.0923629 -0.706772
    outer loop
      vertex -14.5259 -7.43869 0
      vertex -13.6977 -8.80161 1
      vertex -14.6939 -8.71445 0
    endloop
  endfacet
  facet normal -0.270726 -0.65359 -0.706772
    outer loop
      vertex 5.0448 3.86047 0
      vertex 5.811 2.46173 1
      vertex 4.70278 2.92077 1
    endloop
  endfacet
  facet normal 0.561235 0.430657 -0.706788
    outer loop
      vertex -11.2633 -17.8867 1
      vertex -10.5331 -18.8383 1
      vertex -11.2992 -19.4811 0
    endloop
  endfacet
  facet normal 0.653579 -0.270762 -0.706769
    outer loop
      vertex -13.368 -3.76638 0
      vertex -12.4617 -4.189 1
      vertex -13.8605 -4.9552 0
    endloop
  endfacet
  facet normal 0.627526 -0.326634 -0.706769
    outer loop
      vertex -12.7739 -2.625 0
      vertex -12.4617 -4.189 1
      vertex -13.368 -3.76638 0
    endloop
  endfacet
  facet normal -0.627485 -0.326658 -0.706794
    outer loop
      vertex 12.7739 -2.625 0
      vertex 12.4617 -4.189 1
      vertex 11.9078 -3.125 1
    endloop
  endfacet
  facet normal 0.212733 -0.674698 -0.706773
    outer loop
      vertex -3.55876 3.28148 1
      vertex -4.70278 2.92077 1
      vertex -5.0448 3.86047 0
    endloop
  endfacet
  facet normal -0.270757 0.653578 -0.706772
    outer loop
      vertex 5.811 -22.4617 1
      vertex 5.0448 -23.8605 0
      vertex 4.70278 -22.9208 1
    endloop
  endfacet
  facet normal 0.653578 -0.270757 -0.706772
    outer loop
      vertex -12.4617 -4.189 1
      vertex -12.9208 -5.29722 1
      vertex -13.8605 -4.9552 0
    endloop
  endfacet
  facet normal 0.326634 0.627526 -0.706769
    outer loop
      vertex -5.811 -22.4617 1
      vertex -6.23362 -23.368 0
      vertex -7.375 -22.7739 0
    endloop
  endfacet
  facet normal -0.380109 -0.596653 -0.706768
    outer loop
      vertex 7.375 2.77387 0
      vertex 7.88668 1.26334 1
      vertex 6.875 1.90785 1
    endloop
  endfacet
  facet normal -0.430662 -0.561257 -0.706768
    outer loop
      vertex 8.46025 2.08249 0
      vertex 9.48112 1.29916 0
      vertex 7.88668 1.26334 1
    endloop
  endfacet
  facet normal -0.153114 -0.690674 -0.706771
    outer loop
      vertex 3.81758 4.24741 0
      vertex 3.55876 3.28148 1
      vertex 2.56131 4.52591 0
    endloop
  endfacet
  facet normal 0.153121 -0.690676 -0.706767
    outer loop
      vertex -2.56131 4.52591 0
      vertex -2.38766 3.54111 1
      vertex -3.55876 3.28148 1
    endloop
  endfacet
  facet normal 0.380109 -0.596653 -0.706768
    outer loop
      vertex -7.375 2.77387 0
      vertex -6.875 1.90785 1
      vertex -7.88668 1.26334 1
    endloop
  endfacet
  facet normal -0.701391 -0.0923574 -0.706768
    outer loop
      vertex 14.5259 -7.43869 0
      vertex 13.6977 -8.80161 1
      vertex 13.5411 -7.61234 1
    endloop
  endfacet
  facet normal 0.0923417 -0.701392 -0.706769
    outer loop
      vertex -1.28555 4.69387 0
      vertex -1.19839 3.69768 1
      vertex -2.56131 4.52591 0
    endloop
  endfacet
  facet normal 0.65358 0.270767 -0.706766
    outer loop
      vertex -12.4617 -15.811 1
      vertex -13.368 -16.2336 0
      vertex -13.8605 -15.0448 0
    endloop
  endfacet
  facet normal -0.690683 0.153105 -0.706764
    outer loop
      vertex 13.5411 -12.3877 1
      vertex 14.5259 -12.5613 0
      vertex 13.2815 -13.5588 1
    endloop
  endfacet
  facet normal -0.0308566 -0.706772 -0.706768
    outer loop
      vertex 1.28555 4.69387 0
      vertex 1.19839 3.69768 1
      vertex 0 3.75 1
    endloop
  endfacet
  facet normal -0.38011 -0.596653 -0.706768
    outer loop
      vertex 8.46025 2.08249 0
      vertex 7.88668 1.26334 1
      vertex 7.375 2.77387 0
    endloop
  endfacet
  facet normal -0.212731 -0.674699 -0.706772
    outer loop
      vertex 3.81758 4.24741 0
      vertex 5.0448 3.86047 0
      vertex 3.55876 3.28148 1
    endloop
  endfacet
  facet normal -0.153121 -0.690676 -0.706767
    outer loop
      vertex 2.56131 4.52591 0
      vertex 3.55876 3.28148 1
      vertex 2.38766 3.54111 1
    endloop
  endfacet
  facet normal 0.153116 0.690684 -0.706761
    outer loop
      vertex -3.55876 -23.2815 1
      vertex -2.56131 -24.5259 0
      vertex -3.81758 -24.2474 0
    endloop
  endfacet
  facet normal 0.212714 0.674715 -0.706762
    outer loop
      vertex -3.55876 -23.2815 1
      vertex -3.81758 -24.2474 0
      vertex -5.0448 -23.8605 0
    endloop
  endfacet
  facet normal -0.6747 -0.212727 -0.706772
    outer loop
      vertex 13.8605 -4.9552 0
      vertex 13.2815 -6.44124 1
      vertex 12.9208 -5.29722 1
    endloop
  endfacet
  facet normal 0.521575 -0.477928 -0.706785
    outer loop
      vertex -9.72272 -0.277281 1
      vertex -10.5331 -1.16167 1
      vertex -11.2992 -0.518883 0
    endloop
  endfacet
  facet normal 0.521568 -0.477967 -0.706763
    outer loop
      vertex -10.4298 0.429825 0
      vertex -9.72272 -0.277281 1
      vertex -11.2992 -0.518883 0
    endloop
  endfacet
  facet normal 0.270729 -0.653591 -0.706771
    outer loop
      vertex -5.0448 3.86047 0
      vertex -5.811 2.46173 1
      vertex -6.23362 3.36804 0
    endloop
  endfacet
  facet normal 0.38011 -0.596653 -0.706768
    outer loop
      vertex -7.375 2.77387 0
      vertex -7.88668 1.26334 1
      vertex -8.46025 2.08249 0
    endloop
  endfacet
  facet normal 0.627531 0.326631 -0.706765
    outer loop
      vertex -12.4617 -15.811 1
      vertex -12.7739 -17.375 0
      vertex -13.368 -16.2336 0
    endloop
  endfacet
  facet normal -0.690684 -0.153116 -0.706761
    outer loop
      vertex 14.2474 -6.18242 0
      vertex 14.5259 -7.43869 0
      vertex 13.2815 -6.44124 1
    endloop
  endfacet
  facet normal -0.674715 -0.212714 -0.706762
    outer loop
      vertex 13.8605 -4.9552 0
      vertex 14.2474 -6.18242 0
      vertex 13.2815 -6.44124 1
    endloop
  endfacet
  facet normal -0.653579 -0.270762 -0.706769
    outer loop
      vertex 13.368 -3.76638 0
      vertex 13.8605 -4.9552 0
      vertex 12.4617 -4.189 1
    endloop
  endfacet
  facet normal -0.653578 -0.270757 -0.706772
    outer loop
      vertex 13.8605 -4.9552 0
      vertex 12.9208 -5.29722 1
      vertex 12.4617 -4.189 1
    endloop
  endfacet
  facet normal -0.706769 -0.0308447 -0.706772
    outer loop
      vertex 14.6939 -8.71445 0
      vertex 13.75 -10 1
      vertex 13.6977 -8.80161 1
    endloop
  endfacet
  facet normal -0.70677 -0.0308427 -0.70677
    outer loop
      vertex 14.6939 -8.71445 0
      vertex 14.75 -10 0
      vertex 13.75 -10 1
    endloop
  endfacet
  facet normal -0.70677 0.0308439 -0.70677
    outer loop
      vertex 14.75 -10 0
      vertex 14.6939 -11.2855 0
      vertex 13.75 -10 1
    endloop
  endfacet
  facet normal 0.326663 -0.627508 -0.706771
    outer loop
      vertex -6.23362 3.36804 0
      vertex -5.811 2.46173 1
      vertex -7.375 2.77387 0
    endloop
  endfacet
  facet normal -0.47794 -0.521581 -0.706772
    outer loop
      vertex 9.48112 1.29916 0
      vertex 9.72272 -0.277281 1
      vertex 8.83833 0.533111 1
    endloop
  endfacet
  facet normal -0.270729 -0.653591 -0.706771
    outer loop
      vertex 6.23362 3.36804 0
      vertex 5.811 2.46173 1
      vertex 5.0448 3.86047 0
    endloop
  endfacet
  facet normal -0.326663 -0.627508 -0.706771
    outer loop
      vertex 6.23362 3.36804 0
      vertex 7.375 2.77387 0
      vertex 5.811 2.46173 1
    endloop
  endfacet
  facet normal -0.701386 -0.0923629 -0.706772
    outer loop
      vertex 14.5259 -7.43869 0
      vertex 14.6939 -8.71445 0
      vertex 13.6977 -8.80161 1
    endloop
  endfacet
  facet normal 0.13061 0.991434 -0
    outer loop
      vertex -0.618805 12.727 0.799999
      vertex -1.2329 12.8079 3.3
      vertex -0.618805 12.727 3.3
    endloop
  endfacet
  facet normal 0.13061 0.991434 0
    outer loop
      vertex -1.2329 12.8079 3.3
      vertex -0.618805 12.727 0.799999
      vertex -1.2329 12.8079 0.799999
    endloop
  endfacet
  facet normal 0.216342 0.976318 -0
    outer loop
      vertex -1.2329 12.8079 0.799999
      vertex -1.83762 12.9419 3.3
      vertex -1.2329 12.8079 3.3
    endloop
  endfacet
  facet normal 0.216342 0.976318 0
    outer loop
      vertex -1.83762 12.9419 3.3
      vertex -1.2329 12.8079 0.799999
      vertex -1.83762 12.9419 0.799999
    endloop
  endfacet
  facet normal 0.461743 -0.887014 0
    outer loop
      vertex -3.55 25.9488 0.799999
      vertex -3.00059 26.2348 3.3
      vertex -3.55 25.9488 3.3
    endloop
  endfacet
  facet normal 0.461743 -0.887014 0
    outer loop
      vertex -3.00059 26.2348 3.3
      vertex -3.55 25.9488 0.799999
      vertex -3.00059 26.2348 0.799999
    endloop
  endfacet
  facet normal -0.923888 0.382664 0
    outer loop
      vertex 6.43478 16.7994 0.799999
      vertex 6.67182 17.3717 3.3
      vertex 6.67182 17.3717 0.799999
    endloop
  endfacet
  facet normal -0.923888 0.382664 0
    outer loop
      vertex 6.67182 17.3717 3.3
      vertex 6.43478 16.7994 0.799999
      vertex 6.43478 16.7994 3.3
    endloop
  endfacet
  facet normal -0.461743 -0.887014 0
    outer loop
      vertex 3.00059 26.2348 0.799999
      vertex 3.55 25.9488 3.3
      vertex 3.00059 26.2348 3.3
    endloop
  endfacet
  facet normal -0.461743 -0.887014 -0
    outer loop
      vertex 3.55 25.9488 3.3
      vertex 3.00059 26.2348 0.799999
      vertex 3.55 25.9488 0.799999
    endloop
  endfacet
  facet normal -0.991444 -0.13053 0
    outer loop
      vertex 7.07298 20.4188 0.799999
      vertex 6.99213 21.0329 3.3
      vertex 6.99213 21.0329 0.799999
    endloop
  endfacet
  facet normal -0.991444 -0.13053 0
    outer loop
      vertex 6.99213 21.0329 3.3
      vertex 7.07298 20.4188 0.799999
      vertex 7.07298 20.4188 3.3
    endloop
  endfacet
  facet normal -0.675537 -0.737326 0
    outer loop
      vertex 4.56379 25.2389 0.799999
      vertex 5.02046 24.8205 3.3
      vertex 4.56379 25.2389 3.3
    endloop
  endfacet
  facet normal -0.675537 -0.737326 -0
    outer loop
      vertex 5.02046 24.8205 3.3
      vertex 4.56379 25.2389 0.799999
      vertex 5.02046 24.8205 0.799999
    endloop
  endfacet
  facet normal 0.991444 0.13053 0
    outer loop
      vertex -6.99213 18.5671 3.3
      vertex -7.07298 19.1812 0.799999
      vertex -7.07298 19.1812 3.3
    endloop
  endfacet
  facet normal 0.991444 0.13053 0
    outer loop
      vertex -7.07298 19.1812 0.799999
      vertex -6.99213 18.5671 3.3
      vertex -6.99213 18.5671 0.799999
    endloop
  endfacet
  facet normal -0.923888 -0.382664 0
    outer loop
      vertex 6.67182 22.2283 0.799999
      vertex 6.43478 22.8006 3.3
      vertex 6.43478 22.8006 0.799999
    endloop
  endfacet
  facet normal -0.923888 -0.382664 0
    outer loop
      vertex 6.43478 22.8006 3.3
      vertex 6.67182 22.2283 0.799999
      vertex 6.67182 22.2283 3.3
    endloop
  endfacet
  facet normal 0.300774 -0.953695 0
    outer loop
      vertex -2.42834 26.4718 0.799999
      vertex -1.83762 26.6581 3.3
      vertex -2.42834 26.4718 3.3
    endloop
  endfacet
  facet normal 0.300774 -0.953695 0
    outer loop
      vertex -1.83762 26.6581 3.3
      vertex -2.42834 26.4718 0.799999
      vertex -1.83762 26.6581 0.799999
    endloop
  endfacet
  facet normal -0.793357 -0.608757 0
    outer loop
      vertex 5.81598 23.8724 0.799999
      vertex 5.43892 24.3638 3.3
      vertex 5.43892 24.3638 0.799999
    endloop
  endfacet
  facet normal -0.793357 -0.608757 0
    outer loop
      vertex 5.43892 24.3638 3.3
      vertex 5.81598 23.8724 0.799999
      vertex 5.81598 23.8724 3.3
    endloop
  endfacet
  facet normal -0.887011 -0.461749 0
    outer loop
      vertex 6.43478 22.8006 0.799999
      vertex 6.14878 23.35 3.3
      vertex 6.14878 23.35 0.799999
    endloop
  endfacet
  facet normal -0.887011 -0.461749 0
    outer loop
      vertex 6.14878 23.35 3.3
      vertex 6.43478 22.8006 0.799999
      vertex 6.43478 22.8006 3.3
    endloop
  endfacet
  facet normal -0.608798 0.793326 0
    outer loop
      vertex 4.56379 14.3611 0.799999
      vertex 4.07239 13.984 3.3
      vertex 4.56379 14.3611 3.3
    endloop
  endfacet
  facet normal -0.608798 0.793326 0
    outer loop
      vertex 4.07239 13.984 3.3
      vertex 4.56379 14.3611 0.799999
      vertex 4.07239 13.984 0.799999
    endloop
  endfacet
  facet normal -0.043591 0.999049 0
    outer loop
      vertex 0.618805 12.727 0.799999
      vertex 0 12.7 3.3
      vertex 0.618805 12.727 3.3
    endloop
  endfacet
  facet normal -0.043591 0.999049 0
    outer loop
      vertex 0 12.7 3.3
      vertex 0.618805 12.727 0.799999
      vertex 0 12.7 0.799999
    endloop
  endfacet
  facet normal -0.999048 -0.0436236 0
    outer loop
      vertex 7.1 19.8 0.799999
      vertex 7.07298 20.4188 3.3
      vertex 7.07298 20.4188 0.799999
    endloop
  endfacet
  facet normal -0.999048 -0.0436236 0
    outer loop
      vertex 7.07298 20.4188 3.3
      vertex 7.1 19.8 0.799999
      vertex 7.1 19.8 3.3
    endloop
  endfacet
  facet normal 0.13061 -0.991434 0
    outer loop
      vertex -1.2329 26.7921 0.799999
      vertex -0.618805 26.873 3.3
      vertex -1.2329 26.7921 3.3
    endloop
  endfacet
  facet normal 0.13061 -0.991434 0
    outer loop
      vertex -0.618805 26.873 3.3
      vertex -1.2329 26.7921 0.799999
      vertex -0.618805 26.873 0.799999
    endloop
  endfacet
  facet normal 0.953716 -0.30071 0
    outer loop
      vertex -6.85807 21.6376 3.3
      vertex -6.67182 22.2283 0.799999
      vertex -6.67182 22.2283 3.3
    endloop
  endfacet
  facet normal 0.953716 -0.30071 0
    outer loop
      vertex -6.67182 22.2283 0.799999
      vertex -6.85807 21.6376 3.3
      vertex -6.85807 21.6376 0.799999
    endloop
  endfacet
  facet normal 0.999048 -0.0436236 0
    outer loop
      vertex -7.1 19.8 3.3
      vertex -7.07298 20.4188 0.799999
      vertex -7.07298 20.4188 3.3
    endloop
  endfacet
  facet normal 0.999048 -0.0436236 0
    outer loop
      vertex -7.07298 20.4188 0.799999
      vertex -7.1 19.8 3.3
      vertex -7.1 19.8 0.799999
    endloop
  endfacet
  facet normal 0.7373 0.675565 0
    outer loop
      vertex -5.02046 14.7795 3.3
      vertex -5.43892 15.2362 0.799999
      vertex -5.43892 15.2362 3.3
    endloop
  endfacet
  facet normal 0.7373 0.675565 0
    outer loop
      vertex -5.43892 15.2362 0.799999
      vertex -5.02046 14.7795 3.3
      vertex -5.02046 14.7795 0.799999
    endloop
  endfacet
  facet normal -0.999048 0.0436236 0
    outer loop
      vertex 7.07298 19.1812 0.799999
      vertex 7.1 19.8 3.3
      vertex 7.1 19.8 0.799999
    endloop
  endfacet
  facet normal -0.999048 0.0436236 0
    outer loop
      vertex 7.1 19.8 3.3
      vertex 7.07298 19.1812 0.799999
      vertex 7.07298 19.1812 3.3
    endloop
  endfacet
  facet normal -0.976296 -0.216442 0
    outer loop
      vertex 6.99213 21.0329 0.799999
      vertex 6.85807 21.6376 3.3
      vertex 6.85807 21.6376 0.799999
    endloop
  endfacet
  facet normal -0.976296 -0.216442 0
    outer loop
      vertex 6.85807 21.6376 3.3
      vertex 6.99213 21.0329 0.799999
      vertex 6.99213 21.0329 3.3
    endloop
  endfacet
  facet normal 0.953716 0.30071 0
    outer loop
      vertex -6.67182 17.3717 3.3
      vertex -6.85807 17.9624 0.799999
      vertex -6.85807 17.9624 3.3
    endloop
  endfacet
  facet normal 0.953716 0.30071 0
    outer loop
      vertex -6.85807 17.9624 0.799999
      vertex -6.67182 17.3717 3.3
      vertex -6.67182 17.3717 0.799999
    endloop
  endfacet
  facet normal -0.216342 -0.976318 0
    outer loop
      vertex 1.2329 26.7921 0.799999
      vertex 1.83762 26.6581 3.3
      vertex 1.2329 26.7921 3.3
    endloop
  endfacet
  facet normal -0.216342 -0.976318 -0
    outer loop
      vertex 1.83762 26.6581 3.3
      vertex 1.2329 26.7921 0.799999
      vertex 1.83762 26.6581 0.799999
    endloop
  endfacet
  facet normal -0.537301 0.843391 0
    outer loop
      vertex 4.07239 13.984 0.799999
      vertex 3.55 13.6512 3.3
      vertex 4.07239 13.984 3.3
    endloop
  endfacet
  facet normal -0.537301 0.843391 0
    outer loop
      vertex 3.55 13.6512 3.3
      vertex 4.07239 13.984 0.799999
      vertex 3.55 13.6512 0.799999
    endloop
  endfacet
  facet normal 0.991444 -0.13053 0
    outer loop
      vertex -7.07298 20.4188 3.3
      vertex -6.99213 21.0329 0.799999
      vertex -6.99213 21.0329 3.3
    endloop
  endfacet
  facet normal 0.991444 -0.13053 0
    outer loop
      vertex -6.99213 21.0329 0.799999
      vertex -7.07298 20.4188 3.3
      vertex -7.07298 20.4188 0.799999
    endloop
  endfacet
  facet normal 0.887011 0.461749 0
    outer loop
      vertex -6.14878 16.25 3.3
      vertex -6.43478 16.7994 0.799999
      vertex -6.43478 16.7994 3.3
    endloop
  endfacet
  facet normal 0.887011 0.461749 0
    outer loop
      vertex -6.43478 16.7994 0.799999
      vertex -6.14878 16.25 3.3
      vertex -6.14878 16.25 0.799999
    endloop
  endfacet
  facet normal 0.675537 0.737326 -0
    outer loop
      vertex -4.56379 14.3611 0.799999
      vertex -5.02046 14.7795 3.3
      vertex -4.56379 14.3611 3.3
    endloop
  endfacet
  facet normal 0.675537 0.737326 0
    outer loop
      vertex -5.02046 14.7795 3.3
      vertex -4.56379 14.3611 0.799999
      vertex -5.02046 14.7795 0.799999
    endloop
  endfacet
  facet normal -0.300774 -0.953695 0
    outer loop
      vertex 1.83762 26.6581 0.799999
      vertex 2.42834 26.4718 3.3
      vertex 1.83762 26.6581 3.3
    endloop
  endfacet
  facet normal -0.300774 -0.953695 -0
    outer loop
      vertex 2.42834 26.4718 3.3
      vertex 1.83762 26.6581 0.799999
      vertex 2.42834 26.4718 0.799999
    endloop
  endfacet
  facet normal -0.382637 0.923899 0
    outer loop
      vertex 3.00059 13.3652 0.799999
      vertex 2.42834 13.1282 3.3
      vertex 3.00059 13.3652 3.3
    endloop
  endfacet
  facet normal -0.382637 0.923899 0
    outer loop
      vertex 2.42834 13.1282 3.3
      vertex 3.00059 13.3652 0.799999
      vertex 2.42834 13.1282 0.799999
    endloop
  endfacet
  facet normal 0.793357 0.608757 0
    outer loop
      vertex -5.43892 15.2362 3.3
      vertex -5.81598 15.7276 0.799999
      vertex -5.81598 15.7276 3.3
    endloop
  endfacet
  facet normal 0.793357 0.608757 0
    outer loop
      vertex -5.81598 15.7276 0.799999
      vertex -5.43892 15.2362 3.3
      vertex -5.43892 15.2362 0.799999
    endloop
  endfacet
  facet normal -0.887011 0.461749 0
    outer loop
      vertex 6.14878 16.25 0.799999
      vertex 6.43478 16.7994 3.3
      vertex 6.43478 16.7994 0.799999
    endloop
  endfacet
  facet normal -0.887011 0.461749 0
    outer loop
      vertex 6.43478 16.7994 3.3
      vertex 6.14878 16.25 0.799999
      vertex 6.14878 16.25 3.3
    endloop
  endfacet
  facet normal 0.300774 0.953695 -0
    outer loop
      vertex -1.83762 12.9419 0.799999
      vertex -2.42834 13.1282 3.3
      vertex -1.83762 12.9419 3.3
    endloop
  endfacet
  facet normal 0.300774 0.953695 0
    outer loop
      vertex -2.42834 13.1282 3.3
      vertex -1.83762 12.9419 0.799999
      vertex -2.42834 13.1282 0.799999
    endloop
  endfacet
  facet normal -0.793357 0.608757 0
    outer loop
      vertex 5.43892 15.2362 0.799999
      vertex 5.81598 15.7276 3.3
      vertex 5.81598 15.7276 0.799999
    endloop
  endfacet
  facet normal -0.793357 0.608757 0
    outer loop
      vertex 5.81598 15.7276 3.3
      vertex 5.43892 15.2362 0.799999
      vertex 5.43892 15.2362 3.3
    endloop
  endfacet
  facet normal 0.675537 -0.737326 0
    outer loop
      vertex -5.02046 24.8205 0.799999
      vertex -4.56379 25.2389 3.3
      vertex -5.02046 24.8205 3.3
    endloop
  endfacet
  facet normal 0.675537 -0.737326 0
    outer loop
      vertex -4.56379 25.2389 3.3
      vertex -5.02046 24.8205 0.799999
      vertex -4.56379 25.2389 0.799999
    endloop
  endfacet
  facet normal 0.216342 -0.976318 0
    outer loop
      vertex -1.83762 26.6581 0.799999
      vertex -1.2329 26.7921 3.3
      vertex -1.83762 26.6581 3.3
    endloop
  endfacet
  facet normal 0.216342 -0.976318 0
    outer loop
      vertex -1.2329 26.7921 3.3
      vertex -1.83762 26.6581 0.799999
      vertex -1.2329 26.7921 0.799999
    endloop
  endfacet
  facet normal -0.991444 0.13053 0
    outer loop
      vertex 6.99213 18.5671 0.799999
      vertex 7.07298 19.1812 3.3
      vertex 7.07298 19.1812 0.799999
    endloop
  endfacet
  facet normal -0.991444 0.13053 0
    outer loop
      vertex 7.07298 19.1812 3.3
      vertex 6.99213 18.5671 0.799999
      vertex 6.99213 18.5671 3.3
    endloop
  endfacet
  facet normal 0.382637 0.923899 -0
    outer loop
      vertex -2.42834 13.1282 0.799999
      vertex -3.00059 13.3652 3.3
      vertex -2.42834 13.1282 3.3
    endloop
  endfacet
  facet normal 0.382637 0.923899 0
    outer loop
      vertex -3.00059 13.3652 3.3
      vertex -2.42834 13.1282 0.799999
      vertex -3.00059 13.3652 0.799999
    endloop
  endfacet
  facet normal 0.923888 0.382664 0
    outer loop
      vertex -6.43478 16.7994 3.3
      vertex -6.67182 17.3717 0.799999
      vertex -6.67182 17.3717 3.3
    endloop
  endfacet
  facet normal 0.923888 0.382664 0
    outer loop
      vertex -6.67182 17.3717 0.799999
      vertex -6.43478 16.7994 3.3
      vertex -6.43478 16.7994 0.799999
    endloop
  endfacet
  facet normal 0.537301 0.843391 -0
    outer loop
      vertex -3.55 13.6512 0.799999
      vertex -4.07239 13.984 3.3
      vertex -3.55 13.6512 3.3
    endloop
  endfacet
  facet normal 0.537301 0.843391 0
    outer loop
      vertex -4.07239 13.984 3.3
      vertex -3.55 13.6512 0.799999
      vertex -4.07239 13.984 0.799999
    endloop
  endfacet
  facet normal -0.608798 -0.793326 0
    outer loop
      vertex 4.07239 25.616 0.799999
      vertex 4.56379 25.2389 3.3
      vertex 4.07239 25.616 3.3
    endloop
  endfacet
  facet normal -0.608798 -0.793326 -0
    outer loop
      vertex 4.56379 25.2389 3.3
      vertex 4.07239 25.616 0.799999
      vertex 4.56379 25.2389 0.799999
    endloop
  endfacet
  facet normal -0.13061 0.991434 0
    outer loop
      vertex 1.2329 12.8079 0.799999
      vertex 0.618805 12.727 3.3
      vertex 1.2329 12.8079 3.3
    endloop
  endfacet
  facet normal -0.13061 0.991434 0
    outer loop
      vertex 0.618805 12.727 3.3
      vertex 1.2329 12.8079 0.799999
      vertex 0.618805 12.727 0.799999
    endloop
  endfacet
  facet normal -0.382637 -0.923899 0
    outer loop
      vertex 2.42834 26.4718 0.799999
      vertex 3.00059 26.2348 3.3
      vertex 2.42834 26.4718 3.3
    endloop
  endfacet
  facet normal -0.382637 -0.923899 -0
    outer loop
      vertex 3.00059 26.2348 3.3
      vertex 2.42834 26.4718 0.799999
      vertex 3.00059 26.2348 0.799999
    endloop
  endfacet
  facet normal -0.843395 -0.537293 0
    outer loop
      vertex 6.14878 23.35 0.799999
      vertex 5.81598 23.8724 3.3
      vertex 5.81598 23.8724 0.799999
    endloop
  endfacet
  facet normal -0.843395 -0.537293 0
    outer loop
      vertex 5.81598 23.8724 3.3
      vertex 6.14878 23.35 0.799999
      vertex 6.14878 23.35 3.3
    endloop
  endfacet
  facet normal -0.043591 -0.999049 0
    outer loop
      vertex 0 26.9 0.799999
      vertex 0.618805 26.873 3.3
      vertex 0 26.9 3.3
    endloop
  endfacet
  facet normal -0.043591 -0.999049 -0
    outer loop
      vertex 0.618805 26.873 3.3
      vertex 0 26.9 0.799999
      vertex 0.618805 26.873 0.799999
    endloop
  endfacet
  facet normal -0.953716 -0.30071 0
    outer loop
      vertex 6.85807 21.6376 0.799999
      vertex 6.67182 22.2283 3.3
      vertex 6.67182 22.2283 0.799999
    endloop
  endfacet
  facet normal -0.953716 -0.30071 0
    outer loop
      vertex 6.67182 22.2283 3.3
      vertex 6.85807 21.6376 0.799999
      vertex 6.85807 21.6376 3.3
    endloop
  endfacet
  facet normal 0.608798 -0.793326 0
    outer loop
      vertex -4.56379 25.2389 0.799999
      vertex -4.07239 25.616 3.3
      vertex -4.56379 25.2389 3.3
    endloop
  endfacet
  facet normal 0.608798 -0.793326 0
    outer loop
      vertex -4.07239 25.616 3.3
      vertex -4.56379 25.2389 0.799999
      vertex -4.07239 25.616 0.799999
    endloop
  endfacet
  facet normal -0.537301 -0.843391 0
    outer loop
      vertex 3.55 25.9488 0.799999
      vertex 4.07239 25.616 3.3
      vertex 3.55 25.9488 3.3
    endloop
  endfacet
  facet normal -0.537301 -0.843391 -0
    outer loop
      vertex 4.07239 25.616 3.3
      vertex 3.55 25.9488 0.799999
      vertex 4.07239 25.616 0.799999
    endloop
  endfacet
  facet normal -0.953716 0.30071 0
    outer loop
      vertex 6.67182 17.3717 0.799999
      vertex 6.85807 17.9624 3.3
      vertex 6.85807 17.9624 0.799999
    endloop
  endfacet
  facet normal -0.953716 0.30071 0
    outer loop
      vertex 6.85807 17.9624 3.3
      vertex 6.67182 17.3717 0.799999
      vertex 6.67182 17.3717 3.3
    endloop
  endfacet
  facet normal 0.461743 0.887014 -0
    outer loop
      vertex -3.00059 13.3652 0.799999
      vertex -3.55 13.6512 3.3
      vertex -3.00059 13.3652 3.3
    endloop
  endfacet
  facet normal 0.461743 0.887014 0
    outer loop
      vertex -3.55 13.6512 3.3
      vertex -3.00059 13.3652 0.799999
      vertex -3.55 13.6512 0.799999
    endloop
  endfacet
  facet normal 0.923888 -0.382664 0
    outer loop
      vertex -6.67182 22.2283 3.3
      vertex -6.43478 22.8006 0.799999
      vertex -6.43478 22.8006 3.3
    endloop
  endfacet
  facet normal 0.923888 -0.382664 0
    outer loop
      vertex -6.43478 22.8006 0.799999
      vertex -6.67182 22.2283 3.3
      vertex -6.67182 22.2283 0.799999
    endloop
  endfacet
  facet normal 0.382637 -0.923899 0
    outer loop
      vertex -3.00059 26.2348 0.799999
      vertex -2.42834 26.4718 3.3
      vertex -3.00059 26.2348 3.3
    endloop
  endfacet
  facet normal 0.382637 -0.923899 0
    outer loop
      vertex -2.42834 26.4718 3.3
      vertex -3.00059 26.2348 0.799999
      vertex -2.42834 26.4718 0.799999
    endloop
  endfacet
  facet normal 0.999048 0.0436236 0
    outer loop
      vertex -7.07298 19.1812 3.3
      vertex -7.1 19.8 0.799999
      vertex -7.1 19.8 3.3
    endloop
  endfacet
  facet normal 0.999048 0.0436236 0
    outer loop
      vertex -7.1 19.8 0.799999
      vertex -7.07298 19.1812 3.3
      vertex -7.07298 19.1812 0.799999
    endloop
  endfacet
  facet normal 0.608798 0.793326 -0
    outer loop
      vertex -4.07239 13.984 0.799999
      vertex -4.56379 14.3611 3.3
      vertex -4.07239 13.984 3.3
    endloop
  endfacet
  facet normal 0.608798 0.793326 0
    outer loop
      vertex -4.56379 14.3611 3.3
      vertex -4.07239 13.984 0.799999
      vertex -4.56379 14.3611 0.799999
    endloop
  endfacet
  facet normal -0.13061 -0.991434 0
    outer loop
      vertex 0.618805 26.873 0.799999
      vertex 1.2329 26.7921 3.3
      vertex 0.618805 26.873 3.3
    endloop
  endfacet
  facet normal -0.13061 -0.991434 -0
    outer loop
      vertex 1.2329 26.7921 3.3
      vertex 0.618805 26.873 0.799999
      vertex 1.2329 26.7921 0.799999
    endloop
  endfacet
  facet normal -0.976296 0.216442 0
    outer loop
      vertex 6.85807 17.9624 0.799999
      vertex 6.99213 18.5671 3.3
      vertex 6.99213 18.5671 0.799999
    endloop
  endfacet
  facet normal -0.976296 0.216442 0
    outer loop
      vertex 6.99213 18.5671 3.3
      vertex 6.85807 17.9624 0.799999
      vertex 6.85807 17.9624 3.3
    endloop
  endfacet
  facet normal 0.793357 -0.608757 0
    outer loop
      vertex -5.81598 23.8724 3.3
      vertex -5.43892 24.3638 0.799999
      vertex -5.43892 24.3638 3.3
    endloop
  endfacet
  facet normal 0.793357 -0.608757 0
    outer loop
      vertex -5.43892 24.3638 0.799999
      vertex -5.81598 23.8724 3.3
      vertex -5.81598 23.8724 0.799999
    endloop
  endfacet
  facet normal 0.843395 0.537293 0
    outer loop
      vertex -5.81598 15.7276 3.3
      vertex -6.14878 16.25 0.799999
      vertex -6.14878 16.25 3.3
    endloop
  endfacet
  facet normal 0.843395 0.537293 0
    outer loop
      vertex -6.14878 16.25 0.799999
      vertex -5.81598 15.7276 3.3
      vertex -5.81598 15.7276 0.799999
    endloop
  endfacet
  facet normal 0.537301 -0.843391 0
    outer loop
      vertex -4.07239 25.616 0.799999
      vertex -3.55 25.9488 3.3
      vertex -4.07239 25.616 3.3
    endloop
  endfacet
  facet normal 0.537301 -0.843391 0
    outer loop
      vertex -3.55 25.9488 3.3
      vertex -4.07239 25.616 0.799999
      vertex -3.55 25.9488 0.799999
    endloop
  endfacet
  facet normal -0.7373 0.675565 0
    outer loop
      vertex 5.02046 14.7795 0.799999
      vertex 5.43892 15.2362 3.3
      vertex 5.43892 15.2362 0.799999
    endloop
  endfacet
  facet normal -0.7373 0.675565 0
    outer loop
      vertex 5.43892 15.2362 3.3
      vertex 5.02046 14.7795 0.799999
      vertex 5.02046 14.7795 3.3
    endloop
  endfacet
  facet normal 0 0 1
    outer loop
      vertex 6.2 19.8 0.799999
      vertex 7.1 19.8 0.799999
      vertex 7.07298 20.4188 0.799999
    endloop
  endfacet
  facet normal 0 0 1
    outer loop
      vertex 6.17641 20.3404 0.799999
      vertex 7.07298 20.4188 0.799999
      vertex 6.99213 21.0329 0.799999
    endloop
  endfacet
  facet normal 0 0 1
    outer loop
      vertex 7.1 19.8 0.799999
      vertex 6.2 19.8 0.799999
      vertex 7.07298 19.1812 0.799999
    endloop
  endfacet
  facet normal 0 0 1
    outer loop
      vertex 6.10581 20.8766 0.799999
      vertex 6.99213 21.0329 0.799999
      vertex 6.85807 21.6376 0.799999
    endloop
  endfacet
  facet normal -0 0 1
    outer loop
      vertex 6.17641 19.2596 0.799999
      vertex 7.07298 19.1812 0.799999
      vertex 6.2 19.8 0.799999
    endloop
  endfacet
  facet normal 0 0 1
    outer loop
      vertex 5.98874 21.4047 0.799999
      vertex 6.85807 21.6376 0.799999
      vertex 6.67182 22.2283 0.799999
    endloop
  endfacet
  facet normal 0 0 1
    outer loop
      vertex 7.07298 19.1812 0.799999
      vertex 6.17641 19.2596 0.799999
      vertex 6.99213 18.5671 0.799999
    endloop
  endfacet
  facet normal 0 0 1
    outer loop
      vertex 5.82609 21.9205 0.799999
      vertex 6.67182 22.2283 0.799999
      vertex 6.43478 22.8006 0.799999
    endloop
  endfacet
  facet normal -0 0 1
    outer loop
      vertex 6.10581 18.7234 0.799999
      vertex 6.99213 18.5671 0.799999
      vertex 6.17641 19.2596 0.799999
    endloop
  endfacet
  facet normal 0 0 1
    outer loop
      vertex 6.99213 18.5671 0.799999
      vertex 6.10581 18.7234 0.799999
      vertex 6.85807 17.9624 0.799999
    endloop
  endfacet
  facet normal 0 0 1
    outer loop
      vertex 7.07298 20.4188 0.799999
      vertex 6.17641 20.3404 0.799999
      vertex 6.2 19.8 0.799999
    endloop
  endfacet
  facet normal 0 0 1
    outer loop
      vertex 5.61911 22.4202 0.799999
      vertex 6.43478 22.8006 0.799999
      vertex 6.14878 23.35 0.799999
    endloop
  endfacet
  facet normal 0 0 1
    outer loop
      vertex 6.99213 21.0329 0.799999
      vertex 6.10581 20.8766 0.799999
      vertex 6.17641 20.3404 0.799999
    endloop
  endfacet
  facet normal 0 0 1
    outer loop
      vertex 6.85807 21.6376 0.799999
      vertex 5.98874 21.4047 0.799999
      vertex 6.10581 20.8766 0.799999
    endloop
  endfacet
  facet normal 0 0 1
    outer loop
      vertex 6.67182 22.2283 0.799999
      vertex 5.82609 21.9205 0.799999
      vertex 5.98874 21.4047 0.799999
    endloop
  endfacet
  facet normal 0 0 1
    outer loop
      vertex 5.36936 22.9 0.799999
      vertex 6.14878 23.35 0.799999
      vertex 5.81598 23.8724 0.799999
    endloop
  endfacet
  facet normal 0 0 1
    outer loop
      vertex 6.43478 22.8006 0.799999
      vertex 5.61911 22.4202 0.799999
      vertex 5.82609 21.9205 0.799999
    endloop
  endfacet
  facet normal 0 0 1
    outer loop
      vertex 5.07874 23.3562 0.799999
      vertex 5.81598 23.8724 0.799999
      vertex 5.43892 24.3638 0.799999
    endloop
  endfacet
  facet normal 0 0 1
    outer loop
      vertex 6.14878 23.35 0.799999
      vertex 5.36936 22.9 0.799999
      vertex 5.61911 22.4202 0.799999
    endloop
  endfacet
  facet normal 0 0 1
    outer loop
      vertex 5.81598 23.8724 0.799999
      vertex 5.07874 23.3562 0.799999
      vertex 5.36936 22.9 0.799999
    endloop
  endfacet
  facet normal 0 0 1
    outer loop
      vertex 4.74948 23.7853 0.799999
      vertex 5.43892 24.3638 0.799999
      vertex 5.02046 24.8205 0.799999
    endloop
  endfacet
  facet normal 0 0 1
    outer loop
      vertex 5.43892 24.3638 0.799999
      vertex 4.74948 23.7853 0.799999
      vertex 5.07874 23.3562 0.799999
    endloop
  endfacet
  facet normal 0 0 1
    outer loop
      vertex 4.38406 24.1841 0.799999
      vertex 5.02046 24.8205 0.799999
      vertex 4.56379 25.2389 0.799999
    endloop
  endfacet
  facet normal 0 0 1
    outer loop
      vertex 5.02046 24.8205 0.799999
      vertex 4.38406 24.1841 0.799999
      vertex 4.74948 23.7853 0.799999
    endloop
  endfacet
  facet normal 0 0 1
    outer loop
      vertex 3.98528 24.5495 0.799999
      vertex 4.56379 25.2389 0.799999
      vertex 4.07239 25.616 0.799999
    endloop
  endfacet
  facet normal 0 0 1
    outer loop
      vertex 4.56379 25.2389 0.799999
      vertex 3.98528 24.5495 0.799999
      vertex 4.38406 24.1841 0.799999
    endloop
  endfacet
  facet normal 0 0 1
    outer loop
      vertex 4.07239 25.616 0.799999
      vertex 3.55617 24.8787 0.799999
      vertex 3.98528 24.5495 0.799999
    endloop
  endfacet
  facet normal 0 0 1
    outer loop
      vertex 3.55 25.9488 0.799999
      vertex 3.55617 24.8787 0.799999
      vertex 4.07239 25.616 0.799999
    endloop
  endfacet
  facet normal 0 0 1
    outer loop
      vertex 3.55 25.9488 0.799999
      vertex 3.1 25.1694 0.799999
      vertex 3.55617 24.8787 0.799999
    endloop
  endfacet
  facet normal 0 0 1
    outer loop
      vertex 3.00059 26.2348 0.799999
      vertex 3.1 25.1694 0.799999
      vertex 3.55 25.9488 0.799999
    endloop
  endfacet
  facet normal 0 0 1
    outer loop
      vertex 3.00059 26.2348 0.799999
      vertex 2.62023 25.4191 0.799999
      vertex 3.1 25.1694 0.799999
    endloop
  endfacet
  facet normal 0 0 1
    outer loop
      vertex 2.42834 26.4718 0.799999
      vertex 2.62023 25.4191 0.799999
      vertex 3.00059 26.2348 0.799999
    endloop
  endfacet
  facet normal 0 0 1
    outer loop
      vertex 2.42834 26.4718 0.799999
      vertex 2.12052 25.6261 0.799999
      vertex 2.62023 25.4191 0.799999
    endloop
  endfacet
  facet normal 0 0 1
    outer loop
      vertex 1.83762 26.6581 0.799999
      vertex 2.12052 25.6261 0.799999
      vertex 2.42834 26.4718 0.799999
    endloop
  endfacet
  facet normal 0 0 1
    outer loop
      vertex 1.83762 26.6581 0.799999
      vertex 1.60468 25.7887 0.799999
      vertex 2.12052 25.6261 0.799999
    endloop
  endfacet
  facet normal 0 0 1
    outer loop
      vertex 1.2329 26.7921 0.799999
      vertex 1.60468 25.7887 0.799999
      vertex 1.83762 26.6581 0.799999
    endloop
  endfacet
  facet normal 0 0 1
    outer loop
      vertex 1.2329 26.7921 0.799999
      vertex 1.07662 25.9058 0.799999
      vertex 1.60468 25.7887 0.799999
    endloop
  endfacet
  facet normal 0 0 1
    outer loop
      vertex 0.618805 26.873 0.799999
      vertex 1.07662 25.9058 0.799999
      vertex 1.2329 26.7921 0.799999
    endloop
  endfacet
  facet normal 0 0 1
    outer loop
      vertex 0.618805 26.873 0.799999
      vertex 0.540365 25.9764 0.799999
      vertex 1.07662 25.9058 0.799999
    endloop
  endfacet
  facet normal 0 0 1
    outer loop
      vertex 0 26.9 0.799999
      vertex 0.540365 25.9764 0.799999
      vertex 0.618805 26.873 0.799999
    endloop
  endfacet
  facet normal 0 0 1
    outer loop
      vertex 0 26.9 0.799999
      vertex 0 26 0.799999
      vertex 0.540365 25.9764 0.799999
    endloop
  endfacet
  facet normal 0 0 1
    outer loop
      vertex 0 26.9 0.799999
      vertex -0.540365 25.9764 0.799999
      vertex 0 26 0.799999
    endloop
  endfacet
  facet normal -0 0 1
    outer loop
      vertex -0.618805 26.873 0.799999
      vertex -0.540365 25.9764 0.799999
      vertex 0 26.9 0.799999
    endloop
  endfacet
  facet normal 0 0 1
    outer loop
      vertex -0.618805 26.873 0.799999
      vertex -1.07662 25.9058 0.799999
      vertex -0.540365 25.9764 0.799999
    endloop
  endfacet
  facet normal -0 0 1
    outer loop
      vertex -1.2329 26.7921 0.799999
      vertex -1.07662 25.9058 0.799999
      vertex -0.618805 26.873 0.799999
    endloop
  endfacet
  facet normal 0 0 1
    outer loop
      vertex -1.2329 26.7921 0.799999
      vertex -1.60468 25.7887 0.799999
      vertex -1.07662 25.9058 0.799999
    endloop
  endfacet
  facet normal -0 0 1
    outer loop
      vertex -1.83762 26.6581 0.799999
      vertex -1.60468 25.7887 0.799999
      vertex -1.2329 26.7921 0.799999
    endloop
  endfacet
  facet normal 0 0 1
    outer loop
      vertex -1.83762 26.6581 0.799999
      vertex -2.12052 25.6261 0.799999
      vertex -1.60468 25.7887 0.799999
    endloop
  endfacet
  facet normal -0 0 1
    outer loop
      vertex -2.42834 26.4718 0.799999
      vertex -2.12052 25.6261 0.799999
      vertex -1.83762 26.6581 0.799999
    endloop
  endfacet
  facet normal 0 0 1
    outer loop
      vertex -2.42834 26.4718 0.799999
      vertex -2.62023 25.4191 0.799999
      vertex -2.12052 25.6261 0.799999
    endloop
  endfacet
  facet normal -0 0 1
    outer loop
      vertex -3.00059 26.2348 0.799999
      vertex -2.62023 25.4191 0.799999
      vertex -2.42834 26.4718 0.799999
    endloop
  endfacet
  facet normal 0 0 1
    outer loop
      vertex -3.00059 26.2348 0.799999
      vertex -3.1 25.1694 0.799999
      vertex -2.62023 25.4191 0.799999
    endloop
  endfacet
  facet normal -0 0 1
    outer loop
      vertex -3.55 25.9488 0.799999
      vertex -3.1 25.1694 0.799999
      vertex -3.00059 26.2348 0.799999
    endloop
  endfacet
  facet normal 0 0 1
    outer loop
      vertex -3.55 25.9488 0.799999
      vertex -3.55617 24.8787 0.799999
      vertex -3.1 25.1694 0.799999
    endloop
  endfacet
  facet normal -0 0 1
    outer loop
      vertex -4.07239 25.616 0.799999
      vertex -3.55617 24.8787 0.799999
      vertex -3.55 25.9488 0.799999
    endloop
  endfacet
  facet normal 0 0 1
    outer loop
      vertex -3.55617 24.8787 0.799999
      vertex -4.07239 25.616 0.799999
      vertex -3.98528 24.5495 0.799999
    endloop
  endfacet
  facet normal -0 0 1
    outer loop
      vertex -4.56379 25.2389 0.799999
      vertex -3.98528 24.5495 0.799999
      vertex -4.07239 25.616 0.799999
    endloop
  endfacet
  facet normal 0 0 1
    outer loop
      vertex -3.98528 24.5495 0.799999
      vertex -4.56379 25.2389 0.799999
      vertex -4.38406 24.1841 0.799999
    endloop
  endfacet
  facet normal -0 0 1
    outer loop
      vertex -5.02046 24.8205 0.799999
      vertex -4.38406 24.1841 0.799999
      vertex -4.56379 25.2389 0.799999
    endloop
  endfacet
  facet normal 0 0 1
    outer loop
      vertex -4.38406 24.1841 0.799999
      vertex -5.02046 24.8205 0.799999
      vertex -4.74948 23.7853 0.799999
    endloop
  endfacet
  facet normal -0 0 1
    outer loop
      vertex -5.43892 24.3638 0.799999
      vertex -4.74948 23.7853 0.799999
      vertex -5.02046 24.8205 0.799999
    endloop
  endfacet
  facet normal 0 0 1
    outer loop
      vertex -4.74948 23.7853 0.799999
      vertex -5.43892 24.3638 0.799999
      vertex -5.07874 23.3562 0.799999
    endloop
  endfacet
  facet normal -0 0 1
    outer loop
      vertex -5.81598 23.8724 0.799999
      vertex -5.07874 23.3562 0.799999
      vertex -5.43892 24.3638 0.799999
    endloop
  endfacet
  facet normal 0 0 1
    outer loop
      vertex -5.07874 23.3562 0.799999
      vertex -5.81598 23.8724 0.799999
      vertex -5.36936 22.9 0.799999
    endloop
  endfacet
  facet normal -0 0 1
    outer loop
      vertex -6.14878 23.35 0.799999
      vertex -5.36936 22.9 0.799999
      vertex -5.81598 23.8724 0.799999
    endloop
  endfacet
  facet normal 0 0 1
    outer loop
      vertex -5.36936 22.9 0.799999
      vertex -6.14878 23.35 0.799999
      vertex -5.61911 22.4202 0.799999
    endloop
  endfacet
  facet normal -0 0 1
    outer loop
      vertex -6.43478 22.8006 0.799999
      vertex -5.61911 22.4202 0.799999
      vertex -6.14878 23.35 0.799999
    endloop
  endfacet
  facet normal 0 0 1
    outer loop
      vertex -5.61911 22.4202 0.799999
      vertex -6.43478 22.8006 0.799999
      vertex -5.82609 21.9205 0.799999
    endloop
  endfacet
  facet normal -0 0 1
    outer loop
      vertex -6.67182 22.2283 0.799999
      vertex -5.82609 21.9205 0.799999
      vertex -6.43478 22.8006 0.799999
    endloop
  endfacet
  facet normal 0 0 1
    outer loop
      vertex -5.82609 21.9205 0.799999
      vertex -6.67182 22.2283 0.799999
      vertex -5.98874 21.4047 0.799999
    endloop
  endfacet
  facet normal -0 0 1
    outer loop
      vertex -6.85807 21.6376 0.799999
      vertex -5.98874 21.4047 0.799999
      vertex -6.67182 22.2283 0.799999
    endloop
  endfacet
  facet normal 0 0 1
    outer loop
      vertex -5.98874 21.4047 0.799999
      vertex -6.85807 21.6376 0.799999
      vertex -6.10581 20.8766 0.799999
    endloop
  endfacet
  facet normal -0 0 1
    outer loop
      vertex 5.98874 18.1953 0.799999
      vertex 6.85807 17.9624 0.799999
      vertex 6.10581 18.7234 0.799999
    endloop
  endfacet
  facet normal 0 0 1
    outer loop
      vertex 6.85807 17.9624 0.799999
      vertex 5.98874 18.1953 0.799999
      vertex 6.67182 17.3717 0.799999
    endloop
  endfacet
  facet normal -0 0 1
    outer loop
      vertex 5.82609 17.6795 0.799999
      vertex 6.67182 17.3717 0.799999
      vertex 5.98874 18.1953 0.799999
    endloop
  endfacet
  facet normal 0 0 1
    outer loop
      vertex 6.67182 17.3717 0.799999
      vertex 5.82609 17.6795 0.799999
      vertex 6.43478 16.7994 0.799999
    endloop
  endfacet
  facet normal -0 0 1
    outer loop
      vertex 5.61911 17.1798 0.799999
      vertex 6.43478 16.7994 0.799999
      vertex 5.82609 17.6795 0.799999
    endloop
  endfacet
  facet normal 0 0 1
    outer loop
      vertex 6.43478 16.7994 0.799999
      vertex 5.61911 17.1798 0.799999
      vertex 6.14878 16.25 0.799999
    endloop
  endfacet
  facet normal -0 0 1
    outer loop
      vertex 5.36936 16.7 0.799999
      vertex 6.14878 16.25 0.799999
      vertex 5.61911 17.1798 0.799999
    endloop
  endfacet
  facet normal 0 0 1
    outer loop
      vertex 6.14878 16.25 0.799999
      vertex 5.36936 16.7 0.799999
      vertex 5.81598 15.7276 0.799999
    endloop
  endfacet
  facet normal -0 0 1
    outer loop
      vertex 5.07874 16.2438 0.799999
      vertex 5.81598 15.7276 0.799999
      vertex 5.36936 16.7 0.799999
    endloop
  endfacet
  facet normal 0 0 1
    outer loop
      vertex 5.81598 15.7276 0.799999
      vertex 5.07874 16.2438 0.799999
      vertex 5.43892 15.2362 0.799999
    endloop
  endfacet
  facet normal -0 0 1
    outer loop
      vertex 4.74948 15.8147 0.799999
      vertex 5.43892 15.2362 0.799999
      vertex 5.07874 16.2438 0.799999
    endloop
  endfacet
  facet normal 0 0 1
    outer loop
      vertex 5.43892 15.2362 0.799999
      vertex 4.74948 15.8147 0.799999
      vertex 5.02046 14.7795 0.799999
    endloop
  endfacet
  facet normal -0 0 1
    outer loop
      vertex 4.38406 15.4159 0.799999
      vertex 5.02046 14.7795 0.799999
      vertex 4.74948 15.8147 0.799999
    endloop
  endfacet
  facet normal 0 0 1
    outer loop
      vertex 5.02046 14.7795 0.799999
      vertex 4.38406 15.4159 0.799999
      vertex 4.56379 14.3611 0.799999
    endloop
  endfacet
  facet normal -0 0 1
    outer loop
      vertex 3.98528 15.0505 0.799999
      vertex 4.56379 14.3611 0.799999
      vertex 4.38406 15.4159 0.799999
    endloop
  endfacet
  facet normal 0 0 1
    outer loop
      vertex 4.56379 14.3611 0.799999
      vertex 3.98528 15.0505 0.799999
      vertex 4.07239 13.984 0.799999
    endloop
  endfacet
  facet normal -0 0 1
    outer loop
      vertex 3.55617 14.7213 0.799999
      vertex 4.07239 13.984 0.799999
      vertex 3.98528 15.0505 0.799999
    endloop
  endfacet
  facet normal 0 0 1
    outer loop
      vertex 3.55617 14.7213 0.799999
      vertex 3.55 13.6512 0.799999
      vertex 4.07239 13.984 0.799999
    endloop
  endfacet
  facet normal -0 0 1
    outer loop
      vertex 3.1 14.4306 0.799999
      vertex 3.55 13.6512 0.799999
      vertex 3.55617 14.7213 0.799999
    endloop
  endfacet
  facet normal 0 0 1
    outer loop
      vertex 3.1 14.4306 0.799999
      vertex 3.00059 13.3652 0.799999
      vertex 3.55 13.6512 0.799999
    endloop
  endfacet
  facet normal -0 0 1
    outer loop
      vertex 2.62023 14.1809 0.799999
      vertex 3.00059 13.3652 0.799999
      vertex 3.1 14.4306 0.799999
    endloop
  endfacet
  facet normal 0 0 1
    outer loop
      vertex 2.62023 14.1809 0.799999
      vertex 2.42834 13.1282 0.799999
      vertex 3.00059 13.3652 0.799999
    endloop
  endfacet
  facet normal -0 0 1
    outer loop
      vertex 2.12052 13.9739 0.799999
      vertex 2.42834 13.1282 0.799999
      vertex 2.62023 14.1809 0.799999
    endloop
  endfacet
  facet normal 0 0 1
    outer loop
      vertex 2.12052 13.9739 0.799999
      vertex 1.83762 12.9419 0.799999
      vertex 2.42834 13.1282 0.799999
    endloop
  endfacet
  facet normal -0 0 1
    outer loop
      vertex 1.60468 13.8113 0.799999
      vertex 1.83762 12.9419 0.799999
      vertex 2.12052 13.9739 0.799999
    endloop
  endfacet
  facet normal 0 0 1
    outer loop
      vertex 1.60468 13.8113 0.799999
      vertex 1.2329 12.8079 0.799999
      vertex 1.83762 12.9419 0.799999
    endloop
  endfacet
  facet normal -0 0 1
    outer loop
      vertex 1.07662 13.6942 0.799999
      vertex 1.2329 12.8079 0.799999
      vertex 1.60468 13.8113 0.799999
    endloop
  endfacet
  facet normal 0 0 1
    outer loop
      vertex 1.07662 13.6942 0.799999
      vertex 0.618805 12.727 0.799999
      vertex 1.2329 12.8079 0.799999
    endloop
  endfacet
  facet normal -0 0 1
    outer loop
      vertex 0.540365 13.6236 0.799999
      vertex 0.618805 12.727 0.799999
      vertex 1.07662 13.6942 0.799999
    endloop
  endfacet
  facet normal -0 0 1
    outer loop
      vertex 0 13.6 0.799999
      vertex 0.618805 12.727 0.799999
      vertex 0.540365 13.6236 0.799999
    endloop
  endfacet
  facet normal 0 0 1
    outer loop
      vertex 0 13.6 0.799999
      vertex 0 12.7 0.799999
      vertex 0.618805 12.727 0.799999
    endloop
  endfacet
  facet normal 0 0 1
    outer loop
      vertex -0.540365 13.6236 0.799999
      vertex 0 12.7 0.799999
      vertex 0 13.6 0.799999
    endloop
  endfacet
  facet normal 0 0 1
    outer loop
      vertex -0.540365 13.6236 0.799999
      vertex -0.618805 12.727 0.799999
      vertex 0 12.7 0.799999
    endloop
  endfacet
  facet normal 0 0 1
    outer loop
      vertex -1.07662 13.6942 0.799999
      vertex -0.618805 12.727 0.799999
      vertex -0.540365 13.6236 0.799999
    endloop
  endfacet
  facet normal 0 0 1
    outer loop
      vertex -1.07662 13.6942 0.799999
      vertex -1.2329 12.8079 0.799999
      vertex -0.618805 12.727 0.799999
    endloop
  endfacet
  facet normal 0 0 1
    outer loop
      vertex -1.60468 13.8113 0.799999
      vertex -1.2329 12.8079 0.799999
      vertex -1.07662 13.6942 0.799999
    endloop
  endfacet
  facet normal 0 0 1
    outer loop
      vertex -1.60468 13.8113 0.799999
      vertex -1.83762 12.9419 0.799999
      vertex -1.2329 12.8079 0.799999
    endloop
  endfacet
  facet normal 0 0 1
    outer loop
      vertex -2.12052 13.9739 0.799999
      vertex -1.83762 12.9419 0.799999
      vertex -1.60468 13.8113 0.799999
    endloop
  endfacet
  facet normal 0 0 1
    outer loop
      vertex -2.12052 13.9739 0.799999
      vertex -2.42834 13.1282 0.799999
      vertex -1.83762 12.9419 0.799999
    endloop
  endfacet
  facet normal 0 0 1
    outer loop
      vertex -2.62023 14.1809 0.799999
      vertex -2.42834 13.1282 0.799999
      vertex -2.12052 13.9739 0.799999
    endloop
  endfacet
  facet normal 0 0 1
    outer loop
      vertex -2.62023 14.1809 0.799999
      vertex -3.00059 13.3652 0.799999
      vertex -2.42834 13.1282 0.799999
    endloop
  endfacet
  facet normal 0 0 1
    outer loop
      vertex -3.1 14.4306 0.799999
      vertex -3.00059 13.3652 0.799999
      vertex -2.62023 14.1809 0.799999
    endloop
  endfacet
  facet normal 0 0 1
    outer loop
      vertex -3.1 14.4306 0.799999
      vertex -3.55 13.6512 0.799999
      vertex -3.00059 13.3652 0.799999
    endloop
  endfacet
  facet normal 0 0 1
    outer loop
      vertex -3.55617 14.7213 0.799999
      vertex -3.55 13.6512 0.799999
      vertex -3.1 14.4306 0.799999
    endloop
  endfacet
  facet normal 0 0 1
    outer loop
      vertex -4.07239 13.984 0.799999
      vertex -3.55617 14.7213 0.799999
      vertex -3.98528 15.0505 0.799999
    endloop
  endfacet
  facet normal 0 0 1
    outer loop
      vertex -3.55617 14.7213 0.799999
      vertex -4.07239 13.984 0.799999
      vertex -3.55 13.6512 0.799999
    endloop
  endfacet
  facet normal 0 0 1
    outer loop
      vertex -4.56379 14.3611 0.799999
      vertex -3.98528 15.0505 0.799999
      vertex -4.38406 15.4159 0.799999
    endloop
  endfacet
  facet normal 0 0 1
    outer loop
      vertex -3.98528 15.0505 0.799999
      vertex -4.56379 14.3611 0.799999
      vertex -4.07239 13.984 0.799999
    endloop
  endfacet
  facet normal 0 0 1
    outer loop
      vertex -5.02046 14.7795 0.799999
      vertex -4.38406 15.4159 0.799999
      vertex -4.74948 15.8147 0.799999
    endloop
  endfacet
  facet normal 0 0 1
    outer loop
      vertex -4.38406 15.4159 0.799999
      vertex -5.02046 14.7795 0.799999
      vertex -4.56379 14.3611 0.799999
    endloop
  endfacet
  facet normal 0 0 1
    outer loop
      vertex -5.43892 15.2362 0.799999
      vertex -4.74948 15.8147 0.799999
      vertex -5.07874 16.2438 0.799999
    endloop
  endfacet
  facet normal 0 0 1
    outer loop
      vertex -5.81598 15.7276 0.799999
      vertex -5.07874 16.2438 0.799999
      vertex -5.36936 16.7 0.799999
    endloop
  endfacet
  facet normal 0 0 1
    outer loop
      vertex -4.74948 15.8147 0.799999
      vertex -5.43892 15.2362 0.799999
      vertex -5.02046 14.7795 0.799999
    endloop
  endfacet
  facet normal 0 0 1
    outer loop
      vertex -6.14878 16.25 0.799999
      vertex -5.36936 16.7 0.799999
      vertex -5.61911 17.1798 0.799999
    endloop
  endfacet
  facet normal 0 0 1
    outer loop
      vertex -5.07874 16.2438 0.799999
      vertex -5.81598 15.7276 0.799999
      vertex -5.43892 15.2362 0.799999
    endloop
  endfacet
  facet normal 0 0 1
    outer loop
      vertex -6.43478 16.7994 0.799999
      vertex -5.61911 17.1798 0.799999
      vertex -5.82609 17.6795 0.799999
    endloop
  endfacet
  facet normal 0 0 1
    outer loop
      vertex -6.67182 17.3717 0.799999
      vertex -5.82609 17.6795 0.799999
      vertex -5.98874 18.1953 0.799999
    endloop
  endfacet
  facet normal 0 0 1
    outer loop
      vertex -6.85807 17.9624 0.799999
      vertex -5.98874 18.1953 0.799999
      vertex -6.10581 18.7234 0.799999
    endloop
  endfacet
  facet normal 0 0 1
    outer loop
      vertex -5.36936 16.7 0.799999
      vertex -6.14878 16.25 0.799999
      vertex -5.81598 15.7276 0.799999
    endloop
  endfacet
  facet normal 0 0 1
    outer loop
      vertex -6.99213 18.5671 0.799999
      vertex -6.10581 18.7234 0.799999
      vertex -6.17641 19.2596 0.799999
    endloop
  endfacet
  facet normal 0 0 1
    outer loop
      vertex -7.07298 19.1812 0.799999
      vertex -6.17641 19.2596 0.799999
      vertex -6.2 19.8 0.799999
    endloop
  endfacet
  facet normal -0 0 1
    outer loop
      vertex -6.99213 21.0329 0.799999
      vertex -6.10581 20.8766 0.799999
      vertex -6.85807 21.6376 0.799999
    endloop
  endfacet
  facet normal 0 0 1
    outer loop
      vertex -5.61911 17.1798 0.799999
      vertex -6.43478 16.7994 0.799999
      vertex -6.14878 16.25 0.799999
    endloop
  endfacet
  facet normal 0 0 1
    outer loop
      vertex -6.10581 20.8766 0.799999
      vertex -6.99213 21.0329 0.799999
      vertex -6.17641 20.3404 0.799999
    endloop
  endfacet
  facet normal 0 0 1
    outer loop
      vertex -5.82609 17.6795 0.799999
      vertex -6.67182 17.3717 0.799999
      vertex -6.43478 16.7994 0.799999
    endloop
  endfacet
  facet normal -0 0 1
    outer loop
      vertex -7.07298 20.4188 0.799999
      vertex -6.17641 20.3404 0.799999
      vertex -6.99213 21.0329 0.799999
    endloop
  endfacet
  facet normal 0 0 1
    outer loop
      vertex -5.98874 18.1953 0.799999
      vertex -6.85807 17.9624 0.799999
      vertex -6.67182 17.3717 0.799999
    endloop
  endfacet
  facet normal 0 0 1
    outer loop
      vertex -6.17641 20.3404 0.799999
      vertex -7.07298 20.4188 0.799999
      vertex -6.2 19.8 0.799999
    endloop
  endfacet
  facet normal 0 0 1
    outer loop
      vertex -6.10581 18.7234 0.799999
      vertex -6.99213 18.5671 0.799999
      vertex -6.85807 17.9624 0.799999
    endloop
  endfacet
  facet normal 0 0 1
    outer loop
      vertex -7.1 19.8 0.799999
      vertex -6.2 19.8 0.799999
      vertex -7.07298 20.4188 0.799999
    endloop
  endfacet
  facet normal 0 0 1
    outer loop
      vertex -6.17641 19.2596 0.799999
      vertex -7.07298 19.1812 0.799999
      vertex -6.99213 18.5671 0.799999
    endloop
  endfacet
  facet normal 0 0 1
    outer loop
      vertex -6.2 19.8 0.799999
      vertex -7.1 19.8 0.799999
      vertex -7.07298 19.1812 0.799999
    endloop
  endfacet
  facet normal 0.7373 -0.675565 0
    outer loop
      vertex -5.43892 24.3638 3.3
      vertex -5.02046 24.8205 0.799999
      vertex -5.02046 24.8205 3.3
    endloop
  endfacet
  facet normal 0.7373 -0.675565 0
    outer loop
      vertex -5.02046 24.8205 0.799999
      vertex -5.43892 24.3638 3.3
      vertex -5.43892 24.3638 0.799999
    endloop
  endfacet
  facet normal 0.043591 -0.999049 0
    outer loop
      vertex -0.618805 26.873 0.799999
      vertex 0 26.9 3.3
      vertex -0.618805 26.873 3.3
    endloop
  endfacet
  facet normal 0.043591 -0.999049 0
    outer loop
      vertex 0 26.9 3.3
      vertex -0.618805 26.873 0.799999
      vertex 0 26.9 0.799999
    endloop
  endfacet
  facet normal 0.043591 0.999049 -0
    outer loop
      vertex 0 12.7 0.799999
      vertex -0.618805 12.727 3.3
      vertex 0 12.7 3.3
    endloop
  endfacet
  facet normal 0.043591 0.999049 0
    outer loop
      vertex -0.618805 12.727 3.3
      vertex 0 12.7 0.799999
      vertex -0.618805 12.727 0.799999
    endloop
  endfacet
  facet normal -0.461743 0.887014 0
    outer loop
      vertex 3.55 13.6512 0.799999
      vertex 3.00059 13.3652 3.3
      vertex 3.55 13.6512 3.3
    endloop
  endfacet
  facet normal -0.461743 0.887014 0
    outer loop
      vertex 3.00059 13.3652 3.3
      vertex 3.55 13.6512 0.799999
      vertex 3.00059 13.3652 0.799999
    endloop
  endfacet
  facet normal 0.843395 -0.537293 0
    outer loop
      vertex -6.14878 23.35 3.3
      vertex -5.81598 23.8724 0.799999
      vertex -5.81598 23.8724 3.3
    endloop
  endfacet
  facet normal 0.843395 -0.537293 0
    outer loop
      vertex -5.81598 23.8724 0.799999
      vertex -6.14878 23.35 3.3
      vertex -6.14878 23.35 0.799999
    endloop
  endfacet
  facet normal 0.976296 -0.216442 0
    outer loop
      vertex -6.99213 21.0329 3.3
      vertex -6.85807 21.6376 0.799999
      vertex -6.85807 21.6376 3.3
    endloop
  endfacet
  facet normal 0.976296 -0.216442 0
    outer loop
      vertex -6.85807 21.6376 0.799999
      vertex -6.99213 21.0329 3.3
      vertex -6.99213 21.0329 0.799999
    endloop
  endfacet
  facet normal -0.300774 0.953695 0
    outer loop
      vertex 2.42834 13.1282 0.799999
      vertex 1.83762 12.9419 3.3
      vertex 2.42834 13.1282 3.3
    endloop
  endfacet
  facet normal -0.300774 0.953695 0
    outer loop
      vertex 1.83762 12.9419 3.3
      vertex 2.42834 13.1282 0.799999
      vertex 1.83762 12.9419 0.799999
    endloop
  endfacet
  facet normal -0.7373 -0.675565 0
    outer loop
      vertex 5.43892 24.3638 0.799999
      vertex 5.02046 24.8205 3.3
      vertex 5.02046 24.8205 0.799999
    endloop
  endfacet
  facet normal -0.7373 -0.675565 0
    outer loop
      vertex 5.02046 24.8205 3.3
      vertex 5.43892 24.3638 0.799999
      vertex 5.43892 24.3638 3.3
    endloop
  endfacet
  facet normal 0.887011 -0.461749 0
    outer loop
      vertex -6.43478 22.8006 3.3
      vertex -6.14878 23.35 0.799999
      vertex -6.14878 23.35 3.3
    endloop
  endfacet
  facet normal 0.887011 -0.461749 0
    outer loop
      vertex -6.14878 23.35 0.799999
      vertex -6.43478 22.8006 3.3
      vertex -6.43478 22.8006 0.799999
    endloop
  endfacet
  facet normal 0.976296 0.216442 0
    outer loop
      vertex -6.85807 17.9624 3.3
      vertex -6.99213 18.5671 0.799999
      vertex -6.99213 18.5671 3.3
    endloop
  endfacet
  facet normal 0.976296 0.216442 0
    outer loop
      vertex -6.99213 18.5671 0.799999
      vertex -6.85807 17.9624 3.3
      vertex -6.85807 17.9624 0.799999
    endloop
  endfacet
  facet normal -0.216342 0.976318 0
    outer loop
      vertex 1.83762 12.9419 0.799999
      vertex 1.2329 12.8079 3.3
      vertex 1.83762 12.9419 3.3
    endloop
  endfacet
  facet normal -0.216342 0.976318 0
    outer loop
      vertex 1.2329 12.8079 3.3
      vertex 1.83762 12.9419 0.799999
      vertex 1.2329 12.8079 0.799999
    endloop
  endfacet
  facet normal -0.843395 0.537293 0
    outer loop
      vertex 5.81598 15.7276 0.799999
      vertex 6.14878 16.25 3.3
      vertex 6.14878 16.25 0.799999
    endloop
  endfacet
  facet normal -0.843395 0.537293 0
    outer loop
      vertex 6.14878 16.25 3.3
      vertex 5.81598 15.7276 0.799999
      vertex 5.81598 15.7276 3.3
    endloop
  endfacet
  facet normal -0.675537 0.737326 0
    outer loop
      vertex 5.02046 14.7795 0.799999
      vertex 4.56379 14.3611 3.3
      vertex 5.02046 14.7795 3.3
    endloop
  endfacet
  facet normal -0.675537 0.737326 0
    outer loop
      vertex 4.56379 14.3611 3.3
      vertex 5.02046 14.7795 0.799999
      vertex 4.56379 14.3611 0.799999
    endloop
  endfacet
  facet normal 0.999049 -0.0436113 0
    outer loop
      vertex -6.2 19.8 0.799999
      vertex -6.17641 20.3404 0
      vertex -6.17641 20.3404 0.799999
    endloop
  endfacet
  facet normal 0.999049 -0.0436113 0
    outer loop
      vertex -6.17641 20.3404 0
      vertex -6.2 19.8 0.799999
      vertex -6.2 19.8 0
    endloop
  endfacet
  facet normal -0.991443 -0.130541 0
    outer loop
      vertex 6.17641 20.3404 0
      vertex 6.10581 20.8766 0.799999
      vertex 6.10581 20.8766 0
    endloop
  endfacet
  facet normal -0.991443 -0.130541 0
    outer loop
      vertex 6.10581 20.8766 0.799999
      vertex 6.17641 20.3404 0
      vertex 6.17641 20.3404 0.799999
    endloop
  endfacet
  facet normal -0.999049 -0.0436113 0
    outer loop
      vertex 6.2 19.8 0
      vertex 6.17641 20.3404 0.799999
      vertex 6.17641 20.3404 0
    endloop
  endfacet
  facet normal -0.999049 -0.0436113 0
    outer loop
      vertex 6.17641 20.3404 0.799999
      vertex 6.2 19.8 0
      vertex 6.2 19.8 0.799999
    endloop
  endfacet
  facet normal -0.976299 -0.216427 0
    outer loop
      vertex 6.10581 20.8766 0
      vertex 5.98874 21.4047 0.799999
      vertex 5.98874 21.4047 0
    endloop
  endfacet
  facet normal -0.976299 -0.216427 0
    outer loop
      vertex 5.98874 21.4047 0.799999
      vertex 6.10581 20.8766 0
      vertex 6.10581 20.8766 0.799999
    endloop
  endfacet
  facet normal -0.216496 -0.976284 0
    outer loop
      vertex 1.07662 25.9058 0
      vertex 1.60468 25.7887 0.799999
      vertex 1.07662 25.9058 0.799999
    endloop
  endfacet
  facet normal -0.216496 -0.976284 -0
    outer loop
      vertex 1.60468 25.7887 0.799999
      vertex 1.07662 25.9058 0
      vertex 1.60468 25.7887 0
    endloop
  endfacet
  facet normal -0.843401 0.537285 0
    outer loop
      vertex 5.07874 16.2438 0
      vertex 5.36936 16.7 0.799999
      vertex 5.36936 16.7 0
    endloop
  endfacet
  facet normal -0.843401 0.537285 0
    outer loop
      vertex 5.36936 16.7 0.799999
      vertex 5.07874 16.2438 0
      vertex 5.07874 16.2438 0.799999
    endloop
  endfacet
  facet normal 0.382704 0.923871 -0
    outer loop
      vertex -2.12052 13.9739 0
      vertex -2.62023 14.1809 0.799999
      vertex -2.12052 13.9739 0.799999
    endloop
  endfacet
  facet normal 0.382704 0.923871 0
    outer loop
      vertex -2.62023 14.1809 0.799999
      vertex -2.12052 13.9739 0
      vertex -2.62023 14.1809 0
    endloop
  endfacet
  facet normal -0.976299 0.216427 0
    outer loop
      vertex 5.98874 18.1953 0
      vertex 6.10581 18.7234 0.799999
      vertex 6.10581 18.7234 0
    endloop
  endfacet
  facet normal -0.976299 0.216427 0
    outer loop
      vertex 6.10581 18.7234 0.799999
      vertex 5.98874 18.1953 0
      vertex 5.98874 18.1953 0.799999
    endloop
  endfacet
  facet normal 0.991443 -0.130541 0
    outer loop
      vertex -6.17641 20.3404 0.799999
      vertex -6.10581 20.8766 0
      vertex -6.10581 20.8766 0.799999
    endloop
  endfacet
  facet normal 0.991443 -0.130541 0
    outer loop
      vertex -6.10581 20.8766 0
      vertex -6.17641 20.3404 0.799999
      vertex -6.17641 20.3404 0
    endloop
  endfacet
  facet normal -0.130527 0.991445 0
    outer loop
      vertex 1.07662 13.6942 0
      vertex 0.540365 13.6236 0.799999
      vertex 1.07662 13.6942 0.799999
    endloop
  endfacet
  facet normal -0.130527 0.991445 0
    outer loop
      vertex 0.540365 13.6236 0.799999
      vertex 1.07662 13.6942 0
      vertex 0.540365 13.6236 0
    endloop
  endfacet
  facet normal 0.608683 0.793414 -0
    outer loop
      vertex -3.55617 14.7213 0
      vertex -3.98528 15.0505 0.799999
      vertex -3.55617 14.7213 0.799999
    endloop
  endfacet
  facet normal 0.608683 0.793414 0
    outer loop
      vertex -3.98528 15.0505 0.799999
      vertex -3.55617 14.7213 0
      vertex -3.98528 15.0505 0
    endloop
  endfacet
  facet normal -0.300632 -0.95374 0
    outer loop
      vertex 1.60468 25.7887 0
      vertex 2.12052 25.6261 0.799999
      vertex 1.60468 25.7887 0.799999
    endloop
  endfacet
  facet normal -0.300632 -0.95374 -0
    outer loop
      vertex 2.12052 25.6261 0.799999
      vertex 1.60468 25.7887 0
      vertex 2.12052 25.6261 0
    endloop
  endfacet
  facet normal 0.737289 -0.675577 0
    outer loop
      vertex -4.74948 23.7853 0.799999
      vertex -4.38406 24.1841 0
      vertex -4.38406 24.1841 0.799999
    endloop
  endfacet
  facet normal 0.737289 -0.675577 0
    outer loop
      vertex -4.38406 24.1841 0
      vertex -4.74948 23.7853 0.799999
      vertex -4.74948 23.7853 0
    endloop
  endfacet
  facet normal 0.953707 -0.300738 0
    outer loop
      vertex -5.98874 21.4047 0.799999
      vertex -5.82609 21.9205 0
      vertex -5.82609 21.9205 0.799999
    endloop
  endfacet
  facet normal 0.953707 -0.300738 0
    outer loop
      vertex -5.82609 21.9205 0
      vertex -5.98874 21.4047 0.799999
      vertex -5.98874 21.4047 0
    endloop
  endfacet
  facet normal 0.843401 0.537285 0
    outer loop
      vertex -5.07874 16.2438 0.799999
      vertex -5.36936 16.7 0
      vertex -5.36936 16.7 0.799999
    endloop
  endfacet
  facet normal 0.843401 0.537285 0
    outer loop
      vertex -5.36936 16.7 0
      vertex -5.07874 16.2438 0.799999
      vertex -5.07874 16.2438 0
    endloop
  endfacet
  facet normal 0.675576 0.737291 -0
    outer loop
      vertex -3.98528 15.0505 0
      vertex -4.38406 15.4159 0.799999
      vertex -3.98528 15.0505 0.799999
    endloop
  endfacet
  facet normal 0.675576 0.737291 0
    outer loop
      vertex -4.38406 15.4159 0.799999
      vertex -3.98528 15.0505 0
      vertex -4.38406 15.4159 0
    endloop
  endfacet
  facet normal 0.537415 -0.843318 0
    outer loop
      vertex -3.55617 24.8787 0
      vertex -3.1 25.1694 0.799999
      vertex -3.55617 24.8787 0.799999
    endloop
  endfacet
  facet normal 0.537415 -0.843318 0
    outer loop
      vertex -3.1 25.1694 0.799999
      vertex -3.55617 24.8787 0
      vertex -3.1 25.1694 0
    endloop
  endfacet
  facet normal -0.793353 0.608761 0
    outer loop
      vertex 4.74948 15.8147 0
      vertex 5.07874 16.2438 0.799999
      vertex 5.07874 16.2438 0
    endloop
  endfacet
  facet normal -0.793353 0.608761 0
    outer loop
      vertex 5.07874 16.2438 0.799999
      vertex 4.74948 15.8147 0
      vertex 4.74948 15.8147 0.799999
    endloop
  endfacet
  facet normal -0.608683 0.793414 0
    outer loop
      vertex 3.98528 15.0505 0
      vertex 3.55617 14.7213 0.799999
      vertex 3.98528 15.0505 0.799999
    endloop
  endfacet
  facet normal -0.608683 0.793414 0
    outer loop
      vertex 3.55617 14.7213 0.799999
      vertex 3.98528 15.0505 0
      vertex 3.55617 14.7213 0
    endloop
  endfacet
  facet normal 0.976299 -0.216427 0
    outer loop
      vertex -6.10581 20.8766 0.799999
      vertex -5.98874 21.4047 0
      vertex -5.98874 21.4047 0.799999
    endloop
  endfacet
  facet normal 0.976299 -0.216427 0
    outer loop
      vertex -5.98874 21.4047 0
      vertex -6.10581 20.8766 0.799999
      vertex -6.10581 20.8766 0
    endloop
  endfacet
  facet normal -0.991443 0.130541 0
    outer loop
      vertex 6.10581 18.7234 0
      vertex 6.17641 19.2596 0.799999
      vertex 6.17641 19.2596 0
    endloop
  endfacet
  facet normal -0.991443 0.130541 0
    outer loop
      vertex 6.17641 19.2596 0.799999
      vertex 6.10581 18.7234 0
      vertex 6.10581 18.7234 0.799999
    endloop
  endfacet
  facet normal -0.537415 -0.843318 0
    outer loop
      vertex 3.1 25.1694 0
      vertex 3.55617 24.8787 0.799999
      vertex 3.1 25.1694 0.799999
    endloop
  endfacet
  facet normal -0.537415 -0.843318 -0
    outer loop
      vertex 3.55617 24.8787 0.799999
      vertex 3.1 25.1694 0
      vertex 3.55617 24.8787 0
    endloop
  endfacet
  facet normal 0.976299 0.216427 0
    outer loop
      vertex -5.98874 18.1953 0.799999
      vertex -6.10581 18.7234 0
      vertex -6.10581 18.7234 0.799999
    endloop
  endfacet
  facet normal 0.976299 0.216427 0
    outer loop
      vertex -6.10581 18.7234 0
      vertex -5.98874 18.1953 0.799999
      vertex -5.98874 18.1953 0
    endloop
  endfacet
  facet normal -0.300632 0.95374 0
    outer loop
      vertex 2.12052 13.9739 0
      vertex 1.60468 13.8113 0.799999
      vertex 2.12052 13.9739 0.799999
    endloop
  endfacet
  facet normal -0.300632 0.95374 0
    outer loop
      vertex 1.60468 13.8113 0.799999
      vertex 2.12052 13.9739 0
      vertex 1.60468 13.8113 0
    endloop
  endfacet
  facet normal -0.843401 -0.537285 0
    outer loop
      vertex 5.36936 22.9 0
      vertex 5.07874 23.3562 0.799999
      vertex 5.07874 23.3562 0
    endloop
  endfacet
  facet normal -0.843401 -0.537285 0
    outer loop
      vertex 5.07874 23.3562 0.799999
      vertex 5.36936 22.9 0
      vertex 5.36936 22.9 0.799999
    endloop
  endfacet
  facet normal 0.793353 -0.608761 0
    outer loop
      vertex -5.07874 23.3562 0.799999
      vertex -4.74948 23.7853 0
      vertex -4.74948 23.7853 0.799999
    endloop
  endfacet
  facet normal 0.793353 -0.608761 0
    outer loop
      vertex -4.74948 23.7853 0
      vertex -5.07874 23.3562 0.799999
      vertex -5.07874 23.3562 0
    endloop
  endfacet
  facet normal -0.382704 0.923871 0
    outer loop
      vertex 2.62023 14.1809 0
      vertex 2.12052 13.9739 0.799999
      vertex 2.62023 14.1809 0.799999
    endloop
  endfacet
  facet normal -0.382704 0.923871 0
    outer loop
      vertex 2.12052 13.9739 0.799999
      vertex 2.62023 14.1809 0
      vertex 2.12052 13.9739 0
    endloop
  endfacet
  facet normal -0.953707 -0.300738 0
    outer loop
      vertex 5.98874 21.4047 0
      vertex 5.82609 21.9205 0.799999
      vertex 5.82609 21.9205 0
    endloop
  endfacet
  facet normal -0.953707 -0.300738 0
    outer loop
      vertex 5.82609 21.9205 0.799999
      vertex 5.98874 21.4047 0
      vertex 5.98874 21.4047 0.799999
    endloop
  endfacet
  facet normal 0.608683 -0.793414 0
    outer loop
      vertex -3.98528 24.5495 0
      vertex -3.55617 24.8787 0.799999
      vertex -3.98528 24.5495 0.799999
    endloop
  endfacet
  facet normal 0.608683 -0.793414 0
    outer loop
      vertex -3.55617 24.8787 0.799999
      vertex -3.98528 24.5495 0
      vertex -3.55617 24.8787 0
    endloop
  endfacet
  facet normal 0.793353 0.608761 0
    outer loop
      vertex -4.74948 15.8147 0.799999
      vertex -5.07874 16.2438 0
      vertex -5.07874 16.2438 0.799999
    endloop
  endfacet
  facet normal 0.793353 0.608761 0
    outer loop
      vertex -5.07874 16.2438 0
      vertex -4.74948 15.8147 0.799999
      vertex -4.74948 15.8147 0
    endloop
  endfacet
  facet normal 0.130527 -0.991445 0
    outer loop
      vertex -1.07662 25.9058 0
      vertex -0.540365 25.9764 0.799999
      vertex -1.07662 25.9058 0.799999
    endloop
  endfacet
  facet normal 0.130527 -0.991445 0
    outer loop
      vertex -0.540365 25.9764 0.799999
      vertex -1.07662 25.9058 0
      vertex -0.540365 25.9764 0
    endloop
  endfacet
  facet normal 0.382704 -0.923871 0
    outer loop
      vertex -2.62023 25.4191 0
      vertex -2.12052 25.6261 0.799999
      vertex -2.62023 25.4191 0.799999
    endloop
  endfacet
  facet normal 0.382704 -0.923871 0
    outer loop
      vertex -2.12052 25.6261 0.799999
      vertex -2.62023 25.4191 0
      vertex -2.12052 25.6261 0
    endloop
  endfacet
  facet normal 0.675576 -0.737291 0
    outer loop
      vertex -4.38406 24.1841 0
      vertex -3.98528 24.5495 0.799999
      vertex -4.38406 24.1841 0.799999
    endloop
  endfacet
  facet normal 0.675576 -0.737291 0
    outer loop
      vertex -3.98528 24.5495 0.799999
      vertex -4.38406 24.1841 0
      vertex -3.98528 24.5495 0
    endloop
  endfacet
  facet normal -0.999049 0.0436113 0
    outer loop
      vertex 6.17641 19.2596 0
      vertex 6.2 19.8 0.799999
      vertex 6.2 19.8 0
    endloop
  endfacet
  facet normal -0.999049 0.0436113 0
    outer loop
      vertex 6.2 19.8 0.799999
      vertex 6.17641 19.2596 0
      vertex 6.17641 19.2596 0.799999
    endloop
  endfacet
  facet normal 0.300632 0.95374 -0
    outer loop
      vertex -1.60468 13.8113 0
      vertex -2.12052 13.9739 0.799999
      vertex -1.60468 13.8113 0.799999
    endloop
  endfacet
  facet normal 0.300632 0.95374 0
    outer loop
      vertex -2.12052 13.9739 0.799999
      vertex -1.60468 13.8113 0
      vertex -2.12052 13.9739 0
    endloop
  endfacet
  facet normal 0.923881 -0.382679 0
    outer loop
      vertex -5.82609 21.9205 0.799999
      vertex -5.61911 22.4202 0
      vertex -5.61911 22.4202 0.799999
    endloop
  endfacet
  facet normal 0.923881 -0.382679 0
    outer loop
      vertex -5.61911 22.4202 0
      vertex -5.82609 21.9205 0.799999
      vertex -5.82609 21.9205 0
    endloop
  endfacet
  facet normal 0.887025 -0.461722 0
    outer loop
      vertex -5.61911 22.4202 0.799999
      vertex -5.36936 22.9 0
      vertex -5.36936 22.9 0.799999
    endloop
  endfacet
  facet normal 0.887025 -0.461722 0
    outer loop
      vertex -5.36936 22.9 0
      vertex -5.61911 22.4202 0.799999
      vertex -5.61911 22.4202 0
    endloop
  endfacet
  facet normal -0.461672 0.887051 0
    outer loop
      vertex 3.1 14.4306 0
      vertex 2.62023 14.1809 0.799999
      vertex 3.1 14.4306 0.799999
    endloop
  endfacet
  facet normal -0.461672 0.887051 0
    outer loop
      vertex 2.62023 14.1809 0.799999
      vertex 3.1 14.4306 0
      vertex 2.62023 14.1809 0
    endloop
  endfacet
  facet normal 0.953707 0.300738 0
    outer loop
      vertex -5.82609 17.6795 0.799999
      vertex -5.98874 18.1953 0
      vertex -5.98874 18.1953 0.799999
    endloop
  endfacet
  facet normal 0.953707 0.300738 0
    outer loop
      vertex -5.98874 18.1953 0
      vertex -5.82609 17.6795 0.799999
      vertex -5.82609 17.6795 0
    endloop
  endfacet
  facet normal -0.461672 -0.887051 0
    outer loop
      vertex 2.62023 25.4191 0
      vertex 3.1 25.1694 0.799999
      vertex 2.62023 25.4191 0.799999
    endloop
  endfacet
  facet normal -0.461672 -0.887051 -0
    outer loop
      vertex 3.1 25.1694 0.799999
      vertex 2.62023 25.4191 0
      vertex 3.1 25.1694 0
    endloop
  endfacet
  facet normal 0.216496 -0.976284 0
    outer loop
      vertex -1.60468 25.7887 0
      vertex -1.07662 25.9058 0.799999
      vertex -1.60468 25.7887 0.799999
    endloop
  endfacet
  facet normal 0.216496 -0.976284 0
    outer loop
      vertex -1.07662 25.9058 0.799999
      vertex -1.60468 25.7887 0
      vertex -1.07662 25.9058 0
    endloop
  endfacet
  facet normal -0.0436326 0.999048 0
    outer loop
      vertex 0.540365 13.6236 0
      vertex 0 13.6 0.799999
      vertex 0.540365 13.6236 0.799999
    endloop
  endfacet
  facet normal -0.0436326 0.999048 0
    outer loop
      vertex 0 13.6 0.799999
      vertex 0.540365 13.6236 0
      vertex 0 13.6 0
    endloop
  endfacet
  facet normal -0.887025 0.461722 0
    outer loop
      vertex 5.36936 16.7 0
      vertex 5.61911 17.1798 0.799999
      vertex 5.61911 17.1798 0
    endloop
  endfacet
  facet normal -0.887025 0.461722 0
    outer loop
      vertex 5.61911 17.1798 0.799999
      vertex 5.36936 16.7 0
      vertex 5.36936 16.7 0.799999
    endloop
  endfacet
  facet normal -0.793353 -0.608761 0
    outer loop
      vertex 5.07874 23.3562 0
      vertex 4.74948 23.7853 0.799999
      vertex 4.74948 23.7853 0
    endloop
  endfacet
  facet normal -0.793353 -0.608761 0
    outer loop
      vertex 4.74948 23.7853 0.799999
      vertex 5.07874 23.3562 0
      vertex 5.07874 23.3562 0.799999
    endloop
  endfacet
  facet normal -0.953707 0.300738 0
    outer loop
      vertex 5.82609 17.6795 0
      vertex 5.98874 18.1953 0.799999
      vertex 5.98874 18.1953 0
    endloop
  endfacet
  facet normal -0.953707 0.300738 0
    outer loop
      vertex 5.98874 18.1953 0.799999
      vertex 5.82609 17.6795 0
      vertex 5.82609 17.6795 0.799999
    endloop
  endfacet
  facet normal -0.382704 -0.923871 0
    outer loop
      vertex 2.12052 25.6261 0
      vertex 2.62023 25.4191 0.799999
      vertex 2.12052 25.6261 0.799999
    endloop
  endfacet
  facet normal -0.382704 -0.923871 -0
    outer loop
      vertex 2.62023 25.4191 0.799999
      vertex 2.12052 25.6261 0
      vertex 2.62023 25.4191 0
    endloop
  endfacet
  facet normal -0.675576 0.737291 0
    outer loop
      vertex 4.38406 15.4159 0
      vertex 3.98528 15.0505 0.799999
      vertex 4.38406 15.4159 0.799999
    endloop
  endfacet
  facet normal -0.675576 0.737291 0
    outer loop
      vertex 3.98528 15.0505 0.799999
      vertex 4.38406 15.4159 0
      vertex 3.98528 15.0505 0
    endloop
  endfacet
  facet normal 0.130527 0.991445 -0
    outer loop
      vertex -0.540365 13.6236 0
      vertex -1.07662 13.6942 0.799999
      vertex -0.540365 13.6236 0.799999
    endloop
  endfacet
  facet normal 0.130527 0.991445 0
    outer loop
      vertex -1.07662 13.6942 0.799999
      vertex -0.540365 13.6236 0
      vertex -1.07662 13.6942 0
    endloop
  endfacet
  facet normal 0.843401 -0.537285 0
    outer loop
      vertex -5.36936 22.9 0.799999
      vertex -5.07874 23.3562 0
      vertex -5.07874 23.3562 0.799999
    endloop
  endfacet
  facet normal 0.843401 -0.537285 0
    outer loop
      vertex -5.07874 23.3562 0
      vertex -5.36936 22.9 0.799999
      vertex -5.36936 22.9 0
    endloop
  endfacet
  facet normal -0.923881 -0.382679 0
    outer loop
      vertex 5.82609 21.9205 0
      vertex 5.61911 22.4202 0.799999
      vertex 5.61911 22.4202 0
    endloop
  endfacet
  facet normal -0.923881 -0.382679 0
    outer loop
      vertex 5.61911 22.4202 0.799999
      vertex 5.82609 21.9205 0
      vertex 5.82609 21.9205 0.799999
    endloop
  endfacet
  facet normal -0.737289 -0.675577 0
    outer loop
      vertex 4.74948 23.7853 0
      vertex 4.38406 24.1841 0.799999
      vertex 4.38406 24.1841 0
    endloop
  endfacet
  facet normal -0.737289 -0.675577 0
    outer loop
      vertex 4.38406 24.1841 0.799999
      vertex 4.74948 23.7853 0
      vertex 4.74948 23.7853 0.799999
    endloop
  endfacet
  facet normal 0.923881 0.382679 0
    outer loop
      vertex -5.61911 17.1798 0.799999
      vertex -5.82609 17.6795 0
      vertex -5.82609 17.6795 0.799999
    endloop
  endfacet
  facet normal 0.923881 0.382679 0
    outer loop
      vertex -5.82609 17.6795 0
      vertex -5.61911 17.1798 0.799999
      vertex -5.61911 17.1798 0
    endloop
  endfacet
  facet normal -0.887025 -0.461722 0
    outer loop
      vertex 5.61911 22.4202 0
      vertex 5.36936 22.9 0.799999
      vertex 5.36936 22.9 0
    endloop
  endfacet
  facet normal -0.887025 -0.461722 0
    outer loop
      vertex 5.36936 22.9 0.799999
      vertex 5.61911 22.4202 0
      vertex 5.61911 22.4202 0.799999
    endloop
  endfacet
  facet normal 0.461672 -0.887051 0
    outer loop
      vertex -3.1 25.1694 0
      vertex -2.62023 25.4191 0.799999
      vertex -3.1 25.1694 0.799999
    endloop
  endfacet
  facet normal 0.461672 -0.887051 0
    outer loop
      vertex -2.62023 25.4191 0.799999
      vertex -3.1 25.1694 0
      vertex -2.62023 25.4191 0
    endloop
  endfacet
  facet normal 0.887025 0.461722 0
    outer loop
      vertex -5.36936 16.7 0.799999
      vertex -5.61911 17.1798 0
      vertex -5.61911 17.1798 0.799999
    endloop
  endfacet
  facet normal 0.887025 0.461722 0
    outer loop
      vertex -5.61911 17.1798 0
      vertex -5.36936 16.7 0.799999
      vertex -5.36936 16.7 0
    endloop
  endfacet
  facet normal 0.537415 0.843318 -0
    outer loop
      vertex -3.1 14.4306 0
      vertex -3.55617 14.7213 0.799999
      vertex -3.1 14.4306 0.799999
    endloop
  endfacet
  facet normal 0.537415 0.843318 0
    outer loop
      vertex -3.55617 14.7213 0.799999
      vertex -3.1 14.4306 0
      vertex -3.55617 14.7213 0
    endloop
  endfacet
  facet normal -0.608683 -0.793414 0
    outer loop
      vertex 3.55617 24.8787 0
      vertex 3.98528 24.5495 0.799999
      vertex 3.55617 24.8787 0.799999
    endloop
  endfacet
  facet normal -0.608683 -0.793414 -0
    outer loop
      vertex 3.98528 24.5495 0.799999
      vertex 3.55617 24.8787 0
      vertex 3.98528 24.5495 0
    endloop
  endfacet
  facet normal 0.300632 -0.95374 0
    outer loop
      vertex -2.12052 25.6261 0
      vertex -1.60468 25.7887 0.799999
      vertex -2.12052 25.6261 0.799999
    endloop
  endfacet
  facet normal 0.300632 -0.95374 0
    outer loop
      vertex -1.60468 25.7887 0.799999
      vertex -2.12052 25.6261 0
      vertex -1.60468 25.7887 0
    endloop
  endfacet
  facet normal 0.999049 0.0436113 0
    outer loop
      vertex -6.17641 19.2596 0.799999
      vertex -6.2 19.8 0
      vertex -6.2 19.8 0.799999
    endloop
  endfacet
  facet normal 0.999049 0.0436113 0
    outer loop
      vertex -6.2 19.8 0
      vertex -6.17641 19.2596 0.799999
      vertex -6.17641 19.2596 0
    endloop
  endfacet
  facet normal 0.216496 0.976284 -0
    outer loop
      vertex -1.07662 13.6942 0
      vertex -1.60468 13.8113 0.799999
      vertex -1.07662 13.6942 0.799999
    endloop
  endfacet
  facet normal 0.216496 0.976284 0
    outer loop
      vertex -1.60468 13.8113 0.799999
      vertex -1.07662 13.6942 0
      vertex -1.60468 13.8113 0
    endloop
  endfacet
  facet normal 0.0436326 -0.999048 0
    outer loop
      vertex -0.540365 25.9764 0
      vertex 0 26 0.799999
      vertex -0.540365 25.9764 0.799999
    endloop
  endfacet
  facet normal 0.0436326 -0.999048 0
    outer loop
      vertex 0 26 0.799999
      vertex -0.540365 25.9764 0
      vertex 0 26 0
    endloop
  endfacet
  facet normal -0.537415 0.843318 0
    outer loop
      vertex 3.55617 14.7213 0
      vertex 3.1 14.4306 0.799999
      vertex 3.55617 14.7213 0.799999
    endloop
  endfacet
  facet normal -0.537415 0.843318 0
    outer loop
      vertex 3.1 14.4306 0.799999
      vertex 3.55617 14.7213 0
      vertex 3.1 14.4306 0
    endloop
  endfacet
  facet normal -0.216496 0.976284 0
    outer loop
      vertex 1.60468 13.8113 0
      vertex 1.07662 13.6942 0.799999
      vertex 1.60468 13.8113 0.799999
    endloop
  endfacet
  facet normal -0.216496 0.976284 0
    outer loop
      vertex 1.07662 13.6942 0.799999
      vertex 1.60468 13.8113 0
      vertex 1.07662 13.6942 0
    endloop
  endfacet
  facet normal 0.737289 0.675577 0
    outer loop
      vertex -4.38406 15.4159 0.799999
      vertex -4.74948 15.8147 0
      vertex -4.74948 15.8147 0.799999
    endloop
  endfacet
  facet normal 0.737289 0.675577 0
    outer loop
      vertex -4.74948 15.8147 0
      vertex -4.38406 15.4159 0.799999
      vertex -4.38406 15.4159 0
    endloop
  endfacet
  facet normal -0.923881 0.382679 0
    outer loop
      vertex 5.61911 17.1798 0
      vertex 5.82609 17.6795 0.799999
      vertex 5.82609 17.6795 0
    endloop
  endfacet
  facet normal -0.923881 0.382679 0
    outer loop
      vertex 5.82609 17.6795 0.799999
      vertex 5.61911 17.1798 0
      vertex 5.61911 17.1798 0.799999
    endloop
  endfacet
  facet normal -0.130527 -0.991445 0
    outer loop
      vertex 0.540365 25.9764 0
      vertex 1.07662 25.9058 0.799999
      vertex 0.540365 25.9764 0.799999
    endloop
  endfacet
  facet normal -0.130527 -0.991445 -0
    outer loop
      vertex 1.07662 25.9058 0.799999
      vertex 0.540365 25.9764 0
      vertex 1.07662 25.9058 0
    endloop
  endfacet
  facet normal -0.0436326 -0.999048 0
    outer loop
      vertex 0 26 0
      vertex 0.540365 25.9764 0.799999
      vertex 0 26 0.799999
    endloop
  endfacet
  facet normal -0.0436326 -0.999048 -0
    outer loop
      vertex 0.540365 25.9764 0.799999
      vertex 0 26 0
      vertex 0.540365 25.9764 0
    endloop
  endfacet
  facet normal 0.461672 0.887051 -0
    outer loop
      vertex -2.62023 14.1809 0
      vertex -3.1 14.4306 0.799999
      vertex -2.62023 14.1809 0.799999
    endloop
  endfacet
  facet normal 0.461672 0.887051 0
    outer loop
      vertex -3.1 14.4306 0.799999
      vertex -2.62023 14.1809 0
      vertex -3.1 14.4306 0
    endloop
  endfacet
  facet normal -0.675576 -0.737291 0
    outer loop
      vertex 3.98528 24.5495 0
      vertex 4.38406 24.1841 0.799999
      vertex 3.98528 24.5495 0.799999
    endloop
  endfacet
  facet normal -0.675576 -0.737291 -0
    outer loop
      vertex 4.38406 24.1841 0.799999
      vertex 3.98528 24.5495 0
      vertex 4.38406 24.1841 0
    endloop
  endfacet
  facet normal 0.0436326 0.999048 -0
    outer loop
      vertex 0 13.6 0
      vertex -0.540365 13.6236 0.799999
      vertex 0 13.6 0.799999
    endloop
  endfacet
  facet normal 0.0436326 0.999048 0
    outer loop
      vertex -0.540365 13.6236 0.799999
      vertex 0 13.6 0
      vertex -0.540365 13.6236 0
    endloop
  endfacet
  facet normal 0.991443 0.130541 0
    outer loop
      vertex -6.10581 18.7234 0.799999
      vertex -6.17641 19.2596 0
      vertex -6.17641 19.2596 0.799999
    endloop
  endfacet
  facet normal 0.991443 0.130541 0
    outer loop
      vertex -6.17641 19.2596 0
      vertex -6.10581 18.7234 0.799999
      vertex -6.10581 18.7234 0
    endloop
  endfacet
  facet normal -0.737289 0.675577 0
    outer loop
      vertex 4.38406 15.4159 0
      vertex 4.74948 15.8147 0.799999
      vertex 4.74948 15.8147 0
    endloop
  endfacet
  facet normal -0.737289 0.675577 0
    outer loop
      vertex 4.74948 15.8147 0.799999
      vertex 4.38406 15.4159 0
      vertex 4.38406 15.4159 0.799999
    endloop
  endfacet
endsolid OpenSCAD_Model
