solid OpenSCAD_Model
  facet normal 1 -0 0
    outer loop
      vertex -16.8 9.8 19.3
      vertex -16.8 27.8 3.3
      vertex -16.8 27.8 19.3
    endloop
  endfacet
  facet normal 1 0 0
    outer loop
      vertex -16.8 27.8 3.3
      vertex -16.8 9.8 19.3
      vertex -16.8 9.8 3.3
    endloop
  endfacet
  facet normal 0 0 1
    outer loop
      vertex 19.8 29.8 19.3
      vertex 18.4 8.4 19.3
      vertex 19.8 -29.8 19.3
    endloop
  endfacet
  facet normal 0 0 1
    outer loop
      vertex 16.8 9.8 19.3
      vertex 19.8 29.8 19.3
      vertex 16.8 27.8 19.3
    endloop
  endfacet
  facet normal 0 0 1
    outer loop
      vertex 19.8 29.8 19.3
      vertex -16.8 27.8 19.3
      vertex 16.8 27.8 19.3
    endloop
  endfacet
  facet normal 0 0 1
    outer loop
      vertex -19.8 29.8 19.3
      vertex -16.8 9.8 19.3
      vertex -16.8 27.8 19.3
    endloop
  endfacet
  facet normal 0 0 1
    outer loop
      vertex -19.8 -29.8 19.3
      vertex -18.4 8.4 19.3
      vertex -19.8 29.8 19.3
    endloop
  endfacet
  facet normal 0 0 1
    outer loop
      vertex -16.8 9.8 19.3
      vertex -19.8 29.8 19.3
      vertex -18.4 8.4 19.3
    endloop
  endfacet
  facet normal -0 0 1
    outer loop
      vertex -19.8 29.8 19.3
      vertex -16.8 27.8 19.3
      vertex 19.8 29.8 19.3
    endloop
  endfacet
  facet normal -0 0 1
    outer loop
      vertex 18.4 -28.4 19.3
      vertex 19.8 -29.8 19.3
      vertex 18.4 8.4 19.3
    endloop
  endfacet
  facet normal -0 0 1
    outer loop
      vertex -18.4 -28.4 19.3
      vertex 19.8 -29.8 19.3
      vertex 18.4 -28.4 19.3
    endloop
  endfacet
  facet normal 0 0 1
    outer loop
      vertex -18.4 -28.4 19.3
      vertex -19.8 -29.8 19.3
      vertex 19.8 -29.8 19.3
    endloop
  endfacet
  facet normal 0 0 1
    outer loop
      vertex -18.4 8.4 19.3
      vertex -19.8 -29.8 19.3
      vertex -18.4 -28.4 19.3
    endloop
  endfacet
  facet normal 0 0 1
    outer loop
      vertex 19.8 29.8 19.3
      vertex 16.8 9.8 19.3
      vertex 18.4 8.4 19.3
    endloop
  endfacet
  facet normal -0 0 1
    outer loop
      vertex -16.8 9.8 19.3
      vertex 18.4 8.4 19.3
      vertex 16.8 9.8 19.3
    endloop
  endfacet
  facet normal 0 0 1
    outer loop
      vertex 18.4 8.4 19.3
      vertex -16.8 9.8 19.3
      vertex -18.4 8.4 19.3
    endloop
  endfacet
  facet normal 0 0 -1
    outer loop
      vertex 19.8 29.8 0
      vertex 6.17641 19.2596 0
      vertex 6.2 19.8 0
    endloop
  endfacet
  facet normal 0 0 -1
    outer loop
      vertex 8.35781 4.50361 0
      vertex 6.10581 18.7234 0
      vertex 6.17641 19.2596 0
    endloop
  endfacet
  facet normal 0 0 -1
    outer loop
      vertex 8.35781 4.50361 0
      vertex 5.98874 18.1953 0
      vertex 6.10581 18.7234 0
    endloop
  endfacet
  facet normal 0 0 -1
    outer loop
      vertex 8.35781 4.50361 0
      vertex 5.82609 17.6795 0
      vertex 5.98874 18.1953 0
    endloop
  endfacet
  facet normal 0 0 -1
    outer loop
      vertex 4.38406 15.4159 0
      vertex 7.07463 5.17159 0
      vertex 5.73811 5.7252 0
    endloop
  endfacet
  facet normal 0 0 -1
    outer loop
      vertex 3.98528 15.0505 0
      vertex 5.73811 5.7252 0
      vertex 5.72542 5.73045 0
    endloop
  endfacet
  facet normal 0 0 -1
    outer loop
      vertex 8.35781 4.50361 0
      vertex 5.61911 17.1798 0
      vertex 5.82609 17.6795 0
    endloop
  endfacet
  facet normal 0 0 -1
    outer loop
      vertex 8.35781 4.50361 0
      vertex 5.36936 16.7 0
      vertex 5.61911 17.1798 0
    endloop
  endfacet
  facet normal 0 0 -1
    outer loop
      vertex 8.35781 4.50361 0
      vertex 5.07874 16.2438 0
      vertex 5.36936 16.7 0
    endloop
  endfacet
  facet normal 0 0 -1
    outer loop
      vertex 7.07463 5.17159 0
      vertex 4.74948 15.8147 0
      vertex 5.07874 16.2438 0
    endloop
  endfacet
  facet normal 0 0 -1
    outer loop
      vertex 7.07463 5.17159 0
      vertex 4.38406 15.4159 0
      vertex 4.74948 15.8147 0
    endloop
  endfacet
  facet normal 0 0 -1
    outer loop
      vertex 3.55617 14.7213 0
      vertex 5.72542 5.73045 0
      vertex 4.34573 6.16547 0
    endloop
  endfacet
  facet normal 0 0 -1
    outer loop
      vertex 3.1 14.4306 0
      vertex 4.34573 6.16547 0
      vertex 4.33263 6.1696 0
    endloop
  endfacet
  facet normal 0 0 -1
    outer loop
      vertex 3.1 14.4306 0
      vertex 4.33263 6.1696 0
      vertex 4.31922 6.17257 0
    endloop
  endfacet
  facet normal 0 0 -1
    outer loop
      vertex 5.73811 5.7252 0
      vertex 3.98528 15.0505 0
      vertex 4.38406 15.4159 0
    endloop
  endfacet
  facet normal 0 0 -1
    outer loop
      vertex 5.72542 5.73045 0
      vertex 3.55617 14.7213 0
      vertex 3.98528 15.0505 0
    endloop
  endfacet
  facet normal 0 0 -1
    outer loop
      vertex 4.34573 6.16547 0
      vertex 3.1 14.4306 0
      vertex 3.55617 14.7213 0
    endloop
  endfacet
  facet normal 0 0 -1
    outer loop
      vertex 2.62023 14.1809 0
      vertex 4.31922 6.17257 0
      vertex 2.90687 6.48568 0
    endloop
  endfacet
  facet normal 0 0 -1
    outer loop
      vertex 2.12052 13.9739 0
      vertex 2.90687 6.48568 0
      vertex 2.89325 6.48747 0
    endloop
  endfacet
  facet normal 0 0 -1
    outer loop
      vertex 4.31922 6.17257 0
      vertex 2.62023 14.1809 0
      vertex 3.1 14.4306 0
    endloop
  endfacet
  facet normal 0 0 -1
    outer loop
      vertex 2.90687 6.48568 0
      vertex 2.12052 13.9739 0
      vertex 2.62023 14.1809 0
    endloop
  endfacet
  facet normal 0 0 -1
    outer loop
      vertex 2.89325 6.48747 0
      vertex 1.60468 13.8113 0
      vertex 2.12052 13.9739 0
    endloop
  endfacet
  facet normal 0 0 -1
    outer loop
      vertex 1.45899 6.6763 0
      vertex 1.60468 13.8113 0
      vertex 2.89325 6.48747 0
    endloop
  endfacet
  facet normal 0 0 -1
    outer loop
      vertex 1.07662 13.6942 0
      vertex 1.45899 6.6763 0
      vertex 1.44526 6.6769 0
    endloop
  endfacet
  facet normal 0 0 -1
    outer loop
      vertex 1.45899 6.6763 0
      vertex 1.07662 13.6942 0
      vertex 1.60468 13.8113 0
    endloop
  endfacet
  facet normal 0 0 -1
    outer loop
      vertex 1.44526 6.6769 0
      vertex 0.540365 13.6236 0
      vertex 1.07662 13.6942 0
    endloop
  endfacet
  facet normal 0 0 -1
    outer loop
      vertex 0 6.74 0
      vertex 0.540365 13.6236 0
      vertex 1.44526 6.6769 0
    endloop
  endfacet
  facet normal 0 0 -1
    outer loop
      vertex 0 6.74 0
      vertex 0 13.6 0
      vertex 0.540365 13.6236 0
    endloop
  endfacet
  facet normal 0 0 -1
    outer loop
      vertex 0 6.74 0
      vertex -0.540365 13.6236 0
      vertex 0 13.6 0
    endloop
  endfacet
  facet normal 0 0 -1
    outer loop
      vertex -1.44526 6.6769 0
      vertex -0.540365 13.6236 0
      vertex 0 6.74 0
    endloop
  endfacet
  facet normal -0 0 -1
    outer loop
      vertex -0.540365 13.6236 0
      vertex -1.44526 6.6769 0
      vertex -1.07662 13.6942 0
    endloop
  endfacet
  facet normal 0 0 -1
    outer loop
      vertex -1.45899 6.6763 0
      vertex -1.07662 13.6942 0
      vertex -1.44526 6.6769 0
    endloop
  endfacet
  facet normal 0 0 -1
    outer loop
      vertex -1.45899 6.6763 0
      vertex -1.60468 13.8113 0
      vertex -1.07662 13.6942 0
    endloop
  endfacet
  facet normal 0 0 -1
    outer loop
      vertex -2.89325 6.48747 0
      vertex -1.60468 13.8113 0
      vertex -1.45899 6.6763 0
    endloop
  endfacet
  facet normal -0 0 -1
    outer loop
      vertex -1.60468 13.8113 0
      vertex -2.89325 6.48747 0
      vertex -2.12052 13.9739 0
    endloop
  endfacet
  facet normal 0 0 -1
    outer loop
      vertex -2.90687 6.48568 0
      vertex -2.12052 13.9739 0
      vertex -2.89325 6.48747 0
    endloop
  endfacet
  facet normal -0 0 -1
    outer loop
      vertex -2.12052 13.9739 0
      vertex -2.90687 6.48568 0
      vertex -2.62023 14.1809 0
    endloop
  endfacet
  facet normal 0 0 -1
    outer loop
      vertex -4.31922 6.17257 0
      vertex -2.62023 14.1809 0
      vertex -2.90687 6.48568 0
    endloop
  endfacet
  facet normal -0 0 -1
    outer loop
      vertex -2.62023 14.1809 0
      vertex -4.31922 6.17257 0
      vertex -3.1 14.4306 0
    endloop
  endfacet
  facet normal 0 0 -1
    outer loop
      vertex -4.33263 6.1696 0
      vertex -3.1 14.4306 0
      vertex -4.31922 6.17257 0
    endloop
  endfacet
  facet normal 0 0 -1
    outer loop
      vertex -4.34573 6.16547 0
      vertex -3.1 14.4306 0
      vertex -4.33263 6.1696 0
    endloop
  endfacet
  facet normal -0 0 -1
    outer loop
      vertex -3.1 14.4306 0
      vertex -4.34573 6.16547 0
      vertex -3.55617 14.7213 0
    endloop
  endfacet
  facet normal 0 0 -1
    outer loop
      vertex -5.72542 5.73045 0
      vertex -3.55617 14.7213 0
      vertex -4.34573 6.16547 0
    endloop
  endfacet
  facet normal -0 0 -1
    outer loop
      vertex -3.55617 14.7213 0
      vertex -5.72542 5.73045 0
      vertex -3.98528 15.0505 0
    endloop
  endfacet
  facet normal 0 0 -1
    outer loop
      vertex -5.73811 5.7252 0
      vertex -3.98528 15.0505 0
      vertex -5.72542 5.73045 0
    endloop
  endfacet
  facet normal -0 0 -1
    outer loop
      vertex -3.98528 15.0505 0
      vertex -5.73811 5.7252 0
      vertex -4.38406 15.4159 0
    endloop
  endfacet
  facet normal 0 0 -1
    outer loop
      vertex -7.07463 5.17159 0
      vertex -4.38406 15.4159 0
      vertex -5.73811 5.7252 0
    endloop
  endfacet
  facet normal -0 0 -1
    outer loop
      vertex -4.38406 15.4159 0
      vertex -7.07463 5.17159 0
      vertex -4.74948 15.8147 0
    endloop
  endfacet
  facet normal -0 0 -1
    outer loop
      vertex -4.74948 15.8147 0
      vertex -7.07463 5.17159 0
      vertex -5.07874 16.2438 0
    endloop
  endfacet
  facet normal 0 0 -1
    outer loop
      vertex -8.35781 4.50361 0
      vertex -5.07874 16.2438 0
      vertex -7.07463 5.17159 0
    endloop
  endfacet
  facet normal 0 0 -1
    outer loop
      vertex -8.37 4.49727 0
      vertex -5.07874 16.2438 0
      vertex -8.35781 4.50361 0
    endloop
  endfacet
  facet normal -0 0 -1
    outer loop
      vertex -5.07874 16.2438 0
      vertex -8.37 4.49727 0
      vertex -5.36936 16.7 0
    endloop
  endfacet
  facet normal 0 0 -1
    outer loop
      vertex -8.38159 4.48988 0
      vertex -5.36936 16.7 0
      vertex -8.37 4.49727 0
    endloop
  endfacet
  facet normal -0 0 -1
    outer loop
      vertex -5.36936 16.7 0
      vertex -8.38159 4.48988 0
      vertex -5.61911 17.1798 0
    endloop
  endfacet
  facet normal 0 0 -1
    outer loop
      vertex -9.60167 3.71261 0
      vertex -5.61911 17.1798 0
      vertex -8.38159 4.48988 0
    endloop
  endfacet
  facet normal -0 0 -1
    outer loop
      vertex -5.61911 17.1798 0
      vertex -9.60167 3.71261 0
      vertex -5.82609 17.6795 0
    endloop
  endfacet
  facet normal 0 0 -1
    outer loop
      vertex 16.6769 -8.55474 0
      vertex 19.8 -29.8 0
      vertex 16.74 -10 0
    endloop
  endfacet
  facet normal 0 0 -1
    outer loop
      vertex 19.8 -29.8 0
      vertex 16.6769 -11.4453 0
      vertex 16.74 -10 0
    endloop
  endfacet
  facet normal 0 0 -1
    outer loop
      vertex 19.8 -29.8 0
      vertex 16.6763 -11.459 0
      vertex 16.6769 -11.4453 0
    endloop
  endfacet
  facet normal 0 0 -1
    outer loop
      vertex 19.8 -29.8 0
      vertex 16.4875 -12.8932 0
      vertex 16.6763 -11.459 0
    endloop
  endfacet
  facet normal 0 0 -1
    outer loop
      vertex 19.8 -29.8 0
      vertex 16.4857 -12.9069 0
      vertex 16.4875 -12.8932 0
    endloop
  endfacet
  facet normal 0 0 -1
    outer loop
      vertex 19.8 -29.8 0
      vertex 16.1726 -14.3192 0
      vertex 16.4857 -12.9069 0
    endloop
  endfacet
  facet normal 0 0 -1
    outer loop
      vertex 19.8 -29.8 0
      vertex 16.1696 -14.3326 0
      vertex 16.1726 -14.3192 0
    endloop
  endfacet
  facet normal 0 0 -1
    outer loop
      vertex 19.8 -29.8 0
      vertex 16.1655 -14.3457 0
      vertex 16.1696 -14.3326 0
    endloop
  endfacet
  facet normal 0 0 -1
    outer loop
      vertex 19.8 -29.8 0
      vertex 15.7305 -15.7254 0
      vertex 16.1655 -14.3457 0
    endloop
  endfacet
  facet normal 0 0 -1
    outer loop
      vertex 19.8 -29.8 0
      vertex 15.7252 -15.7381 0
      vertex 15.7305 -15.7254 0
    endloop
  endfacet
  facet normal 0 0 -1
    outer loop
      vertex 19.8 -29.8 0
      vertex 15.1716 -17.0746 0
      vertex 15.7252 -15.7381 0
    endloop
  endfacet
  facet normal 0 0 -1
    outer loop
      vertex 19.8 -29.8 0
      vertex 14.5036 -18.3578 0
      vertex 15.1716 -17.0746 0
    endloop
  endfacet
  facet normal 0 0 -1
    outer loop
      vertex 19.8 -29.8 0
      vertex 14.4973 -18.37 0
      vertex 14.5036 -18.3578 0
    endloop
  endfacet
  facet normal 0 0 -1
    outer loop
      vertex 19.8 -29.8 0
      vertex 14.4899 -18.3816 0
      vertex 14.4973 -18.37 0
    endloop
  endfacet
  facet normal 0 0 -1
    outer loop
      vertex 19.8 -29.8 0
      vertex 13.7126 -19.6017 0
      vertex 14.4899 -18.3816 0
    endloop
  endfacet
  facet normal 0 0 -1
    outer loop
      vertex 19.8 -29.8 0
      vertex 13.7042 -19.6126 0
      vertex 13.7126 -19.6017 0
    endloop
  endfacet
  facet normal 0 0 -1
    outer loop
      vertex 19.8 -29.8 0
      vertex 12.8236 -20.7603 0
      vertex 13.7042 -19.6126 0
    endloop
  endfacet
  facet normal 0 0 -1
    outer loop
      vertex 19.8 -29.8 0
      vertex 11.8462 -21.8268 0
      vertex 12.8236 -20.7603 0
    endloop
  endfacet
  facet normal 0 0 -1
    outer loop
      vertex 19.8 -29.8 0
      vertex 11.837 -21.837 0
      vertex 11.8462 -21.8268 0
    endloop
  endfacet
  facet normal 0 0 -1
    outer loop
      vertex 19.8 -29.8 0
      vertex 11.8268 -21.8462 0
      vertex 11.837 -21.837 0
    endloop
  endfacet
  facet normal 0 0 -1
    outer loop
      vertex 19.8 -29.8 0
      vertex 10.7603 -22.8236 0
      vertex 11.8268 -21.8462 0
    endloop
  endfacet
  facet normal 0 0 -1
    outer loop
      vertex 19.8 -29.8 0
      vertex 9.61257 -23.7042 0
      vertex 10.7603 -22.8236 0
    endloop
  endfacet
  facet normal 0 0 -1
    outer loop
      vertex 19.8 -29.8 0
      vertex 9.60167 -23.7126 0
      vertex 9.61257 -23.7042 0
    endloop
  endfacet
  facet normal 0 0 -1
    outer loop
      vertex 19.8 -29.8 0
      vertex 8.38159 -24.4899 0
      vertex 9.60167 -23.7126 0
    endloop
  endfacet
  facet normal 0 0 -1
    outer loop
      vertex 19.8 -29.8 0
      vertex 8.37 -24.4973 0
      vertex 8.38159 -24.4899 0
    endloop
  endfacet
  facet normal 0 0 -1
    outer loop
      vertex 19.8 -29.8 0
      vertex 8.35781 -24.5036 0
      vertex 8.37 -24.4973 0
    endloop
  endfacet
  facet normal 0 0 -1
    outer loop
      vertex 19.8 -29.8 0
      vertex 7.07463 -25.1716 0
      vertex 8.35781 -24.5036 0
    endloop
  endfacet
  facet normal 0 0 -1
    outer loop
      vertex 19.8 -29.8 0
      vertex 5.73811 -25.7252 0
      vertex 7.07463 -25.1716 0
    endloop
  endfacet
  facet normal 0 0 -1
    outer loop
      vertex 19.8 -29.8 0
      vertex 5.72542 -25.7305 0
      vertex 5.73811 -25.7252 0
    endloop
  endfacet
  facet normal 0 0 -1
    outer loop
      vertex 19.8 -29.8 0
      vertex 4.34573 -26.1655 0
      vertex 5.72542 -25.7305 0
    endloop
  endfacet
  facet normal 0 0 -1
    outer loop
      vertex 19.8 -29.8 0
      vertex 4.33263 -26.1696 0
      vertex 4.34573 -26.1655 0
    endloop
  endfacet
  facet normal 0 0 -1
    outer loop
      vertex 19.8 -29.8 0
      vertex 4.31922 -26.1726 0
      vertex 4.33263 -26.1696 0
    endloop
  endfacet
  facet normal 0 0 -1
    outer loop
      vertex 19.8 -29.8 0
      vertex 2.90687 -26.4857 0
      vertex 4.31922 -26.1726 0
    endloop
  endfacet
  facet normal 0 0 -1
    outer loop
      vertex 19.8 -29.8 0
      vertex 2.89325 -26.4875 0
      vertex 2.90687 -26.4857 0
    endloop
  endfacet
  facet normal 0 0 -1
    outer loop
      vertex 19.8 -29.8 0
      vertex 1.45899 -26.6763 0
      vertex 2.89325 -26.4875 0
    endloop
  endfacet
  facet normal 0 0 -1
    outer loop
      vertex 19.8 -29.8 0
      vertex 1.44526 -26.6769 0
      vertex 1.45899 -26.6763 0
    endloop
  endfacet
  facet normal 0 0 -1
    outer loop
      vertex 19.8 -29.8 0
      vertex 0 -26.74 0
      vertex 1.44526 -26.6769 0
    endloop
  endfacet
  facet normal 0 0 -1
    outer loop
      vertex -19.8 -29.8 0
      vertex 0 -26.74 0
      vertex 19.8 -29.8 0
    endloop
  endfacet
  facet normal -0 0 -1
    outer loop
      vertex 0 -26.74 0
      vertex -19.8 -29.8 0
      vertex -1.44526 -26.6769 0
    endloop
  endfacet
  facet normal -0 0 -1
    outer loop
      vertex -1.44526 -26.6769 0
      vertex -19.8 -29.8 0
      vertex -1.45899 -26.6763 0
    endloop
  endfacet
  facet normal -0 0 -1
    outer loop
      vertex -1.45899 -26.6763 0
      vertex -19.8 -29.8 0
      vertex -2.89325 -26.4875 0
    endloop
  endfacet
  facet normal 0 0 -1
    outer loop
      vertex -19.8 -29.8 0
      vertex -4.31922 -26.1726 0
      vertex -2.90687 -26.4857 0
    endloop
  endfacet
  facet normal 0 0 -1
    outer loop
      vertex -19.8 -29.8 0
      vertex -5.73811 -25.7252 0
      vertex -5.72542 -25.7305 0
    endloop
  endfacet
  facet normal 0 0 -1
    outer loop
      vertex -19.8 -29.8 0
      vertex -11.8268 -21.8462 0
      vertex -10.7603 -22.8236 0
    endloop
  endfacet
  facet normal 0 0 -1
    outer loop
      vertex -19.8 -29.8 0
      vertex -11.8462 -21.8268 0
      vertex -11.837 -21.837 0
    endloop
  endfacet
  facet normal 0 0 -1
    outer loop
      vertex -19.8 -29.8 0
      vertex -14.4899 -18.3816 0
      vertex -13.7126 -19.6017 0
    endloop
  endfacet
  facet normal 0 0 -1
    outer loop
      vertex -19.8 -29.8 0
      vertex -14.5036 -18.3578 0
      vertex -14.4973 -18.37 0
    endloop
  endfacet
  facet normal 0 0 -1
    outer loop
      vertex -19.8 -29.8 0
      vertex -16.1726 -14.3192 0
      vertex -16.1696 -14.3326 0
    endloop
  endfacet
  facet normal 0 0 -1
    outer loop
      vertex -19.8 -29.8 0
      vertex -16.4875 -12.8932 0
      vertex -16.4857 -12.9069 0
    endloop
  endfacet
  facet normal 0 0 -1
    outer loop
      vertex -19.8 -29.8 0
      vertex -16.6769 -11.4453 0
      vertex -16.6763 -11.459 0
    endloop
  endfacet
  facet normal -0 0 -1
    outer loop
      vertex -16.6769 -11.4453 0
      vertex -19.8 -29.8 0
      vertex -16.74 -10 0
    endloop
  endfacet
  facet normal -0 0 -1
    outer loop
      vertex -16.4875 -12.8932 0
      vertex -19.8 -29.8 0
      vertex -16.6763 -11.459 0
    endloop
  endfacet
  facet normal -0 0 -1
    outer loop
      vertex -16.1726 -14.3192 0
      vertex -19.8 -29.8 0
      vertex -16.4857 -12.9069 0
    endloop
  endfacet
  facet normal -0 0 -1
    outer loop
      vertex -16.1655 -14.3457 0
      vertex -19.8 -29.8 0
      vertex -16.1696 -14.3326 0
    endloop
  endfacet
  facet normal -0 0 -1
    outer loop
      vertex -15.7305 -15.7254 0
      vertex -19.8 -29.8 0
      vertex -16.1655 -14.3457 0
    endloop
  endfacet
  facet normal -0 0 -1
    outer loop
      vertex -15.7252 -15.7381 0
      vertex -19.8 -29.8 0
      vertex -15.7305 -15.7254 0
    endloop
  endfacet
  facet normal -0 0 -1
    outer loop
      vertex -15.1716 -17.0746 0
      vertex -19.8 -29.8 0
      vertex -15.7252 -15.7381 0
    endloop
  endfacet
  facet normal -0 0 -1
    outer loop
      vertex -14.5036 -18.3578 0
      vertex -19.8 -29.8 0
      vertex -15.1716 -17.0746 0
    endloop
  endfacet
  facet normal -0 0 -1
    outer loop
      vertex -14.4899 -18.3816 0
      vertex -19.8 -29.8 0
      vertex -14.4973 -18.37 0
    endloop
  endfacet
  facet normal -0 0 -1
    outer loop
      vertex -13.7042 -19.6126 0
      vertex -19.8 -29.8 0
      vertex -13.7126 -19.6017 0
    endloop
  endfacet
  facet normal -0 0 -1
    outer loop
      vertex -12.8236 -20.7603 0
      vertex -19.8 -29.8 0
      vertex -13.7042 -19.6126 0
    endloop
  endfacet
  facet normal -0 0 -1
    outer loop
      vertex -11.8462 -21.8268 0
      vertex -19.8 -29.8 0
      vertex -12.8236 -20.7603 0
    endloop
  endfacet
  facet normal -0 0 -1
    outer loop
      vertex -11.8268 -21.8462 0
      vertex -19.8 -29.8 0
      vertex -11.837 -21.837 0
    endloop
  endfacet
  facet normal -0 0 -1
    outer loop
      vertex -9.61257 -23.7042 0
      vertex -19.8 -29.8 0
      vertex -10.7603 -22.8236 0
    endloop
  endfacet
  facet normal -0 0 -1
    outer loop
      vertex -9.60167 -23.7126 0
      vertex -19.8 -29.8 0
      vertex -9.61257 -23.7042 0
    endloop
  endfacet
  facet normal -0 0 -1
    outer loop
      vertex -8.38159 -24.4899 0
      vertex -19.8 -29.8 0
      vertex -9.60167 -23.7126 0
    endloop
  endfacet
  facet normal -0 0 -1
    outer loop
      vertex -8.37 -24.4973 0
      vertex -19.8 -29.8 0
      vertex -8.38159 -24.4899 0
    endloop
  endfacet
  facet normal -0 0 -1
    outer loop
      vertex -8.35781 -24.5036 0
      vertex -19.8 -29.8 0
      vertex -8.37 -24.4973 0
    endloop
  endfacet
  facet normal -0 0 -1
    outer loop
      vertex -7.07463 -25.1716 0
      vertex -19.8 -29.8 0
      vertex -8.35781 -24.5036 0
    endloop
  endfacet
  facet normal -0 0 -1
    outer loop
      vertex -5.73811 -25.7252 0
      vertex -19.8 -29.8 0
      vertex -7.07463 -25.1716 0
    endloop
  endfacet
  facet normal -0 0 -1
    outer loop
      vertex -4.34573 -26.1655 0
      vertex -19.8 -29.8 0
      vertex -5.72542 -25.7305 0
    endloop
  endfacet
  facet normal -0 0 -1
    outer loop
      vertex -4.33263 -26.1696 0
      vertex -19.8 -29.8 0
      vertex -4.34573 -26.1655 0
    endloop
  endfacet
  facet normal -0 0 -1
    outer loop
      vertex -4.31922 -26.1726 0
      vertex -19.8 -29.8 0
      vertex -4.33263 -26.1696 0
    endloop
  endfacet
  facet normal -0 0 -1
    outer loop
      vertex -2.89325 -26.4875 0
      vertex -19.8 -29.8 0
      vertex -2.90687 -26.4857 0
    endloop
  endfacet
  facet normal 0 0 -1
    outer loop
      vertex 16.6763 -8.54101 0
      vertex 19.8 -29.8 0
      vertex 16.6769 -8.55474 0
    endloop
  endfacet
  facet normal 0 0 -1
    outer loop
      vertex 19.8 -29.8 0
      vertex 16.6763 -8.54101 0
      vertex 19.8 29.8 0
    endloop
  endfacet
  facet normal 0 0 -1
    outer loop
      vertex 16.4875 -7.10675 0
      vertex 19.8 29.8 0
      vertex 16.6763 -8.54101 0
    endloop
  endfacet
  facet normal 0 0 -1
    outer loop
      vertex 16.4857 -7.09313 0
      vertex 19.8 29.8 0
      vertex 16.4875 -7.10675 0
    endloop
  endfacet
  facet normal 0 0 -1
    outer loop
      vertex 16.1726 -5.68078 0
      vertex 19.8 29.8 0
      vertex 16.4857 -7.09313 0
    endloop
  endfacet
  facet normal 0 0 -1
    outer loop
      vertex 16.1696 -5.66737 0
      vertex 19.8 29.8 0
      vertex 16.1726 -5.68078 0
    endloop
  endfacet
  facet normal 0 0 -1
    outer loop
      vertex 16.1655 -5.65427 0
      vertex 19.8 29.8 0
      vertex 16.1696 -5.66737 0
    endloop
  endfacet
  facet normal 0 0 -1
    outer loop
      vertex 15.7305 -4.27458 0
      vertex 19.8 29.8 0
      vertex 16.1655 -5.65427 0
    endloop
  endfacet
  facet normal 0 0 -1
    outer loop
      vertex 15.7252 -4.26189 0
      vertex 19.8 29.8 0
      vertex 15.7305 -4.27458 0
    endloop
  endfacet
  facet normal 0 0 -1
    outer loop
      vertex 15.1716 -2.92537 0
      vertex 19.8 29.8 0
      vertex 15.7252 -4.26189 0
    endloop
  endfacet
  facet normal 0 0 -1
    outer loop
      vertex 14.5036 -1.64219 0
      vertex 19.8 29.8 0
      vertex 15.1716 -2.92537 0
    endloop
  endfacet
  facet normal 0 0 -1
    outer loop
      vertex 14.4973 -1.63 0
      vertex 19.8 29.8 0
      vertex 14.5036 -1.64219 0
    endloop
  endfacet
  facet normal 0 0 -1
    outer loop
      vertex 14.4899 -1.61841 0
      vertex 19.8 29.8 0
      vertex 14.4973 -1.63 0
    endloop
  endfacet
  facet normal 0 0 -1
    outer loop
      vertex 13.7126 -0.39833 0
      vertex 19.8 29.8 0
      vertex 14.4899 -1.61841 0
    endloop
  endfacet
  facet normal 0 0 -1
    outer loop
      vertex 13.7042 -0.38743 0
      vertex 19.8 29.8 0
      vertex 13.7126 -0.39833 0
    endloop
  endfacet
  facet normal 0 0 -1
    outer loop
      vertex 12.8236 0.760265 0
      vertex 19.8 29.8 0
      vertex 13.7042 -0.38743 0
    endloop
  endfacet
  facet normal 0 0 -1
    outer loop
      vertex 11.8462 1.82684 0
      vertex 19.8 29.8 0
      vertex 12.8236 0.760265 0
    endloop
  endfacet
  facet normal 0 0 -1
    outer loop
      vertex 11.837 1.83697 0
      vertex 19.8 29.8 0
      vertex 11.8462 1.82684 0
    endloop
  endfacet
  facet normal 0 0 -1
    outer loop
      vertex 11.8268 1.84625 0
      vertex 19.8 29.8 0
      vertex 11.837 1.83697 0
    endloop
  endfacet
  facet normal 0 0 -1
    outer loop
      vertex 10.7603 2.82358 0
      vertex 19.8 29.8 0
      vertex 11.8268 1.84625 0
    endloop
  endfacet
  facet normal 0 0 -1
    outer loop
      vertex 6.17641 19.2596 0
      vertex 10.7603 2.82358 0
      vertex 9.61257 3.70424 0
    endloop
  endfacet
  facet normal 0 0 -1
    outer loop
      vertex 6.17641 19.2596 0
      vertex 9.61257 3.70424 0
      vertex 9.60167 3.71261 0
    endloop
  endfacet
  facet normal 0 0 -1
    outer loop
      vertex 6.17641 19.2596 0
      vertex 9.60167 3.71261 0
      vertex 8.38159 4.48988 0
    endloop
  endfacet
  facet normal 0 0 -1
    outer loop
      vertex 6.17641 19.2596 0
      vertex 8.38159 4.48988 0
      vertex 8.37 4.49727 0
    endloop
  endfacet
  facet normal 0 0 -1
    outer loop
      vertex 6.17641 19.2596 0
      vertex 8.37 4.49727 0
      vertex 8.35781 4.50361 0
    endloop
  endfacet
  facet normal 0 0 -1
    outer loop
      vertex 5.07874 16.2438 0
      vertex 8.35781 4.50361 0
      vertex 7.07463 5.17159 0
    endloop
  endfacet
  facet normal 0 0 -1
    outer loop
      vertex 6.17641 19.2596 0
      vertex 19.8 29.8 0
      vertex 10.7603 2.82358 0
    endloop
  endfacet
  facet normal 0 0 -1
    outer loop
      vertex 6.17641 20.3404 0
      vertex 19.8 29.8 0
      vertex 6.2 19.8 0
    endloop
  endfacet
  facet normal 0 0 -1
    outer loop
      vertex 6.10581 20.8766 0
      vertex 19.8 29.8 0
      vertex 6.17641 20.3404 0
    endloop
  endfacet
  facet normal 0 0 -1
    outer loop
      vertex 5.98874 21.4047 0
      vertex 19.8 29.8 0
      vertex 6.10581 20.8766 0
    endloop
  endfacet
  facet normal 0 0 -1
    outer loop
      vertex 5.82609 21.9205 0
      vertex 19.8 29.8 0
      vertex 5.98874 21.4047 0
    endloop
  endfacet
  facet normal 0 0 -1
    outer loop
      vertex 5.61911 22.4202 0
      vertex 19.8 29.8 0
      vertex 5.82609 21.9205 0
    endloop
  endfacet
  facet normal 0 0 -1
    outer loop
      vertex 5.36936 22.9 0
      vertex 19.8 29.8 0
      vertex 5.61911 22.4202 0
    endloop
  endfacet
  facet normal 0 0 -1
    outer loop
      vertex 5.07874 23.3562 0
      vertex 19.8 29.8 0
      vertex 5.36936 22.9 0
    endloop
  endfacet
  facet normal 0 0 -1
    outer loop
      vertex 4.74948 23.7853 0
      vertex 19.8 29.8 0
      vertex 5.07874 23.3562 0
    endloop
  endfacet
  facet normal 0 0 -1
    outer loop
      vertex 4.38406 24.1841 0
      vertex 19.8 29.8 0
      vertex 4.74948 23.7853 0
    endloop
  endfacet
  facet normal 0 0 -1
    outer loop
      vertex 3.98528 24.5495 0
      vertex 19.8 29.8 0
      vertex 4.38406 24.1841 0
    endloop
  endfacet
  facet normal 0 0 -1
    outer loop
      vertex 3.55617 24.8787 0
      vertex 19.8 29.8 0
      vertex 3.98528 24.5495 0
    endloop
  endfacet
  facet normal 0 0 -1
    outer loop
      vertex 3.1 25.1694 0
      vertex 19.8 29.8 0
      vertex 3.55617 24.8787 0
    endloop
  endfacet
  facet normal 0 0 -1
    outer loop
      vertex 2.62023 25.4191 0
      vertex 19.8 29.8 0
      vertex 3.1 25.1694 0
    endloop
  endfacet
  facet normal 0 0 -1
    outer loop
      vertex 2.12052 25.6261 0
      vertex 19.8 29.8 0
      vertex 2.62023 25.4191 0
    endloop
  endfacet
  facet normal 0 0 -1
    outer loop
      vertex 1.60468 25.7887 0
      vertex 19.8 29.8 0
      vertex 2.12052 25.6261 0
    endloop
  endfacet
  facet normal 0 0 -1
    outer loop
      vertex 1.07662 25.9058 0
      vertex 19.8 29.8 0
      vertex 1.60468 25.7887 0
    endloop
  endfacet
  facet normal 0 0 -1
    outer loop
      vertex 0.540365 25.9764 0
      vertex 19.8 29.8 0
      vertex 1.07662 25.9058 0
    endloop
  endfacet
  facet normal 0 0 -1
    outer loop
      vertex 0 26 0
      vertex 19.8 29.8 0
      vertex 0.540365 25.9764 0
    endloop
  endfacet
  facet normal 0 0 -1
    outer loop
      vertex -19.8 29.8 0
      vertex 0 26 0
      vertex -0.540365 25.9764 0
    endloop
  endfacet
  facet normal 0 0 -1
    outer loop
      vertex -19.8 29.8 0
      vertex -0.540365 25.9764 0
      vertex -1.07662 25.9058 0
    endloop
  endfacet
  facet normal 0 0 -1
    outer loop
      vertex -9.61257 3.70424 0
      vertex -5.82609 17.6795 0
      vertex -9.60167 3.71261 0
    endloop
  endfacet
  facet normal 0 0 -1
    outer loop
      vertex -10.7603 2.82358 0
      vertex -5.82609 17.6795 0
      vertex -9.61257 3.70424 0
    endloop
  endfacet
  facet normal -0 0 -1
    outer loop
      vertex -5.82609 17.6795 0
      vertex -10.7603 2.82358 0
      vertex -5.98874 18.1953 0
    endloop
  endfacet
  facet normal 0 0 -1
    outer loop
      vertex -19.8 29.8 0
      vertex -5.98874 18.1953 0
      vertex -10.7603 2.82358 0
    endloop
  endfacet
  facet normal 0 0 -1
    outer loop
      vertex -5.98874 18.1953 0
      vertex -19.8 29.8 0
      vertex -6.10581 18.7234 0
    endloop
  endfacet
  facet normal 0 0 -1
    outer loop
      vertex -6.10581 18.7234 0
      vertex -19.8 29.8 0
      vertex -6.17641 19.2596 0
    endloop
  endfacet
  facet normal 0 0 -1
    outer loop
      vertex -6.17641 19.2596 0
      vertex -19.8 29.8 0
      vertex -6.2 19.8 0
    endloop
  endfacet
  facet normal 0 0 -1
    outer loop
      vertex -6.2 19.8 0
      vertex -19.8 29.8 0
      vertex -6.17641 20.3404 0
    endloop
  endfacet
  facet normal 0 0 -1
    outer loop
      vertex -6.17641 20.3404 0
      vertex -19.8 29.8 0
      vertex -6.10581 20.8766 0
    endloop
  endfacet
  facet normal 0 0 -1
    outer loop
      vertex -19.8 29.8 0
      vertex -10.7603 2.82358 0
      vertex -11.8268 1.84625 0
    endloop
  endfacet
  facet normal 0 0 -1
    outer loop
      vertex -19.8 29.8 0
      vertex -11.8268 1.84625 0
      vertex -11.837 1.83697 0
    endloop
  endfacet
  facet normal 0 0 -1
    outer loop
      vertex -19.8 29.8 0
      vertex -11.837 1.83697 0
      vertex -11.8462 1.82684 0
    endloop
  endfacet
  facet normal 0 0 -1
    outer loop
      vertex -19.8 29.8 0
      vertex -11.8462 1.82684 0
      vertex -12.8236 0.760265 0
    endloop
  endfacet
  facet normal 0 0 -1
    outer loop
      vertex -6.10581 20.8766 0
      vertex -19.8 29.8 0
      vertex -5.98874 21.4047 0
    endloop
  endfacet
  facet normal 0 0 -1
    outer loop
      vertex -19.8 29.8 0
      vertex -12.8236 0.760265 0
      vertex -13.7042 -0.38743 0
    endloop
  endfacet
  facet normal 0 0 -1
    outer loop
      vertex -19.8 29.8 0
      vertex -13.7042 -0.38743 0
      vertex -13.7126 -0.39833 0
    endloop
  endfacet
  facet normal 0 0 -1
    outer loop
      vertex -19.8 29.8 0
      vertex -13.7126 -0.39833 0
      vertex -14.4899 -1.61841 0
    endloop
  endfacet
  facet normal 0 0 -1
    outer loop
      vertex -19.8 29.8 0
      vertex -14.4899 -1.61841 0
      vertex -14.4973 -1.63 0
    endloop
  endfacet
  facet normal 0 0 -1
    outer loop
      vertex -19.8 29.8 0
      vertex -14.4973 -1.63 0
      vertex -14.5036 -1.64219 0
    endloop
  endfacet
  facet normal 0 0 -1
    outer loop
      vertex -19.8 29.8 0
      vertex -14.5036 -1.64219 0
      vertex -15.1716 -2.92537 0
    endloop
  endfacet
  facet normal 0 0 -1
    outer loop
      vertex -19.8 29.8 0
      vertex -15.1716 -2.92537 0
      vertex -15.7252 -4.26189 0
    endloop
  endfacet
  facet normal 0 0 -1
    outer loop
      vertex -19.8 29.8 0
      vertex -15.7252 -4.26189 0
      vertex -15.7305 -4.27458 0
    endloop
  endfacet
  facet normal 0 0 -1
    outer loop
      vertex -19.8 29.8 0
      vertex -16.1726 -5.68078 0
      vertex -16.4857 -7.09313 0
    endloop
  endfacet
  facet normal 0 0 1
    outer loop
      vertex -16.6763 -8.54101 0
      vertex -16.4857 -7.09313 0
      vertex -16.4875 -7.10675 0
    endloop
  endfacet
  facet normal 0 0 1
    outer loop
      vertex -16.74 -10 0
      vertex -16.6763 -8.54101 0
      vertex -16.6769 -8.55474 0
    endloop
  endfacet
  facet normal 0 0 -1
    outer loop
      vertex -19.8 -29.8 0
      vertex -16.6763 -8.54101 0
      vertex -16.74 -10 0
    endloop
  endfacet
  facet normal 0 0 -1
    outer loop
      vertex -19.8 29.8 0
      vertex -16.6763 -8.54101 0
      vertex -19.8 -29.8 0
    endloop
  endfacet
  facet normal 0 0 -1
    outer loop
      vertex 0 26 0
      vertex -19.8 29.8 0
      vertex 19.8 29.8 0
    endloop
  endfacet
  facet normal 0 0 -1
    outer loop
      vertex -1.60468 25.7887 0
      vertex -19.8 29.8 0
      vertex -1.07662 25.9058 0
    endloop
  endfacet
  facet normal 0 0 -1
    outer loop
      vertex -2.12052 25.6261 0
      vertex -19.8 29.8 0
      vertex -1.60468 25.7887 0
    endloop
  endfacet
  facet normal 0 0 -1
    outer loop
      vertex -2.62023 25.4191 0
      vertex -19.8 29.8 0
      vertex -2.12052 25.6261 0
    endloop
  endfacet
  facet normal 0 0 -1
    outer loop
      vertex -3.1 25.1694 0
      vertex -19.8 29.8 0
      vertex -2.62023 25.4191 0
    endloop
  endfacet
  facet normal 0 0 -1
    outer loop
      vertex -3.55617 24.8787 0
      vertex -19.8 29.8 0
      vertex -3.1 25.1694 0
    endloop
  endfacet
  facet normal 0 0 -1
    outer loop
      vertex -3.98528 24.5495 0
      vertex -19.8 29.8 0
      vertex -3.55617 24.8787 0
    endloop
  endfacet
  facet normal 0 0 -1
    outer loop
      vertex -4.38406 24.1841 0
      vertex -19.8 29.8 0
      vertex -3.98528 24.5495 0
    endloop
  endfacet
  facet normal 0 0 -1
    outer loop
      vertex -4.74948 23.7853 0
      vertex -19.8 29.8 0
      vertex -4.38406 24.1841 0
    endloop
  endfacet
  facet normal 0 0 -1
    outer loop
      vertex -5.07874 23.3562 0
      vertex -19.8 29.8 0
      vertex -4.74948 23.7853 0
    endloop
  endfacet
  facet normal 0 0 -1
    outer loop
      vertex -5.36936 22.9 0
      vertex -19.8 29.8 0
      vertex -5.07874 23.3562 0
    endloop
  endfacet
  facet normal 0 0 -1
    outer loop
      vertex -5.61911 22.4202 0
      vertex -19.8 29.8 0
      vertex -5.36936 22.9 0
    endloop
  endfacet
  facet normal 0 0 -1
    outer loop
      vertex -5.82609 21.9205 0
      vertex -19.8 29.8 0
      vertex -5.61911 22.4202 0
    endloop
  endfacet
  facet normal 0 0 -1
    outer loop
      vertex -5.98874 21.4047 0
      vertex -19.8 29.8 0
      vertex -5.82609 21.9205 0
    endloop
  endfacet
  facet normal 0 0 -1
    outer loop
      vertex -16.1655 -5.65427 0
      vertex -19.8 29.8 0
      vertex -15.7305 -4.27458 0
    endloop
  endfacet
  facet normal 0 0 -1
    outer loop
      vertex -16.1696 -5.66737 0
      vertex -19.8 29.8 0
      vertex -16.1655 -5.65427 0
    endloop
  endfacet
  facet normal 0 0 -1
    outer loop
      vertex -16.1726 -5.68078 0
      vertex -19.8 29.8 0
      vertex -16.1696 -5.66737 0
    endloop
  endfacet
  facet normal 0 0 -1
    outer loop
      vertex -16.6763 -8.54101 0
      vertex -19.8 29.8 0
      vertex -16.4857 -7.09313 0
    endloop
  endfacet
  facet normal -1 0 0
    outer loop
      vertex -19.8 -29.8 0
      vertex -19.8 29.8 19.3
      vertex -19.8 29.8 0
    endloop
  endfacet
  facet normal -1 -0 0
    outer loop
      vertex -19.8 29.8 19.3
      vertex -19.8 -29.8 0
      vertex -19.8 -29.8 19.3
    endloop
  endfacet
  facet normal 0 1 -0
    outer loop
      vertex 19.8 29.8 0
      vertex -19.8 29.8 19.3
      vertex 19.8 29.8 19.3
    endloop
  endfacet
  facet normal 0 1 0
    outer loop
      vertex -19.8 29.8 19.3
      vertex 19.8 29.8 0
      vertex -19.8 29.8 0
    endloop
  endfacet
  facet normal 1 -0 0
    outer loop
      vertex 19.8 -29.8 19.3
      vertex 19.8 29.8 0
      vertex 19.8 29.8 19.3
    endloop
  endfacet
  facet normal 1 0 0
    outer loop
      vertex 19.8 29.8 0
      vertex 19.8 -29.8 19.3
      vertex 19.8 -29.8 0
    endloop
  endfacet
  facet normal -1 0 0
    outer loop
      vertex 16.8 9.8 3.3
      vertex 16.8 27.8 19.3
      vertex 16.8 27.8 3.3
    endloop
  endfacet
  facet normal -1 -0 0
    outer loop
      vertex 16.8 27.8 19.3
      vertex 16.8 9.8 3.3
      vertex 16.8 9.8 19.3
    endloop
  endfacet
  facet normal 0 0 1
    outer loop
      vertex 7.07298 19.1812 3.3
      vertex 16.8 27.8 3.3
      vertex 7.1 19.8 3.3
    endloop
  endfacet
  facet normal 0 0 1
    outer loop
      vertex 16.8 27.8 3.3
      vertex 7.07298 20.4188 3.3
      vertex 7.1 19.8 3.3
    endloop
  endfacet
  facet normal 0 0 1
    outer loop
      vertex 16.8 27.8 3.3
      vertex 6.99213 21.0329 3.3
      vertex 7.07298 20.4188 3.3
    endloop
  endfacet
  facet normal 0 0 1
    outer loop
      vertex 16.8 27.8 3.3
      vertex 6.85807 21.6376 3.3
      vertex 6.99213 21.0329 3.3
    endloop
  endfacet
  facet normal 0 0 1
    outer loop
      vertex 16.8 27.8 3.3
      vertex 6.67182 22.2283 3.3
      vertex 6.85807 21.6376 3.3
    endloop
  endfacet
  facet normal 0 0 1
    outer loop
      vertex 16.8 27.8 3.3
      vertex 6.43478 22.8006 3.3
      vertex 6.67182 22.2283 3.3
    endloop
  endfacet
  facet normal 0 0 1
    outer loop
      vertex 16.8 27.8 3.3
      vertex 6.14878 23.35 3.3
      vertex 6.43478 22.8006 3.3
    endloop
  endfacet
  facet normal 0 0 1
    outer loop
      vertex 16.8 27.8 3.3
      vertex 5.81598 23.8724 3.3
      vertex 6.14878 23.35 3.3
    endloop
  endfacet
  facet normal 0 0 1
    outer loop
      vertex 16.8 27.8 3.3
      vertex 5.43892 24.3638 3.3
      vertex 5.81598 23.8724 3.3
    endloop
  endfacet
  facet normal 0 0 1
    outer loop
      vertex 16.8 27.8 3.3
      vertex 5.02046 24.8205 3.3
      vertex 5.43892 24.3638 3.3
    endloop
  endfacet
  facet normal 0 0 1
    outer loop
      vertex 16.8 27.8 3.3
      vertex 4.56379 25.2389 3.3
      vertex 5.02046 24.8205 3.3
    endloop
  endfacet
  facet normal 0 0 1
    outer loop
      vertex 16.8 27.8 3.3
      vertex 4.07239 25.616 3.3
      vertex 4.56379 25.2389 3.3
    endloop
  endfacet
  facet normal 0 0 1
    outer loop
      vertex 16.8 27.8 3.3
      vertex 3.55 25.9488 3.3
      vertex 4.07239 25.616 3.3
    endloop
  endfacet
  facet normal 0 0 1
    outer loop
      vertex 16.8 27.8 3.3
      vertex 3.00059 26.2348 3.3
      vertex 3.55 25.9488 3.3
    endloop
  endfacet
  facet normal 0 0 1
    outer loop
      vertex 16.8 27.8 3.3
      vertex 2.42834 26.4718 3.3
      vertex 3.00059 26.2348 3.3
    endloop
  endfacet
  facet normal 0 0 1
    outer loop
      vertex 16.8 27.8 3.3
      vertex 1.83762 26.6581 3.3
      vertex 2.42834 26.4718 3.3
    endloop
  endfacet
  facet normal 0 0 1
    outer loop
      vertex 16.8 27.8 3.3
      vertex 1.2329 26.7921 3.3
      vertex 1.83762 26.6581 3.3
    endloop
  endfacet
  facet normal 0 0 1
    outer loop
      vertex 16.8 27.8 3.3
      vertex 0.618805 26.873 3.3
      vertex 1.2329 26.7921 3.3
    endloop
  endfacet
  facet normal 0 0 1
    outer loop
      vertex 16.8 27.8 3.3
      vertex 0 26.9 3.3
      vertex 0.618805 26.873 3.3
    endloop
  endfacet
  facet normal -0 0 1
    outer loop
      vertex -16.8 27.8 3.3
      vertex 0 26.9 3.3
      vertex 16.8 27.8 3.3
    endloop
  endfacet
  facet normal 0 0 1
    outer loop
      vertex -7.07298 20.4188 3.3
      vertex -16.8 27.8 3.3
      vertex -7.1 19.8 3.3
    endloop
  endfacet
  facet normal 0 0 1
    outer loop
      vertex -6.99213 21.0329 3.3
      vertex -16.8 27.8 3.3
      vertex -7.07298 20.4188 3.3
    endloop
  endfacet
  facet normal 0 0 1
    outer loop
      vertex -6.85807 21.6376 3.3
      vertex -16.8 27.8 3.3
      vertex -6.99213 21.0329 3.3
    endloop
  endfacet
  facet normal 0 0 1
    outer loop
      vertex -6.67182 22.2283 3.3
      vertex -16.8 27.8 3.3
      vertex -6.85807 21.6376 3.3
    endloop
  endfacet
  facet normal 0 0 1
    outer loop
      vertex -6.43478 22.8006 3.3
      vertex -16.8 27.8 3.3
      vertex -6.67182 22.2283 3.3
    endloop
  endfacet
  facet normal 0 0 1
    outer loop
      vertex -6.14878 23.35 3.3
      vertex -16.8 27.8 3.3
      vertex -6.43478 22.8006 3.3
    endloop
  endfacet
  facet normal 0 0 1
    outer loop
      vertex -5.81598 23.8724 3.3
      vertex -16.8 27.8 3.3
      vertex -6.14878 23.35 3.3
    endloop
  endfacet
  facet normal 0 0 1
    outer loop
      vertex -5.43892 24.3638 3.3
      vertex -16.8 27.8 3.3
      vertex -5.81598 23.8724 3.3
    endloop
  endfacet
  facet normal 0 0 1
    outer loop
      vertex -5.02046 24.8205 3.3
      vertex -16.8 27.8 3.3
      vertex -5.43892 24.3638 3.3
    endloop
  endfacet
  facet normal 0 0 1
    outer loop
      vertex -4.56379 25.2389 3.3
      vertex -16.8 27.8 3.3
      vertex -5.02046 24.8205 3.3
    endloop
  endfacet
  facet normal 0 0 1
    outer loop
      vertex -4.07239 25.616 3.3
      vertex -16.8 27.8 3.3
      vertex -4.56379 25.2389 3.3
    endloop
  endfacet
  facet normal 0 0 1
    outer loop
      vertex -3.55 25.9488 3.3
      vertex -16.8 27.8 3.3
      vertex -4.07239 25.616 3.3
    endloop
  endfacet
  facet normal 0 0 1
    outer loop
      vertex -3.00059 26.2348 3.3
      vertex -16.8 27.8 3.3
      vertex -3.55 25.9488 3.3
    endloop
  endfacet
  facet normal 0 0 1
    outer loop
      vertex -2.42834 26.4718 3.3
      vertex -16.8 27.8 3.3
      vertex -3.00059 26.2348 3.3
    endloop
  endfacet
  facet normal 0 0 1
    outer loop
      vertex -1.83762 26.6581 3.3
      vertex -16.8 27.8 3.3
      vertex -2.42834 26.4718 3.3
    endloop
  endfacet
  facet normal 0 0 1
    outer loop
      vertex -1.2329 26.7921 3.3
      vertex -16.8 27.8 3.3
      vertex -1.83762 26.6581 3.3
    endloop
  endfacet
  facet normal 0 0 1
    outer loop
      vertex -0.618805 26.873 3.3
      vertex -16.8 27.8 3.3
      vertex -1.2329 26.7921 3.3
    endloop
  endfacet
  facet normal 0 0 1
    outer loop
      vertex 0 26.9 3.3
      vertex -16.8 27.8 3.3
      vertex -0.618805 26.873 3.3
    endloop
  endfacet
  facet normal 0 0 1
    outer loop
      vertex 16.8 27.8 3.3
      vertex 7.07298 19.1812 3.3
      vertex 16.8 9.8 3.3
    endloop
  endfacet
  facet normal -0 0 1
    outer loop
      vertex 6.99213 18.5671 3.3
      vertex 16.8 9.8 3.3
      vertex 7.07298 19.1812 3.3
    endloop
  endfacet
  facet normal -0 0 1
    outer loop
      vertex 6.85807 17.9624 3.3
      vertex 16.8 9.8 3.3
      vertex 6.99213 18.5671 3.3
    endloop
  endfacet
  facet normal -0 0 1
    outer loop
      vertex 6.67182 17.3717 3.3
      vertex 16.8 9.8 3.3
      vertex 6.85807 17.9624 3.3
    endloop
  endfacet
  facet normal -0 0 1
    outer loop
      vertex 6.43478 16.7994 3.3
      vertex 16.8 9.8 3.3
      vertex 6.67182 17.3717 3.3
    endloop
  endfacet
  facet normal -0 0 1
    outer loop
      vertex 6.14878 16.25 3.3
      vertex 16.8 9.8 3.3
      vertex 6.43478 16.7994 3.3
    endloop
  endfacet
  facet normal -0 0 1
    outer loop
      vertex 5.81598 15.7276 3.3
      vertex 16.8 9.8 3.3
      vertex 6.14878 16.25 3.3
    endloop
  endfacet
  facet normal -0 0 1
    outer loop
      vertex 5.43892 15.2362 3.3
      vertex 16.8 9.8 3.3
      vertex 5.81598 15.7276 3.3
    endloop
  endfacet
  facet normal -0 0 1
    outer loop
      vertex 5.02046 14.7795 3.3
      vertex 16.8 9.8 3.3
      vertex 5.43892 15.2362 3.3
    endloop
  endfacet
  facet normal -0 0 1
    outer loop
      vertex 4.56379 14.3611 3.3
      vertex 16.8 9.8 3.3
      vertex 5.02046 14.7795 3.3
    endloop
  endfacet
  facet normal -0 0 1
    outer loop
      vertex 4.07239 13.984 3.3
      vertex 16.8 9.8 3.3
      vertex 4.56379 14.3611 3.3
    endloop
  endfacet
  facet normal -0 0 1
    outer loop
      vertex 3.55 13.6512 3.3
      vertex 16.8 9.8 3.3
      vertex 4.07239 13.984 3.3
    endloop
  endfacet
  facet normal -0 0 1
    outer loop
      vertex 3.00059 13.3652 3.3
      vertex 16.8 9.8 3.3
      vertex 3.55 13.6512 3.3
    endloop
  endfacet
  facet normal -0 0 1
    outer loop
      vertex 2.42834 13.1282 3.3
      vertex 16.8 9.8 3.3
      vertex 3.00059 13.3652 3.3
    endloop
  endfacet
  facet normal -0 0 1
    outer loop
      vertex 1.83762 12.9419 3.3
      vertex 16.8 9.8 3.3
      vertex 2.42834 13.1282 3.3
    endloop
  endfacet
  facet normal -0 0 1
    outer loop
      vertex 1.2329 12.8079 3.3
      vertex 16.8 9.8 3.3
      vertex 1.83762 12.9419 3.3
    endloop
  endfacet
  facet normal -0 0 1
    outer loop
      vertex 0.618805 12.727 3.3
      vertex 16.8 9.8 3.3
      vertex 1.2329 12.8079 3.3
    endloop
  endfacet
  facet normal -0 0 1
    outer loop
      vertex 0 12.7 3.3
      vertex 16.8 9.8 3.3
      vertex 0.618805 12.727 3.3
    endloop
  endfacet
  facet normal 0 0 1
    outer loop
      vertex -16.8 9.8 3.3
      vertex 0 12.7 3.3
      vertex -0.618805 12.727 3.3
    endloop
  endfacet
  facet normal 0 0 1
    outer loop
      vertex -16.8 9.8 3.3
      vertex -0.618805 12.727 3.3
      vertex -1.2329 12.8079 3.3
    endloop
  endfacet
  facet normal 0 0 1
    outer loop
      vertex -16.8 27.8 3.3
      vertex -7.07298 19.1812 3.3
      vertex -7.1 19.8 3.3
    endloop
  endfacet
  facet normal 0 0 1
    outer loop
      vertex -16.8 9.8 3.3
      vertex -7.07298 19.1812 3.3
      vertex -16.8 27.8 3.3
    endloop
  endfacet
  facet normal 0 0 1
    outer loop
      vertex -7.07298 19.1812 3.3
      vertex -16.8 9.8 3.3
      vertex -6.99213 18.5671 3.3
    endloop
  endfacet
  facet normal 0 0 1
    outer loop
      vertex -6.99213 18.5671 3.3
      vertex -16.8 9.8 3.3
      vertex -6.85807 17.9624 3.3
    endloop
  endfacet
  facet normal 0 0 1
    outer loop
      vertex -6.85807 17.9624 3.3
      vertex -16.8 9.8 3.3
      vertex -6.67182 17.3717 3.3
    endloop
  endfacet
  facet normal 0 0 1
    outer loop
      vertex -6.67182 17.3717 3.3
      vertex -16.8 9.8 3.3
      vertex -6.43478 16.7994 3.3
    endloop
  endfacet
  facet normal 0 0 1
    outer loop
      vertex -6.43478 16.7994 3.3
      vertex -16.8 9.8 3.3
      vertex -6.14878 16.25 3.3
    endloop
  endfacet
  facet normal 0 0 1
    outer loop
      vertex -6.14878 16.25 3.3
      vertex -16.8 9.8 3.3
      vertex -5.81598 15.7276 3.3
    endloop
  endfacet
  facet normal 0 0 1
    outer loop
      vertex 0 12.7 3.3
      vertex -16.8 9.8 3.3
      vertex 16.8 9.8 3.3
    endloop
  endfacet
  facet normal 0 0 1
    outer loop
      vertex -1.83762 12.9419 3.3
      vertex -16.8 9.8 3.3
      vertex -1.2329 12.8079 3.3
    endloop
  endfacet
  facet normal 0 0 1
    outer loop
      vertex -2.42834 13.1282 3.3
      vertex -16.8 9.8 3.3
      vertex -1.83762 12.9419 3.3
    endloop
  endfacet
  facet normal 0 0 1
    outer loop
      vertex -3.00059 13.3652 3.3
      vertex -16.8 9.8 3.3
      vertex -2.42834 13.1282 3.3
    endloop
  endfacet
  facet normal 0 0 1
    outer loop
      vertex -3.55 13.6512 3.3
      vertex -16.8 9.8 3.3
      vertex -3.00059 13.3652 3.3
    endloop
  endfacet
  facet normal 0 0 1
    outer loop
      vertex -4.07239 13.984 3.3
      vertex -16.8 9.8 3.3
      vertex -3.55 13.6512 3.3
    endloop
  endfacet
  facet normal 0 0 1
    outer loop
      vertex -4.56379 14.3611 3.3
      vertex -16.8 9.8 3.3
      vertex -4.07239 13.984 3.3
    endloop
  endfacet
  facet normal 0 0 1
    outer loop
      vertex -5.02046 14.7795 3.3
      vertex -16.8 9.8 3.3
      vertex -4.56379 14.3611 3.3
    endloop
  endfacet
  facet normal 0 0 1
    outer loop
      vertex -5.43892 15.2362 3.3
      vertex -16.8 9.8 3.3
      vertex -5.02046 14.7795 3.3
    endloop
  endfacet
  facet normal 0 0 1
    outer loop
      vertex -5.81598 15.7276 3.3
      vertex -16.8 9.8 3.3
      vertex -5.43892 15.2362 3.3
    endloop
  endfacet
  facet normal 0 -1 0
    outer loop
      vertex -19.8 -29.8 0
      vertex 19.8 -29.8 19.3
      vertex -19.8 -29.8 19.3
    endloop
  endfacet
  facet normal 0 -1 -0
    outer loop
      vertex 19.8 -29.8 19.3
      vertex -19.8 -29.8 0
      vertex 19.8 -29.8 0
    endloop
  endfacet
  facet normal 0 1 -0
    outer loop
      vertex 16.8 9.8 3.3
      vertex -16.8 9.8 19.3
      vertex 16.8 9.8 19.3
    endloop
  endfacet
  facet normal 0 1 0
    outer loop
      vertex -16.8 9.8 19.3
      vertex 16.8 9.8 3.3
      vertex -16.8 9.8 3.3
    endloop
  endfacet
  facet normal 0 -1 0
    outer loop
      vertex -16.8 27.8 3.3
      vertex 16.8 27.8 19.3
      vertex -16.8 27.8 19.3
    endloop
  endfacet
  facet normal 0 -1 -0
    outer loop
      vertex 16.8 27.8 19.3
      vertex -16.8 27.8 3.3
      vertex 16.8 27.8 3.3
    endloop
  endfacet
  facet normal -1 0 0
    outer loop
      vertex 18.4 -28.4 3.3
      vertex 18.4 8.4 19.3
      vertex 18.4 8.4 3.3
    endloop
  endfacet
  facet normal -1 -0 0
    outer loop
      vertex 18.4 8.4 19.3
      vertex 18.4 -28.4 3.3
      vertex 18.4 -28.4 19.3
    endloop
  endfacet
  facet normal 0 0 1
    outer loop
      vertex 18.4 8.4 3.3
      vertex 18.2 -10 3.3
      vertex 18.4 -28.4 3.3
    endloop
  endfacet
  facet normal 0 0 1
    outer loop
      vertex 18.4 8.4 3.3
      vertex 18.1307 -8.41376 3.3
      vertex 18.2 -10 3.3
    endloop
  endfacet
  facet normal 0 0 1
    outer loop
      vertex 18.4 8.4 3.3
      vertex 17.9235 -6.8396 3.3
      vertex 18.1307 -8.41376 3.3
    endloop
  endfacet
  facet normal 0 0 1
    outer loop
      vertex 18.4 8.4 3.3
      vertex 17.5798 -5.28949 3.3
      vertex 17.9235 -6.8396 3.3
    endloop
  endfacet
  facet normal 0 0 1
    outer loop
      vertex 18.4 8.4 3.3
      vertex 17.1024 -3.77523 3.3
      vertex 17.5798 -5.28949 3.3
    endloop
  endfacet
  facet normal 0 0 1
    outer loop
      vertex 18.4 8.4 3.3
      vertex 16.4948 -2.30835 3.3
      vertex 17.1024 -3.77523 3.3
    endloop
  endfacet
  facet normal 0 0 1
    outer loop
      vertex 18.4 8.4 3.3
      vertex 15.7617 -0.9 3.3
      vertex 16.4948 -2.30835 3.3
    endloop
  endfacet
  facet normal 0 0 1
    outer loop
      vertex 18.4 8.4 3.3
      vertex 14.9086 0.439091 3.3
      vertex 15.7617 -0.9 3.3
    endloop
  endfacet
  facet normal 0 0 1
    outer loop
      vertex 18.4 8.4 3.3
      vertex 13.942 1.69873 3.3
      vertex 14.9086 0.439091 3.3
    endloop
  endfacet
  facet normal 0 0 1
    outer loop
      vertex 18.4 8.4 3.3
      vertex 12.8693 2.86934 3.3
      vertex 13.942 1.69873 3.3
    endloop
  endfacet
  facet normal 0 0 1
    outer loop
      vertex 18.4 8.4 3.3
      vertex 11.6987 3.94201 3.3
      vertex 12.8693 2.86934 3.3
    endloop
  endfacet
  facet normal 0 0 1
    outer loop
      vertex 18.4 8.4 3.3
      vertex 10.4391 4.90857 3.3
      vertex 11.6987 3.94201 3.3
    endloop
  endfacet
  facet normal 0 0 1
    outer loop
      vertex 18.4 8.4 3.3
      vertex 9.1 5.76166 3.3
      vertex 10.4391 4.90857 3.3
    endloop
  endfacet
  facet normal 0 0 1
    outer loop
      vertex 18.4 8.4 3.3
      vertex 7.69165 6.4948 3.3
      vertex 9.1 5.76166 3.3
    endloop
  endfacet
  facet normal 0 0 1
    outer loop
      vertex 18.4 8.4 3.3
      vertex 6.22477 7.10241 3.3
      vertex 7.69165 6.4948 3.3
    endloop
  endfacet
  facet normal 0 0 1
    outer loop
      vertex 18.4 8.4 3.3
      vertex 4.71051 7.57985 3.3
      vertex 6.22477 7.10241 3.3
    endloop
  endfacet
  facet normal 0 0 1
    outer loop
      vertex 18.4 8.4 3.3
      vertex 3.1604 7.9235 3.3
      vertex 4.71051 7.57985 3.3
    endloop
  endfacet
  facet normal 0 0 1
    outer loop
      vertex 18.4 8.4 3.3
      vertex 1.58623 8.13074 3.3
      vertex 3.1604 7.9235 3.3
    endloop
  endfacet
  facet normal 0 0 1
    outer loop
      vertex 18.4 8.4 3.3
      vertex 0 8.2 3.3
      vertex 1.58623 8.13074 3.3
    endloop
  endfacet
  facet normal 0 0 1
    outer loop
      vertex -18.1307 -8.41376 3.3
      vertex -18.4 8.4 3.3
      vertex -18.2 -10 3.3
    endloop
  endfacet
  facet normal 0 0 1
    outer loop
      vertex -17.9235 -6.8396 3.3
      vertex -18.4 8.4 3.3
      vertex -18.1307 -8.41376 3.3
    endloop
  endfacet
  facet normal 0 0 1
    outer loop
      vertex -17.5798 -5.28949 3.3
      vertex -18.4 8.4 3.3
      vertex -17.9235 -6.8396 3.3
    endloop
  endfacet
  facet normal 0 0 1
    outer loop
      vertex -17.1024 -3.77523 3.3
      vertex -18.4 8.4 3.3
      vertex -17.5798 -5.28949 3.3
    endloop
  endfacet
  facet normal 0 0 1
    outer loop
      vertex -16.4948 -2.30835 3.3
      vertex -18.4 8.4 3.3
      vertex -17.1024 -3.77523 3.3
    endloop
  endfacet
  facet normal 0 0 1
    outer loop
      vertex -15.7617 -0.9 3.3
      vertex -18.4 8.4 3.3
      vertex -16.4948 -2.30835 3.3
    endloop
  endfacet
  facet normal 0 0 1
    outer loop
      vertex -14.9086 0.439091 3.3
      vertex -18.4 8.4 3.3
      vertex -15.7617 -0.9 3.3
    endloop
  endfacet
  facet normal 0 0 1
    outer loop
      vertex -13.942 1.69873 3.3
      vertex -18.4 8.4 3.3
      vertex -14.9086 0.439091 3.3
    endloop
  endfacet
  facet normal 0 0 1
    outer loop
      vertex -12.8693 2.86934 3.3
      vertex -18.4 8.4 3.3
      vertex -13.942 1.69873 3.3
    endloop
  endfacet
  facet normal 0 0 1
    outer loop
      vertex -11.6987 3.94201 3.3
      vertex -18.4 8.4 3.3
      vertex -12.8693 2.86934 3.3
    endloop
  endfacet
  facet normal 0 0 1
    outer loop
      vertex -10.4391 4.90857 3.3
      vertex -18.4 8.4 3.3
      vertex -11.6987 3.94201 3.3
    endloop
  endfacet
  facet normal 0 0 1
    outer loop
      vertex -9.1 5.76166 3.3
      vertex -18.4 8.4 3.3
      vertex -10.4391 4.90857 3.3
    endloop
  endfacet
  facet normal 0 0 1
    outer loop
      vertex -7.69165 6.4948 3.3
      vertex -18.4 8.4 3.3
      vertex -9.1 5.76166 3.3
    endloop
  endfacet
  facet normal 0 0 1
    outer loop
      vertex -6.22477 7.10241 3.3
      vertex -18.4 8.4 3.3
      vertex -7.69165 6.4948 3.3
    endloop
  endfacet
  facet normal 0 0 1
    outer loop
      vertex -4.71051 7.57985 3.3
      vertex -18.4 8.4 3.3
      vertex -6.22477 7.10241 3.3
    endloop
  endfacet
  facet normal 0 0 1
    outer loop
      vertex -3.1604 7.9235 3.3
      vertex -18.4 8.4 3.3
      vertex -4.71051 7.57985 3.3
    endloop
  endfacet
  facet normal 0 0 1
    outer loop
      vertex -1.58623 8.13074 3.3
      vertex -18.4 8.4 3.3
      vertex -3.1604 7.9235 3.3
    endloop
  endfacet
  facet normal 0 0 1
    outer loop
      vertex 0 8.2 3.3
      vertex -18.4 8.4 3.3
      vertex -1.58623 8.13074 3.3
    endloop
  endfacet
  facet normal -0 0 1
    outer loop
      vertex -18.4 8.4 3.3
      vertex 0 8.2 3.3
      vertex 18.4 8.4 3.3
    endloop
  endfacet
  facet normal -0 0 1
    outer loop
      vertex 18.1307 -11.5862 3.3
      vertex 18.4 -28.4 3.3
      vertex 18.2 -10 3.3
    endloop
  endfacet
  facet normal -0 0 1
    outer loop
      vertex 17.9235 -13.1604 3.3
      vertex 18.4 -28.4 3.3
      vertex 18.1307 -11.5862 3.3
    endloop
  endfacet
  facet normal -0 0 1
    outer loop
      vertex 17.5798 -14.7105 3.3
      vertex 18.4 -28.4 3.3
      vertex 17.9235 -13.1604 3.3
    endloop
  endfacet
  facet normal -0 0 1
    outer loop
      vertex 17.1024 -16.2248 3.3
      vertex 18.4 -28.4 3.3
      vertex 17.5798 -14.7105 3.3
    endloop
  endfacet
  facet normal -0 0 1
    outer loop
      vertex 16.4948 -17.6917 3.3
      vertex 18.4 -28.4 3.3
      vertex 17.1024 -16.2248 3.3
    endloop
  endfacet
  facet normal -0 0 1
    outer loop
      vertex 15.7617 -19.1 3.3
      vertex 18.4 -28.4 3.3
      vertex 16.4948 -17.6917 3.3
    endloop
  endfacet
  facet normal -0 0 1
    outer loop
      vertex 14.9086 -20.4391 3.3
      vertex 18.4 -28.4 3.3
      vertex 15.7617 -19.1 3.3
    endloop
  endfacet
  facet normal -0 0 1
    outer loop
      vertex 13.942 -21.6987 3.3
      vertex 18.4 -28.4 3.3
      vertex 14.9086 -20.4391 3.3
    endloop
  endfacet
  facet normal -0 0 1
    outer loop
      vertex 12.8693 -22.8693 3.3
      vertex 18.4 -28.4 3.3
      vertex 13.942 -21.6987 3.3
    endloop
  endfacet
  facet normal -0 0 1
    outer loop
      vertex 11.6987 -23.942 3.3
      vertex 18.4 -28.4 3.3
      vertex 12.8693 -22.8693 3.3
    endloop
  endfacet
  facet normal -0 0 1
    outer loop
      vertex 10.4391 -24.9086 3.3
      vertex 18.4 -28.4 3.3
      vertex 11.6987 -23.942 3.3
    endloop
  endfacet
  facet normal -0 0 1
    outer loop
      vertex 9.1 -25.7617 3.3
      vertex 18.4 -28.4 3.3
      vertex 10.4391 -24.9086 3.3
    endloop
  endfacet
  facet normal -0 0 1
    outer loop
      vertex 7.69165 -26.4948 3.3
      vertex 18.4 -28.4 3.3
      vertex 9.1 -25.7617 3.3
    endloop
  endfacet
  facet normal -0 0 1
    outer loop
      vertex 6.22477 -27.1024 3.3
      vertex 18.4 -28.4 3.3
      vertex 7.69165 -26.4948 3.3
    endloop
  endfacet
  facet normal -0 0 1
    outer loop
      vertex 4.71051 -27.5798 3.3
      vertex 18.4 -28.4 3.3
      vertex 6.22477 -27.1024 3.3
    endloop
  endfacet
  facet normal -0 0 1
    outer loop
      vertex 3.1604 -27.9235 3.3
      vertex 18.4 -28.4 3.3
      vertex 4.71051 -27.5798 3.3
    endloop
  endfacet
  facet normal -0 0 1
    outer loop
      vertex 1.58623 -28.1307 3.3
      vertex 18.4 -28.4 3.3
      vertex 3.1604 -27.9235 3.3
    endloop
  endfacet
  facet normal -0 0 1
    outer loop
      vertex 0 -28.2 3.3
      vertex 18.4 -28.4 3.3
      vertex 1.58623 -28.1307 3.3
    endloop
  endfacet
  facet normal 0 0 1
    outer loop
      vertex 0 -28.2 3.3
      vertex -18.4 -28.4 3.3
      vertex 18.4 -28.4 3.3
    endloop
  endfacet
  facet normal 0 0 1
    outer loop
      vertex -1.58623 -28.1307 3.3
      vertex -18.4 -28.4 3.3
      vertex 0 -28.2 3.3
    endloop
  endfacet
  facet normal 0 0 1
    outer loop
      vertex -3.1604 -27.9235 3.3
      vertex -18.4 -28.4 3.3
      vertex -1.58623 -28.1307 3.3
    endloop
  endfacet
  facet normal 0 0 1
    outer loop
      vertex -4.71051 -27.5798 3.3
      vertex -18.4 -28.4 3.3
      vertex -3.1604 -27.9235 3.3
    endloop
  endfacet
  facet normal 0 0 1
    outer loop
      vertex -6.22477 -27.1024 3.3
      vertex -18.4 -28.4 3.3
      vertex -4.71051 -27.5798 3.3
    endloop
  endfacet
  facet normal 0 0 1
    outer loop
      vertex -7.69165 -26.4948 3.3
      vertex -18.4 -28.4 3.3
      vertex -6.22477 -27.1024 3.3
    endloop
  endfacet
  facet normal 0 0 1
    outer loop
      vertex -9.1 -25.7617 3.3
      vertex -18.4 -28.4 3.3
      vertex -7.69165 -26.4948 3.3
    endloop
  endfacet
  facet normal 0 0 1
    outer loop
      vertex -10.4391 -24.9086 3.3
      vertex -18.4 -28.4 3.3
      vertex -9.1 -25.7617 3.3
    endloop
  endfacet
  facet normal 0 0 1
    outer loop
      vertex -11.6987 -23.942 3.3
      vertex -18.4 -28.4 3.3
      vertex -10.4391 -24.9086 3.3
    endloop
  endfacet
  facet normal 0 0 1
    outer loop
      vertex -12.8693 -22.8693 3.3
      vertex -18.4 -28.4 3.3
      vertex -11.6987 -23.942 3.3
    endloop
  endfacet
  facet normal 0 0 1
    outer loop
      vertex -13.942 -21.6987 3.3
      vertex -18.4 -28.4 3.3
      vertex -12.8693 -22.8693 3.3
    endloop
  endfacet
  facet normal 0 0 1
    outer loop
      vertex -14.9086 -20.4391 3.3
      vertex -18.4 -28.4 3.3
      vertex -13.942 -21.6987 3.3
    endloop
  endfacet
  facet normal 0 0 1
    outer loop
      vertex -15.7617 -19.1 3.3
      vertex -18.4 -28.4 3.3
      vertex -14.9086 -20.4391 3.3
    endloop
  endfacet
  facet normal 0 0 1
    outer loop
      vertex -16.4948 -17.6917 3.3
      vertex -18.4 -28.4 3.3
      vertex -15.7617 -19.1 3.3
    endloop
  endfacet
  facet normal 0 0 1
    outer loop
      vertex -17.1024 -16.2248 3.3
      vertex -18.4 -28.4 3.3
      vertex -16.4948 -17.6917 3.3
    endloop
  endfacet
  facet normal 0 0 1
    outer loop
      vertex -17.5798 -14.7105 3.3
      vertex -18.4 -28.4 3.3
      vertex -17.1024 -16.2248 3.3
    endloop
  endfacet
  facet normal 0 0 1
    outer loop
      vertex -17.9235 -13.1604 3.3
      vertex -18.4 -28.4 3.3
      vertex -17.5798 -14.7105 3.3
    endloop
  endfacet
  facet normal 0 0 1
    outer loop
      vertex -18.1307 -11.5862 3.3
      vertex -18.4 -28.4 3.3
      vertex -17.9235 -13.1604 3.3
    endloop
  endfacet
  facet normal 0 0 1
    outer loop
      vertex -18.2 -10 3.3
      vertex -18.4 -28.4 3.3
      vertex -18.1307 -11.5862 3.3
    endloop
  endfacet
  facet normal 0 0 1
    outer loop
      vertex -18.4 -28.4 3.3
      vertex -18.2 -10 3.3
      vertex -18.4 8.4 3.3
    endloop
  endfacet
  facet normal 1 -0 0
    outer loop
      vertex -18.4 -28.4 19.3
      vertex -18.4 8.4 3.3
      vertex -18.4 8.4 19.3
    endloop
  endfacet
  facet normal 1 0 0
    outer loop
      vertex -18.4 8.4 3.3
      vertex -18.4 -28.4 19.3
      vertex -18.4 -28.4 3.3
    endloop
  endfacet
  facet normal 0 -1 0
    outer loop
      vertex -18.4 8.4 3.3
      vertex 18.4 8.4 19.3
      vertex -18.4 8.4 19.3
    endloop
  endfacet
  facet normal 0 -1 -0
    outer loop
      vertex 18.4 8.4 19.3
      vertex -18.4 8.4 3.3
      vertex 18.4 8.4 3.3
    endloop
  endfacet
  facet normal 0 1 -0
    outer loop
      vertex 18.4 -28.4 3.3
      vertex -18.4 -28.4 19.3
      vertex 18.4 -28.4 19.3
    endloop
  endfacet
  facet normal 0 1 0
    outer loop
      vertex -18.4 -28.4 19.3
      vertex 18.4 -28.4 3.3
      vertex -18.4 -28.4 3.3
    endloop
  endfacet
  facet normal -0.0436217 -0.999048 0
    outer loop
      vertex 0 8.2 1.5
      vertex 1.58623 8.13074 3.3
      vertex 0 8.2 3.3
    endloop
  endfacet
  facet normal -0.0436217 -0.999048 -0
    outer loop
      vertex 1.58623 8.13074 3.3
      vertex 0 8.2 1.5
      vertex 1.58623 8.13074 1.5
    endloop
  endfacet
  facet normal -0.991448 -0.1305 0
    outer loop
      vertex 18.1307 -8.41376 1.5
      vertex 17.9235 -6.8396 3.3
      vertex 17.9235 -6.8396 1.5
    endloop
  endfacet
  facet normal -0.991448 -0.1305 0
    outer loop
      vertex 17.9235 -6.8396 3.3
      vertex 18.1307 -8.41376 1.5
      vertex 18.1307 -8.41376 3.3
    endloop
  endfacet
  facet normal -0.999047 -0.0436466 0
    outer loop
      vertex 18.2 -10 1.5
      vertex 18.1307 -8.41376 3.3
      vertex 18.1307 -8.41376 1.5
    endloop
  endfacet
  facet normal -0.999047 -0.0436466 0
    outer loop
      vertex 18.1307 -8.41376 3.3
      vertex 18.2 -10 1.5
      vertex 18.2 -10 3.3
    endloop
  endfacet
  facet normal -0.97629 -0.216469 0
    outer loop
      vertex 17.9235 -6.8396 1.5
      vertex 17.5798 -5.28949 3.3
      vertex 17.5798 -5.28949 1.5
    endloop
  endfacet
  facet normal -0.97629 -0.216469 0
    outer loop
      vertex 17.5798 -5.28949 3.3
      vertex 17.9235 -6.8396 1.5
      vertex 17.9235 -6.8396 3.3
    endloop
  endfacet
  facet normal -0.991449 0.130497 0
    outer loop
      vertex 17.9235 -13.1604 1.5
      vertex 18.1307 -11.5862 3.3
      vertex 18.1307 -11.5862 1.5
    endloop
  endfacet
  facet normal -0.991449 0.130497 0
    outer loop
      vertex 18.1307 -11.5862 3.3
      vertex 17.9235 -13.1604 1.5
      vertex 17.9235 -13.1604 3.3
    endloop
  endfacet
  facet normal 0.843392 0.537299 0
    outer loop
      vertex -14.9086 -20.4391 3.3
      vertex -15.7617 -19.1 1.5
      vertex -15.7617 -19.1 3.3
    endloop
  endfacet
  facet normal 0.843392 0.537299 0
    outer loop
      vertex -15.7617 -19.1 1.5
      vertex -14.9086 -20.4391 3.3
      vertex -14.9086 -20.4391 1.5
    endloop
  endfacet
  facet normal 0.216439 -0.976296 0
    outer loop
      vertex -4.71051 7.57985 1.5
      vertex -3.1604 7.9235 3.3
      vertex -4.71051 7.57985 3.3
    endloop
  endfacet
  facet normal 0.216439 -0.976296 0
    outer loop
      vertex -3.1604 7.9235 3.3
      vertex -4.71051 7.57985 1.5
      vertex -3.1604 7.9235 1.5
    endloop
  endfacet
  facet normal 0.79334 -0.608779 0
    outer loop
      vertex -14.9086 0.439091 3.3
      vertex -13.942 1.69873 1.5
      vertex -13.942 1.69873 3.3
    endloop
  endfacet
  facet normal 0.79334 -0.608779 0
    outer loop
      vertex -13.942 1.69873 1.5
      vertex -14.9086 0.439091 3.3
      vertex -14.9086 0.439091 1.5
    endloop
  endfacet
  facet normal 0.461748 -0.887011 0
    outer loop
      vertex -9.1 5.76166 1.5
      vertex -7.69165 6.4948 3.3
      vertex -9.1 5.76166 3.3
    endloop
  endfacet
  facet normal 0.461748 -0.887011 0
    outer loop
      vertex -7.69165 6.4948 3.3
      vertex -9.1 5.76166 1.5
      vertex -7.69165 6.4948 1.5
    endloop
  endfacet
  facet normal -0.130499 0.991448 0
    outer loop
      vertex 3.1604 -27.9235 1.5
      vertex 1.58623 -28.1307 3.3
      vertex 3.1604 -27.9235 3.3
    endloop
  endfacet
  facet normal -0.130499 0.991448 0
    outer loop
      vertex 1.58623 -28.1307 3.3
      vertex 3.1604 -27.9235 1.5
      vertex 1.58623 -28.1307 1.5
    endloop
  endfacet
  facet normal -0.887021 -0.461728 0
    outer loop
      vertex 16.4948 -2.30835 1.5
      vertex 15.7617 -0.9 3.3
      vertex 15.7617 -0.9 1.5
    endloop
  endfacet
  facet normal -0.887021 -0.461728 0
    outer loop
      vertex 15.7617 -0.9 3.3
      vertex 16.4948 -2.30835 1.5
      vertex 16.4948 -2.30835 3.3
    endloop
  endfacet
  facet normal 0.953725 -0.30068 0
    outer loop
      vertex -17.5798 -5.28949 3.3
      vertex -17.1024 -3.77523 1.5
      vertex -17.1024 -3.77523 3.3
    endloop
  endfacet
  facet normal 0.953725 -0.30068 0
    outer loop
      vertex -17.1024 -3.77523 1.5
      vertex -17.5798 -5.28949 3.3
      vertex -17.5798 -5.28949 1.5
    endloop
  endfacet
  facet normal -0.608775 -0.793343 0
    outer loop
      vertex 10.4391 4.90857 1.5
      vertex 11.6987 3.94201 3.3
      vertex 10.4391 4.90857 3.3
    endloop
  endfacet
  facet normal -0.608775 -0.793343 -0
    outer loop
      vertex 11.6987 3.94201 3.3
      vertex 10.4391 4.90857 1.5
      vertex 11.6987 3.94201 1.5
    endloop
  endfacet
  facet normal 0.923882 0.382678 0
    outer loop
      vertex -16.4948 -17.6917 3.3
      vertex -17.1024 -16.2248 1.5
      vertex -17.1024 -16.2248 3.3
    endloop
  endfacet
  facet normal 0.923882 0.382678 0
    outer loop
      vertex -17.1024 -16.2248 1.5
      vertex -16.4948 -17.6917 3.3
      vertex -16.4948 -17.6917 1.5
    endloop
  endfacet
  facet normal -0.793331 0.608791 0
    outer loop
      vertex 13.942 -21.6987 1.5
      vertex 14.9086 -20.4391 3.3
      vertex 14.9086 -20.4391 1.5
    endloop
  endfacet
  facet normal -0.793331 0.608791 0
    outer loop
      vertex 14.9086 -20.4391 3.3
      vertex 13.942 -21.6987 1.5
      vertex 13.942 -21.6987 3.3
    endloop
  endfacet
  facet normal -0.79334 -0.608779 0
    outer loop
      vertex 14.9086 0.439091 1.5
      vertex 13.942 1.69873 3.3
      vertex 13.942 1.69873 1.5
    endloop
  endfacet
  facet normal -0.79334 -0.608779 0
    outer loop
      vertex 13.942 1.69873 3.3
      vertex 14.9086 0.439091 1.5
      vertex 14.9086 0.439091 3.3
    endloop
  endfacet
  facet normal 0.953727 0.300673 0
    outer loop
      vertex -17.1024 -16.2248 3.3
      vertex -17.5798 -14.7105 1.5
      vertex -17.5798 -14.7105 3.3
    endloop
  endfacet
  facet normal 0.953727 0.300673 0
    outer loop
      vertex -17.5798 -14.7105 1.5
      vertex -17.1024 -16.2248 3.3
      vertex -17.1024 -16.2248 1.5
    endloop
  endfacet
  facet normal 0 0 1
    outer loop
      vertex 15.75 -10 1.5
      vertex 18.2 -10 1.5
      vertex 18.1307 -8.41376 1.5
    endloop
  endfacet
  facet normal 0 0 1
    outer loop
      vertex 15.6901 -8.6273 1.5
      vertex 18.1307 -8.41376 1.5
      vertex 17.9235 -6.8396 1.5
    endloop
  endfacet
  facet normal 0 0 1
    outer loop
      vertex 18.2 -10 1.5
      vertex 15.75 -10 1.5
      vertex 18.1307 -11.5862 1.5
    endloop
  endfacet
  facet normal 0 0 1
    outer loop
      vertex 15.5107 -7.26504 1.5
      vertex 17.9235 -6.8396 1.5
      vertex 17.5798 -5.28949 1.5
    endloop
  endfacet
  facet normal -0 0 1
    outer loop
      vertex 15.6901 -11.3727 1.5
      vertex 18.1307 -11.5862 1.5
      vertex 15.75 -10 1.5
    endloop
  endfacet
  facet normal 0 0 1
    outer loop
      vertex 15.2133 -5.9236 1.5
      vertex 17.5798 -5.28949 1.5
      vertex 17.1024 -3.77523 1.5
    endloop
  endfacet
  facet normal 0 0 1
    outer loop
      vertex 18.1307 -11.5862 1.5
      vertex 15.6901 -11.3727 1.5
      vertex 17.9235 -13.1604 1.5
    endloop
  endfacet
  facet normal 0 0 1
    outer loop
      vertex 14.8002 -4.61318 1.5
      vertex 17.1024 -3.77523 1.5
      vertex 16.4948 -2.30835 1.5
    endloop
  endfacet
  facet normal -0 0 1
    outer loop
      vertex 15.5107 -12.735 1.5
      vertex 17.9235 -13.1604 1.5
      vertex 15.6901 -11.3727 1.5
    endloop
  endfacet
  facet normal 0 0 1
    outer loop
      vertex 14.2743 -3.34376 1.5
      vertex 16.4948 -2.30835 1.5
      vertex 15.7617 -0.9 1.5
    endloop
  endfacet
  facet normal 0 0 1
    outer loop
      vertex 17.9235 -13.1604 1.5
      vertex 15.5107 -12.735 1.5
      vertex 17.5798 -14.7105 1.5
    endloop
  endfacet
  facet normal -0 0 1
    outer loop
      vertex 15.2133 -14.0764 1.5
      vertex 17.5798 -14.7105 1.5
      vertex 15.5107 -12.735 1.5
    endloop
  endfacet
  facet normal 0 0 1
    outer loop
      vertex 18.1307 -8.41376 1.5
      vertex 15.6901 -8.6273 1.5
      vertex 15.75 -10 1.5
    endloop
  endfacet
  facet normal 0 0 1
    outer loop
      vertex 17.9235 -6.8396 1.5
      vertex 15.5107 -7.26504 1.5
      vertex 15.6901 -8.6273 1.5
    endloop
  endfacet
  facet normal 0 0 1
    outer loop
      vertex 17.5798 -5.28949 1.5
      vertex 15.2133 -5.9236 1.5
      vertex 15.5107 -7.26504 1.5
    endloop
  endfacet
  facet normal 0 0 1
    outer loop
      vertex 13.6399 -2.125 1.5
      vertex 15.7617 -0.9 1.5
      vertex 14.9086 0.439091 1.5
    endloop
  endfacet
  facet normal 0 0 1
    outer loop
      vertex 17.1024 -3.77523 1.5
      vertex 14.8002 -4.61318 1.5
      vertex 15.2133 -5.9236 1.5
    endloop
  endfacet
  facet normal 0 0 1
    outer loop
      vertex 16.4948 -2.30835 1.5
      vertex 14.2743 -3.34376 1.5
      vertex 14.8002 -4.61318 1.5
    endloop
  endfacet
  facet normal 0 0 1
    outer loop
      vertex 12.9016 -0.96617 1.5
      vertex 14.9086 0.439091 1.5
      vertex 13.942 1.69873 1.5
    endloop
  endfacet
  facet normal 0 0 1
    outer loop
      vertex 15.7617 -0.9 1.5
      vertex 13.6399 -2.125 1.5
      vertex 14.2743 -3.34376 1.5
    endloop
  endfacet
  facet normal 0 0 1
    outer loop
      vertex 14.9086 0.439091 1.5
      vertex 12.9016 -0.96617 1.5
      vertex 13.6399 -2.125 1.5
    endloop
  endfacet
  facet normal 0 0 1
    outer loop
      vertex 12.0652 0.123904 1.5
      vertex 13.942 1.69873 1.5
      vertex 12.8693 2.86934 1.5
    endloop
  endfacet
  facet normal 0 0 1
    outer loop
      vertex 13.942 1.69873 1.5
      vertex 12.0652 0.123904 1.5
      vertex 12.9016 -0.96617 1.5
    endloop
  endfacet
  facet normal 0 0 1
    outer loop
      vertex 11.1369 1.13693 1.5
      vertex 12.8693 2.86934 1.5
      vertex 11.6987 3.94201 1.5
    endloop
  endfacet
  facet normal 0 0 1
    outer loop
      vertex 12.8693 2.86934 1.5
      vertex 11.1369 1.13693 1.5
      vertex 12.0652 0.123904 1.5
    endloop
  endfacet
  facet normal 0 0 1
    outer loop
      vertex 10.1239 2.0652 1.5
      vertex 11.6987 3.94201 1.5
      vertex 10.4391 4.90857 1.5
    endloop
  endfacet
  facet normal 0 0 1
    outer loop
      vertex 11.6987 3.94201 1.5
      vertex 10.1239 2.0652 1.5
      vertex 11.1369 1.13693 1.5
    endloop
  endfacet
  facet normal 0 0 1
    outer loop
      vertex 9.03383 2.90164 1.5
      vertex 10.4391 4.90857 1.5
      vertex 9.1 5.76166 1.5
    endloop
  endfacet
  facet normal 0 0 1
    outer loop
      vertex 10.4391 4.90857 1.5
      vertex 9.03383 2.90164 1.5
      vertex 10.1239 2.0652 1.5
    endloop
  endfacet
  facet normal 0 0 1
    outer loop
      vertex 9.1 5.76166 1.5
      vertex 7.875 3.6399 1.5
      vertex 9.03383 2.90164 1.5
    endloop
  endfacet
  facet normal 0 0 1
    outer loop
      vertex 7.69165 6.4948 1.5
      vertex 7.875 3.6399 1.5
      vertex 9.1 5.76166 1.5
    endloop
  endfacet
  facet normal 0 0 1
    outer loop
      vertex 7.69165 6.4948 1.5
      vertex 6.65624 4.27435 1.5
      vertex 7.875 3.6399 1.5
    endloop
  endfacet
  facet normal 0 0 1
    outer loop
      vertex 6.22477 7.10241 1.5
      vertex 6.65624 4.27435 1.5
      vertex 7.69165 6.4948 1.5
    endloop
  endfacet
  facet normal 0 0 1
    outer loop
      vertex 6.22477 7.10241 1.5
      vertex 5.38682 4.80016 1.5
      vertex 6.65624 4.27435 1.5
    endloop
  endfacet
  facet normal 0 0 1
    outer loop
      vertex 4.71051 7.57985 1.5
      vertex 5.38682 4.80016 1.5
      vertex 6.22477 7.10241 1.5
    endloop
  endfacet
  facet normal 0 0 1
    outer loop
      vertex 4.71051 7.57985 1.5
      vertex 4.0764 5.21333 1.5
      vertex 5.38682 4.80016 1.5
    endloop
  endfacet
  facet normal 0 0 1
    outer loop
      vertex 3.1604 7.9235 1.5
      vertex 4.0764 5.21333 1.5
      vertex 4.71051 7.57985 1.5
    endloop
  endfacet
  facet normal 0 0 1
    outer loop
      vertex 3.1604 7.9235 1.5
      vertex 2.73496 5.51072 1.5
      vertex 4.0764 5.21333 1.5
    endloop
  endfacet
  facet normal 0 0 1
    outer loop
      vertex 1.58623 8.13074 1.5
      vertex 2.73496 5.51072 1.5
      vertex 3.1604 7.9235 1.5
    endloop
  endfacet
  facet normal 0 0 1
    outer loop
      vertex 1.58623 8.13074 1.5
      vertex 1.3727 5.69007 1.5
      vertex 2.73496 5.51072 1.5
    endloop
  endfacet
  facet normal 0 0 1
    outer loop
      vertex 0 8.2 1.5
      vertex 1.3727 5.69007 1.5
      vertex 1.58623 8.13074 1.5
    endloop
  endfacet
  facet normal 0 0 1
    outer loop
      vertex 0 8.2 1.5
      vertex 0 5.75 1.5
      vertex 1.3727 5.69007 1.5
    endloop
  endfacet
  facet normal 0 0 1
    outer loop
      vertex 0 8.2 1.5
      vertex -1.3727 5.69007 1.5
      vertex 0 5.75 1.5
    endloop
  endfacet
  facet normal -0 0 1
    outer loop
      vertex -1.58623 8.13074 1.5
      vertex -1.3727 5.69007 1.5
      vertex 0 8.2 1.5
    endloop
  endfacet
  facet normal 0 0 1
    outer loop
      vertex -1.58623 8.13074 1.5
      vertex -2.73496 5.51072 1.5
      vertex -1.3727 5.69007 1.5
    endloop
  endfacet
  facet normal -0 0 1
    outer loop
      vertex -3.1604 7.9235 1.5
      vertex -2.73496 5.51072 1.5
      vertex -1.58623 8.13074 1.5
    endloop
  endfacet
  facet normal 0 0 1
    outer loop
      vertex -3.1604 7.9235 1.5
      vertex -4.0764 5.21333 1.5
      vertex -2.73496 5.51072 1.5
    endloop
  endfacet
  facet normal -0 0 1
    outer loop
      vertex -4.71051 7.57985 1.5
      vertex -4.0764 5.21333 1.5
      vertex -3.1604 7.9235 1.5
    endloop
  endfacet
  facet normal 0 0 1
    outer loop
      vertex -4.71051 7.57985 1.5
      vertex -5.38682 4.80016 1.5
      vertex -4.0764 5.21333 1.5
    endloop
  endfacet
  facet normal -0 0 1
    outer loop
      vertex -6.22477 7.10241 1.5
      vertex -5.38682 4.80016 1.5
      vertex -4.71051 7.57985 1.5
    endloop
  endfacet
  facet normal 0 0 1
    outer loop
      vertex -6.22477 7.10241 1.5
      vertex -6.65624 4.27435 1.5
      vertex -5.38682 4.80016 1.5
    endloop
  endfacet
  facet normal -0 0 1
    outer loop
      vertex -7.69165 6.4948 1.5
      vertex -6.65624 4.27435 1.5
      vertex -6.22477 7.10241 1.5
    endloop
  endfacet
  facet normal 0 0 1
    outer loop
      vertex -7.69165 6.4948 1.5
      vertex -7.875 3.6399 1.5
      vertex -6.65624 4.27435 1.5
    endloop
  endfacet
  facet normal -0 0 1
    outer loop
      vertex -9.1 5.76166 1.5
      vertex -7.875 3.6399 1.5
      vertex -7.69165 6.4948 1.5
    endloop
  endfacet
  facet normal 0 0 1
    outer loop
      vertex -7.875 3.6399 1.5
      vertex -9.1 5.76166 1.5
      vertex -9.03383 2.90164 1.5
    endloop
  endfacet
  facet normal -0 0 1
    outer loop
      vertex -10.4391 4.90857 1.5
      vertex -9.03383 2.90164 1.5
      vertex -9.1 5.76166 1.5
    endloop
  endfacet
  facet normal 0 0 1
    outer loop
      vertex -9.03383 2.90164 1.5
      vertex -10.4391 4.90857 1.5
      vertex -10.1239 2.0652 1.5
    endloop
  endfacet
  facet normal -0 0 1
    outer loop
      vertex -11.6987 3.94201 1.5
      vertex -10.1239 2.0652 1.5
      vertex -10.4391 4.90857 1.5
    endloop
  endfacet
  facet normal 0 0 1
    outer loop
      vertex -10.1239 2.0652 1.5
      vertex -11.6987 3.94201 1.5
      vertex -11.1369 1.13693 1.5
    endloop
  endfacet
  facet normal -0 0 1
    outer loop
      vertex -12.8693 2.86934 1.5
      vertex -11.1369 1.13693 1.5
      vertex -11.6987 3.94201 1.5
    endloop
  endfacet
  facet normal 0 0 1
    outer loop
      vertex -11.1369 1.13693 1.5
      vertex -12.8693 2.86934 1.5
      vertex -12.0652 0.123904 1.5
    endloop
  endfacet
  facet normal -0 0 1
    outer loop
      vertex -13.942 1.69873 1.5
      vertex -12.0652 0.123904 1.5
      vertex -12.8693 2.86934 1.5
    endloop
  endfacet
  facet normal 0 0 1
    outer loop
      vertex -12.0652 0.123904 1.5
      vertex -13.942 1.69873 1.5
      vertex -12.9016 -0.96617 1.5
    endloop
  endfacet
  facet normal -0 0 1
    outer loop
      vertex -14.9086 0.439091 1.5
      vertex -12.9016 -0.96617 1.5
      vertex -13.942 1.69873 1.5
    endloop
  endfacet
  facet normal 0 0 1
    outer loop
      vertex -12.9016 -0.96617 1.5
      vertex -14.9086 0.439091 1.5
      vertex -13.6399 -2.125 1.5
    endloop
  endfacet
  facet normal -0 0 1
    outer loop
      vertex -15.7617 -0.9 1.5
      vertex -13.6399 -2.125 1.5
      vertex -14.9086 0.439091 1.5
    endloop
  endfacet
  facet normal 0 0 1
    outer loop
      vertex -13.6399 -2.125 1.5
      vertex -15.7617 -0.9 1.5
      vertex -14.2743 -3.34376 1.5
    endloop
  endfacet
  facet normal -0 0 1
    outer loop
      vertex -16.4948 -2.30835 1.5
      vertex -14.2743 -3.34376 1.5
      vertex -15.7617 -0.9 1.5
    endloop
  endfacet
  facet normal 0 0 1
    outer loop
      vertex -14.2743 -3.34376 1.5
      vertex -16.4948 -2.30835 1.5
      vertex -14.8002 -4.61318 1.5
    endloop
  endfacet
  facet normal -0 0 1
    outer loop
      vertex -17.1024 -3.77523 1.5
      vertex -14.8002 -4.61318 1.5
      vertex -16.4948 -2.30835 1.5
    endloop
  endfacet
  facet normal -0 0 1
    outer loop
      vertex -17.5798 -5.28949 1.5
      vertex -15.2133 -5.9236 1.5
      vertex -17.1024 -3.77523 1.5
    endloop
  endfacet
  facet normal 0 0 1
    outer loop
      vertex -14.8002 -4.61318 1.5
      vertex -17.1024 -3.77523 1.5
      vertex -15.2133 -5.9236 1.5
    endloop
  endfacet
  facet normal 0 0 1
    outer loop
      vertex 17.5798 -14.7105 1.5
      vertex 15.2133 -14.0764 1.5
      vertex 17.1024 -16.2248 1.5
    endloop
  endfacet
  facet normal -0 0 1
    outer loop
      vertex 14.8002 -15.3868 1.5
      vertex 17.1024 -16.2248 1.5
      vertex 15.2133 -14.0764 1.5
    endloop
  endfacet
  facet normal 0 0 1
    outer loop
      vertex 17.1024 -16.2248 1.5
      vertex 14.8002 -15.3868 1.5
      vertex 16.4948 -17.6917 1.5
    endloop
  endfacet
  facet normal -0 0 1
    outer loop
      vertex 14.2743 -16.6562 1.5
      vertex 16.4948 -17.6917 1.5
      vertex 14.8002 -15.3868 1.5
    endloop
  endfacet
  facet normal 0 0 1
    outer loop
      vertex 16.4948 -17.6917 1.5
      vertex 14.2743 -16.6562 1.5
      vertex 15.7617 -19.1 1.5
    endloop
  endfacet
  facet normal -0 0 1
    outer loop
      vertex 13.6399 -17.875 1.5
      vertex 15.7617 -19.1 1.5
      vertex 14.2743 -16.6562 1.5
    endloop
  endfacet
  facet normal 0 0 1
    outer loop
      vertex 15.7617 -19.1 1.5
      vertex 13.6399 -17.875 1.5
      vertex 14.9086 -20.4391 1.5
    endloop
  endfacet
  facet normal -0 0 1
    outer loop
      vertex 12.9016 -19.0338 1.5
      vertex 14.9086 -20.4391 1.5
      vertex 13.6399 -17.875 1.5
    endloop
  endfacet
  facet normal 0 0 1
    outer loop
      vertex 14.9086 -20.4391 1.5
      vertex 12.9016 -19.0338 1.5
      vertex 13.942 -21.6987 1.5
    endloop
  endfacet
  facet normal -0 0 1
    outer loop
      vertex 12.0652 -20.1239 1.5
      vertex 13.942 -21.6987 1.5
      vertex 12.9016 -19.0338 1.5
    endloop
  endfacet
  facet normal 0 0 1
    outer loop
      vertex 13.942 -21.6987 1.5
      vertex 12.0652 -20.1239 1.5
      vertex 12.8693 -22.8693 1.5
    endloop
  endfacet
  facet normal -0 0 1
    outer loop
      vertex 11.1369 -21.1369 1.5
      vertex 12.8693 -22.8693 1.5
      vertex 12.0652 -20.1239 1.5
    endloop
  endfacet
  facet normal 0 0 1
    outer loop
      vertex 12.8693 -22.8693 1.5
      vertex 11.1369 -21.1369 1.5
      vertex 11.6987 -23.942 1.5
    endloop
  endfacet
  facet normal -0 0 1
    outer loop
      vertex 10.1239 -22.0652 1.5
      vertex 11.6987 -23.942 1.5
      vertex 11.1369 -21.1369 1.5
    endloop
  endfacet
  facet normal 0 0 1
    outer loop
      vertex 11.6987 -23.942 1.5
      vertex 10.1239 -22.0652 1.5
      vertex 10.4391 -24.9086 1.5
    endloop
  endfacet
  facet normal -0 0 1
    outer loop
      vertex 9.03383 -22.9016 1.5
      vertex 10.4391 -24.9086 1.5
      vertex 10.1239 -22.0652 1.5
    endloop
  endfacet
  facet normal 0 0 1
    outer loop
      vertex 10.4391 -24.9086 1.5
      vertex 9.03383 -22.9016 1.5
      vertex 9.1 -25.7617 1.5
    endloop
  endfacet
  facet normal -0 0 1
    outer loop
      vertex 7.875 -23.6399 1.5
      vertex 9.1 -25.7617 1.5
      vertex 9.03383 -22.9016 1.5
    endloop
  endfacet
  facet normal 0 0 1
    outer loop
      vertex 7.875 -23.6399 1.5
      vertex 7.69165 -26.4948 1.5
      vertex 9.1 -25.7617 1.5
    endloop
  endfacet
  facet normal -0 0 1
    outer loop
      vertex 6.65624 -24.2743 1.5
      vertex 7.69165 -26.4948 1.5
      vertex 7.875 -23.6399 1.5
    endloop
  endfacet
  facet normal 0 0 1
    outer loop
      vertex 6.65624 -24.2743 1.5
      vertex 6.22477 -27.1024 1.5
      vertex 7.69165 -26.4948 1.5
    endloop
  endfacet
  facet normal -0 0 1
    outer loop
      vertex 5.38682 -24.8002 1.5
      vertex 6.22477 -27.1024 1.5
      vertex 6.65624 -24.2743 1.5
    endloop
  endfacet
  facet normal 0 0 1
    outer loop
      vertex 5.38682 -24.8002 1.5
      vertex 4.71051 -27.5798 1.5
      vertex 6.22477 -27.1024 1.5
    endloop
  endfacet
  facet normal -0 0 1
    outer loop
      vertex 4.0764 -25.2133 1.5
      vertex 4.71051 -27.5798 1.5
      vertex 5.38682 -24.8002 1.5
    endloop
  endfacet
  facet normal 0 0 1
    outer loop
      vertex 4.0764 -25.2133 1.5
      vertex 3.1604 -27.9235 1.5
      vertex 4.71051 -27.5798 1.5
    endloop
  endfacet
  facet normal -0 0 1
    outer loop
      vertex 2.73496 -25.5107 1.5
      vertex 3.1604 -27.9235 1.5
      vertex 4.0764 -25.2133 1.5
    endloop
  endfacet
  facet normal 0 0 1
    outer loop
      vertex 2.73496 -25.5107 1.5
      vertex 1.58623 -28.1307 1.5
      vertex 3.1604 -27.9235 1.5
    endloop
  endfacet
  facet normal -0 0 1
    outer loop
      vertex 1.3727 -25.6901 1.5
      vertex 1.58623 -28.1307 1.5
      vertex 2.73496 -25.5107 1.5
    endloop
  endfacet
  facet normal -0 0 1
    outer loop
      vertex 0 -25.75 1.5
      vertex 1.58623 -28.1307 1.5
      vertex 1.3727 -25.6901 1.5
    endloop
  endfacet
  facet normal 0 0 1
    outer loop
      vertex 0 -25.75 1.5
      vertex 0 -28.2 1.5
      vertex 1.58623 -28.1307 1.5
    endloop
  endfacet
  facet normal 0 0 1
    outer loop
      vertex -1.3727 -25.6901 1.5
      vertex 0 -28.2 1.5
      vertex 0 -25.75 1.5
    endloop
  endfacet
  facet normal 0 0 1
    outer loop
      vertex -1.3727 -25.6901 1.5
      vertex -1.58623 -28.1307 1.5
      vertex 0 -28.2 1.5
    endloop
  endfacet
  facet normal 0 0 1
    outer loop
      vertex -2.73496 -25.5107 1.5
      vertex -1.58623 -28.1307 1.5
      vertex -1.3727 -25.6901 1.5
    endloop
  endfacet
  facet normal 0 0 1
    outer loop
      vertex -2.73496 -25.5107 1.5
      vertex -3.1604 -27.9235 1.5
      vertex -1.58623 -28.1307 1.5
    endloop
  endfacet
  facet normal 0 0 1
    outer loop
      vertex -4.0764 -25.2133 1.5
      vertex -3.1604 -27.9235 1.5
      vertex -2.73496 -25.5107 1.5
    endloop
  endfacet
  facet normal 0 0 1
    outer loop
      vertex -4.0764 -25.2133 1.5
      vertex -4.71051 -27.5798 1.5
      vertex -3.1604 -27.9235 1.5
    endloop
  endfacet
  facet normal 0 0 1
    outer loop
      vertex -5.38682 -24.8002 1.5
      vertex -4.71051 -27.5798 1.5
      vertex -4.0764 -25.2133 1.5
    endloop
  endfacet
  facet normal 0 0 1
    outer loop
      vertex -5.38682 -24.8002 1.5
      vertex -6.22477 -27.1024 1.5
      vertex -4.71051 -27.5798 1.5
    endloop
  endfacet
  facet normal 0 0 1
    outer loop
      vertex -6.65624 -24.2743 1.5
      vertex -6.22477 -27.1024 1.5
      vertex -5.38682 -24.8002 1.5
    endloop
  endfacet
  facet normal 0 0 1
    outer loop
      vertex -6.65624 -24.2743 1.5
      vertex -7.69165 -26.4948 1.5
      vertex -6.22477 -27.1024 1.5
    endloop
  endfacet
  facet normal 0 0 1
    outer loop
      vertex -7.875 -23.6399 1.5
      vertex -7.69165 -26.4948 1.5
      vertex -6.65624 -24.2743 1.5
    endloop
  endfacet
  facet normal 0 0 1
    outer loop
      vertex -9.1 -25.7617 1.5
      vertex -7.875 -23.6399 1.5
      vertex -9.03383 -22.9016 1.5
    endloop
  endfacet
  facet normal 0 0 1
    outer loop
      vertex -7.875 -23.6399 1.5
      vertex -9.1 -25.7617 1.5
      vertex -7.69165 -26.4948 1.5
    endloop
  endfacet
  facet normal 0 0 1
    outer loop
      vertex -10.4391 -24.9086 1.5
      vertex -9.03383 -22.9016 1.5
      vertex -10.1239 -22.0652 1.5
    endloop
  endfacet
  facet normal 0 0 1
    outer loop
      vertex -9.03383 -22.9016 1.5
      vertex -10.4391 -24.9086 1.5
      vertex -9.1 -25.7617 1.5
    endloop
  endfacet
  facet normal 0 0 1
    outer loop
      vertex -11.6987 -23.942 1.5
      vertex -10.1239 -22.0652 1.5
      vertex -11.1369 -21.1369 1.5
    endloop
  endfacet
  facet normal 0 0 1
    outer loop
      vertex -10.1239 -22.0652 1.5
      vertex -11.6987 -23.942 1.5
      vertex -10.4391 -24.9086 1.5
    endloop
  endfacet
  facet normal 0 0 1
    outer loop
      vertex -12.8693 -22.8693 1.5
      vertex -11.1369 -21.1369 1.5
      vertex -12.0652 -20.1239 1.5
    endloop
  endfacet
  facet normal 0 0 1
    outer loop
      vertex -11.1369 -21.1369 1.5
      vertex -12.8693 -22.8693 1.5
      vertex -11.6987 -23.942 1.5
    endloop
  endfacet
  facet normal 0 0 1
    outer loop
      vertex -13.942 -21.6987 1.5
      vertex -12.0652 -20.1239 1.5
      vertex -12.9016 -19.0338 1.5
    endloop
  endfacet
  facet normal 0 0 1
    outer loop
      vertex -14.9086 -20.4391 1.5
      vertex -12.9016 -19.0338 1.5
      vertex -13.6399 -17.875 1.5
    endloop
  endfacet
  facet normal 0 0 1
    outer loop
      vertex -12.0652 -20.1239 1.5
      vertex -13.942 -21.6987 1.5
      vertex -12.8693 -22.8693 1.5
    endloop
  endfacet
  facet normal 0 0 1
    outer loop
      vertex -15.7617 -19.1 1.5
      vertex -13.6399 -17.875 1.5
      vertex -14.2743 -16.6562 1.5
    endloop
  endfacet
  facet normal 0 0 1
    outer loop
      vertex -16.4948 -17.6917 1.5
      vertex -14.2743 -16.6562 1.5
      vertex -14.8002 -15.3868 1.5
    endloop
  endfacet
  facet normal 0 0 1
    outer loop
      vertex -12.9016 -19.0338 1.5
      vertex -14.9086 -20.4391 1.5
      vertex -13.942 -21.6987 1.5
    endloop
  endfacet
  facet normal 0 0 1
    outer loop
      vertex -17.1024 -16.2248 1.5
      vertex -14.8002 -15.3868 1.5
      vertex -15.2133 -14.0764 1.5
    endloop
  endfacet
  facet normal 0 0 1
    outer loop
      vertex -17.5798 -14.7105 1.5
      vertex -15.2133 -14.0764 1.5
      vertex -15.5107 -12.735 1.5
    endloop
  endfacet
  facet normal 0 0 1
    outer loop
      vertex -17.9235 -13.1604 1.5
      vertex -15.5107 -12.735 1.5
      vertex -15.6901 -11.3727 1.5
    endloop
  endfacet
  facet normal 0 0 1
    outer loop
      vertex -13.6399 -17.875 1.5
      vertex -15.7617 -19.1 1.5
      vertex -14.9086 -20.4391 1.5
    endloop
  endfacet
  facet normal 0 0 1
    outer loop
      vertex -18.1307 -11.5862 1.5
      vertex -15.6901 -11.3727 1.5
      vertex -15.75 -10 1.5
    endloop
  endfacet
  facet normal 0 0 1
    outer loop
      vertex -15.2133 -5.9236 1.5
      vertex -17.5798 -5.28949 1.5
      vertex -15.5107 -7.26504 1.5
    endloop
  endfacet
  facet normal -0 0 1
    outer loop
      vertex -17.9235 -6.8396 1.5
      vertex -15.5107 -7.26504 1.5
      vertex -17.5798 -5.28949 1.5
    endloop
  endfacet
  facet normal 0 0 1
    outer loop
      vertex -14.2743 -16.6562 1.5
      vertex -16.4948 -17.6917 1.5
      vertex -15.7617 -19.1 1.5
    endloop
  endfacet
  facet normal 0 0 1
    outer loop
      vertex -15.5107 -7.26504 1.5
      vertex -17.9235 -6.8396 1.5
      vertex -15.6901 -8.6273 1.5
    endloop
  endfacet
  facet normal 0 0 1
    outer loop
      vertex -14.8002 -15.3868 1.5
      vertex -17.1024 -16.2248 1.5
      vertex -16.4948 -17.6917 1.5
    endloop
  endfacet
  facet normal -0 0 1
    outer loop
      vertex -18.1307 -8.41376 1.5
      vertex -15.6901 -8.6273 1.5
      vertex -17.9235 -6.8396 1.5
    endloop
  endfacet
  facet normal 0 0 1
    outer loop
      vertex -15.2133 -14.0764 1.5
      vertex -17.5798 -14.7105 1.5
      vertex -17.1024 -16.2248 1.5
    endloop
  endfacet
  facet normal 0 0 1
    outer loop
      vertex -15.6901 -8.6273 1.5
      vertex -18.1307 -8.41376 1.5
      vertex -15.75 -10 1.5
    endloop
  endfacet
  facet normal 0 0 1
    outer loop
      vertex -15.5107 -12.735 1.5
      vertex -17.9235 -13.1604 1.5
      vertex -17.5798 -14.7105 1.5
    endloop
  endfacet
  facet normal 0 0 1
    outer loop
      vertex -18.2 -10 1.5
      vertex -15.75 -10 1.5
      vertex -18.1307 -8.41376 1.5
    endloop
  endfacet
  facet normal 0 0 1
    outer loop
      vertex -15.6901 -11.3727 1.5
      vertex -18.1307 -11.5862 1.5
      vertex -17.9235 -13.1604 1.5
    endloop
  endfacet
  facet normal 0 0 1
    outer loop
      vertex -15.75 -10 1.5
      vertex -18.2 -10 1.5
      vertex -18.1307 -11.5862 1.5
    endloop
  endfacet
  facet normal -0.976289 0.21647 0
    outer loop
      vertex 17.5798 -14.7105 1.5
      vertex 17.9235 -13.1604 3.3
      vertex 17.9235 -13.1604 1.5
    endloop
  endfacet
  facet normal -0.976289 0.21647 0
    outer loop
      vertex 17.9235 -13.1604 3.3
      vertex 17.5798 -14.7105 1.5
      vertex 17.5798 -14.7105 3.3
    endloop
  endfacet
  facet normal 0.92388 -0.382683 0
    outer loop
      vertex -17.1024 -3.77523 3.3
      vertex -16.4948 -2.30835 1.5
      vertex -16.4948 -2.30835 3.3
    endloop
  endfacet
  facet normal 0.92388 -0.382683 0
    outer loop
      vertex -16.4948 -2.30835 1.5
      vertex -17.1024 -3.77523 3.3
      vertex -17.1024 -3.77523 1.5
    endloop
  endfacet
  facet normal 0.382683 0.92388 -0
    outer loop
      vertex -6.22477 -27.1024 1.5
      vertex -7.69165 -26.4948 3.3
      vertex -6.22477 -27.1024 3.3
    endloop
  endfacet
  facet normal 0.382683 0.92388 0
    outer loop
      vertex -7.69165 -26.4948 3.3
      vertex -6.22477 -27.1024 1.5
      vertex -7.69165 -26.4948 1.5
    endloop
  endfacet
  facet normal 0.461728 0.887021 -0
    outer loop
      vertex -7.69165 -26.4948 1.5
      vertex -9.1 -25.7617 3.3
      vertex -7.69165 -26.4948 3.3
    endloop
  endfacet
  facet normal 0.461728 0.887021 0
    outer loop
      vertex -9.1 -25.7617 3.3
      vertex -7.69165 -26.4948 1.5
      vertex -9.1 -25.7617 1.5
    endloop
  endfacet
  facet normal 0.793331 0.608791 0
    outer loop
      vertex -13.942 -21.6987 3.3
      vertex -14.9086 -20.4391 1.5
      vertex -14.9086 -20.4391 3.3
    endloop
  endfacet
  facet normal 0.793331 0.608791 0
    outer loop
      vertex -14.9086 -20.4391 1.5
      vertex -13.942 -21.6987 3.3
      vertex -13.942 -21.6987 1.5
    endloop
  endfacet
  facet normal -0.461748 -0.887011 0
    outer loop
      vertex 7.69165 6.4948 1.5
      vertex 9.1 5.76166 3.3
      vertex 7.69165 6.4948 3.3
    endloop
  endfacet
  facet normal -0.461748 -0.887011 -0
    outer loop
      vertex 9.1 5.76166 3.3
      vertex 7.69165 6.4948 1.5
      vertex 9.1 5.76166 1.5
    endloop
  endfacet
  facet normal 0.887015 0.461741 0
    outer loop
      vertex -15.7617 -19.1 3.3
      vertex -16.4948 -17.6917 1.5
      vertex -16.4948 -17.6917 3.3
    endloop
  endfacet
  facet normal 0.887015 0.461741 0
    outer loop
      vertex -16.4948 -17.6917 1.5
      vertex -15.7617 -19.1 3.3
      vertex -15.7617 -19.1 1.5
    endloop
  endfacet
  facet normal -0.537295 -0.843395 0
    outer loop
      vertex 9.1 5.76166 1.5
      vertex 10.4391 4.90857 3.3
      vertex 9.1 5.76166 3.3
    endloop
  endfacet
  facet normal -0.537295 -0.843395 -0
    outer loop
      vertex 10.4391 4.90857 3.3
      vertex 9.1 5.76166 1.5
      vertex 10.4391 4.90857 1.5
    endloop
  endfacet
  facet normal 0.608775 -0.793343 0
    outer loop
      vertex -11.6987 3.94201 1.5
      vertex -10.4391 4.90857 3.3
      vertex -11.6987 3.94201 3.3
    endloop
  endfacet
  facet normal 0.608775 -0.793343 0
    outer loop
      vertex -10.4391 4.90857 3.3
      vertex -11.6987 3.94201 1.5
      vertex -10.4391 4.90857 1.5
    endloop
  endfacet
  facet normal -0.953725 -0.30068 0
    outer loop
      vertex 17.5798 -5.28949 1.5
      vertex 17.1024 -3.77523 3.3
      vertex 17.1024 -3.77523 1.5
    endloop
  endfacet
  facet normal -0.953725 -0.30068 0
    outer loop
      vertex 17.1024 -3.77523 3.3
      vertex 17.5798 -5.28949 1.5
      vertex 17.5798 -5.28949 3.3
    endloop
  endfacet
  facet normal -0.923882 0.382678 0
    outer loop
      vertex 16.4948 -17.6917 1.5
      vertex 17.1024 -16.2248 3.3
      vertex 17.1024 -16.2248 1.5
    endloop
  endfacet
  facet normal -0.923882 0.382678 0
    outer loop
      vertex 17.1024 -16.2248 3.3
      vertex 16.4948 -17.6917 1.5
      vertex 16.4948 -17.6917 3.3
    endloop
  endfacet
  facet normal -0.382688 -0.923878 0
    outer loop
      vertex 6.22477 7.10241 1.5
      vertex 7.69165 6.4948 3.3
      vertex 6.22477 7.10241 3.3
    endloop
  endfacet
  facet normal -0.382688 -0.923878 -0
    outer loop
      vertex 7.69165 6.4948 3.3
      vertex 6.22477 7.10241 1.5
      vertex 7.69165 6.4948 1.5
    endloop
  endfacet
  facet normal 0.991448 -0.1305 0
    outer loop
      vertex -18.1307 -8.41376 3.3
      vertex -17.9235 -6.8396 1.5
      vertex -17.9235 -6.8396 3.3
    endloop
  endfacet
  facet normal 0.991448 -0.1305 0
    outer loop
      vertex -17.9235 -6.8396 1.5
      vertex -18.1307 -8.41376 3.3
      vertex -18.1307 -8.41376 1.5
    endloop
  endfacet
  facet normal 0.608791 0.793331 -0
    outer loop
      vertex -10.4391 -24.9086 1.5
      vertex -11.6987 -23.942 3.3
      vertex -10.4391 -24.9086 3.3
    endloop
  endfacet
  facet normal 0.608791 0.793331 0
    outer loop
      vertex -11.6987 -23.942 3.3
      vertex -10.4391 -24.9086 1.5
      vertex -11.6987 -23.942 1.5
    endloop
  endfacet
  facet normal 0.300703 -0.953718 0
    outer loop
      vertex -6.22477 7.10241 1.5
      vertex -4.71051 7.57985 3.3
      vertex -6.22477 7.10241 3.3
    endloop
  endfacet
  facet normal 0.300703 -0.953718 0
    outer loop
      vertex -4.71051 7.57985 3.3
      vertex -6.22477 7.10241 1.5
      vertex -4.71051 7.57985 1.5
    endloop
  endfacet
  facet normal -0.608791 0.793331 0
    outer loop
      vertex 11.6987 -23.942 1.5
      vertex 10.4391 -24.9086 3.3
      vertex 11.6987 -23.942 3.3
    endloop
  endfacet
  facet normal -0.608791 0.793331 0
    outer loop
      vertex 10.4391 -24.9086 3.3
      vertex 11.6987 -23.942 1.5
      vertex 10.4391 -24.9086 1.5
    endloop
  endfacet
  facet normal 0.887021 -0.461728 0
    outer loop
      vertex -16.4948 -2.30835 3.3
      vertex -15.7617 -0.9 1.5
      vertex -15.7617 -0.9 3.3
    endloop
  endfacet
  facet normal 0.887021 -0.461728 0
    outer loop
      vertex -15.7617 -0.9 1.5
      vertex -16.4948 -2.30835 3.3
      vertex -16.4948 -2.30835 1.5
    endloop
  endfacet
  facet normal -0.130524 -0.991445 0
    outer loop
      vertex 1.58623 8.13074 1.5
      vertex 3.1604 7.9235 3.3
      vertex 1.58623 8.13074 3.3
    endloop
  endfacet
  facet normal -0.130524 -0.991445 -0
    outer loop
      vertex 3.1604 7.9235 3.3
      vertex 1.58623 8.13074 1.5
      vertex 3.1604 7.9235 1.5
    endloop
  endfacet
  facet normal -0.216469 0.97629 0
    outer loop
      vertex 4.71051 -27.5798 1.5
      vertex 3.1604 -27.9235 3.3
      vertex 4.71051 -27.5798 3.3
    endloop
  endfacet
  facet normal -0.216469 0.97629 0
    outer loop
      vertex 3.1604 -27.9235 3.3
      vertex 4.71051 -27.5798 1.5
      vertex 3.1604 -27.9235 1.5
    endloop
  endfacet
  facet normal -0.0436469 0.999047 0
    outer loop
      vertex 1.58623 -28.1307 1.5
      vertex 0 -28.2 3.3
      vertex 1.58623 -28.1307 3.3
    endloop
  endfacet
  facet normal -0.0436469 0.999047 0
    outer loop
      vertex 0 -28.2 3.3
      vertex 1.58623 -28.1307 1.5
      vertex 0 -28.2 1.5
    endloop
  endfacet
  facet normal -0.953727 0.300673 0
    outer loop
      vertex 17.1024 -16.2248 1.5
      vertex 17.5798 -14.7105 3.3
      vertex 17.5798 -14.7105 1.5
    endloop
  endfacet
  facet normal -0.953727 0.300673 0
    outer loop
      vertex 17.5798 -14.7105 3.3
      vertex 17.1024 -16.2248 1.5
      vertex 17.1024 -16.2248 3.3
    endloop
  endfacet
  facet normal -0.843392 0.537299 0
    outer loop
      vertex 14.9086 -20.4391 1.5
      vertex 15.7617 -19.1 3.3
      vertex 15.7617 -19.1 1.5
    endloop
  endfacet
  facet normal -0.843392 0.537299 0
    outer loop
      vertex 15.7617 -19.1 3.3
      vertex 14.9086 -20.4391 1.5
      vertex 14.9086 -20.4391 3.3
    endloop
  endfacet
  facet normal 0.84339 -0.537302 0
    outer loop
      vertex -15.7617 -0.9 3.3
      vertex -14.9086 0.439091 1.5
      vertex -14.9086 0.439091 3.3
    endloop
  endfacet
  facet normal 0.84339 -0.537302 0
    outer loop
      vertex -14.9086 0.439091 1.5
      vertex -15.7617 -0.9 3.3
      vertex -15.7617 -0.9 1.5
    endloop
  endfacet
  facet normal 0.675605 0.737264 -0
    outer loop
      vertex -11.6987 -23.942 1.5
      vertex -12.8693 -22.8693 3.3
      vertex -11.6987 -23.942 3.3
    endloop
  endfacet
  facet normal 0.675605 0.737264 0
    outer loop
      vertex -12.8693 -22.8693 3.3
      vertex -11.6987 -23.942 1.5
      vertex -12.8693 -22.8693 1.5
    endloop
  endfacet
  facet normal 0.130524 -0.991445 0
    outer loop
      vertex -3.1604 7.9235 1.5
      vertex -1.58623 8.13074 3.3
      vertex -3.1604 7.9235 3.3
    endloop
  endfacet
  facet normal 0.130524 -0.991445 0
    outer loop
      vertex -1.58623 8.13074 3.3
      vertex -3.1604 7.9235 1.5
      vertex -1.58623 8.13074 1.5
    endloop
  endfacet
  facet normal -0.537299 0.843392 0
    outer loop
      vertex 10.4391 -24.9086 1.5
      vertex 9.1 -25.7617 3.3
      vertex 10.4391 -24.9086 3.3
    endloop
  endfacet
  facet normal -0.537299 0.843392 0
    outer loop
      vertex 9.1 -25.7617 3.3
      vertex 10.4391 -24.9086 1.5
      vertex 9.1 -25.7617 1.5
    endloop
  endfacet
  facet normal -0.737267 -0.675602 0
    outer loop
      vertex 13.942 1.69873 1.5
      vertex 12.8693 2.86934 3.3
      vertex 12.8693 2.86934 1.5
    endloop
  endfacet
  facet normal -0.737267 -0.675602 0
    outer loop
      vertex 12.8693 2.86934 3.3
      vertex 13.942 1.69873 1.5
      vertex 13.942 1.69873 3.3
    endloop
  endfacet
  facet normal -0.92388 -0.382683 0
    outer loop
      vertex 17.1024 -3.77523 1.5
      vertex 16.4948 -2.30835 3.3
      vertex 16.4948 -2.30835 1.5
    endloop
  endfacet
  facet normal -0.92388 -0.382683 0
    outer loop
      vertex 16.4948 -2.30835 3.3
      vertex 17.1024 -3.77523 1.5
      vertex 17.1024 -3.77523 3.3
    endloop
  endfacet
  facet normal -0.999047 0.0436477 0
    outer loop
      vertex 18.1307 -11.5862 1.5
      vertex 18.2 -10 3.3
      vertex 18.2 -10 1.5
    endloop
  endfacet
  facet normal -0.999047 0.0436477 0
    outer loop
      vertex 18.2 -10 3.3
      vertex 18.1307 -11.5862 1.5
      vertex 18.1307 -11.5862 3.3
    endloop
  endfacet
  facet normal 0.0436469 0.999047 -0
    outer loop
      vertex 0 -28.2 1.5
      vertex -1.58623 -28.1307 3.3
      vertex 0 -28.2 3.3
    endloop
  endfacet
  facet normal 0.0436469 0.999047 0
    outer loop
      vertex -1.58623 -28.1307 3.3
      vertex 0 -28.2 1.5
      vertex -1.58623 -28.1307 1.5
    endloop
  endfacet
  facet normal -0.216439 -0.976296 0
    outer loop
      vertex 3.1604 7.9235 1.5
      vertex 4.71051 7.57985 3.3
      vertex 3.1604 7.9235 3.3
    endloop
  endfacet
  facet normal -0.216439 -0.976296 -0
    outer loop
      vertex 4.71051 7.57985 3.3
      vertex 3.1604 7.9235 1.5
      vertex 4.71051 7.57985 1.5
    endloop
  endfacet
  facet normal 0.675595 -0.737273 0
    outer loop
      vertex -12.8693 2.86934 1.5
      vertex -11.6987 3.94201 3.3
      vertex -12.8693 2.86934 3.3
    endloop
  endfacet
  facet normal 0.675595 -0.737273 0
    outer loop
      vertex -11.6987 3.94201 3.3
      vertex -12.8693 2.86934 1.5
      vertex -11.6987 3.94201 1.5
    endloop
  endfacet
  facet normal 0.382688 -0.923878 0
    outer loop
      vertex -7.69165 6.4948 1.5
      vertex -6.22477 7.10241 3.3
      vertex -7.69165 6.4948 3.3
    endloop
  endfacet
  facet normal 0.382688 -0.923878 0
    outer loop
      vertex -6.22477 7.10241 3.3
      vertex -7.69165 6.4948 1.5
      vertex -6.22477 7.10241 1.5
    endloop
  endfacet
  facet normal 0.999047 0.0436477 0
    outer loop
      vertex -18.1307 -11.5862 3.3
      vertex -18.2 -10 1.5
      vertex -18.2 -10 3.3
    endloop
  endfacet
  facet normal 0.999047 0.0436477 0
    outer loop
      vertex -18.2 -10 1.5
      vertex -18.1307 -11.5862 3.3
      vertex -18.1307 -11.5862 1.5
    endloop
  endfacet
  facet normal 0.0436217 -0.999048 0
    outer loop
      vertex -1.58623 8.13074 1.5
      vertex 0 8.2 3.3
      vertex -1.58623 8.13074 3.3
    endloop
  endfacet
  facet normal 0.0436217 -0.999048 0
    outer loop
      vertex 0 8.2 3.3
      vertex -1.58623 8.13074 1.5
      vertex 0 8.2 1.5
    endloop
  endfacet
  facet normal -0.382683 0.92388 0
    outer loop
      vertex 7.69165 -26.4948 1.5
      vertex 6.22477 -27.1024 3.3
      vertex 7.69165 -26.4948 3.3
    endloop
  endfacet
  facet normal -0.382683 0.92388 0
    outer loop
      vertex 6.22477 -27.1024 3.3
      vertex 7.69165 -26.4948 1.5
      vertex 6.22477 -27.1024 1.5
    endloop
  endfacet
  facet normal 0.537295 -0.843395 0
    outer loop
      vertex -10.4391 4.90857 1.5
      vertex -9.1 5.76166 3.3
      vertex -10.4391 4.90857 3.3
    endloop
  endfacet
  facet normal 0.537295 -0.843395 0
    outer loop
      vertex -9.1 5.76166 3.3
      vertex -10.4391 4.90857 1.5
      vertex -9.1 5.76166 1.5
    endloop
  endfacet
  facet normal 0.737264 0.675605 0
    outer loop
      vertex -12.8693 -22.8693 3.3
      vertex -13.942 -21.6987 1.5
      vertex -13.942 -21.6987 3.3
    endloop
  endfacet
  facet normal 0.737264 0.675605 0
    outer loop
      vertex -13.942 -21.6987 1.5
      vertex -12.8693 -22.8693 3.3
      vertex -12.8693 -22.8693 1.5
    endloop
  endfacet
  facet normal 0.991449 0.130497 0
    outer loop
      vertex -17.9235 -13.1604 3.3
      vertex -18.1307 -11.5862 1.5
      vertex -18.1307 -11.5862 3.3
    endloop
  endfacet
  facet normal 0.991449 0.130497 0
    outer loop
      vertex -18.1307 -11.5862 1.5
      vertex -17.9235 -13.1604 3.3
      vertex -17.9235 -13.1604 1.5
    endloop
  endfacet
  facet normal -0.461728 0.887021 0
    outer loop
      vertex 9.1 -25.7617 1.5
      vertex 7.69165 -26.4948 3.3
      vertex 9.1 -25.7617 3.3
    endloop
  endfacet
  facet normal -0.461728 0.887021 0
    outer loop
      vertex 7.69165 -26.4948 3.3
      vertex 9.1 -25.7617 1.5
      vertex 7.69165 -26.4948 1.5
    endloop
  endfacet
  facet normal 0.537299 0.843392 -0
    outer loop
      vertex -9.1 -25.7617 1.5
      vertex -10.4391 -24.9086 3.3
      vertex -9.1 -25.7617 3.3
    endloop
  endfacet
  facet normal 0.537299 0.843392 0
    outer loop
      vertex -10.4391 -24.9086 3.3
      vertex -9.1 -25.7617 1.5
      vertex -10.4391 -24.9086 1.5
    endloop
  endfacet
  facet normal -0.887015 0.461741 0
    outer loop
      vertex 15.7617 -19.1 1.5
      vertex 16.4948 -17.6917 3.3
      vertex 16.4948 -17.6917 1.5
    endloop
  endfacet
  facet normal -0.887015 0.461741 0
    outer loop
      vertex 16.4948 -17.6917 3.3
      vertex 15.7617 -19.1 1.5
      vertex 15.7617 -19.1 3.3
    endloop
  endfacet
  facet normal 0.976289 0.21647 0
    outer loop
      vertex -17.5798 -14.7105 3.3
      vertex -17.9235 -13.1604 1.5
      vertex -17.9235 -13.1604 3.3
    endloop
  endfacet
  facet normal 0.976289 0.21647 0
    outer loop
      vertex -17.9235 -13.1604 1.5
      vertex -17.5798 -14.7105 3.3
      vertex -17.5798 -14.7105 1.5
    endloop
  endfacet
  facet normal 0.97629 -0.216469 0
    outer loop
      vertex -17.9235 -6.8396 3.3
      vertex -17.5798 -5.28949 1.5
      vertex -17.5798 -5.28949 3.3
    endloop
  endfacet
  facet normal 0.97629 -0.216469 0
    outer loop
      vertex -17.5798 -5.28949 1.5
      vertex -17.9235 -6.8396 3.3
      vertex -17.9235 -6.8396 1.5
    endloop
  endfacet
  facet normal -0.675595 -0.737273 0
    outer loop
      vertex 11.6987 3.94201 1.5
      vertex 12.8693 2.86934 3.3
      vertex 11.6987 3.94201 3.3
    endloop
  endfacet
  facet normal -0.675595 -0.737273 -0
    outer loop
      vertex 12.8693 2.86934 3.3
      vertex 11.6987 3.94201 1.5
      vertex 12.8693 2.86934 1.5
    endloop
  endfacet
  facet normal -0.84339 -0.537302 0
    outer loop
      vertex 15.7617 -0.9 1.5
      vertex 14.9086 0.439091 3.3
      vertex 14.9086 0.439091 1.5
    endloop
  endfacet
  facet normal -0.84339 -0.537302 0
    outer loop
      vertex 14.9086 0.439091 3.3
      vertex 15.7617 -0.9 1.5
      vertex 15.7617 -0.9 3.3
    endloop
  endfacet
  facet normal -0.30068 0.953725 0
    outer loop
      vertex 6.22477 -27.1024 1.5
      vertex 4.71051 -27.5798 3.3
      vertex 6.22477 -27.1024 3.3
    endloop
  endfacet
  facet normal -0.30068 0.953725 0
    outer loop
      vertex 4.71051 -27.5798 3.3
      vertex 6.22477 -27.1024 1.5
      vertex 4.71051 -27.5798 1.5
    endloop
  endfacet
  facet normal 0.737267 -0.675602 0
    outer loop
      vertex -13.942 1.69873 3.3
      vertex -12.8693 2.86934 1.5
      vertex -12.8693 2.86934 3.3
    endloop
  endfacet
  facet normal 0.737267 -0.675602 0
    outer loop
      vertex -12.8693 2.86934 1.5
      vertex -13.942 1.69873 3.3
      vertex -13.942 1.69873 1.5
    endloop
  endfacet
  facet normal 0.999047 -0.0436466 0
    outer loop
      vertex -18.2 -10 3.3
      vertex -18.1307 -8.41376 1.5
      vertex -18.1307 -8.41376 3.3
    endloop
  endfacet
  facet normal 0.999047 -0.0436466 0
    outer loop
      vertex -18.1307 -8.41376 1.5
      vertex -18.2 -10 3.3
      vertex -18.2 -10 1.5
    endloop
  endfacet
  facet normal -0.737264 0.675605 0
    outer loop
      vertex 12.8693 -22.8693 1.5
      vertex 13.942 -21.6987 3.3
      vertex 13.942 -21.6987 1.5
    endloop
  endfacet
  facet normal -0.737264 0.675605 0
    outer loop
      vertex 13.942 -21.6987 3.3
      vertex 12.8693 -22.8693 1.5
      vertex 12.8693 -22.8693 3.3
    endloop
  endfacet
  facet normal 0.130499 0.991448 -0
    outer loop
      vertex -1.58623 -28.1307 1.5
      vertex -3.1604 -27.9235 3.3
      vertex -1.58623 -28.1307 3.3
    endloop
  endfacet
  facet normal 0.130499 0.991448 0
    outer loop
      vertex -3.1604 -27.9235 3.3
      vertex -1.58623 -28.1307 1.5
      vertex -3.1604 -27.9235 1.5
    endloop
  endfacet
  facet normal -0.300703 -0.953718 0
    outer loop
      vertex 4.71051 7.57985 1.5
      vertex 6.22477 7.10241 3.3
      vertex 4.71051 7.57985 3.3
    endloop
  endfacet
  facet normal -0.300703 -0.953718 -0
    outer loop
      vertex 6.22477 7.10241 3.3
      vertex 4.71051 7.57985 1.5
      vertex 6.22477 7.10241 1.5
    endloop
  endfacet
  facet normal -0.675605 0.737264 0
    outer loop
      vertex 12.8693 -22.8693 1.5
      vertex 11.6987 -23.942 3.3
      vertex 12.8693 -22.8693 3.3
    endloop
  endfacet
  facet normal -0.675605 0.737264 0
    outer loop
      vertex 11.6987 -23.942 3.3
      vertex 12.8693 -22.8693 1.5
      vertex 11.6987 -23.942 1.5
    endloop
  endfacet
  facet normal 0.216469 0.97629 -0
    outer loop
      vertex -3.1604 -27.9235 1.5
      vertex -4.71051 -27.5798 3.3
      vertex -3.1604 -27.9235 3.3
    endloop
  endfacet
  facet normal 0.216469 0.97629 0
    outer loop
      vertex -4.71051 -27.5798 3.3
      vertex -3.1604 -27.9235 1.5
      vertex -4.71051 -27.5798 1.5
    endloop
  endfacet
  facet normal 0.30068 0.953725 -0
    outer loop
      vertex -4.71051 -27.5798 1.5
      vertex -6.22477 -27.1024 3.3
      vertex -4.71051 -27.5798 3.3
    endloop
  endfacet
  facet normal 0.30068 0.953725 0
    outer loop
      vertex -6.22477 -27.1024 3.3
      vertex -4.71051 -27.5798 1.5
      vertex -6.22477 -27.1024 1.5
    endloop
  endfacet
  facet normal -0.99144 -0.130566 0
    outer loop
      vertex 15.6901 -8.6273 0.99
      vertex 15.5107 -7.26504 1.5
      vertex 15.5107 -7.26504 0.99
    endloop
  endfacet
  facet normal -0.99144 -0.130566 0
    outer loop
      vertex 15.5107 -7.26504 1.5
      vertex 15.6901 -8.6273 0.99
      vertex 15.6901 -8.6273 1.5
    endloop
  endfacet
  facet normal -0.999049 -0.0435951 0
    outer loop
      vertex 15.75 -10 0.99
      vertex 15.6901 -8.6273 1.5
      vertex 15.6901 -8.6273 0.99
    endloop
  endfacet
  facet normal -0.999049 -0.0435951 0
    outer loop
      vertex 15.6901 -8.6273 1.5
      vertex 15.75 -10 0.99
      vertex 15.75 -10 1.5
    endloop
  endfacet
  facet normal -0.976294 -0.216446 0
    outer loop
      vertex 15.5107 -7.26504 0.99
      vertex 15.2133 -5.9236 1.5
      vertex 15.2133 -5.9236 0.99
    endloop
  endfacet
  facet normal -0.976294 -0.216446 0
    outer loop
      vertex 15.2133 -5.9236 1.5
      vertex 15.5107 -7.26504 0.99
      vertex 15.5107 -7.26504 1.5
    endloop
  endfacet
  facet normal -0.130566 0.99144 0
    outer loop
      vertex 2.73496 -25.5107 0.99
      vertex 1.3727 -25.6901 1.5
      vertex 2.73496 -25.5107 1.5
    endloop
  endfacet
  facet normal -0.130566 0.99144 0
    outer loop
      vertex 1.3727 -25.6901 1.5
      vertex 2.73496 -25.5107 0.99
      vertex 1.3727 -25.6901 0.99
    endloop
  endfacet
  facet normal -0.300703 -0.953718 0
    outer loop
      vertex 4.0764 5.21333 0.99
      vertex 5.38682 4.80016 1.5
      vertex 4.0764 5.21333 1.5
    endloop
  endfacet
  facet normal -0.300703 -0.953718 -0
    outer loop
      vertex 5.38682 4.80016 1.5
      vertex 4.0764 5.21333 0.99
      vertex 5.38682 4.80016 0.99
    endloop
  endfacet
  facet normal -0.382683 -0.92388 0
    outer loop
      vertex 5.38682 4.80016 0.99
      vertex 6.65624 4.27435 1.5
      vertex 5.38682 4.80016 1.5
    endloop
  endfacet
  facet normal -0.382683 -0.92388 -0
    outer loop
      vertex 6.65624 4.27435 1.5
      vertex 5.38682 4.80016 0.99
      vertex 6.65624 4.27435 0.99
    endloop
  endfacet
  facet normal 0.923854 0.382744 0
    outer loop
      vertex -14.2743 -16.6562 1.5
      vertex -14.8002 -15.3868 0.99
      vertex -14.8002 -15.3868 1.5
    endloop
  endfacet
  facet normal 0.923854 0.382744 0
    outer loop
      vertex -14.8002 -15.3868 0.99
      vertex -14.2743 -16.6562 1.5
      vertex -14.2743 -16.6562 0.99
    endloop
  endfacet
  facet normal -0.21644 -0.976296 0
    outer loop
      vertex 2.73496 5.51072 0.99
      vertex 4.0764 5.21333 1.5
      vertex 2.73496 5.51072 1.5
    endloop
  endfacet
  facet normal -0.21644 -0.976296 -0
    outer loop
      vertex 4.0764 5.21333 1.5
      vertex 2.73496 5.51072 0.99
      vertex 4.0764 5.21333 0.99
    endloop
  endfacet
  facet normal 0.537302 -0.84339 0
    outer loop
      vertex -9.03383 2.90164 0.99
      vertex -7.875 3.6399 1.5
      vertex -9.03383 2.90164 1.5
    endloop
  endfacet
  facet normal 0.537302 -0.84339 0
    outer loop
      vertex -7.875 3.6399 1.5
      vertex -9.03383 2.90164 0.99
      vertex -7.875 3.6399 0.99
    endloop
  endfacet
  facet normal 0.99144 -0.130566 0
    outer loop
      vertex -15.6901 -8.6273 1.5
      vertex -15.5107 -7.26504 0.99
      vertex -15.5107 -7.26504 1.5
    endloop
  endfacet
  facet normal 0.99144 -0.130566 0
    outer loop
      vertex -15.5107 -7.26504 0.99
      vertex -15.6901 -8.6273 1.5
      vertex -15.6901 -8.6273 0.99
    endloop
  endfacet
  facet normal -0.461722 0.887025 0
    outer loop
      vertex 7.875 -23.6399 0.99
      vertex 6.65624 -24.2743 1.5
      vertex 7.875 -23.6399 1.5
    endloop
  endfacet
  facet normal -0.461722 0.887025 0
    outer loop
      vertex 6.65624 -24.2743 1.5
      vertex 7.875 -23.6399 0.99
      vertex 6.65624 -24.2743 0.99
    endloop
  endfacet
  facet normal -0.793376 0.608733 0
    outer loop
      vertex 12.0652 -20.1239 0.99
      vertex 12.9016 -19.0338 1.5
      vertex 12.9016 -19.0338 0.99
    endloop
  endfacet
  facet normal -0.793376 0.608733 0
    outer loop
      vertex 12.9016 -19.0338 1.5
      vertex 12.0652 -20.1239 0.99
      vertex 12.0652 -20.1239 1.5
    endloop
  endfacet
  facet normal 0.13053 -0.991444 0
    outer loop
      vertex -2.73496 5.51072 0.99
      vertex -1.3727 5.69007 1.5
      vertex -2.73496 5.51072 1.5
    endloop
  endfacet
  facet normal 0.13053 -0.991444 0
    outer loop
      vertex -1.3727 5.69007 1.5
      vertex -2.73496 5.51072 0.99
      vertex -1.3727 5.69007 0.99
    endloop
  endfacet
  facet normal -0.537322 0.843377 0
    outer loop
      vertex 9.03383 -22.9016 0.99
      vertex 7.875 -23.6399 1.5
      vertex 9.03383 -22.9016 1.5
    endloop
  endfacet
  facet normal -0.537322 0.843377 0
    outer loop
      vertex 7.875 -23.6399 1.5
      vertex 9.03383 -22.9016 0.99
      vertex 7.875 -23.6399 0.99
    endloop
  endfacet
  facet normal -0.461751 -0.88701 0
    outer loop
      vertex 6.65624 4.27435 0.99
      vertex 7.875 3.6399 1.5
      vertex 6.65624 4.27435 1.5
    endloop
  endfacet
  facet normal -0.461751 -0.88701 -0
    outer loop
      vertex 7.875 3.6399 1.5
      vertex 6.65624 4.27435 0.99
      vertex 7.875 3.6399 0.99
    endloop
  endfacet
  facet normal 0.887031 0.46171 0
    outer loop
      vertex -13.6399 -17.875 1.5
      vertex -14.2743 -16.6562 0.99
      vertex -14.2743 -16.6562 1.5
    endloop
  endfacet
  facet normal 0.887031 0.46171 0
    outer loop
      vertex -14.2743 -16.6562 0.99
      vertex -13.6399 -17.875 1.5
      vertex -13.6399 -17.875 0.99
    endloop
  endfacet
  facet normal 0.953731 0.300661 0
    outer loop
      vertex -14.8002 -15.3868 1.5
      vertex -15.2133 -14.0764 0.99
      vertex -15.2133 -14.0764 1.5
    endloop
  endfacet
  facet normal 0.953731 0.300661 0
    outer loop
      vertex -15.2133 -14.0764 0.99
      vertex -14.8002 -15.3868 1.5
      vertex -14.8002 -15.3868 0.99
    endloop
  endfacet
  facet normal -0.953731 0.300661 0
    outer loop
      vertex 14.8002 -15.3868 0.99
      vertex 15.2133 -14.0764 1.5
      vertex 15.2133 -14.0764 0.99
    endloop
  endfacet
  facet normal -0.953731 0.300661 0
    outer loop
      vertex 15.2133 -14.0764 1.5
      vertex 14.8002 -15.3868 0.99
      vertex 14.8002 -15.3868 1.5
    endloop
  endfacet
  facet normal 0.461751 -0.88701 0
    outer loop
      vertex -7.875 3.6399 0.99
      vertex -6.65624 4.27435 1.5
      vertex -7.875 3.6399 1.5
    endloop
  endfacet
  facet normal 0.461751 -0.88701 0
    outer loop
      vertex -6.65624 4.27435 1.5
      vertex -7.875 3.6399 0.99
      vertex -6.65624 4.27435 0.99
    endloop
  endfacet
  facet normal 0.382683 -0.92388 0
    outer loop
      vertex -6.65624 4.27435 0.99
      vertex -5.38682 4.80016 1.5
      vertex -6.65624 4.27435 1.5
    endloop
  endfacet
  facet normal 0.382683 -0.92388 0
    outer loop
      vertex -5.38682 4.80016 1.5
      vertex -6.65624 4.27435 0.99
      vertex -5.38682 4.80016 0.99
    endloop
  endfacet
  facet normal 0.608761 -0.793353 0
    outer loop
      vertex -10.1239 2.0652 0.99
      vertex -9.03383 2.90164 1.5
      vertex -10.1239 2.0652 1.5
    endloop
  endfacet
  facet normal 0.608761 -0.793353 0
    outer loop
      vertex -9.03383 2.90164 1.5
      vertex -10.1239 2.0652 0.99
      vertex -9.03383 2.90164 0.99
    endloop
  endfacet
  facet normal -0.300657 0.953732 0
    outer loop
      vertex 5.38682 -24.8002 0.99
      vertex 4.0764 -25.2133 1.5
      vertex 5.38682 -24.8002 1.5
    endloop
  endfacet
  facet normal -0.300657 0.953732 0
    outer loop
      vertex 4.0764 -25.2133 1.5
      vertex 5.38682 -24.8002 0.99
      vertex 4.0764 -25.2133 0.99
    endloop
  endfacet
  facet normal 0.300703 -0.953718 0
    outer loop
      vertex -5.38682 4.80016 0.99
      vertex -4.0764 5.21333 1.5
      vertex -5.38682 4.80016 1.5
    endloop
  endfacet
  facet normal 0.300703 -0.953718 0
    outer loop
      vertex -4.0764 5.21333 1.5
      vertex -5.38682 4.80016 0.99
      vertex -4.0764 5.21333 0.99
    endloop
  endfacet
  facet normal -0.843377 -0.537322 0
    outer loop
      vertex 13.6399 -2.125 0.99
      vertex 12.9016 -0.96617 1.5
      vertex 12.9016 -0.96617 0.99
    endloop
  endfacet
  facet normal -0.843377 -0.537322 0
    outer loop
      vertex 12.9016 -0.96617 1.5
      vertex 13.6399 -2.125 0.99
      vertex 13.6399 -2.125 1.5
    endloop
  endfacet
  facet normal 0.99144 0.130562 0
    outer loop
      vertex -15.5107 -12.735 1.5
      vertex -15.6901 -11.3727 0.99
      vertex -15.6901 -11.3727 1.5
    endloop
  endfacet
  facet normal 0.99144 0.130562 0
    outer loop
      vertex -15.6901 -11.3727 0.99
      vertex -15.5107 -12.735 1.5
      vertex -15.5107 -12.735 0.99
    endloop
  endfacet
  facet normal -0.999049 0.0435951 0
    outer loop
      vertex 15.6901 -11.3727 0.99
      vertex 15.75 -10 1.5
      vertex 15.75 -10 0.99
    endloop
  endfacet
  facet normal -0.999049 0.0435951 0
    outer loop
      vertex 15.75 -10 1.5
      vertex 15.6901 -11.3727 0.99
      vertex 15.6901 -11.3727 1.5
    endloop
  endfacet
  facet normal 0.887025 -0.461722 0
    outer loop
      vertex -14.2743 -3.34376 1.5
      vertex -13.6399 -2.125 0.99
      vertex -13.6399 -2.125 1.5
    endloop
  endfacet
  facet normal 0.887025 -0.461722 0
    outer loop
      vertex -13.6399 -2.125 0.99
      vertex -14.2743 -3.34376 1.5
      vertex -14.2743 -3.34376 0.99
    endloop
  endfacet
  facet normal -0.887031 0.46171 0
    outer loop
      vertex 13.6399 -17.875 0.99
      vertex 14.2743 -16.6562 1.5
      vertex 14.2743 -16.6562 0.99
    endloop
  endfacet
  facet normal -0.887031 0.46171 0
    outer loop
      vertex 14.2743 -16.6562 1.5
      vertex 13.6399 -17.875 0.99
      vertex 13.6399 -17.875 1.5
    endloop
  endfacet
  facet normal 0.737265 -0.675603 0
    outer loop
      vertex -12.0652 0.123904 1.5
      vertex -11.1369 1.13693 0.99
      vertex -11.1369 1.13693 1.5
    endloop
  endfacet
  facet normal 0.737265 -0.675603 0
    outer loop
      vertex -11.1369 1.13693 0.99
      vertex -12.0652 0.123904 1.5
      vertex -12.0652 0.123904 0.99
    endloop
  endfacet
  facet normal 0.976293 0.216453 0
    outer loop
      vertex -15.2133 -14.0764 1.5
      vertex -15.5107 -12.735 0.99
      vertex -15.5107 -12.735 1.5
    endloop
  endfacet
  facet normal 0.976293 0.216453 0
    outer loop
      vertex -15.5107 -12.735 0.99
      vertex -15.2133 -14.0764 1.5
      vertex -15.2133 -14.0764 0.99
    endloop
  endfacet
  facet normal 0.999049 -0.0435951 0
    outer loop
      vertex -15.75 -10 1.5
      vertex -15.6901 -8.6273 0.99
      vertex -15.6901 -8.6273 1.5
    endloop
  endfacet
  facet normal 0.999049 -0.0435951 0
    outer loop
      vertex -15.6901 -8.6273 0.99
      vertex -15.75 -10 1.5
      vertex -15.75 -10 0.99
    endloop
  endfacet
  facet normal -0.608761 -0.793353 0
    outer loop
      vertex 9.03383 2.90164 0.99
      vertex 10.1239 2.0652 1.5
      vertex 9.03383 2.90164 1.5
    endloop
  endfacet
  facet normal -0.608761 -0.793353 -0
    outer loop
      vertex 10.1239 2.0652 1.5
      vertex 9.03383 2.90164 0.99
      vertex 10.1239 2.0652 0.99
    endloop
  endfacet
  facet normal -0.537302 -0.84339 0
    outer loop
      vertex 7.875 3.6399 0.99
      vertex 9.03383 2.90164 1.5
      vertex 7.875 3.6399 1.5
    endloop
  endfacet
  facet normal -0.537302 -0.84339 -0
    outer loop
      vertex 9.03383 2.90164 1.5
      vertex 7.875 3.6399 0.99
      vertex 9.03383 2.90164 0.99
    endloop
  endfacet
  facet normal -0.0435951 0.999049 0
    outer loop
      vertex 1.3727 -25.6901 0.99
      vertex 0 -25.75 1.5
      vertex 1.3727 -25.6901 1.5
    endloop
  endfacet
  facet normal -0.0435951 0.999049 0
    outer loop
      vertex 0 -25.75 1.5
      vertex 1.3727 -25.6901 0.99
      vertex 0 -25.75 0.99
    endloop
  endfacet
  facet normal -0.953732 -0.300657 0
    outer loop
      vertex 15.2133 -5.9236 0.99
      vertex 14.8002 -4.61318 1.5
      vertex 14.8002 -4.61318 0.99
    endloop
  endfacet
  facet normal -0.953732 -0.300657 0
    outer loop
      vertex 14.8002 -4.61318 1.5
      vertex 15.2133 -5.9236 0.99
      vertex 15.2133 -5.9236 1.5
    endloop
  endfacet
  facet normal -0.843371 0.537332 0
    outer loop
      vertex 12.9016 -19.0338 0.99
      vertex 13.6399 -17.875 1.5
      vertex 13.6399 -17.875 0.99
    endloop
  endfacet
  facet normal -0.843371 0.537332 0
    outer loop
      vertex 13.6399 -17.875 1.5
      vertex 12.9016 -19.0338 0.99
      vertex 12.9016 -19.0338 1.5
    endloop
  endfacet
  facet normal -0.923854 0.382744 0
    outer loop
      vertex 14.2743 -16.6562 0.99
      vertex 14.8002 -15.3868 1.5
      vertex 14.8002 -15.3868 0.99
    endloop
  endfacet
  facet normal -0.923854 0.382744 0
    outer loop
      vertex 14.8002 -15.3868 1.5
      vertex 14.2743 -16.6562 0.99
      vertex 14.2743 -16.6562 1.5
    endloop
  endfacet
  facet normal -0.13053 -0.991444 0
    outer loop
      vertex 1.3727 5.69007 0.99
      vertex 2.73496 5.51072 1.5
      vertex 1.3727 5.69007 1.5
    endloop
  endfacet
  facet normal -0.13053 -0.991444 -0
    outer loop
      vertex 2.73496 5.51072 1.5
      vertex 1.3727 5.69007 0.99
      vertex 2.73496 5.51072 0.99
    endloop
  endfacet
  facet normal -0.675601 -0.737268 0
    outer loop
      vertex 10.1239 2.0652 0.99
      vertex 11.1369 1.13693 1.5
      vertex 10.1239 2.0652 1.5
    endloop
  endfacet
  facet normal -0.675601 -0.737268 -0
    outer loop
      vertex 11.1369 1.13693 1.5
      vertex 10.1239 2.0652 0.99
      vertex 11.1369 1.13693 0.99
    endloop
  endfacet
  facet normal 0.608743 0.793367 -0
    outer loop
      vertex -9.03383 -22.9016 0.99
      vertex -10.1239 -22.0652 1.5
      vertex -9.03383 -22.9016 1.5
    endloop
  endfacet
  facet normal 0.608743 0.793367 0
    outer loop
      vertex -10.1239 -22.0652 1.5
      vertex -9.03383 -22.9016 0.99
      vertex -10.1239 -22.0652 0.99
    endloop
  endfacet
  facet normal 0.675613 0.737257 -0
    outer loop
      vertex -10.1239 -22.0652 0.99
      vertex -11.1369 -21.1369 1.5
      vertex -10.1239 -22.0652 1.5
    endloop
  endfacet
  facet normal 0.675613 0.737257 0
    outer loop
      vertex -11.1369 -21.1369 1.5
      vertex -10.1239 -22.0652 0.99
      vertex -11.1369 -21.1369 0.99
    endloop
  endfacet
  facet normal -0.923857 -0.382739 0
    outer loop
      vertex 14.8002 -4.61318 0.99
      vertex 14.2743 -3.34376 1.5
      vertex 14.2743 -3.34376 0.99
    endloop
  endfacet
  facet normal -0.923857 -0.382739 0
    outer loop
      vertex 14.2743 -3.34376 1.5
      vertex 14.8002 -4.61318 0.99
      vertex 14.8002 -4.61318 1.5
    endloop
  endfacet
  facet normal 0.461722 0.887025 -0
    outer loop
      vertex -6.65624 -24.2743 0.99
      vertex -7.875 -23.6399 1.5
      vertex -6.65624 -24.2743 1.5
    endloop
  endfacet
  facet normal 0.461722 0.887025 0
    outer loop
      vertex -7.875 -23.6399 1.5
      vertex -6.65624 -24.2743 0.99
      vertex -7.875 -23.6399 0.99
    endloop
  endfacet
  facet normal -0.887025 -0.461722 0
    outer loop
      vertex 14.2743 -3.34376 0.99
      vertex 13.6399 -2.125 1.5
      vertex 13.6399 -2.125 0.99
    endloop
  endfacet
  facet normal -0.887025 -0.461722 0
    outer loop
      vertex 13.6399 -2.125 1.5
      vertex 14.2743 -3.34376 0.99
      vertex 14.2743 -3.34376 1.5
    endloop
  endfacet
  facet normal 0.675601 -0.737268 0
    outer loop
      vertex -11.1369 1.13693 0.99
      vertex -10.1239 2.0652 1.5
      vertex -11.1369 1.13693 1.5
    endloop
  endfacet
  facet normal 0.675601 -0.737268 0
    outer loop
      vertex -10.1239 2.0652 1.5
      vertex -11.1369 1.13693 0.99
      vertex -10.1239 2.0652 0.99
    endloop
  endfacet
  facet normal 0.21644 -0.976296 0
    outer loop
      vertex -4.0764 5.21333 0.99
      vertex -2.73496 5.51072 1.5
      vertex -4.0764 5.21333 1.5
    endloop
  endfacet
  facet normal 0.21644 -0.976296 0
    outer loop
      vertex -2.73496 5.51072 1.5
      vertex -4.0764 5.21333 0.99
      vertex -2.73496 5.51072 0.99
    endloop
  endfacet
  facet normal -0.608743 0.793367 0
    outer loop
      vertex 10.1239 -22.0652 0.99
      vertex 9.03383 -22.9016 1.5
      vertex 10.1239 -22.0652 1.5
    endloop
  endfacet
  facet normal -0.608743 0.793367 0
    outer loop
      vertex 9.03383 -22.9016 1.5
      vertex 10.1239 -22.0652 0.99
      vertex 9.03383 -22.9016 0.99
    endloop
  endfacet
  facet normal 0.843377 -0.537322 0
    outer loop
      vertex -13.6399 -2.125 1.5
      vertex -12.9016 -0.96617 0.99
      vertex -12.9016 -0.96617 1.5
    endloop
  endfacet
  facet normal 0.843377 -0.537322 0
    outer loop
      vertex -12.9016 -0.96617 0.99
      vertex -13.6399 -2.125 1.5
      vertex -13.6399 -2.125 0.99
    endloop
  endfacet
  facet normal 0.0436169 -0.999048 0
    outer loop
      vertex -1.3727 5.69007 0.99
      vertex 0 5.75 1.5
      vertex -1.3727 5.69007 1.5
    endloop
  endfacet
  facet normal 0.0436169 -0.999048 0
    outer loop
      vertex 0 5.75 1.5
      vertex -1.3727 5.69007 0.99
      vertex 0 5.75 0.99
    endloop
  endfacet
  facet normal 0.737257 0.675613 0
    outer loop
      vertex -11.1369 -21.1369 1.5
      vertex -12.0652 -20.1239 0.99
      vertex -12.0652 -20.1239 1.5
    endloop
  endfacet
  facet normal 0.737257 0.675613 0
    outer loop
      vertex -12.0652 -20.1239 0.99
      vertex -11.1369 -21.1369 1.5
      vertex -11.1369 -21.1369 0.99
    endloop
  endfacet
  facet normal 0.216446 0.976294 -0
    outer loop
      vertex -2.73496 -25.5107 0.99
      vertex -4.0764 -25.2133 1.5
      vertex -2.73496 -25.5107 1.5
    endloop
  endfacet
  facet normal 0.216446 0.976294 0
    outer loop
      vertex -4.0764 -25.2133 1.5
      vertex -2.73496 -25.5107 0.99
      vertex -4.0764 -25.2133 0.99
    endloop
  endfacet
  facet normal 0.793369 -0.608742 0
    outer loop
      vertex -12.9016 -0.96617 1.5
      vertex -12.0652 0.123904 0.99
      vertex -12.0652 0.123904 1.5
    endloop
  endfacet
  facet normal 0.793369 -0.608742 0
    outer loop
      vertex -12.0652 0.123904 0.99
      vertex -12.9016 -0.96617 1.5
      vertex -12.9016 -0.96617 0.99
    endloop
  endfacet
  facet normal 0.793376 0.608733 0
    outer loop
      vertex -12.0652 -20.1239 1.5
      vertex -12.9016 -19.0338 0.99
      vertex -12.9016 -19.0338 1.5
    endloop
  endfacet
  facet normal 0.793376 0.608733 0
    outer loop
      vertex -12.9016 -19.0338 0.99
      vertex -12.0652 -20.1239 1.5
      vertex -12.0652 -20.1239 0.99
    endloop
  endfacet
  facet normal -0.382739 0.923857 0
    outer loop
      vertex 6.65624 -24.2743 0.99
      vertex 5.38682 -24.8002 1.5
      vertex 6.65624 -24.2743 1.5
    endloop
  endfacet
  facet normal -0.382739 0.923857 0
    outer loop
      vertex 5.38682 -24.8002 1.5
      vertex 6.65624 -24.2743 0.99
      vertex 5.38682 -24.8002 0.99
    endloop
  endfacet
  facet normal 0.999049 0.0435951 0
    outer loop
      vertex -15.6901 -11.3727 1.5
      vertex -15.75 -10 0.99
      vertex -15.75 -10 1.5
    endloop
  endfacet
  facet normal 0.999049 0.0435951 0
    outer loop
      vertex -15.75 -10 0.99
      vertex -15.6901 -11.3727 1.5
      vertex -15.6901 -11.3727 0.99
    endloop
  endfacet
  facet normal -0.0436169 -0.999048 0
    outer loop
      vertex 0 5.75 0.99
      vertex 1.3727 5.69007 1.5
      vertex 0 5.75 1.5
    endloop
  endfacet
  facet normal -0.0436169 -0.999048 -0
    outer loop
      vertex 1.3727 5.69007 1.5
      vertex 0 5.75 0.99
      vertex 1.3727 5.69007 0.99
    endloop
  endfacet
  facet normal -0.976293 0.216453 0
    outer loop
      vertex 15.2133 -14.0764 0.99
      vertex 15.5107 -12.735 1.5
      vertex 15.5107 -12.735 0.99
    endloop
  endfacet
  facet normal -0.976293 0.216453 0
    outer loop
      vertex 15.5107 -12.735 1.5
      vertex 15.2133 -14.0764 0.99
      vertex 15.2133 -14.0764 1.5
    endloop
  endfacet
  facet normal 0.976294 -0.216446 0
    outer loop
      vertex -15.5107 -7.26504 1.5
      vertex -15.2133 -5.9236 0.99
      vertex -15.2133 -5.9236 1.5
    endloop
  endfacet
  facet normal 0.976294 -0.216446 0
    outer loop
      vertex -15.2133 -5.9236 0.99
      vertex -15.5107 -7.26504 1.5
      vertex -15.5107 -7.26504 0.99
    endloop
  endfacet
  facet normal 0.923857 -0.382739 0
    outer loop
      vertex -14.8002 -4.61318 1.5
      vertex -14.2743 -3.34376 0.99
      vertex -14.2743 -3.34376 1.5
    endloop
  endfacet
  facet normal 0.923857 -0.382739 0
    outer loop
      vertex -14.2743 -3.34376 0.99
      vertex -14.8002 -4.61318 1.5
      vertex -14.8002 -4.61318 0.99
    endloop
  endfacet
  facet normal 0.953732 -0.300657 0
    outer loop
      vertex -15.2133 -5.9236 1.5
      vertex -14.8002 -4.61318 0.99
      vertex -14.8002 -4.61318 1.5
    endloop
  endfacet
  facet normal 0.953732 -0.300657 0
    outer loop
      vertex -14.8002 -4.61318 0.99
      vertex -15.2133 -5.9236 1.5
      vertex -15.2133 -5.9236 0.99
    endloop
  endfacet
  facet normal -0.793369 -0.608742 0
    outer loop
      vertex 12.9016 -0.96617 0.99
      vertex 12.0652 0.123904 1.5
      vertex 12.0652 0.123904 0.99
    endloop
  endfacet
  facet normal -0.793369 -0.608742 0
    outer loop
      vertex 12.0652 0.123904 1.5
      vertex 12.9016 -0.96617 0.99
      vertex 12.9016 -0.96617 1.5
    endloop
  endfacet
  facet normal 0.843371 0.537332 0
    outer loop
      vertex -12.9016 -19.0338 1.5
      vertex -13.6399 -17.875 0.99
      vertex -13.6399 -17.875 1.5
    endloop
  endfacet
  facet normal 0.843371 0.537332 0
    outer loop
      vertex -13.6399 -17.875 0.99
      vertex -12.9016 -19.0338 1.5
      vertex -12.9016 -19.0338 0.99
    endloop
  endfacet
  facet normal 0.0435951 0.999049 -0
    outer loop
      vertex 0 -25.75 0.99
      vertex -1.3727 -25.6901 1.5
      vertex 0 -25.75 1.5
    endloop
  endfacet
  facet normal 0.0435951 0.999049 0
    outer loop
      vertex -1.3727 -25.6901 1.5
      vertex 0 -25.75 0.99
      vertex -1.3727 -25.6901 0.99
    endloop
  endfacet
  facet normal 0.130566 0.99144 -0
    outer loop
      vertex -1.3727 -25.6901 0.99
      vertex -2.73496 -25.5107 1.5
      vertex -1.3727 -25.6901 1.5
    endloop
  endfacet
  facet normal 0.130566 0.99144 0
    outer loop
      vertex -2.73496 -25.5107 1.5
      vertex -1.3727 -25.6901 0.99
      vertex -2.73496 -25.5107 0.99
    endloop
  endfacet
  facet normal 0.382739 0.923857 -0
    outer loop
      vertex -5.38682 -24.8002 0.99
      vertex -6.65624 -24.2743 1.5
      vertex -5.38682 -24.8002 1.5
    endloop
  endfacet
  facet normal 0.382739 0.923857 0
    outer loop
      vertex -6.65624 -24.2743 1.5
      vertex -5.38682 -24.8002 0.99
      vertex -6.65624 -24.2743 0.99
    endloop
  endfacet
  facet normal 0.300657 0.953732 -0
    outer loop
      vertex -4.0764 -25.2133 0.99
      vertex -5.38682 -24.8002 1.5
      vertex -4.0764 -25.2133 1.5
    endloop
  endfacet
  facet normal 0.300657 0.953732 0
    outer loop
      vertex -5.38682 -24.8002 1.5
      vertex -4.0764 -25.2133 0.99
      vertex -5.38682 -24.8002 0.99
    endloop
  endfacet
  facet normal -0.737257 0.675613 0
    outer loop
      vertex 11.1369 -21.1369 0.99
      vertex 12.0652 -20.1239 1.5
      vertex 12.0652 -20.1239 0.99
    endloop
  endfacet
  facet normal -0.737257 0.675613 0
    outer loop
      vertex 12.0652 -20.1239 1.5
      vertex 11.1369 -21.1369 0.99
      vertex 11.1369 -21.1369 1.5
    endloop
  endfacet
  facet normal -0.99144 0.130562 0
    outer loop
      vertex 15.5107 -12.735 0.99
      vertex 15.6901 -11.3727 1.5
      vertex 15.6901 -11.3727 0.99
    endloop
  endfacet
  facet normal -0.99144 0.130562 0
    outer loop
      vertex 15.6901 -11.3727 1.5
      vertex 15.5107 -12.735 0.99
      vertex 15.5107 -12.735 1.5
    endloop
  endfacet
  facet normal -0.216446 0.976294 0
    outer loop
      vertex 4.0764 -25.2133 0.99
      vertex 2.73496 -25.5107 1.5
      vertex 4.0764 -25.2133 1.5
    endloop
  endfacet
  facet normal -0.216446 0.976294 0
    outer loop
      vertex 2.73496 -25.5107 1.5
      vertex 4.0764 -25.2133 0.99
      vertex 2.73496 -25.5107 0.99
    endloop
  endfacet
  facet normal -0.675613 0.737257 0
    outer loop
      vertex 11.1369 -21.1369 0.99
      vertex 10.1239 -22.0652 1.5
      vertex 11.1369 -21.1369 1.5
    endloop
  endfacet
  facet normal -0.675613 0.737257 0
    outer loop
      vertex 10.1239 -22.0652 1.5
      vertex 11.1369 -21.1369 0.99
      vertex 10.1239 -22.0652 0.99
    endloop
  endfacet
  facet normal -0.737265 -0.675603 0
    outer loop
      vertex 12.0652 0.123904 0.99
      vertex 11.1369 1.13693 1.5
      vertex 11.1369 1.13693 0.99
    endloop
  endfacet
  facet normal -0.737265 -0.675603 0
    outer loop
      vertex 11.1369 1.13693 1.5
      vertex 12.0652 0.123904 0.99
      vertex 12.0652 0.123904 1.5
    endloop
  endfacet
  facet normal 0.537322 0.843377 -0
    outer loop
      vertex -7.875 -23.6399 0.99
      vertex -9.03383 -22.9016 1.5
      vertex -7.875 -23.6399 1.5
    endloop
  endfacet
  facet normal 0.537322 0.843377 0
    outer loop
      vertex -9.03383 -22.9016 1.5
      vertex -7.875 -23.6399 0.99
      vertex -9.03383 -22.9016 0.99
    endloop
  endfacet
  facet normal -0.70677 -0.0308576 -0.70677
    outer loop
      vertex 16.6769 -8.55474 0
      vertex 16.74 -10 0
      vertex 15.75 -10 0.99
    endloop
  endfacet
  facet normal 0.596636 -0.380111 -0.706782
    outer loop
      vertex -13.7126 -0.39833 0
      vertex -12.9016 -0.96617 0.99
      vertex -14.4899 -1.61841 0
    endloop
  endfacet
  facet normal 0.653577 -0.270718 -0.706788
    outer loop
      vertex -15.1716 -2.92537 0
      vertex -14.2743 -3.34376 0.99
      vertex -15.7252 -4.26189 0
    endloop
  endfacet
  facet normal -0.0923298 0.701404 -0.706759
    outer loop
      vertex 2.89325 -26.4875 0
      vertex 1.45899 -26.6763 0
      vertex 1.3727 -25.6901 0.99
    endloop
  endfacet
  facet normal -0.674702 -0.212725 -0.706771
    outer loop
      vertex 15.7305 -4.27458 0
      vertex 16.1655 -5.65427 0
      vertex 14.8002 -4.61318 0.99
    endloop
  endfacet
  facet normal -0.690652 -0.153119 -0.706791
    outer loop
      vertex 15.2133 -5.9236 0.99
      vertex 16.1726 -5.68078 0
      vertex 15.5107 -7.26504 0.99
    endloop
  endfacet
  facet normal -0.690339 -0.154438 -0.706811
    outer loop
      vertex 16.1726 -5.68078 0
      vertex 15.2133 -5.9236 0.99
      vertex 16.1696 -5.66737 0
    endloop
  endfacet
  facet normal 0.627523 -0.326644 -0.706766
    outer loop
      vertex -14.5036 -1.64219 0
      vertex -13.6399 -2.125 0.99
      vertex -14.2743 -3.34376 0.99
    endloop
  endfacet
  facet normal 0.628505 -0.324822 -0.706734
    outer loop
      vertex -13.6399 -2.125 0.99
      vertex -14.5036 -1.64219 0
      vertex -14.4973 -1.63 0
    endloop
  endfacet
  facet normal 0.59663 0.3801 -0.706793
    outer loop
      vertex -12.9016 -19.0338 0.99
      vertex -13.7126 -19.6017 0
      vertex -14.4899 -18.3816 0
    endloop
  endfacet
  facet normal 0.270445 -0.653704 -0.706775
    outer loop
      vertex -5.38682 4.80016 0.99
      vertex -5.73811 5.7252 0
      vertex -5.72542 5.73045 0
    endloop
  endfacet
  facet normal 0.270726 -0.653592 -0.70677
    outer loop
      vertex -5.73811 5.7252 0
      vertex -5.38682 4.80016 0.99
      vertex -6.65624 4.27435 0.99
    endloop
  endfacet
  facet normal 0.0923298 0.701404 -0.706759
    outer loop
      vertex -1.3727 -25.6901 0.99
      vertex -1.45899 -26.6763 0
      vertex -2.89325 -26.4875 0
    endloop
  endfacet
  facet normal -0.65291 0.272474 -0.706729
    outer loop
      vertex 15.7252 -15.7381 0
      vertex 14.8002 -15.3868 0.99
      vertex 15.7305 -15.7254 0
    endloop
  endfacet
  facet normal -0.653586 0.270774 -0.706758
    outer loop
      vertex 14.8002 -15.3868 0.99
      vertex 15.7252 -15.7381 0
      vertex 14.2743 -16.6562 0.99
    endloop
  endfacet
  facet normal -0.326431 -0.627634 -0.706766
    outer loop
      vertex 7.875 3.6399 0.99
      vertex 8.35781 4.50361 0
      vertex 8.37 4.49727 0
    endloop
  endfacet
  facet normal -0.326663 -0.627509 -0.70677
    outer loop
      vertex 8.35781 4.50361 0
      vertex 7.875 3.6399 0.99
      vertex 6.65624 4.27435 0.99
    endloop
  endfacet
  facet normal -0.270726 -0.653592 -0.70677
    outer loop
      vertex 5.38682 4.80016 0.99
      vertex 5.73811 5.7252 0
      vertex 6.65624 4.27435 0.99
    endloop
  endfacet
  facet normal -0.270445 -0.653704 -0.706775
    outer loop
      vertex 5.73811 5.7252 0
      vertex 5.38682 4.80016 0.99
      vertex 5.72542 5.73045 0
    endloop
  endfacet
  facet normal -0.653574 0.270721 -0.706789
    outer loop
      vertex 15.7252 -15.7381 0
      vertex 15.1716 -17.0746 0
      vertex 14.2743 -16.6562 0.99
    endloop
  endfacet
  facet normal -0.701406 0.0921555 -0.70678
    outer loop
      vertex 15.5107 -12.735 0.99
      vertex 16.4875 -12.8932 0
      vertex 16.4857 -12.9069 0
    endloop
  endfacet
  facet normal -0.701375 0.0923634 -0.706783
    outer loop
      vertex 16.4875 -12.8932 0
      vertex 15.5107 -12.735 0.99
      vertex 15.6901 -11.3727 0.99
    endloop
  endfacet
  facet normal -0.706775 0.0309537 -0.706761
    outer loop
      vertex 15.6901 -11.3727 0.99
      vertex 16.6769 -11.4453 0
      vertex 16.6763 -11.459 0
    endloop
  endfacet
  facet normal -0.706782 0.0308416 -0.706759
    outer loop
      vertex 16.6769 -11.4453 0
      vertex 15.6901 -11.3727 0.99
      vertex 15.75 -10 0.99
    endloop
  endfacet
  facet normal 0.153111 0.690662 -0.706784
    outer loop
      vertex -2.73496 -25.5107 0.99
      vertex -2.90687 -26.4857 0
      vertex -4.31922 -26.1726 0
    endloop
  endfacet
  facet normal -0.561263 -0.430644 -0.706774
    outer loop
      vertex 12.8236 0.760265 0
      vertex 13.7042 -0.38743 0
      vertex 12.0652 0.123904 0.99
    endloop
  endfacet
  facet normal -0.627492 0.326656 -0.706789
    outer loop
      vertex 15.1716 -17.0746 0
      vertex 14.5036 -18.3578 0
      vertex 14.2743 -16.6562 0.99
    endloop
  endfacet
  facet normal -0.675111 0.211294 -0.70681
    outer loop
      vertex 16.1655 -14.3457 0
      vertex 15.2133 -14.0764 0.99
      vertex 16.1696 -14.3326 0
    endloop
  endfacet
  facet normal -0.674693 0.212695 -0.706789
    outer loop
      vertex 15.2133 -14.0764 0.99
      vertex 16.1655 -14.3457 0
      vertex 14.8002 -15.3868 0.99
    endloop
  endfacet
  facet normal 0.211293 0.675108 -0.706813
    outer loop
      vertex -4.34573 -26.1655 0
      vertex -4.0764 -25.2133 0.99
      vertex -4.33263 -26.1696 0
    endloop
  endfacet
  facet normal 0.212691 0.67469 -0.706792
    outer loop
      vertex -4.0764 -25.2133 0.99
      vertex -4.34573 -26.1655 0
      vertex -5.38682 -24.8002 0.99
    endloop
  endfacet
  facet normal -0.706782 -0.0308416 -0.706758
    outer loop
      vertex 15.6901 -8.6273 0.99
      vertex 16.6769 -8.55474 0
      vertex 15.75 -10 0.99
    endloop
  endfacet
  facet normal -0.70678 -0.0308862 -0.706759
    outer loop
      vertex 16.6769 -8.55474 0
      vertex 15.6901 -8.6273 0.99
      vertex 16.6763 -8.54101 0
    endloop
  endfacet
  facet normal 0.27073 -0.653593 -0.706768
    outer loop
      vertex -5.73811 5.7252 0
      vertex -6.65624 4.27435 0.99
      vertex -7.07463 5.17159 0
    endloop
  endfacet
  facet normal -0.674702 0.212724 -0.706771
    outer loop
      vertex 16.1655 -14.3457 0
      vertex 15.7305 -15.7254 0
      vertex 14.8002 -15.3868 0.99
    endloop
  endfacet
  facet normal 0.430652 -0.561252 -0.706777
    outer loop
      vertex -9.61257 3.70424 0
      vertex -10.1239 2.0652 0.99
      vertex -10.7603 2.82358 0
    endloop
  endfacet
  facet normal -0.627491 -0.32666 -0.706787
    outer loop
      vertex 14.5036 -1.64219 0
      vertex 15.1716 -2.92537 0
      vertex 14.2743 -3.34376 0.99
    endloop
  endfacet
  facet normal -0.212735 -0.674702 -0.706768
    outer loop
      vertex 5.72542 5.73045 0
      vertex 5.38682 4.80016 0.99
      vertex 4.34573 6.16547 0
    endloop
  endfacet
  facet normal -0.430664 -0.561252 -0.706771
    outer loop
      vertex 9.03383 2.90164 0.99
      vertex 9.61257 3.70424 0
      vertex 10.1239 2.0652 0.99
    endloop
  endfacet
  facet normal -0.430865 -0.561102 -0.706767
    outer loop
      vertex 9.61257 3.70424 0
      vertex 9.03383 2.90164 0.99
      vertex 9.60167 3.71261 0
    endloop
  endfacet
  facet normal 0.0308576 0.70677 -0.70677
    outer loop
      vertex 0 -25.75 0.99
      vertex 0 -26.74 0
      vertex -1.44526 -26.6769 0
    endloop
  endfacet
  facet normal -0.476109 -0.52331 -0.706729
    outer loop
      vertex 11.1369 1.13693 0.99
      vertex 11.8268 1.84625 0
      vertex 11.837 1.83697 0
    endloop
  endfacet
  facet normal -0.47795 -0.521576 -0.706769
    outer loop
      vertex 11.8268 1.84625 0
      vertex 11.1369 1.13693 0.99
      vertex 10.1239 2.0652 0.99
    endloop
  endfacet
  facet normal -0.430652 -0.561252 -0.706777
    outer loop
      vertex 10.7603 2.82358 0
      vertex 10.1239 2.0652 0.99
      vertex 9.61257 3.70424 0
    endloop
  endfacet
  facet normal -0.21273 -0.6747 -0.706771
    outer loop
      vertex 4.0764 5.21333 0.99
      vertex 4.34573 6.16547 0
      vertex 5.38682 4.80016 0.99
    endloop
  endfacet
  facet normal -0.212712 -0.674705 -0.706772
    outer loop
      vertex 4.34573 6.16547 0
      vertex 4.0764 5.21333 0.99
      vertex 4.33263 6.1696 0
    endloop
  endfacet
  facet normal -0.701371 -0.0923655 -0.706787
    outer loop
      vertex 15.5107 -7.26504 0.99
      vertex 16.4875 -7.10675 0
      vertex 15.6901 -8.6273 0.99
    endloop
  endfacet
  facet normal -0.701323 -0.0926859 -0.706792
    outer loop
      vertex 16.4875 -7.10675 0
      vertex 15.5107 -7.26504 0.99
      vertex 16.4857 -7.09313 0
    endloop
  endfacet
  facet normal 0.653589 -0.270771 -0.706756
    outer loop
      vertex -14.8002 -4.61318 0.99
      vertex -15.7252 -4.26189 0
      vertex -14.2743 -3.34376 0.99
    endloop
  endfacet
  facet normal 0.652838 -0.272659 -0.706725
    outer loop
      vertex -15.7252 -4.26189 0
      vertex -14.8002 -4.61318 0.99
      vertex -15.7305 -4.27458 0
    endloop
  endfacet
  facet normal 0.674702 0.212724 -0.706771
    outer loop
      vertex -14.8002 -15.3868 0.99
      vertex -15.7305 -15.7254 0
      vertex -16.1655 -14.3457 0
    endloop
  endfacet
  facet normal 0.596637 -0.380122 -0.706775
    outer loop
      vertex -13.6399 -2.125 0.99
      vertex -14.4899 -1.61841 0
      vertex -12.9016 -0.96617 0.99
    endloop
  endfacet
  facet normal 0.596274 -0.38071 -0.706765
    outer loop
      vertex -14.4899 -1.61841 0
      vertex -13.6399 -2.125 0.99
      vertex -14.4973 -1.63 0
    endloop
  endfacet
  facet normal -0.154438 0.690339 -0.706811
    outer loop
      vertex 4.31922 -26.1726 0
      vertex 4.0764 -25.2133 0.99
      vertex 4.33263 -26.1696 0
    endloop
  endfacet
  facet normal -0.153119 0.690652 -0.706791
    outer loop
      vertex 4.0764 -25.2133 0.99
      vertex 4.31922 -26.1726 0
      vertex 2.73496 -25.5107 0.99
    endloop
  endfacet
  facet normal 0.153119 0.690652 -0.706791
    outer loop
      vertex -4.31922 -26.1726 0
      vertex -4.0764 -25.2133 0.99
      vertex -2.73496 -25.5107 0.99
    endloop
  endfacet
  facet normal 0.154438 0.690339 -0.706811
    outer loop
      vertex -4.0764 -25.2133 0.99
      vertex -4.31922 -26.1726 0
      vertex -4.33263 -26.1696 0
    endloop
  endfacet
  facet normal 0.0308565 -0.706771 -0.706769
    outer loop
      vertex -1.3727 5.69007 0.99
      vertex -1.44526 6.6769 0
      vertex 0 5.75 0.99
    endloop
  endfacet
  facet normal 0.0308858 -0.706769 -0.70677
    outer loop
      vertex -1.44526 6.6769 0
      vertex -1.3727 5.69007 0.99
      vertex -1.45899 6.6763 0
    endloop
  endfacet
  facet normal -0.521576 -0.477953 -0.706766
    outer loop
      vertex 11.1369 1.13693 0.99
      vertex 11.8462 1.82684 0
      vertex 12.0652 0.123904 0.99
    endloop
  endfacet
  facet normal -0.52374 -0.475657 -0.706716
    outer loop
      vertex 11.8462 1.82684 0
      vertex 11.1369 1.13693 0.99
      vertex 11.837 1.83697 0
    endloop
  endfacet
  facet normal -0.596636 -0.380111 -0.706782
    outer loop
      vertex 13.7126 -0.39833 0
      vertex 14.4899 -1.61841 0
      vertex 12.9016 -0.96617 0.99
    endloop
  endfacet
  facet normal -0.653577 -0.270718 -0.706788
    outer loop
      vertex 15.1716 -2.92537 0
      vertex 15.7252 -4.26189 0
      vertex 14.2743 -3.34376 0.99
    endloop
  endfacet
  facet normal -0.0921831 -0.701415 -0.706767
    outer loop
      vertex 2.73496 5.51072 0.99
      vertex 2.89325 6.48747 0
      vertex 2.90687 6.48568 0
    endloop
  endfacet
  facet normal -0.0923426 -0.701392 -0.706769
    outer loop
      vertex 2.89325 6.48747 0
      vertex 2.73496 5.51072 0.99
      vertex 1.3727 5.69007 0.99
    endloop
  endfacet
  facet normal 0.0308576 -0.70677 -0.70677
    outer loop
      vertex 0 6.74 0
      vertex 0 5.75 0.99
      vertex -1.44526 6.6769 0
    endloop
  endfacet
  facet normal -0.70677 0.0308567 -0.70677
    outer loop
      vertex 16.74 -10 0
      vertex 16.6769 -11.4453 0
      vertex 15.75 -10 0.99
    endloop
  endfacet
  facet normal -0.324822 0.628505 -0.706734
    outer loop
      vertex 8.35781 -24.5036 0
      vertex 7.875 -23.6399 0.99
      vertex 8.37 -24.4973 0
    endloop
  endfacet
  facet normal -0.326644 0.627523 -0.706766
    outer loop
      vertex 7.875 -23.6399 0.99
      vertex 8.35781 -24.5036 0
      vertex 6.65624 -24.2743 0.99
    endloop
  endfacet
  facet normal 0.521563 -0.477956 -0.706774
    outer loop
      vertex -11.8462 1.82684 0
      vertex -12.0652 0.123904 0.99
      vertex -12.8236 0.760265 0
    endloop
  endfacet
  facet normal -0.477953 -0.521561 -0.706778
    outer loop
      vertex 10.7603 2.82358 0
      vertex 11.8268 1.84625 0
      vertex 10.1239 2.0652 0.99
    endloop
  endfacet
  facet normal 0.701406 0.0921555 -0.70678
    outer loop
      vertex -16.4875 -12.8932 0
      vertex -15.5107 -12.735 0.99
      vertex -16.4857 -12.9069 0
    endloop
  endfacet
  facet normal 0.701375 0.0923634 -0.706783
    outer loop
      vertex -15.5107 -12.735 0.99
      vertex -16.4875 -12.8932 0
      vertex -15.6901 -11.3727 0.99
    endloop
  endfacet
  facet normal 0.326644 0.627523 -0.706766
    outer loop
      vertex -8.35781 -24.5036 0
      vertex -7.875 -23.6399 0.99
      vertex -6.65624 -24.2743 0.99
    endloop
  endfacet
  facet normal 0.324822 0.628505 -0.706734
    outer loop
      vertex -7.875 -23.6399 0.99
      vertex -8.35781 -24.5036 0
      vertex -8.37 -24.4973 0
    endloop
  endfacet
  facet normal 0.326663 -0.627509 -0.70677
    outer loop
      vertex -7.875 3.6399 0.99
      vertex -8.35781 4.50361 0
      vertex -6.65624 4.27435 0.99
    endloop
  endfacet
  facet normal 0.326431 -0.627634 -0.706766
    outer loop
      vertex -8.35781 4.50361 0
      vertex -7.875 3.6399 0.99
      vertex -8.37 4.49727 0
    endloop
  endfacet
  facet normal -0.430631 0.561262 -0.706783
    outer loop
      vertex 10.1239 -22.0652 0.99
      vertex 10.7603 -22.8236 0
      vertex 9.61257 -23.7042 0
    endloop
  endfacet
  facet normal 0.561263 -0.430644 -0.706774
    outer loop
      vertex -12.8236 0.760265 0
      vertex -12.0652 0.123904 0.99
      vertex -13.7042 -0.38743 0
    endloop
  endfacet
  facet normal -0.690661 0.153116 -0.706783
    outer loop
      vertex 16.4857 -12.9069 0
      vertex 16.1726 -14.3192 0
      vertex 15.5107 -12.735 0.99
    endloop
  endfacet
  facet normal -0.701403 0.0923336 -0.706759
    outer loop
      vertex 16.6763 -11.459 0
      vertex 16.4875 -12.8932 0
      vertex 15.6901 -11.3727 0.99
    endloop
  endfacet
  facet normal 0.690652 -0.153119 -0.706791
    outer loop
      vertex -16.1726 -5.68078 0
      vertex -15.2133 -5.9236 0.99
      vertex -15.5107 -7.26504 0.99
    endloop
  endfacet
  facet normal 0.690339 -0.154438 -0.706811
    outer loop
      vertex -15.2133 -5.9236 0.99
      vertex -16.1726 -5.68078 0
      vertex -16.1696 -5.66737 0
    endloop
  endfacet
  facet normal -0.431846 0.560371 -0.706748
    outer loop
      vertex 9.03383 -22.9016 0.99
      vertex 9.61257 -23.7042 0
      vertex 9.60167 -23.7126 0
    endloop
  endfacet
  facet normal -0.430651 0.561262 -0.706771
    outer loop
      vertex 9.61257 -23.7042 0
      vertex 9.03383 -22.9016 0.99
      vertex 10.1239 -22.0652 0.99
    endloop
  endfacet
  facet normal -0.701404 -0.0923298 -0.706759
    outer loop
      vertex 16.4875 -7.10675 0
      vertex 16.6763 -8.54101 0
      vertex 15.6901 -8.6273 0.99
    endloop
  endfacet
  facet normal -0.628618 0.324614 -0.706728
    outer loop
      vertex 13.6399 -17.875 0.99
      vertex 14.5036 -18.3578 0
      vertex 14.4973 -18.37 0
    endloop
  endfacet
  facet normal -0.627529 0.326636 -0.706764
    outer loop
      vertex 14.5036 -18.3578 0
      vertex 13.6399 -17.875 0.99
      vertex 14.2743 -16.6562 0.99
    endloop
  endfacet
  facet normal 0.326661 -0.627512 -0.706768
    outer loop
      vertex -7.07463 5.17159 0
      vertex -6.65624 4.27435 0.99
      vertex -8.35781 4.50361 0
    endloop
  endfacet
  facet normal -0.0926859 0.701323 -0.706792
    outer loop
      vertex 2.89325 -26.4875 0
      vertex 2.73496 -25.5107 0.99
      vertex 2.90687 -26.4857 0
    endloop
  endfacet
  facet normal -0.0923655 0.701371 -0.706787
    outer loop
      vertex 2.73496 -25.5107 0.99
      vertex 2.89325 -26.4875 0
      vertex 1.3727 -25.6901 0.99
    endloop
  endfacet
  facet normal -0.0308858 -0.706769 -0.70677
    outer loop
      vertex 1.3727 5.69007 0.99
      vertex 1.44526 6.6769 0
      vertex 1.45899 6.6763 0
    endloop
  endfacet
  facet normal -0.0308565 -0.706771 -0.706769
    outer loop
      vertex 1.44526 6.6769 0
      vertex 1.3727 5.69007 0.99
      vertex 0 5.75 0.99
    endloop
  endfacet
  facet normal -0.152976 -0.690708 -0.706768
    outer loop
      vertex 4.0764 5.21333 0.99
      vertex 4.31922 6.17257 0
      vertex 4.33263 6.1696 0
    endloop
  endfacet
  facet normal -0.153119 -0.690674 -0.70677
    outer loop
      vertex 4.31922 6.17257 0
      vertex 4.0764 5.21333 0.99
      vertex 2.73496 5.51072 0.99
    endloop
  endfacet
  facet normal 0.701404 -0.0923298 -0.706759
    outer loop
      vertex -16.4875 -7.10675 0
      vertex -15.6901 -8.6273 0.99
      vertex -16.6763 -8.54101 0
    endloop
  endfacet
  facet normal -0.380105 -0.596651 -0.706773
    outer loop
      vertex 9.60167 3.71261 0
      vertex 9.03383 2.90164 0.99
      vertex 8.38159 4.48988 0
    endloop
  endfacet
  facet normal -0.380111 -0.596651 -0.70677
    outer loop
      vertex 7.875 3.6399 0.99
      vertex 8.38159 4.48988 0
      vertex 9.03383 2.90164 0.99
    endloop
  endfacet
  facet normal -0.380344 -0.596507 -0.706765
    outer loop
      vertex 8.38159 4.48988 0
      vertex 7.875 3.6399 0.99
      vertex 8.37 4.49727 0
    endloop
  endfacet
  facet normal -0.272659 0.652838 -0.706725
    outer loop
      vertex 5.38682 -24.8002 0.99
      vertex 5.73811 -25.7252 0
      vertex 5.72542 -25.7305 0
    endloop
  endfacet
  facet normal -0.270771 0.653589 -0.706756
    outer loop
      vertex 5.73811 -25.7252 0
      vertex 5.38682 -24.8002 0.99
      vertex 6.65624 -24.2743 0.99
    endloop
  endfacet
  facet normal -0.690314 0.154548 -0.706811
    outer loop
      vertex 15.2133 -14.0764 0.99
      vertex 16.1726 -14.3192 0
      vertex 16.1696 -14.3326 0
    endloop
  endfacet
  facet normal -0.690653 0.153124 -0.70679
    outer loop
      vertex 16.1726 -14.3192 0
      vertex 15.2133 -14.0764 0.99
      vertex 15.5107 -12.735 0.99
    endloop
  endfacet
  facet normal -0.59663 0.3801 -0.706793
    outer loop
      vertex 14.4899 -18.3816 0
      vertex 13.7126 -19.6017 0
      vertex 12.9016 -19.0338 0.99
    endloop
  endfacet
  facet normal -0.27073 -0.653593 -0.706768
    outer loop
      vertex 7.07463 5.17159 0
      vertex 6.65624 4.27435 0.99
      vertex 5.73811 5.7252 0
    endloop
  endfacet
  facet normal -0.596274 -0.38071 -0.706765
    outer loop
      vertex 13.6399 -2.125 0.99
      vertex 14.4899 -1.61841 0
      vertex 14.4973 -1.63 0
    endloop
  endfacet
  facet normal -0.596637 -0.380122 -0.706775
    outer loop
      vertex 14.4899 -1.61841 0
      vertex 13.6399 -2.125 0.99
      vertex 12.9016 -0.96617 0.99
    endloop
  endfacet
  facet normal 0.674693 0.212695 -0.706789
    outer loop
      vertex -16.1655 -14.3457 0
      vertex -15.2133 -14.0764 0.99
      vertex -14.8002 -15.3868 0.99
    endloop
  endfacet
  facet normal 0.675111 0.211294 -0.70681
    outer loop
      vertex -15.2133 -14.0764 0.99
      vertex -16.1655 -14.3457 0
      vertex -16.1696 -14.3326 0
    endloop
  endfacet
  facet normal -0.270718 0.653577 -0.706788
    outer loop
      vertex 6.65624 -24.2743 0.99
      vertex 7.07463 -25.1716 0
      vertex 5.73811 -25.7252 0
    endloop
  endfacet
  facet normal -0.32666 0.627491 -0.706787
    outer loop
      vertex 8.35781 -24.5036 0
      vertex 7.07463 -25.1716 0
      vertex 6.65624 -24.2743 0.99
    endloop
  endfacet
  facet normal 0.653574 0.270721 -0.706789
    outer loop
      vertex -14.2743 -16.6562 0.99
      vertex -15.1716 -17.0746 0
      vertex -15.7252 -15.7381 0
    endloop
  endfacet
  facet normal -0.5254 0.47389 -0.70667
    outer loop
      vertex 11.1369 -21.1369 0.99
      vertex 11.8462 -21.8268 0
      vertex 11.837 -21.837 0
    endloop
  endfacet
  facet normal -0.521572 0.477962 -0.706764
    outer loop
      vertex 11.8462 -21.8268 0
      vertex 11.1369 -21.1369 0.99
      vertex 12.0652 -20.1239 0.99
    endloop
  endfacet
  facet normal -0.627523 -0.326644 -0.706766
    outer loop
      vertex 13.6399 -2.125 0.99
      vertex 14.5036 -1.64219 0
      vertex 14.2743 -3.34376 0.99
    endloop
  endfacet
  facet normal -0.628505 -0.324822 -0.706734
    outer loop
      vertex 14.5036 -1.64219 0
      vertex 13.6399 -2.125 0.99
      vertex 14.4973 -1.63 0
    endloop
  endfacet
  facet normal -0.690662 -0.153111 -0.706784
    outer loop
      vertex 16.1726 -5.68078 0
      vertex 16.4857 -7.09313 0
      vertex 15.5107 -7.26504 0.99
    endloop
  endfacet
  facet normal -0.560371 -0.431846 -0.706748
    outer loop
      vertex 12.9016 -0.96617 0.99
      vertex 13.7042 -0.38743 0
      vertex 13.7126 -0.39833 0
    endloop
  endfacet
  facet normal -0.561262 -0.43065 -0.706771
    outer loop
      vertex 13.7042 -0.38743 0
      vertex 12.9016 -0.96617 0.99
      vertex 12.0652 0.123904 0.99
    endloop
  endfacet
  facet normal -0.596418 0.380474 -0.706771
    outer loop
      vertex 14.4899 -18.3816 0
      vertex 13.6399 -17.875 0.99
      vertex 14.4973 -18.37 0
    endloop
  endfacet
  facet normal -0.596631 0.380128 -0.706777
    outer loop
      vertex 13.6399 -17.875 0.99
      vertex 14.4899 -18.3816 0
      vertex 12.9016 -19.0338 0.99
    endloop
  endfacet
  facet normal 0.5254 0.47389 -0.70667
    outer loop
      vertex -11.8462 -21.8268 0
      vertex -11.1369 -21.1369 0.99
      vertex -11.837 -21.837 0
    endloop
  endfacet
  facet normal 0.521572 0.477962 -0.706764
    outer loop
      vertex -11.1369 -21.1369 0.99
      vertex -11.8462 -21.8268 0
      vertex -12.0652 -20.1239 0.99
    endloop
  endfacet
  facet normal 0.653586 0.270774 -0.706758
    outer loop
      vertex -15.7252 -15.7381 0
      vertex -14.8002 -15.3868 0.99
      vertex -14.2743 -16.6562 0.99
    endloop
  endfacet
  facet normal 0.65291 0.272474 -0.706729
    outer loop
      vertex -14.8002 -15.3868 0.99
      vertex -15.7252 -15.7381 0
      vertex -15.7305 -15.7254 0
    endloop
  endfacet
  facet normal 0.0923426 -0.701392 -0.706769
    outer loop
      vertex -2.73496 5.51072 0.99
      vertex -2.89325 6.48747 0
      vertex -1.3727 5.69007 0.99
    endloop
  endfacet
  facet normal 0.0921831 -0.701415 -0.706767
    outer loop
      vertex -2.89325 6.48747 0
      vertex -2.73496 5.51072 0.99
      vertex -2.90687 6.48568 0
    endloop
  endfacet
  facet normal -0.560361 0.431838 -0.706761
    outer loop
      vertex 13.7042 -19.6126 0
      vertex 12.9016 -19.0338 0.99
      vertex 13.7126 -19.6017 0
    endloop
  endfacet
  facet normal -0.561257 0.430635 -0.706784
    outer loop
      vertex 12.9016 -19.0338 0.99
      vertex 13.7042 -19.6126 0
      vertex 12.0652 -20.1239 0.99
    endloop
  endfacet
  facet normal -0.0308576 -0.70677 -0.70677
    outer loop
      vertex 0 6.74 0
      vertex 1.44526 6.6769 0
      vertex 0 5.75 0.99
    endloop
  endfacet
  facet normal 0.430631 0.561262 -0.706783
    outer loop
      vertex -10.1239 -22.0652 0.99
      vertex -9.61257 -23.7042 0
      vertex -10.7603 -22.8236 0
    endloop
  endfacet
  facet normal 0.477962 0.521572 -0.706764
    outer loop
      vertex -11.8268 -21.8462 0
      vertex -11.1369 -21.1369 0.99
      vertex -10.1239 -22.0652 0.99
    endloop
  endfacet
  facet normal 0.47389 0.5254 -0.70667
    outer loop
      vertex -11.1369 -21.1369 0.99
      vertex -11.8268 -21.8462 0
      vertex -11.837 -21.837 0
    endloop
  endfacet
  facet normal -0.380111 0.596636 -0.706782
    outer loop
      vertex 9.03383 -22.9016 0.99
      vertex 9.60167 -23.7126 0
      vertex 8.38159 -24.4899 0
    endloop
  endfacet
  facet normal -0.153111 0.690662 -0.706784
    outer loop
      vertex 4.31922 -26.1726 0
      vertex 2.90687 -26.4857 0
      vertex 2.73496 -25.5107 0.99
    endloop
  endfacet
  facet normal 0.380105 -0.596651 -0.706773
    outer loop
      vertex -8.38159 4.48988 0
      vertex -9.03383 2.90164 0.99
      vertex -9.60167 3.71261 0
    endloop
  endfacet
  facet normal -0.0308576 0.70677 -0.70677
    outer loop
      vertex 0 -25.75 0.99
      vertex 1.44526 -26.6769 0
      vertex 0 -26.74 0
    endloop
  endfacet
  facet normal 0.596631 0.380128 -0.706777
    outer loop
      vertex -14.4899 -18.3816 0
      vertex -13.6399 -17.875 0.99
      vertex -12.9016 -19.0338 0.99
    endloop
  endfacet
  facet normal 0.596418 0.380474 -0.706771
    outer loop
      vertex -13.6399 -17.875 0.99
      vertex -14.4899 -18.3816 0
      vertex -14.4973 -18.37 0
    endloop
  endfacet
  facet normal -0.0923429 -0.701391 -0.706769
    outer loop
      vertex 1.45899 6.6763 0
      vertex 2.89325 6.48747 0
      vertex 1.3727 5.69007 0.99
    endloop
  endfacet
  facet normal -0.0308862 0.70678 -0.706759
    outer loop
      vertex 1.44526 -26.6769 0
      vertex 1.3727 -25.6901 0.99
      vertex 1.45899 -26.6763 0
    endloop
  endfacet
  facet normal -0.0308416 0.706782 -0.706758
    outer loop
      vertex 1.3727 -25.6901 0.99
      vertex 1.44526 -26.6769 0
      vertex 0 -25.75 0.99
    endloop
  endfacet
  facet normal 0.628618 0.324614 -0.706728
    outer loop
      vertex -14.5036 -18.3578 0
      vertex -13.6399 -17.875 0.99
      vertex -14.4973 -18.37 0
    endloop
  endfacet
  facet normal 0.627529 0.326636 -0.706764
    outer loop
      vertex -13.6399 -17.875 0.99
      vertex -14.5036 -18.3578 0
      vertex -14.2743 -16.6562 0.99
    endloop
  endfacet
  facet normal -0.153119 -0.690674 -0.70677
    outer loop
      vertex 2.90687 6.48568 0
      vertex 4.31922 6.17257 0
      vertex 2.73496 5.51072 0.99
    endloop
  endfacet
  facet normal 0.477968 0.52154 -0.706783
    outer loop
      vertex -10.1239 -22.0652 0.99
      vertex -10.7603 -22.8236 0
      vertex -11.8268 -21.8462 0
    endloop
  endfacet
  facet normal 0.67469 -0.212691 -0.706792
    outer loop
      vertex -15.2133 -5.9236 0.99
      vertex -16.1655 -5.65427 0
      vertex -14.8002 -4.61318 0.99
    endloop
  endfacet
  facet normal 0.675108 -0.211293 -0.706813
    outer loop
      vertex -16.1655 -5.65427 0
      vertex -15.2133 -5.9236 0.99
      vertex -16.1696 -5.66737 0
    endloop
  endfacet
  facet normal 0.0923429 -0.701391 -0.706769
    outer loop
      vertex -1.45899 6.6763 0
      vertex -1.3727 5.69007 0.99
      vertex -2.89325 6.48747 0
    endloop
  endfacet
  facet normal 0.701403 0.0923336 -0.706759
    outer loop
      vertex -15.6901 -11.3727 0.99
      vertex -16.4875 -12.8932 0
      vertex -16.6763 -11.459 0
    endloop
  endfacet
  facet normal -0.326661 -0.627512 -0.706768
    outer loop
      vertex 7.07463 5.17159 0
      vertex 8.35781 4.50361 0
      vertex 6.65624 4.27435 0.99
    endloop
  endfacet
  facet normal -0.652838 -0.272659 -0.706725
    outer loop
      vertex 14.8002 -4.61318 0.99
      vertex 15.7252 -4.26189 0
      vertex 15.7305 -4.27458 0
    endloop
  endfacet
  facet normal -0.653589 -0.270771 -0.706756
    outer loop
      vertex 15.7252 -4.26189 0
      vertex 14.8002 -4.61318 0.99
      vertex 14.2743 -3.34376 0.99
    endloop
  endfacet
  facet normal -0.675108 -0.211293 -0.706813
    outer loop
      vertex 15.2133 -5.9236 0.99
      vertex 16.1655 -5.65427 0
      vertex 16.1696 -5.66737 0
    endloop
  endfacet
  facet normal -0.67469 -0.212691 -0.706792
    outer loop
      vertex 16.1655 -5.65427 0
      vertex 15.2133 -5.9236 0.99
      vertex 14.8002 -4.61318 0.99
    endloop
  endfacet
  facet normal -0.561257 0.430638 -0.706783
    outer loop
      vertex 13.7042 -19.6126 0
      vertex 12.8236 -20.7603 0
      vertex 12.0652 -20.1239 0.99
    endloop
  endfacet
  facet normal 0.52154 0.477968 -0.706783
    outer loop
      vertex -12.0652 -20.1239 0.99
      vertex -11.8462 -21.8268 0
      vertex -12.8236 -20.7603 0
    endloop
  endfacet
  facet normal -0.521563 -0.477956 -0.706774
    outer loop
      vertex 12.8236 0.760265 0
      vertex 12.0652 0.123904 0.99
      vertex 11.8462 1.82684 0
    endloop
  endfacet
  facet normal 0.380344 -0.596507 -0.706765
    outer loop
      vertex -7.875 3.6399 0.99
      vertex -8.38159 4.48988 0
      vertex -8.37 4.49727 0
    endloop
  endfacet
  facet normal 0.380111 -0.596651 -0.70677
    outer loop
      vertex -8.38159 4.48988 0
      vertex -7.875 3.6399 0.99
      vertex -9.03383 2.90164 0.99
    endloop
  endfacet
  facet normal -0.47389 0.5254 -0.70667
    outer loop
      vertex 11.8268 -21.8462 0
      vertex 11.1369 -21.1369 0.99
      vertex 11.837 -21.837 0
    endloop
  endfacet
  facet normal -0.477962 0.521572 -0.706764
    outer loop
      vertex 11.1369 -21.1369 0.99
      vertex 11.8268 -21.8462 0
      vertex 10.1239 -22.0652 0.99
    endloop
  endfacet
  facet normal -0.212725 0.674702 -0.706771
    outer loop
      vertex 5.38682 -24.8002 0.99
      vertex 5.72542 -25.7305 0
      vertex 4.34573 -26.1655 0
    endloop
  endfacet
  facet normal 0.52374 -0.475657 -0.706716
    outer loop
      vertex -11.1369 1.13693 0.99
      vertex -11.8462 1.82684 0
      vertex -11.837 1.83697 0
    endloop
  endfacet
  facet normal 0.521576 -0.477953 -0.706766
    outer loop
      vertex -11.8462 1.82684 0
      vertex -11.1369 1.13693 0.99
      vertex -12.0652 0.123904 0.99
    endloop
  endfacet
  facet normal 0.272659 0.652838 -0.706725
    outer loop
      vertex -5.73811 -25.7252 0
      vertex -5.38682 -24.8002 0.99
      vertex -5.72542 -25.7305 0
    endloop
  endfacet
  facet normal 0.270771 0.653589 -0.706756
    outer loop
      vertex -5.38682 -24.8002 0.99
      vertex -5.73811 -25.7252 0
      vertex -6.65624 -24.2743 0.99
    endloop
  endfacet
  facet normal 0.212725 0.674702 -0.706771
    outer loop
      vertex -5.38682 -24.8002 0.99
      vertex -4.34573 -26.1655 0
      vertex -5.72542 -25.7305 0
    endloop
  endfacet
  facet normal 0.0923655 0.701371 -0.706787
    outer loop
      vertex -2.89325 -26.4875 0
      vertex -2.73496 -25.5107 0.99
      vertex -1.3727 -25.6901 0.99
    endloop
  endfacet
  facet normal 0.0926859 0.701323 -0.706792
    outer loop
      vertex -2.73496 -25.5107 0.99
      vertex -2.89325 -26.4875 0
      vertex -2.90687 -26.4857 0
    endloop
  endfacet
  facet normal 0.706782 -0.0308416 -0.706758
    outer loop
      vertex -16.6769 -8.55474 0
      vertex -15.6901 -8.6273 0.99
      vertex -15.75 -10 0.99
    endloop
  endfacet
  facet normal 0.70678 -0.0308862 -0.706759
    outer loop
      vertex -15.6901 -8.6273 0.99
      vertex -16.6769 -8.55474 0
      vertex -16.6763 -8.54101 0
    endloop
  endfacet
  facet normal 0.380111 0.596636 -0.706782
    outer loop
      vertex -9.03383 -22.9016 0.99
      vertex -8.38159 -24.4899 0
      vertex -9.60167 -23.7126 0
    endloop
  endfacet
  facet normal -0.38071 0.596274 -0.706765
    outer loop
      vertex 7.875 -23.6399 0.99
      vertex 8.38159 -24.4899 0
      vertex 8.37 -24.4973 0
    endloop
  endfacet
  facet normal -0.380122 0.596637 -0.706775
    outer loop
      vertex 8.38159 -24.4899 0
      vertex 7.875 -23.6399 0.99
      vertex 9.03383 -22.9016 0.99
    endloop
  endfacet
  facet normal -0.211293 0.675108 -0.706813
    outer loop
      vertex 4.0764 -25.2133 0.99
      vertex 4.34573 -26.1655 0
      vertex 4.33263 -26.1696 0
    endloop
  endfacet
  facet normal -0.212691 0.67469 -0.706792
    outer loop
      vertex 4.34573 -26.1655 0
      vertex 4.0764 -25.2133 0.99
      vertex 5.38682 -24.8002 0.99
    endloop
  endfacet
  facet normal 0.70677 -0.0308576 -0.70677
    outer loop
      vertex -16.6769 -8.55474 0
      vertex -15.75 -10 0.99
      vertex -16.74 -10 0
    endloop
  endfacet
  facet normal 0.153119 -0.690674 -0.70677
    outer loop
      vertex -2.90687 6.48568 0
      vertex -2.73496 5.51072 0.99
      vertex -4.31922 6.17257 0
    endloop
  endfacet
  facet normal 0.561262 -0.43065 -0.706771
    outer loop
      vertex -12.9016 -0.96617 0.99
      vertex -13.7042 -0.38743 0
      vertex -12.0652 0.123904 0.99
    endloop
  endfacet
  facet normal 0.560371 -0.431846 -0.706748
    outer loop
      vertex -13.7042 -0.38743 0
      vertex -12.9016 -0.96617 0.99
      vertex -13.7126 -0.39833 0
    endloop
  endfacet
  facet normal 0.627491 -0.32666 -0.706787
    outer loop
      vertex -14.5036 -1.64219 0
      vertex -14.2743 -3.34376 0.99
      vertex -15.1716 -2.92537 0
    endloop
  endfacet
  facet normal 0.153119 -0.690674 -0.70677
    outer loop
      vertex -4.0764 5.21333 0.99
      vertex -4.31922 6.17257 0
      vertex -2.73496 5.51072 0.99
    endloop
  endfacet
  facet normal 0.152976 -0.690708 -0.706768
    outer loop
      vertex -4.31922 6.17257 0
      vertex -4.0764 5.21333 0.99
      vertex -4.33263 6.1696 0
    endloop
  endfacet
  facet normal 0.212735 -0.674702 -0.706768
    outer loop
      vertex -4.34573 6.16547 0
      vertex -5.38682 4.80016 0.99
      vertex -5.72542 5.73045 0
    endloop
  endfacet
  facet normal 0.212712 -0.674705 -0.706772
    outer loop
      vertex -4.0764 5.21333 0.99
      vertex -4.34573 6.16547 0
      vertex -4.33263 6.1696 0
    endloop
  endfacet
  facet normal 0.21273 -0.6747 -0.706771
    outer loop
      vertex -4.34573 6.16547 0
      vertex -4.0764 5.21333 0.99
      vertex -5.38682 4.80016 0.99
    endloop
  endfacet
  facet normal 0.690661 0.153116 -0.706783
    outer loop
      vertex -15.5107 -12.735 0.99
      vertex -16.1726 -14.3192 0
      vertex -16.4857 -12.9069 0
    endloop
  endfacet
  facet normal 0.674702 -0.212725 -0.706771
    outer loop
      vertex -15.7305 -4.27458 0
      vertex -14.8002 -4.61318 0.99
      vertex -16.1655 -5.65427 0
    endloop
  endfacet
  facet normal 0.430865 -0.561102 -0.706767
    outer loop
      vertex -9.03383 2.90164 0.99
      vertex -9.61257 3.70424 0
      vertex -9.60167 3.71261 0
    endloop
  endfacet
  facet normal 0.430664 -0.561252 -0.706771
    outer loop
      vertex -9.61257 3.70424 0
      vertex -9.03383 2.90164 0.99
      vertex -10.1239 2.0652 0.99
    endloop
  endfacet
  facet normal 0.477953 -0.521561 -0.706778
    outer loop
      vertex -10.7603 2.82358 0
      vertex -10.1239 2.0652 0.99
      vertex -11.8268 1.84625 0
    endloop
  endfacet
  facet normal 0.706775 0.0309537 -0.706761
    outer loop
      vertex -16.6769 -11.4453 0
      vertex -15.6901 -11.3727 0.99
      vertex -16.6763 -11.459 0
    endloop
  endfacet
  facet normal 0.706782 0.0308416 -0.706759
    outer loop
      vertex -15.6901 -11.3727 0.99
      vertex -16.6769 -11.4453 0
      vertex -15.75 -10 0.99
    endloop
  endfacet
  facet normal 0.70677 0.0308567 -0.70677
    outer loop
      vertex -15.75 -10 0.99
      vertex -16.6769 -11.4453 0
      vertex -16.74 -10 0
    endloop
  endfacet
  facet normal 0.690314 0.154548 -0.706811
    outer loop
      vertex -16.1726 -14.3192 0
      vertex -15.2133 -14.0764 0.99
      vertex -16.1696 -14.3326 0
    endloop
  endfacet
  facet normal 0.690653 0.153124 -0.70679
    outer loop
      vertex -15.2133 -14.0764 0.99
      vertex -16.1726 -14.3192 0
      vertex -15.5107 -12.735 0.99
    endloop
  endfacet
  facet normal 0.0308416 0.706782 -0.706758
    outer loop
      vertex -1.44526 -26.6769 0
      vertex -1.3727 -25.6901 0.99
      vertex 0 -25.75 0.99
    endloop
  endfacet
  facet normal 0.0308862 0.70678 -0.706759
    outer loop
      vertex -1.3727 -25.6901 0.99
      vertex -1.44526 -26.6769 0
      vertex -1.45899 -26.6763 0
    endloop
  endfacet
  facet normal -0.52154 0.477968 -0.706783
    outer loop
      vertex 12.0652 -20.1239 0.99
      vertex 12.8236 -20.7603 0
      vertex 11.8462 -21.8268 0
    endloop
  endfacet
  facet normal 0.690662 -0.153111 -0.706784
    outer loop
      vertex -16.1726 -5.68078 0
      vertex -15.5107 -7.26504 0.99
      vertex -16.4857 -7.09313 0
    endloop
  endfacet
  facet normal 0.431846 0.560371 -0.706748
    outer loop
      vertex -9.61257 -23.7042 0
      vertex -9.03383 -22.9016 0.99
      vertex -9.60167 -23.7126 0
    endloop
  endfacet
  facet normal 0.430651 0.561262 -0.706771
    outer loop
      vertex -9.03383 -22.9016 0.99
      vertex -9.61257 -23.7042 0
      vertex -10.1239 -22.0652 0.99
    endloop
  endfacet
  facet normal 0.270718 0.653577 -0.706788
    outer loop
      vertex -6.65624 -24.2743 0.99
      vertex -5.73811 -25.7252 0
      vertex -7.07463 -25.1716 0
    endloop
  endfacet
  facet normal 0.32666 0.627491 -0.706787
    outer loop
      vertex -6.65624 -24.2743 0.99
      vertex -7.07463 -25.1716 0
      vertex -8.35781 -24.5036 0
    endloop
  endfacet
  facet normal 0.701371 -0.0923655 -0.706787
    outer loop
      vertex -16.4875 -7.10675 0
      vertex -15.5107 -7.26504 0.99
      vertex -15.6901 -8.6273 0.99
    endloop
  endfacet
  facet normal 0.701323 -0.0926859 -0.706792
    outer loop
      vertex -15.5107 -7.26504 0.99
      vertex -16.4875 -7.10675 0
      vertex -16.4857 -7.09313 0
    endloop
  endfacet
  facet normal -0.477968 0.52154 -0.706783
    outer loop
      vertex 11.8268 -21.8462 0
      vertex 10.7603 -22.8236 0
      vertex 10.1239 -22.0652 0.99
    endloop
  endfacet
  facet normal 0.38071 0.596274 -0.706765
    outer loop
      vertex -8.38159 -24.4899 0
      vertex -7.875 -23.6399 0.99
      vertex -8.37 -24.4973 0
    endloop
  endfacet
  facet normal 0.380122 0.596637 -0.706775
    outer loop
      vertex -7.875 -23.6399 0.99
      vertex -8.38159 -24.4899 0
      vertex -9.03383 -22.9016 0.99
    endloop
  endfacet
  facet normal 0.47795 -0.521576 -0.706769
    outer loop
      vertex -11.1369 1.13693 0.99
      vertex -11.8268 1.84625 0
      vertex -10.1239 2.0652 0.99
    endloop
  endfacet
  facet normal 0.476109 -0.52331 -0.706729
    outer loop
      vertex -11.8268 1.84625 0
      vertex -11.1369 1.13693 0.99
      vertex -11.837 1.83697 0
    endloop
  endfacet
  facet normal 0.561257 0.430635 -0.706784
    outer loop
      vertex -13.7042 -19.6126 0
      vertex -12.9016 -19.0338 0.99
      vertex -12.0652 -20.1239 0.99
    endloop
  endfacet
  facet normal 0.560361 0.431838 -0.706761
    outer loop
      vertex -12.9016 -19.0338 0.99
      vertex -13.7042 -19.6126 0
      vertex -13.7126 -19.6017 0
    endloop
  endfacet
  facet normal 0.561257 0.430638 -0.706783
    outer loop
      vertex -12.0652 -20.1239 0.99
      vertex -12.8236 -20.7603 0
      vertex -13.7042 -19.6126 0
    endloop
  endfacet
  facet normal 0.627492 0.326656 -0.706789
    outer loop
      vertex -14.2743 -16.6562 0.99
      vertex -14.5036 -18.3578 0
      vertex -15.1716 -17.0746 0
    endloop
  endfacet
  facet normal 0.13061 0.991434 -0
    outer loop
      vertex -0.618805 12.727 0.799999
      vertex -1.2329 12.8079 3.3
      vertex -0.618805 12.727 3.3
    endloop
  endfacet
  facet normal 0.13061 0.991434 0
    outer loop
      vertex -1.2329 12.8079 3.3
      vertex -0.618805 12.727 0.799999
      vertex -1.2329 12.8079 0.799999
    endloop
  endfacet
  facet normal 0.216342 0.976318 -0
    outer loop
      vertex -1.2329 12.8079 0.799999
      vertex -1.83762 12.9419 3.3
      vertex -1.2329 12.8079 3.3
    endloop
  endfacet
  facet normal 0.216342 0.976318 0
    outer loop
      vertex -1.83762 12.9419 3.3
      vertex -1.2329 12.8079 0.799999
      vertex -1.83762 12.9419 0.799999
    endloop
  endfacet
  facet normal -0.953716 -0.30071 0
    outer loop
      vertex 6.85807 21.6376 0.799999
      vertex 6.67182 22.2283 3.3
      vertex 6.67182 22.2283 0.799999
    endloop
  endfacet
  facet normal -0.953716 -0.30071 0
    outer loop
      vertex 6.67182 22.2283 3.3
      vertex 6.85807 21.6376 0.799999
      vertex 6.85807 21.6376 3.3
    endloop
  endfacet
  facet normal 0.461743 -0.887014 0
    outer loop
      vertex -3.55 25.9488 0.799999
      vertex -3.00059 26.2348 3.3
      vertex -3.55 25.9488 3.3
    endloop
  endfacet
  facet normal 0.461743 -0.887014 0
    outer loop
      vertex -3.00059 26.2348 3.3
      vertex -3.55 25.9488 0.799999
      vertex -3.00059 26.2348 0.799999
    endloop
  endfacet
  facet normal -0.923888 0.382664 0
    outer loop
      vertex 6.43478 16.7994 0.799999
      vertex 6.67182 17.3717 3.3
      vertex 6.67182 17.3717 0.799999
    endloop
  endfacet
  facet normal -0.923888 0.382664 0
    outer loop
      vertex 6.67182 17.3717 3.3
      vertex 6.43478 16.7994 0.799999
      vertex 6.43478 16.7994 3.3
    endloop
  endfacet
  facet normal -0.461743 -0.887014 0
    outer loop
      vertex 3.00059 26.2348 0.799999
      vertex 3.55 25.9488 3.3
      vertex 3.00059 26.2348 3.3
    endloop
  endfacet
  facet normal -0.461743 -0.887014 -0
    outer loop
      vertex 3.55 25.9488 3.3
      vertex 3.00059 26.2348 0.799999
      vertex 3.55 25.9488 0.799999
    endloop
  endfacet
  facet normal -0.991444 -0.13053 0
    outer loop
      vertex 7.07298 20.4188 0.799999
      vertex 6.99213 21.0329 3.3
      vertex 6.99213 21.0329 0.799999
    endloop
  endfacet
  facet normal -0.991444 -0.13053 0
    outer loop
      vertex 6.99213 21.0329 3.3
      vertex 7.07298 20.4188 0.799999
      vertex 7.07298 20.4188 3.3
    endloop
  endfacet
  facet normal -0.675537 -0.737326 0
    outer loop
      vertex 4.56379 25.2389 0.799999
      vertex 5.02046 24.8205 3.3
      vertex 4.56379 25.2389 3.3
    endloop
  endfacet
  facet normal -0.675537 -0.737326 -0
    outer loop
      vertex 5.02046 24.8205 3.3
      vertex 4.56379 25.2389 0.799999
      vertex 5.02046 24.8205 0.799999
    endloop
  endfacet
  facet normal 0.991444 0.13053 0
    outer loop
      vertex -6.99213 18.5671 3.3
      vertex -7.07298 19.1812 0.799999
      vertex -7.07298 19.1812 3.3
    endloop
  endfacet
  facet normal 0.991444 0.13053 0
    outer loop
      vertex -7.07298 19.1812 0.799999
      vertex -6.99213 18.5671 3.3
      vertex -6.99213 18.5671 0.799999
    endloop
  endfacet
  facet normal -0.923888 -0.382664 0
    outer loop
      vertex 6.67182 22.2283 0.799999
      vertex 6.43478 22.8006 3.3
      vertex 6.43478 22.8006 0.799999
    endloop
  endfacet
  facet normal -0.923888 -0.382664 0
    outer loop
      vertex 6.43478 22.8006 3.3
      vertex 6.67182 22.2283 0.799999
      vertex 6.67182 22.2283 3.3
    endloop
  endfacet
  facet normal 0.300774 -0.953695 0
    outer loop
      vertex -2.42834 26.4718 0.799999
      vertex -1.83762 26.6581 3.3
      vertex -2.42834 26.4718 3.3
    endloop
  endfacet
  facet normal 0.300774 -0.953695 0
    outer loop
      vertex -1.83762 26.6581 3.3
      vertex -2.42834 26.4718 0.799999
      vertex -1.83762 26.6581 0.799999
    endloop
  endfacet
  facet normal -0.793357 -0.608757 0
    outer loop
      vertex 5.81598 23.8724 0.799999
      vertex 5.43892 24.3638 3.3
      vertex 5.43892 24.3638 0.799999
    endloop
  endfacet
  facet normal -0.793357 -0.608757 0
    outer loop
      vertex 5.43892 24.3638 3.3
      vertex 5.81598 23.8724 0.799999
      vertex 5.81598 23.8724 3.3
    endloop
  endfacet
  facet normal -0.887011 -0.461749 0
    outer loop
      vertex 6.43478 22.8006 0.799999
      vertex 6.14878 23.35 3.3
      vertex 6.14878 23.35 0.799999
    endloop
  endfacet
  facet normal -0.887011 -0.461749 0
    outer loop
      vertex 6.14878 23.35 3.3
      vertex 6.43478 22.8006 0.799999
      vertex 6.43478 22.8006 3.3
    endloop
  endfacet
  facet normal -0.608798 0.793326 0
    outer loop
      vertex 4.56379 14.3611 0.799999
      vertex 4.07239 13.984 3.3
      vertex 4.56379 14.3611 3.3
    endloop
  endfacet
  facet normal -0.608798 0.793326 0
    outer loop
      vertex 4.07239 13.984 3.3
      vertex 4.56379 14.3611 0.799999
      vertex 4.07239 13.984 0.799999
    endloop
  endfacet
  facet normal -0.043591 0.999049 0
    outer loop
      vertex 0.618805 12.727 0.799999
      vertex 0 12.7 3.3
      vertex 0.618805 12.727 3.3
    endloop
  endfacet
  facet normal -0.043591 0.999049 0
    outer loop
      vertex 0 12.7 3.3
      vertex 0.618805 12.727 0.799999
      vertex 0 12.7 0.799999
    endloop
  endfacet
  facet normal -0.999048 -0.0436236 0
    outer loop
      vertex 7.1 19.8 0.799999
      vertex 7.07298 20.4188 3.3
      vertex 7.07298 20.4188 0.799999
    endloop
  endfacet
  facet normal -0.999048 -0.0436236 0
    outer loop
      vertex 7.07298 20.4188 3.3
      vertex 7.1 19.8 0.799999
      vertex 7.1 19.8 3.3
    endloop
  endfacet
  facet normal 0.13061 -0.991434 0
    outer loop
      vertex -1.2329 26.7921 0.799999
      vertex -0.618805 26.873 3.3
      vertex -1.2329 26.7921 3.3
    endloop
  endfacet
  facet normal 0.13061 -0.991434 0
    outer loop
      vertex -0.618805 26.873 3.3
      vertex -1.2329 26.7921 0.799999
      vertex -0.618805 26.873 0.799999
    endloop
  endfacet
  facet normal 0.953716 -0.30071 0
    outer loop
      vertex -6.85807 21.6376 3.3
      vertex -6.67182 22.2283 0.799999
      vertex -6.67182 22.2283 3.3
    endloop
  endfacet
  facet normal 0.953716 -0.30071 0
    outer loop
      vertex -6.67182 22.2283 0.799999
      vertex -6.85807 21.6376 3.3
      vertex -6.85807 21.6376 0.799999
    endloop
  endfacet
  facet normal 0.7373 0.675565 0
    outer loop
      vertex -5.02046 14.7795 3.3
      vertex -5.43892 15.2362 0.799999
      vertex -5.43892 15.2362 3.3
    endloop
  endfacet
  facet normal 0.7373 0.675565 0
    outer loop
      vertex -5.43892 15.2362 0.799999
      vertex -5.02046 14.7795 3.3
      vertex -5.02046 14.7795 0.799999
    endloop
  endfacet
  facet normal -0.999048 0.0436236 0
    outer loop
      vertex 7.07298 19.1812 0.799999
      vertex 7.1 19.8 3.3
      vertex 7.1 19.8 0.799999
    endloop
  endfacet
  facet normal -0.999048 0.0436236 0
    outer loop
      vertex 7.1 19.8 3.3
      vertex 7.07298 19.1812 0.799999
      vertex 7.07298 19.1812 3.3
    endloop
  endfacet
  facet normal -0.976296 -0.216442 0
    outer loop
      vertex 6.99213 21.0329 0.799999
      vertex 6.85807 21.6376 3.3
      vertex 6.85807 21.6376 0.799999
    endloop
  endfacet
  facet normal -0.976296 -0.216442 0
    outer loop
      vertex 6.85807 21.6376 3.3
      vertex 6.99213 21.0329 0.799999
      vertex 6.99213 21.0329 3.3
    endloop
  endfacet
  facet normal 0.953716 0.30071 0
    outer loop
      vertex -6.67182 17.3717 3.3
      vertex -6.85807 17.9624 0.799999
      vertex -6.85807 17.9624 3.3
    endloop
  endfacet
  facet normal 0.953716 0.30071 0
    outer loop
      vertex -6.85807 17.9624 0.799999
      vertex -6.67182 17.3717 3.3
      vertex -6.67182 17.3717 0.799999
    endloop
  endfacet
  facet normal -0.216342 -0.976318 0
    outer loop
      vertex 1.2329 26.7921 0.799999
      vertex 1.83762 26.6581 3.3
      vertex 1.2329 26.7921 3.3
    endloop
  endfacet
  facet normal -0.216342 -0.976318 -0
    outer loop
      vertex 1.83762 26.6581 3.3
      vertex 1.2329 26.7921 0.799999
      vertex 1.83762 26.6581 0.799999
    endloop
  endfacet
  facet normal -0.537301 0.843391 0
    outer loop
      vertex 4.07239 13.984 0.799999
      vertex 3.55 13.6512 3.3
      vertex 4.07239 13.984 3.3
    endloop
  endfacet
  facet normal -0.537301 0.843391 0
    outer loop
      vertex 3.55 13.6512 3.3
      vertex 4.07239 13.984 0.799999
      vertex 3.55 13.6512 0.799999
    endloop
  endfacet
  facet normal 0.991444 -0.13053 0
    outer loop
      vertex -7.07298 20.4188 3.3
      vertex -6.99213 21.0329 0.799999
      vertex -6.99213 21.0329 3.3
    endloop
  endfacet
  facet normal 0.991444 -0.13053 0
    outer loop
      vertex -6.99213 21.0329 0.799999
      vertex -7.07298 20.4188 3.3
      vertex -7.07298 20.4188 0.799999
    endloop
  endfacet
  facet normal 0.887011 0.461749 0
    outer loop
      vertex -6.14878 16.25 3.3
      vertex -6.43478 16.7994 0.799999
      vertex -6.43478 16.7994 3.3
    endloop
  endfacet
  facet normal 0.887011 0.461749 0
    outer loop
      vertex -6.43478 16.7994 0.799999
      vertex -6.14878 16.25 3.3
      vertex -6.14878 16.25 0.799999
    endloop
  endfacet
  facet normal 0.675537 0.737326 -0
    outer loop
      vertex -4.56379 14.3611 0.799999
      vertex -5.02046 14.7795 3.3
      vertex -4.56379 14.3611 3.3
    endloop
  endfacet
  facet normal 0.675537 0.737326 0
    outer loop
      vertex -5.02046 14.7795 3.3
      vertex -4.56379 14.3611 0.799999
      vertex -5.02046 14.7795 0.799999
    endloop
  endfacet
  facet normal -0.300774 -0.953695 0
    outer loop
      vertex 1.83762 26.6581 0.799999
      vertex 2.42834 26.4718 3.3
      vertex 1.83762 26.6581 3.3
    endloop
  endfacet
  facet normal -0.300774 -0.953695 -0
    outer loop
      vertex 2.42834 26.4718 3.3
      vertex 1.83762 26.6581 0.799999
      vertex 2.42834 26.4718 0.799999
    endloop
  endfacet
  facet normal -0.382637 0.923899 0
    outer loop
      vertex 3.00059 13.3652 0.799999
      vertex 2.42834 13.1282 3.3
      vertex 3.00059 13.3652 3.3
    endloop
  endfacet
  facet normal -0.382637 0.923899 0
    outer loop
      vertex 2.42834 13.1282 3.3
      vertex 3.00059 13.3652 0.799999
      vertex 2.42834 13.1282 0.799999
    endloop
  endfacet
  facet normal 0.793357 0.608757 0
    outer loop
      vertex -5.43892 15.2362 3.3
      vertex -5.81598 15.7276 0.799999
      vertex -5.81598 15.7276 3.3
    endloop
  endfacet
  facet normal 0.793357 0.608757 0
    outer loop
      vertex -5.81598 15.7276 0.799999
      vertex -5.43892 15.2362 3.3
      vertex -5.43892 15.2362 0.799999
    endloop
  endfacet
  facet normal -0.887011 0.461749 0
    outer loop
      vertex 6.14878 16.25 0.799999
      vertex 6.43478 16.7994 3.3
      vertex 6.43478 16.7994 0.799999
    endloop
  endfacet
  facet normal -0.887011 0.461749 0
    outer loop
      vertex 6.43478 16.7994 3.3
      vertex 6.14878 16.25 0.799999
      vertex 6.14878 16.25 3.3
    endloop
  endfacet
  facet normal 0.300774 0.953695 -0
    outer loop
      vertex -1.83762 12.9419 0.799999
      vertex -2.42834 13.1282 3.3
      vertex -1.83762 12.9419 3.3
    endloop
  endfacet
  facet normal 0.300774 0.953695 0
    outer loop
      vertex -2.42834 13.1282 3.3
      vertex -1.83762 12.9419 0.799999
      vertex -2.42834 13.1282 0.799999
    endloop
  endfacet
  facet normal -0.793357 0.608757 0
    outer loop
      vertex 5.43892 15.2362 0.799999
      vertex 5.81598 15.7276 3.3
      vertex 5.81598 15.7276 0.799999
    endloop
  endfacet
  facet normal -0.793357 0.608757 0
    outer loop
      vertex 5.81598 15.7276 3.3
      vertex 5.43892 15.2362 0.799999
      vertex 5.43892 15.2362 3.3
    endloop
  endfacet
  facet normal 0.675537 -0.737326 0
    outer loop
      vertex -5.02046 24.8205 0.799999
      vertex -4.56379 25.2389 3.3
      vertex -5.02046 24.8205 3.3
    endloop
  endfacet
  facet normal 0.675537 -0.737326 0
    outer loop
      vertex -4.56379 25.2389 3.3
      vertex -5.02046 24.8205 0.799999
      vertex -4.56379 25.2389 0.799999
    endloop
  endfacet
  facet normal 0.216342 -0.976318 0
    outer loop
      vertex -1.83762 26.6581 0.799999
      vertex -1.2329 26.7921 3.3
      vertex -1.83762 26.6581 3.3
    endloop
  endfacet
  facet normal 0.216342 -0.976318 0
    outer loop
      vertex -1.2329 26.7921 3.3
      vertex -1.83762 26.6581 0.799999
      vertex -1.2329 26.7921 0.799999
    endloop
  endfacet
  facet normal -0.991444 0.13053 0
    outer loop
      vertex 6.99213 18.5671 0.799999
      vertex 7.07298 19.1812 3.3
      vertex 7.07298 19.1812 0.799999
    endloop
  endfacet
  facet normal -0.991444 0.13053 0
    outer loop
      vertex 7.07298 19.1812 3.3
      vertex 6.99213 18.5671 0.799999
      vertex 6.99213 18.5671 3.3
    endloop
  endfacet
  facet normal 0.382637 0.923899 -0
    outer loop
      vertex -2.42834 13.1282 0.799999
      vertex -3.00059 13.3652 3.3
      vertex -2.42834 13.1282 3.3
    endloop
  endfacet
  facet normal 0.382637 0.923899 0
    outer loop
      vertex -3.00059 13.3652 3.3
      vertex -2.42834 13.1282 0.799999
      vertex -3.00059 13.3652 0.799999
    endloop
  endfacet
  facet normal 0.923888 0.382664 0
    outer loop
      vertex -6.43478 16.7994 3.3
      vertex -6.67182 17.3717 0.799999
      vertex -6.67182 17.3717 3.3
    endloop
  endfacet
  facet normal 0.923888 0.382664 0
    outer loop
      vertex -6.67182 17.3717 0.799999
      vertex -6.43478 16.7994 3.3
      vertex -6.43478 16.7994 0.799999
    endloop
  endfacet
  facet normal 0.537301 0.843391 -0
    outer loop
      vertex -3.55 13.6512 0.799999
      vertex -4.07239 13.984 3.3
      vertex -3.55 13.6512 3.3
    endloop
  endfacet
  facet normal 0.537301 0.843391 0
    outer loop
      vertex -4.07239 13.984 3.3
      vertex -3.55 13.6512 0.799999
      vertex -4.07239 13.984 0.799999
    endloop
  endfacet
  facet normal -0.608798 -0.793326 0
    outer loop
      vertex 4.07239 25.616 0.799999
      vertex 4.56379 25.2389 3.3
      vertex 4.07239 25.616 3.3
    endloop
  endfacet
  facet normal -0.608798 -0.793326 -0
    outer loop
      vertex 4.56379 25.2389 3.3
      vertex 4.07239 25.616 0.799999
      vertex 4.56379 25.2389 0.799999
    endloop
  endfacet
  facet normal -0.13061 0.991434 0
    outer loop
      vertex 1.2329 12.8079 0.799999
      vertex 0.618805 12.727 3.3
      vertex 1.2329 12.8079 3.3
    endloop
  endfacet
  facet normal -0.13061 0.991434 0
    outer loop
      vertex 0.618805 12.727 3.3
      vertex 1.2329 12.8079 0.799999
      vertex 0.618805 12.727 0.799999
    endloop
  endfacet
  facet normal -0.382637 -0.923899 0
    outer loop
      vertex 2.42834 26.4718 0.799999
      vertex 3.00059 26.2348 3.3
      vertex 2.42834 26.4718 3.3
    endloop
  endfacet
  facet normal -0.382637 -0.923899 -0
    outer loop
      vertex 3.00059 26.2348 3.3
      vertex 2.42834 26.4718 0.799999
      vertex 3.00059 26.2348 0.799999
    endloop
  endfacet
  facet normal -0.843395 -0.537293 0
    outer loop
      vertex 6.14878 23.35 0.799999
      vertex 5.81598 23.8724 3.3
      vertex 5.81598 23.8724 0.799999
    endloop
  endfacet
  facet normal -0.843395 -0.537293 0
    outer loop
      vertex 5.81598 23.8724 3.3
      vertex 6.14878 23.35 0.799999
      vertex 6.14878 23.35 3.3
    endloop
  endfacet
  facet normal -0.043591 -0.999049 0
    outer loop
      vertex 0 26.9 0.799999
      vertex 0.618805 26.873 3.3
      vertex 0 26.9 3.3
    endloop
  endfacet
  facet normal -0.043591 -0.999049 -0
    outer loop
      vertex 0.618805 26.873 3.3
      vertex 0 26.9 0.799999
      vertex 0.618805 26.873 0.799999
    endloop
  endfacet
  facet normal 0.608798 -0.793326 0
    outer loop
      vertex -4.56379 25.2389 0.799999
      vertex -4.07239 25.616 3.3
      vertex -4.56379 25.2389 3.3
    endloop
  endfacet
  facet normal 0.608798 -0.793326 0
    outer loop
      vertex -4.07239 25.616 3.3
      vertex -4.56379 25.2389 0.799999
      vertex -4.07239 25.616 0.799999
    endloop
  endfacet
  facet normal -0.537301 -0.843391 0
    outer loop
      vertex 3.55 25.9488 0.799999
      vertex 4.07239 25.616 3.3
      vertex 3.55 25.9488 3.3
    endloop
  endfacet
  facet normal -0.537301 -0.843391 -0
    outer loop
      vertex 4.07239 25.616 3.3
      vertex 3.55 25.9488 0.799999
      vertex 4.07239 25.616 0.799999
    endloop
  endfacet
  facet normal -0.953716 0.30071 0
    outer loop
      vertex 6.67182 17.3717 0.799999
      vertex 6.85807 17.9624 3.3
      vertex 6.85807 17.9624 0.799999
    endloop
  endfacet
  facet normal -0.953716 0.30071 0
    outer loop
      vertex 6.85807 17.9624 3.3
      vertex 6.67182 17.3717 0.799999
      vertex 6.67182 17.3717 3.3
    endloop
  endfacet
  facet normal 0.999048 -0.0436236 0
    outer loop
      vertex -7.1 19.8 3.3
      vertex -7.07298 20.4188 0.799999
      vertex -7.07298 20.4188 3.3
    endloop
  endfacet
  facet normal 0.999048 -0.0436236 0
    outer loop
      vertex -7.07298 20.4188 0.799999
      vertex -7.1 19.8 3.3
      vertex -7.1 19.8 0.799999
    endloop
  endfacet
  facet normal 0.461743 0.887014 -0
    outer loop
      vertex -3.00059 13.3652 0.799999
      vertex -3.55 13.6512 3.3
      vertex -3.00059 13.3652 3.3
    endloop
  endfacet
  facet normal 0.461743 0.887014 0
    outer loop
      vertex -3.55 13.6512 3.3
      vertex -3.00059 13.3652 0.799999
      vertex -3.55 13.6512 0.799999
    endloop
  endfacet
  facet normal 0.923888 -0.382664 0
    outer loop
      vertex -6.67182 22.2283 3.3
      vertex -6.43478 22.8006 0.799999
      vertex -6.43478 22.8006 3.3
    endloop
  endfacet
  facet normal 0.923888 -0.382664 0
    outer loop
      vertex -6.43478 22.8006 0.799999
      vertex -6.67182 22.2283 3.3
      vertex -6.67182 22.2283 0.799999
    endloop
  endfacet
  facet normal 0.382637 -0.923899 0
    outer loop
      vertex -3.00059 26.2348 0.799999
      vertex -2.42834 26.4718 3.3
      vertex -3.00059 26.2348 3.3
    endloop
  endfacet
  facet normal 0.382637 -0.923899 0
    outer loop
      vertex -2.42834 26.4718 3.3
      vertex -3.00059 26.2348 0.799999
      vertex -2.42834 26.4718 0.799999
    endloop
  endfacet
  facet normal 0.999048 0.0436236 0
    outer loop
      vertex -7.07298 19.1812 3.3
      vertex -7.1 19.8 0.799999
      vertex -7.1 19.8 3.3
    endloop
  endfacet
  facet normal 0.999048 0.0436236 0
    outer loop
      vertex -7.1 19.8 0.799999
      vertex -7.07298 19.1812 3.3
      vertex -7.07298 19.1812 0.799999
    endloop
  endfacet
  facet normal 0.608798 0.793326 -0
    outer loop
      vertex -4.07239 13.984 0.799999
      vertex -4.56379 14.3611 3.3
      vertex -4.07239 13.984 3.3
    endloop
  endfacet
  facet normal 0.608798 0.793326 0
    outer loop
      vertex -4.56379 14.3611 3.3
      vertex -4.07239 13.984 0.799999
      vertex -4.56379 14.3611 0.799999
    endloop
  endfacet
  facet normal -0.13061 -0.991434 0
    outer loop
      vertex 0.618805 26.873 0.799999
      vertex 1.2329 26.7921 3.3
      vertex 0.618805 26.873 3.3
    endloop
  endfacet
  facet normal -0.13061 -0.991434 -0
    outer loop
      vertex 1.2329 26.7921 3.3
      vertex 0.618805 26.873 0.799999
      vertex 1.2329 26.7921 0.799999
    endloop
  endfacet
  facet normal -0.976296 0.216442 0
    outer loop
      vertex 6.85807 17.9624 0.799999
      vertex 6.99213 18.5671 3.3
      vertex 6.99213 18.5671 0.799999
    endloop
  endfacet
  facet normal -0.976296 0.216442 0
    outer loop
      vertex 6.99213 18.5671 3.3
      vertex 6.85807 17.9624 0.799999
      vertex 6.85807 17.9624 3.3
    endloop
  endfacet
  facet normal 0.793357 -0.608757 0
    outer loop
      vertex -5.81598 23.8724 3.3
      vertex -5.43892 24.3638 0.799999
      vertex -5.43892 24.3638 3.3
    endloop
  endfacet
  facet normal 0.793357 -0.608757 0
    outer loop
      vertex -5.43892 24.3638 0.799999
      vertex -5.81598 23.8724 3.3
      vertex -5.81598 23.8724 0.799999
    endloop
  endfacet
  facet normal 0.843395 0.537293 0
    outer loop
      vertex -5.81598 15.7276 3.3
      vertex -6.14878 16.25 0.799999
      vertex -6.14878 16.25 3.3
    endloop
  endfacet
  facet normal 0.843395 0.537293 0
    outer loop
      vertex -6.14878 16.25 0.799999
      vertex -5.81598 15.7276 3.3
      vertex -5.81598 15.7276 0.799999
    endloop
  endfacet
  facet normal 0.537301 -0.843391 0
    outer loop
      vertex -4.07239 25.616 0.799999
      vertex -3.55 25.9488 3.3
      vertex -4.07239 25.616 3.3
    endloop
  endfacet
  facet normal 0.537301 -0.843391 0
    outer loop
      vertex -3.55 25.9488 3.3
      vertex -4.07239 25.616 0.799999
      vertex -3.55 25.9488 0.799999
    endloop
  endfacet
  facet normal -0.7373 0.675565 0
    outer loop
      vertex 5.02046 14.7795 0.799999
      vertex 5.43892 15.2362 3.3
      vertex 5.43892 15.2362 0.799999
    endloop
  endfacet
  facet normal -0.7373 0.675565 0
    outer loop
      vertex 5.43892 15.2362 3.3
      vertex 5.02046 14.7795 0.799999
      vertex 5.02046 14.7795 3.3
    endloop
  endfacet
  facet normal 0 0 1
    outer loop
      vertex 6.2 19.8 0.799999
      vertex 7.1 19.8 0.799999
      vertex 7.07298 20.4188 0.799999
    endloop
  endfacet
  facet normal 0 0 1
    outer loop
      vertex 6.17641 20.3404 0.799999
      vertex 7.07298 20.4188 0.799999
      vertex 6.99213 21.0329 0.799999
    endloop
  endfacet
  facet normal 0 0 1
    outer loop
      vertex 7.1 19.8 0.799999
      vertex 6.2 19.8 0.799999
      vertex 7.07298 19.1812 0.799999
    endloop
  endfacet
  facet normal 0 0 1
    outer loop
      vertex 6.10581 20.8766 0.799999
      vertex 6.99213 21.0329 0.799999
      vertex 6.85807 21.6376 0.799999
    endloop
  endfacet
  facet normal -0 0 1
    outer loop
      vertex 6.17641 19.2596 0.799999
      vertex 7.07298 19.1812 0.799999
      vertex 6.2 19.8 0.799999
    endloop
  endfacet
  facet normal 0 0 1
    outer loop
      vertex 5.98874 21.4047 0.799999
      vertex 6.85807 21.6376 0.799999
      vertex 6.67182 22.2283 0.799999
    endloop
  endfacet
  facet normal 0 0 1
    outer loop
      vertex 7.07298 19.1812 0.799999
      vertex 6.17641 19.2596 0.799999
      vertex 6.99213 18.5671 0.799999
    endloop
  endfacet
  facet normal 0 0 1
    outer loop
      vertex 5.82609 21.9205 0.799999
      vertex 6.67182 22.2283 0.799999
      vertex 6.43478 22.8006 0.799999
    endloop
  endfacet
  facet normal -0 0 1
    outer loop
      vertex 6.10581 18.7234 0.799999
      vertex 6.99213 18.5671 0.799999
      vertex 6.17641 19.2596 0.799999
    endloop
  endfacet
  facet normal 0 0 1
    outer loop
      vertex 6.99213 18.5671 0.799999
      vertex 6.10581 18.7234 0.799999
      vertex 6.85807 17.9624 0.799999
    endloop
  endfacet
  facet normal 0 0 1
    outer loop
      vertex 7.07298 20.4188 0.799999
      vertex 6.17641 20.3404 0.799999
      vertex 6.2 19.8 0.799999
    endloop
  endfacet
  facet normal 0 0 1
    outer loop
      vertex 5.61911 22.4202 0.799999
      vertex 6.43478 22.8006 0.799999
      vertex 6.14878 23.35 0.799999
    endloop
  endfacet
  facet normal 0 0 1
    outer loop
      vertex 6.99213 21.0329 0.799999
      vertex 6.10581 20.8766 0.799999
      vertex 6.17641 20.3404 0.799999
    endloop
  endfacet
  facet normal 0 0 1
    outer loop
      vertex 6.85807 21.6376 0.799999
      vertex 5.98874 21.4047 0.799999
      vertex 6.10581 20.8766 0.799999
    endloop
  endfacet
  facet normal 0 0 1
    outer loop
      vertex 6.67182 22.2283 0.799999
      vertex 5.82609 21.9205 0.799999
      vertex 5.98874 21.4047 0.799999
    endloop
  endfacet
  facet normal 0 0 1
    outer loop
      vertex 5.36936 22.9 0.799999
      vertex 6.14878 23.35 0.799999
      vertex 5.81598 23.8724 0.799999
    endloop
  endfacet
  facet normal 0 0 1
    outer loop
      vertex 6.43478 22.8006 0.799999
      vertex 5.61911 22.4202 0.799999
      vertex 5.82609 21.9205 0.799999
    endloop
  endfacet
  facet normal 0 0 1
    outer loop
      vertex 5.07874 23.3562 0.799999
      vertex 5.81598 23.8724 0.799999
      vertex 5.43892 24.3638 0.799999
    endloop
  endfacet
  facet normal 0 0 1
    outer loop
      vertex 6.14878 23.35 0.799999
      vertex 5.36936 22.9 0.799999
      vertex 5.61911 22.4202 0.799999
    endloop
  endfacet
  facet normal 0 0 1
    outer loop
      vertex 5.81598 23.8724 0.799999
      vertex 5.07874 23.3562 0.799999
      vertex 5.36936 22.9 0.799999
    endloop
  endfacet
  facet normal 0 0 1
    outer loop
      vertex 4.74948 23.7853 0.799999
      vertex 5.43892 24.3638 0.799999
      vertex 5.02046 24.8205 0.799999
    endloop
  endfacet
  facet normal 0 0 1
    outer loop
      vertex 5.43892 24.3638 0.799999
      vertex 4.74948 23.7853 0.799999
      vertex 5.07874 23.3562 0.799999
    endloop
  endfacet
  facet normal 0 0 1
    outer loop
      vertex 4.38406 24.1841 0.799999
      vertex 5.02046 24.8205 0.799999
      vertex 4.56379 25.2389 0.799999
    endloop
  endfacet
  facet normal 0 0 1
    outer loop
      vertex 5.02046 24.8205 0.799999
      vertex 4.38406 24.1841 0.799999
      vertex 4.74948 23.7853 0.799999
    endloop
  endfacet
  facet normal 0 0 1
    outer loop
      vertex 3.98528 24.5495 0.799999
      vertex 4.56379 25.2389 0.799999
      vertex 4.07239 25.616 0.799999
    endloop
  endfacet
  facet normal 0 0 1
    outer loop
      vertex 4.56379 25.2389 0.799999
      vertex 3.98528 24.5495 0.799999
      vertex 4.38406 24.1841 0.799999
    endloop
  endfacet
  facet normal 0 0 1
    outer loop
      vertex 4.07239 25.616 0.799999
      vertex 3.55617 24.8787 0.799999
      vertex 3.98528 24.5495 0.799999
    endloop
  endfacet
  facet normal 0 0 1
    outer loop
      vertex 3.55 25.9488 0.799999
      vertex 3.55617 24.8787 0.799999
      vertex 4.07239 25.616 0.799999
    endloop
  endfacet
  facet normal 0 0 1
    outer loop
      vertex 3.55 25.9488 0.799999
      vertex 3.1 25.1694 0.799999
      vertex 3.55617 24.8787 0.799999
    endloop
  endfacet
  facet normal 0 0 1
    outer loop
      vertex 3.00059 26.2348 0.799999
      vertex 3.1 25.1694 0.799999
      vertex 3.55 25.9488 0.799999
    endloop
  endfacet
  facet normal 0 0 1
    outer loop
      vertex 3.00059 26.2348 0.799999
      vertex 2.62023 25.4191 0.799999
      vertex 3.1 25.1694 0.799999
    endloop
  endfacet
  facet normal 0 0 1
    outer loop
      vertex 2.42834 26.4718 0.799999
      vertex 2.62023 25.4191 0.799999
      vertex 3.00059 26.2348 0.799999
    endloop
  endfacet
  facet normal 0 0 1
    outer loop
      vertex 2.42834 26.4718 0.799999
      vertex 2.12052 25.6261 0.799999
      vertex 2.62023 25.4191 0.799999
    endloop
  endfacet
  facet normal 0 0 1
    outer loop
      vertex 1.83762 26.6581 0.799999
      vertex 2.12052 25.6261 0.799999
      vertex 2.42834 26.4718 0.799999
    endloop
  endfacet
  facet normal 0 0 1
    outer loop
      vertex 1.83762 26.6581 0.799999
      vertex 1.60468 25.7887 0.799999
      vertex 2.12052 25.6261 0.799999
    endloop
  endfacet
  facet normal 0 0 1
    outer loop
      vertex 1.2329 26.7921 0.799999
      vertex 1.60468 25.7887 0.799999
      vertex 1.83762 26.6581 0.799999
    endloop
  endfacet
  facet normal 0 0 1
    outer loop
      vertex 1.2329 26.7921 0.799999
      vertex 1.07662 25.9058 0.799999
      vertex 1.60468 25.7887 0.799999
    endloop
  endfacet
  facet normal 0 0 1
    outer loop
      vertex 0.618805 26.873 0.799999
      vertex 1.07662 25.9058 0.799999
      vertex 1.2329 26.7921 0.799999
    endloop
  endfacet
  facet normal 0 0 1
    outer loop
      vertex 0.618805 26.873 0.799999
      vertex 0.540365 25.9764 0.799999
      vertex 1.07662 25.9058 0.799999
    endloop
  endfacet
  facet normal 0 0 1
    outer loop
      vertex 0 26.9 0.799999
      vertex 0.540365 25.9764 0.799999
      vertex 0.618805 26.873 0.799999
    endloop
  endfacet
  facet normal 0 0 1
    outer loop
      vertex 0 26.9 0.799999
      vertex 0 26 0.799999
      vertex 0.540365 25.9764 0.799999
    endloop
  endfacet
  facet normal 0 0 1
    outer loop
      vertex 0 26.9 0.799999
      vertex -0.540365 25.9764 0.799999
      vertex 0 26 0.799999
    endloop
  endfacet
  facet normal -0 0 1
    outer loop
      vertex -0.618805 26.873 0.799999
      vertex -0.540365 25.9764 0.799999
      vertex 0 26.9 0.799999
    endloop
  endfacet
  facet normal 0 0 1
    outer loop
      vertex -0.618805 26.873 0.799999
      vertex -1.07662 25.9058 0.799999
      vertex -0.540365 25.9764 0.799999
    endloop
  endfacet
  facet normal -0 0 1
    outer loop
      vertex -1.2329 26.7921 0.799999
      vertex -1.07662 25.9058 0.799999
      vertex -0.618805 26.873 0.799999
    endloop
  endfacet
  facet normal 0 0 1
    outer loop
      vertex -1.2329 26.7921 0.799999
      vertex -1.60468 25.7887 0.799999
      vertex -1.07662 25.9058 0.799999
    endloop
  endfacet
  facet normal -0 0 1
    outer loop
      vertex -1.83762 26.6581 0.799999
      vertex -1.60468 25.7887 0.799999
      vertex -1.2329 26.7921 0.799999
    endloop
  endfacet
  facet normal 0 0 1
    outer loop
      vertex -1.83762 26.6581 0.799999
      vertex -2.12052 25.6261 0.799999
      vertex -1.60468 25.7887 0.799999
    endloop
  endfacet
  facet normal -0 0 1
    outer loop
      vertex -2.42834 26.4718 0.799999
      vertex -2.12052 25.6261 0.799999
      vertex -1.83762 26.6581 0.799999
    endloop
  endfacet
  facet normal 0 0 1
    outer loop
      vertex -2.42834 26.4718 0.799999
      vertex -2.62023 25.4191 0.799999
      vertex -2.12052 25.6261 0.799999
    endloop
  endfacet
  facet normal -0 0 1
    outer loop
      vertex -3.00059 26.2348 0.799999
      vertex -2.62023 25.4191 0.799999
      vertex -2.42834 26.4718 0.799999
    endloop
  endfacet
  facet normal 0 0 1
    outer loop
      vertex -3.00059 26.2348 0.799999
      vertex -3.1 25.1694 0.799999
      vertex -2.62023 25.4191 0.799999
    endloop
  endfacet
  facet normal -0 0 1
    outer loop
      vertex -3.55 25.9488 0.799999
      vertex -3.1 25.1694 0.799999
      vertex -3.00059 26.2348 0.799999
    endloop
  endfacet
  facet normal 0 0 1
    outer loop
      vertex -3.55 25.9488 0.799999
      vertex -3.55617 24.8787 0.799999
      vertex -3.1 25.1694 0.799999
    endloop
  endfacet
  facet normal -0 0 1
    outer loop
      vertex -4.07239 25.616 0.799999
      vertex -3.55617 24.8787 0.799999
      vertex -3.55 25.9488 0.799999
    endloop
  endfacet
  facet normal 0 0 1
    outer loop
      vertex -3.55617 24.8787 0.799999
      vertex -4.07239 25.616 0.799999
      vertex -3.98528 24.5495 0.799999
    endloop
  endfacet
  facet normal -0 0 1
    outer loop
      vertex -4.56379 25.2389 0.799999
      vertex -3.98528 24.5495 0.799999
      vertex -4.07239 25.616 0.799999
    endloop
  endfacet
  facet normal 0 0 1
    outer loop
      vertex -3.98528 24.5495 0.799999
      vertex -4.56379 25.2389 0.799999
      vertex -4.38406 24.1841 0.799999
    endloop
  endfacet
  facet normal -0 0 1
    outer loop
      vertex -5.02046 24.8205 0.799999
      vertex -4.38406 24.1841 0.799999
      vertex -4.56379 25.2389 0.799999
    endloop
  endfacet
  facet normal 0 0 1
    outer loop
      vertex -4.38406 24.1841 0.799999
      vertex -5.02046 24.8205 0.799999
      vertex -4.74948 23.7853 0.799999
    endloop
  endfacet
  facet normal -0 0 1
    outer loop
      vertex -5.43892 24.3638 0.799999
      vertex -4.74948 23.7853 0.799999
      vertex -5.02046 24.8205 0.799999
    endloop
  endfacet
  facet normal 0 0 1
    outer loop
      vertex -4.74948 23.7853 0.799999
      vertex -5.43892 24.3638 0.799999
      vertex -5.07874 23.3562 0.799999
    endloop
  endfacet
  facet normal -0 0 1
    outer loop
      vertex -5.81598 23.8724 0.799999
      vertex -5.07874 23.3562 0.799999
      vertex -5.43892 24.3638 0.799999
    endloop
  endfacet
  facet normal 0 0 1
    outer loop
      vertex -5.07874 23.3562 0.799999
      vertex -5.81598 23.8724 0.799999
      vertex -5.36936 22.9 0.799999
    endloop
  endfacet
  facet normal -0 0 1
    outer loop
      vertex -6.14878 23.35 0.799999
      vertex -5.36936 22.9 0.799999
      vertex -5.81598 23.8724 0.799999
    endloop
  endfacet
  facet normal 0 0 1
    outer loop
      vertex -5.36936 22.9 0.799999
      vertex -6.14878 23.35 0.799999
      vertex -5.61911 22.4202 0.799999
    endloop
  endfacet
  facet normal -0 0 1
    outer loop
      vertex -6.43478 22.8006 0.799999
      vertex -5.61911 22.4202 0.799999
      vertex -6.14878 23.35 0.799999
    endloop
  endfacet
  facet normal 0 0 1
    outer loop
      vertex -5.61911 22.4202 0.799999
      vertex -6.43478 22.8006 0.799999
      vertex -5.82609 21.9205 0.799999
    endloop
  endfacet
  facet normal -0 0 1
    outer loop
      vertex -6.67182 22.2283 0.799999
      vertex -5.82609 21.9205 0.799999
      vertex -6.43478 22.8006 0.799999
    endloop
  endfacet
  facet normal 0 0 1
    outer loop
      vertex -5.82609 21.9205 0.799999
      vertex -6.67182 22.2283 0.799999
      vertex -5.98874 21.4047 0.799999
    endloop
  endfacet
  facet normal -0 0 1
    outer loop
      vertex -6.85807 21.6376 0.799999
      vertex -5.98874 21.4047 0.799999
      vertex -6.67182 22.2283 0.799999
    endloop
  endfacet
  facet normal 0 0 1
    outer loop
      vertex -5.98874 21.4047 0.799999
      vertex -6.85807 21.6376 0.799999
      vertex -6.10581 20.8766 0.799999
    endloop
  endfacet
  facet normal -0 0 1
    outer loop
      vertex 5.98874 18.1953 0.799999
      vertex 6.85807 17.9624 0.799999
      vertex 6.10581 18.7234 0.799999
    endloop
  endfacet
  facet normal 0 0 1
    outer loop
      vertex 6.85807 17.9624 0.799999
      vertex 5.98874 18.1953 0.799999
      vertex 6.67182 17.3717 0.799999
    endloop
  endfacet
  facet normal -0 0 1
    outer loop
      vertex 5.82609 17.6795 0.799999
      vertex 6.67182 17.3717 0.799999
      vertex 5.98874 18.1953 0.799999
    endloop
  endfacet
  facet normal 0 0 1
    outer loop
      vertex 6.67182 17.3717 0.799999
      vertex 5.82609 17.6795 0.799999
      vertex 6.43478 16.7994 0.799999
    endloop
  endfacet
  facet normal -0 0 1
    outer loop
      vertex 5.61911 17.1798 0.799999
      vertex 6.43478 16.7994 0.799999
      vertex 5.82609 17.6795 0.799999
    endloop
  endfacet
  facet normal 0 0 1
    outer loop
      vertex 6.43478 16.7994 0.799999
      vertex 5.61911 17.1798 0.799999
      vertex 6.14878 16.25 0.799999
    endloop
  endfacet
  facet normal -0 0 1
    outer loop
      vertex 5.36936 16.7 0.799999
      vertex 6.14878 16.25 0.799999
      vertex 5.61911 17.1798 0.799999
    endloop
  endfacet
  facet normal 0 0 1
    outer loop
      vertex 6.14878 16.25 0.799999
      vertex 5.36936 16.7 0.799999
      vertex 5.81598 15.7276 0.799999
    endloop
  endfacet
  facet normal -0 0 1
    outer loop
      vertex 5.07874 16.2438 0.799999
      vertex 5.81598 15.7276 0.799999
      vertex 5.36936 16.7 0.799999
    endloop
  endfacet
  facet normal 0 0 1
    outer loop
      vertex 5.81598 15.7276 0.799999
      vertex 5.07874 16.2438 0.799999
      vertex 5.43892 15.2362 0.799999
    endloop
  endfacet
  facet normal -0 0 1
    outer loop
      vertex 4.74948 15.8147 0.799999
      vertex 5.43892 15.2362 0.799999
      vertex 5.07874 16.2438 0.799999
    endloop
  endfacet
  facet normal 0 0 1
    outer loop
      vertex 5.43892 15.2362 0.799999
      vertex 4.74948 15.8147 0.799999
      vertex 5.02046 14.7795 0.799999
    endloop
  endfacet
  facet normal -0 0 1
    outer loop
      vertex 4.38406 15.4159 0.799999
      vertex 5.02046 14.7795 0.799999
      vertex 4.74948 15.8147 0.799999
    endloop
  endfacet
  facet normal 0 0 1
    outer loop
      vertex 5.02046 14.7795 0.799999
      vertex 4.38406 15.4159 0.799999
      vertex 4.56379 14.3611 0.799999
    endloop
  endfacet
  facet normal -0 0 1
    outer loop
      vertex 3.98528 15.0505 0.799999
      vertex 4.56379 14.3611 0.799999
      vertex 4.38406 15.4159 0.799999
    endloop
  endfacet
  facet normal 0 0 1
    outer loop
      vertex 4.56379 14.3611 0.799999
      vertex 3.98528 15.0505 0.799999
      vertex 4.07239 13.984 0.799999
    endloop
  endfacet
  facet normal -0 0 1
    outer loop
      vertex 3.55617 14.7213 0.799999
      vertex 4.07239 13.984 0.799999
      vertex 3.98528 15.0505 0.799999
    endloop
  endfacet
  facet normal 0 0 1
    outer loop
      vertex 3.55617 14.7213 0.799999
      vertex 3.55 13.6512 0.799999
      vertex 4.07239 13.984 0.799999
    endloop
  endfacet
  facet normal -0 0 1
    outer loop
      vertex 3.1 14.4306 0.799999
      vertex 3.55 13.6512 0.799999
      vertex 3.55617 14.7213 0.799999
    endloop
  endfacet
  facet normal 0 0 1
    outer loop
      vertex 3.1 14.4306 0.799999
      vertex 3.00059 13.3652 0.799999
      vertex 3.55 13.6512 0.799999
    endloop
  endfacet
  facet normal -0 0 1
    outer loop
      vertex 2.62023 14.1809 0.799999
      vertex 3.00059 13.3652 0.799999
      vertex 3.1 14.4306 0.799999
    endloop
  endfacet
  facet normal 0 0 1
    outer loop
      vertex 2.62023 14.1809 0.799999
      vertex 2.42834 13.1282 0.799999
      vertex 3.00059 13.3652 0.799999
    endloop
  endfacet
  facet normal -0 0 1
    outer loop
      vertex 2.12052 13.9739 0.799999
      vertex 2.42834 13.1282 0.799999
      vertex 2.62023 14.1809 0.799999
    endloop
  endfacet
  facet normal 0 0 1
    outer loop
      vertex 2.12052 13.9739 0.799999
      vertex 1.83762 12.9419 0.799999
      vertex 2.42834 13.1282 0.799999
    endloop
  endfacet
  facet normal -0 0 1
    outer loop
      vertex 1.60468 13.8113 0.799999
      vertex 1.83762 12.9419 0.799999
      vertex 2.12052 13.9739 0.799999
    endloop
  endfacet
  facet normal 0 0 1
    outer loop
      vertex 1.60468 13.8113 0.799999
      vertex 1.2329 12.8079 0.799999
      vertex 1.83762 12.9419 0.799999
    endloop
  endfacet
  facet normal -0 0 1
    outer loop
      vertex 1.07662 13.6942 0.799999
      vertex 1.2329 12.8079 0.799999
      vertex 1.60468 13.8113 0.799999
    endloop
  endfacet
  facet normal 0 0 1
    outer loop
      vertex 1.07662 13.6942 0.799999
      vertex 0.618805 12.727 0.799999
      vertex 1.2329 12.8079 0.799999
    endloop
  endfacet
  facet normal -0 0 1
    outer loop
      vertex 0.540365 13.6236 0.799999
      vertex 0.618805 12.727 0.799999
      vertex 1.07662 13.6942 0.799999
    endloop
  endfacet
  facet normal -0 0 1
    outer loop
      vertex 0 13.6 0.799999
      vertex 0.618805 12.727 0.799999
      vertex 0.540365 13.6236 0.799999
    endloop
  endfacet
  facet normal 0 0 1
    outer loop
      vertex 0 13.6 0.799999
      vertex 0 12.7 0.799999
      vertex 0.618805 12.727 0.799999
    endloop
  endfacet
  facet normal 0 0 1
    outer loop
      vertex -0.540365 13.6236 0.799999
      vertex 0 12.7 0.799999
      vertex 0 13.6 0.799999
    endloop
  endfacet
  facet normal 0 0 1
    outer loop
      vertex -0.540365 13.6236 0.799999
      vertex -0.618805 12.727 0.799999
      vertex 0 12.7 0.799999
    endloop
  endfacet
  facet normal 0 0 1
    outer loop
      vertex -1.07662 13.6942 0.799999
      vertex -0.618805 12.727 0.799999
      vertex -0.540365 13.6236 0.799999
    endloop
  endfacet
  facet normal 0 0 1
    outer loop
      vertex -1.07662 13.6942 0.799999
      vertex -1.2329 12.8079 0.799999
      vertex -0.618805 12.727 0.799999
    endloop
  endfacet
  facet normal 0 0 1
    outer loop
      vertex -1.60468 13.8113 0.799999
      vertex -1.2329 12.8079 0.799999
      vertex -1.07662 13.6942 0.799999
    endloop
  endfacet
  facet normal 0 0 1
    outer loop
      vertex -1.60468 13.8113 0.799999
      vertex -1.83762 12.9419 0.799999
      vertex -1.2329 12.8079 0.799999
    endloop
  endfacet
  facet normal 0 0 1
    outer loop
      vertex -2.12052 13.9739 0.799999
      vertex -1.83762 12.9419 0.799999
      vertex -1.60468 13.8113 0.799999
    endloop
  endfacet
  facet normal 0 0 1
    outer loop
      vertex -2.12052 13.9739 0.799999
      vertex -2.42834 13.1282 0.799999
      vertex -1.83762 12.9419 0.799999
    endloop
  endfacet
  facet normal 0 0 1
    outer loop
      vertex -2.62023 14.1809 0.799999
      vertex -2.42834 13.1282 0.799999
      vertex -2.12052 13.9739 0.799999
    endloop
  endfacet
  facet normal 0 0 1
    outer loop
      vertex -2.62023 14.1809 0.799999
      vertex -3.00059 13.3652 0.799999
      vertex -2.42834 13.1282 0.799999
    endloop
  endfacet
  facet normal 0 0 1
    outer loop
      vertex -3.1 14.4306 0.799999
      vertex -3.00059 13.3652 0.799999
      vertex -2.62023 14.1809 0.799999
    endloop
  endfacet
  facet normal 0 0 1
    outer loop
      vertex -3.1 14.4306 0.799999
      vertex -3.55 13.6512 0.799999
      vertex -3.00059 13.3652 0.799999
    endloop
  endfacet
  facet normal 0 0 1
    outer loop
      vertex -3.55617 14.7213 0.799999
      vertex -3.55 13.6512 0.799999
      vertex -3.1 14.4306 0.799999
    endloop
  endfacet
  facet normal 0 0 1
    outer loop
      vertex -4.07239 13.984 0.799999
      vertex -3.55617 14.7213 0.799999
      vertex -3.98528 15.0505 0.799999
    endloop
  endfacet
  facet normal 0 0 1
    outer loop
      vertex -3.55617 14.7213 0.799999
      vertex -4.07239 13.984 0.799999
      vertex -3.55 13.6512 0.799999
    endloop
  endfacet
  facet normal 0 0 1
    outer loop
      vertex -4.56379 14.3611 0.799999
      vertex -3.98528 15.0505 0.799999
      vertex -4.38406 15.4159 0.799999
    endloop
  endfacet
  facet normal 0 0 1
    outer loop
      vertex -3.98528 15.0505 0.799999
      vertex -4.56379 14.3611 0.799999
      vertex -4.07239 13.984 0.799999
    endloop
  endfacet
  facet normal 0 0 1
    outer loop
      vertex -5.02046 14.7795 0.799999
      vertex -4.38406 15.4159 0.799999
      vertex -4.74948 15.8147 0.799999
    endloop
  endfacet
  facet normal 0 0 1
    outer loop
      vertex -4.38406 15.4159 0.799999
      vertex -5.02046 14.7795 0.799999
      vertex -4.56379 14.3611 0.799999
    endloop
  endfacet
  facet normal 0 0 1
    outer loop
      vertex -5.43892 15.2362 0.799999
      vertex -4.74948 15.8147 0.799999
      vertex -5.07874 16.2438 0.799999
    endloop
  endfacet
  facet normal 0 0 1
    outer loop
      vertex -5.81598 15.7276 0.799999
      vertex -5.07874 16.2438 0.799999
      vertex -5.36936 16.7 0.799999
    endloop
  endfacet
  facet normal 0 0 1
    outer loop
      vertex -4.74948 15.8147 0.799999
      vertex -5.43892 15.2362 0.799999
      vertex -5.02046 14.7795 0.799999
    endloop
  endfacet
  facet normal 0 0 1
    outer loop
      vertex -6.14878 16.25 0.799999
      vertex -5.36936 16.7 0.799999
      vertex -5.61911 17.1798 0.799999
    endloop
  endfacet
  facet normal 0 0 1
    outer loop
      vertex -5.07874 16.2438 0.799999
      vertex -5.81598 15.7276 0.799999
      vertex -5.43892 15.2362 0.799999
    endloop
  endfacet
  facet normal 0 0 1
    outer loop
      vertex -6.43478 16.7994 0.799999
      vertex -5.61911 17.1798 0.799999
      vertex -5.82609 17.6795 0.799999
    endloop
  endfacet
  facet normal 0 0 1
    outer loop
      vertex -6.67182 17.3717 0.799999
      vertex -5.82609 17.6795 0.799999
      vertex -5.98874 18.1953 0.799999
    endloop
  endfacet
  facet normal 0 0 1
    outer loop
      vertex -6.85807 17.9624 0.799999
      vertex -5.98874 18.1953 0.799999
      vertex -6.10581 18.7234 0.799999
    endloop
  endfacet
  facet normal 0 0 1
    outer loop
      vertex -5.36936 16.7 0.799999
      vertex -6.14878 16.25 0.799999
      vertex -5.81598 15.7276 0.799999
    endloop
  endfacet
  facet normal 0 0 1
    outer loop
      vertex -6.99213 18.5671 0.799999
      vertex -6.10581 18.7234 0.799999
      vertex -6.17641 19.2596 0.799999
    endloop
  endfacet
  facet normal 0 0 1
    outer loop
      vertex -7.07298 19.1812 0.799999
      vertex -6.17641 19.2596 0.799999
      vertex -6.2 19.8 0.799999
    endloop
  endfacet
  facet normal -0 0 1
    outer loop
      vertex -6.99213 21.0329 0.799999
      vertex -6.10581 20.8766 0.799999
      vertex -6.85807 21.6376 0.799999
    endloop
  endfacet
  facet normal 0 0 1
    outer loop
      vertex -5.61911 17.1798 0.799999
      vertex -6.43478 16.7994 0.799999
      vertex -6.14878 16.25 0.799999
    endloop
  endfacet
  facet normal 0 0 1
    outer loop
      vertex -6.10581 20.8766 0.799999
      vertex -6.99213 21.0329 0.799999
      vertex -6.17641 20.3404 0.799999
    endloop
  endfacet
  facet normal 0 0 1
    outer loop
      vertex -5.82609 17.6795 0.799999
      vertex -6.67182 17.3717 0.799999
      vertex -6.43478 16.7994 0.799999
    endloop
  endfacet
  facet normal -0 0 1
    outer loop
      vertex -7.07298 20.4188 0.799999
      vertex -6.17641 20.3404 0.799999
      vertex -6.99213 21.0329 0.799999
    endloop
  endfacet
  facet normal 0 0 1
    outer loop
      vertex -5.98874 18.1953 0.799999
      vertex -6.85807 17.9624 0.799999
      vertex -6.67182 17.3717 0.799999
    endloop
  endfacet
  facet normal 0 0 1
    outer loop
      vertex -6.17641 20.3404 0.799999
      vertex -7.07298 20.4188 0.799999
      vertex -6.2 19.8 0.799999
    endloop
  endfacet
  facet normal 0 0 1
    outer loop
      vertex -6.10581 18.7234 0.799999
      vertex -6.99213 18.5671 0.799999
      vertex -6.85807 17.9624 0.799999
    endloop
  endfacet
  facet normal 0 0 1
    outer loop
      vertex -7.1 19.8 0.799999
      vertex -6.2 19.8 0.799999
      vertex -7.07298 20.4188 0.799999
    endloop
  endfacet
  facet normal 0 0 1
    outer loop
      vertex -6.17641 19.2596 0.799999
      vertex -7.07298 19.1812 0.799999
      vertex -6.99213 18.5671 0.799999
    endloop
  endfacet
  facet normal 0 0 1
    outer loop
      vertex -6.2 19.8 0.799999
      vertex -7.1 19.8 0.799999
      vertex -7.07298 19.1812 0.799999
    endloop
  endfacet
  facet normal 0.7373 -0.675565 0
    outer loop
      vertex -5.43892 24.3638 3.3
      vertex -5.02046 24.8205 0.799999
      vertex -5.02046 24.8205 3.3
    endloop
  endfacet
  facet normal 0.7373 -0.675565 0
    outer loop
      vertex -5.02046 24.8205 0.799999
      vertex -5.43892 24.3638 3.3
      vertex -5.43892 24.3638 0.799999
    endloop
  endfacet
  facet normal 0.043591 -0.999049 0
    outer loop
      vertex -0.618805 26.873 0.799999
      vertex 0 26.9 3.3
      vertex -0.618805 26.873 3.3
    endloop
  endfacet
  facet normal 0.043591 -0.999049 0
    outer loop
      vertex 0 26.9 3.3
      vertex -0.618805 26.873 0.799999
      vertex 0 26.9 0.799999
    endloop
  endfacet
  facet normal -0.461743 0.887014 0
    outer loop
      vertex 3.55 13.6512 0.799999
      vertex 3.00059 13.3652 3.3
      vertex 3.55 13.6512 3.3
    endloop
  endfacet
  facet normal -0.461743 0.887014 0
    outer loop
      vertex 3.00059 13.3652 3.3
      vertex 3.55 13.6512 0.799999
      vertex 3.00059 13.3652 0.799999
    endloop
  endfacet
  facet normal 0.843395 -0.537293 0
    outer loop
      vertex -6.14878 23.35 3.3
      vertex -5.81598 23.8724 0.799999
      vertex -5.81598 23.8724 3.3
    endloop
  endfacet
  facet normal 0.843395 -0.537293 0
    outer loop
      vertex -5.81598 23.8724 0.799999
      vertex -6.14878 23.35 3.3
      vertex -6.14878 23.35 0.799999
    endloop
  endfacet
  facet normal 0.976296 -0.216442 0
    outer loop
      vertex -6.99213 21.0329 3.3
      vertex -6.85807 21.6376 0.799999
      vertex -6.85807 21.6376 3.3
    endloop
  endfacet
  facet normal 0.976296 -0.216442 0
    outer loop
      vertex -6.85807 21.6376 0.799999
      vertex -6.99213 21.0329 3.3
      vertex -6.99213 21.0329 0.799999
    endloop
  endfacet
  facet normal -0.300774 0.953695 0
    outer loop
      vertex 2.42834 13.1282 0.799999
      vertex 1.83762 12.9419 3.3
      vertex 2.42834 13.1282 3.3
    endloop
  endfacet
  facet normal -0.300774 0.953695 0
    outer loop
      vertex 1.83762 12.9419 3.3
      vertex 2.42834 13.1282 0.799999
      vertex 1.83762 12.9419 0.799999
    endloop
  endfacet
  facet normal -0.7373 -0.675565 0
    outer loop
      vertex 5.43892 24.3638 0.799999
      vertex 5.02046 24.8205 3.3
      vertex 5.02046 24.8205 0.799999
    endloop
  endfacet
  facet normal -0.7373 -0.675565 0
    outer loop
      vertex 5.02046 24.8205 3.3
      vertex 5.43892 24.3638 0.799999
      vertex 5.43892 24.3638 3.3
    endloop
  endfacet
  facet normal 0.887011 -0.461749 0
    outer loop
      vertex -6.43478 22.8006 3.3
      vertex -6.14878 23.35 0.799999
      vertex -6.14878 23.35 3.3
    endloop
  endfacet
  facet normal 0.887011 -0.461749 0
    outer loop
      vertex -6.14878 23.35 0.799999
      vertex -6.43478 22.8006 3.3
      vertex -6.43478 22.8006 0.799999
    endloop
  endfacet
  facet normal 0.976296 0.216442 0
    outer loop
      vertex -6.85807 17.9624 3.3
      vertex -6.99213 18.5671 0.799999
      vertex -6.99213 18.5671 3.3
    endloop
  endfacet
  facet normal 0.976296 0.216442 0
    outer loop
      vertex -6.99213 18.5671 0.799999
      vertex -6.85807 17.9624 3.3
      vertex -6.85807 17.9624 0.799999
    endloop
  endfacet
  facet normal -0.216342 0.976318 0
    outer loop
      vertex 1.83762 12.9419 0.799999
      vertex 1.2329 12.8079 3.3
      vertex 1.83762 12.9419 3.3
    endloop
  endfacet
  facet normal -0.216342 0.976318 0
    outer loop
      vertex 1.2329 12.8079 3.3
      vertex 1.83762 12.9419 0.799999
      vertex 1.2329 12.8079 0.799999
    endloop
  endfacet
  facet normal -0.843395 0.537293 0
    outer loop
      vertex 5.81598 15.7276 0.799999
      vertex 6.14878 16.25 3.3
      vertex 6.14878 16.25 0.799999
    endloop
  endfacet
  facet normal -0.843395 0.537293 0
    outer loop
      vertex 6.14878 16.25 3.3
      vertex 5.81598 15.7276 0.799999
      vertex 5.81598 15.7276 3.3
    endloop
  endfacet
  facet normal -0.675537 0.737326 0
    outer loop
      vertex 5.02046 14.7795 0.799999
      vertex 4.56379 14.3611 3.3
      vertex 5.02046 14.7795 3.3
    endloop
  endfacet
  facet normal -0.675537 0.737326 0
    outer loop
      vertex 4.56379 14.3611 3.3
      vertex 5.02046 14.7795 0.799999
      vertex 4.56379 14.3611 0.799999
    endloop
  endfacet
  facet normal 0.043591 0.999049 -0
    outer loop
      vertex 0 12.7 0.799999
      vertex -0.618805 12.727 3.3
      vertex 0 12.7 3.3
    endloop
  endfacet
  facet normal 0.043591 0.999049 0
    outer loop
      vertex -0.618805 12.727 3.3
      vertex 0 12.7 0.799999
      vertex -0.618805 12.727 0.799999
    endloop
  endfacet
  facet normal 0.382704 0.923871 -0
    outer loop
      vertex -2.12052 13.9739 0
      vertex -2.62023 14.1809 0.799999
      vertex -2.12052 13.9739 0.799999
    endloop
  endfacet
  facet normal 0.382704 0.923871 0
    outer loop
      vertex -2.62023 14.1809 0.799999
      vertex -2.12052 13.9739 0
      vertex -2.62023 14.1809 0
    endloop
  endfacet
  facet normal -0.793353 -0.608761 0
    outer loop
      vertex 5.07874 23.3562 0
      vertex 4.74948 23.7853 0.799999
      vertex 4.74948 23.7853 0
    endloop
  endfacet
  facet normal -0.793353 -0.608761 0
    outer loop
      vertex 4.74948 23.7853 0.799999
      vertex 5.07874 23.3562 0
      vertex 5.07874 23.3562 0.799999
    endloop
  endfacet
  facet normal -0.953707 0.300738 0
    outer loop
      vertex 5.82609 17.6795 0
      vertex 5.98874 18.1953 0.799999
      vertex 5.98874 18.1953 0
    endloop
  endfacet
  facet normal -0.953707 0.300738 0
    outer loop
      vertex 5.98874 18.1953 0.799999
      vertex 5.82609 17.6795 0
      vertex 5.82609 17.6795 0.799999
    endloop
  endfacet
  facet normal 0.991443 -0.130541 0
    outer loop
      vertex -6.17641 20.3404 0.799999
      vertex -6.10581 20.8766 0
      vertex -6.10581 20.8766 0.799999
    endloop
  endfacet
  facet normal 0.991443 -0.130541 0
    outer loop
      vertex -6.10581 20.8766 0
      vertex -6.17641 20.3404 0.799999
      vertex -6.17641 20.3404 0
    endloop
  endfacet
  facet normal -0.991443 -0.130541 0
    outer loop
      vertex 6.17641 20.3404 0
      vertex 6.10581 20.8766 0.799999
      vertex 6.10581 20.8766 0
    endloop
  endfacet
  facet normal -0.991443 -0.130541 0
    outer loop
      vertex 6.10581 20.8766 0.799999
      vertex 6.17641 20.3404 0
      vertex 6.17641 20.3404 0.799999
    endloop
  endfacet
  facet normal 0.537415 0.843318 -0
    outer loop
      vertex -3.1 14.4306 0
      vertex -3.55617 14.7213 0.799999
      vertex -3.1 14.4306 0.799999
    endloop
  endfacet
  facet normal 0.537415 0.843318 0
    outer loop
      vertex -3.55617 14.7213 0.799999
      vertex -3.1 14.4306 0
      vertex -3.55617 14.7213 0
    endloop
  endfacet
  facet normal -0.608683 0.793414 0
    outer loop
      vertex 3.98528 15.0505 0
      vertex 3.55617 14.7213 0.799999
      vertex 3.98528 15.0505 0.799999
    endloop
  endfacet
  facet normal -0.608683 0.793414 0
    outer loop
      vertex 3.55617 14.7213 0.799999
      vertex 3.98528 15.0505 0
      vertex 3.55617 14.7213 0
    endloop
  endfacet
  facet normal -0.130527 -0.991445 0
    outer loop
      vertex 0.540365 25.9764 0
      vertex 1.07662 25.9058 0.799999
      vertex 0.540365 25.9764 0.799999
    endloop
  endfacet
  facet normal -0.130527 -0.991445 -0
    outer loop
      vertex 1.07662 25.9058 0.799999
      vertex 0.540365 25.9764 0
      vertex 1.07662 25.9058 0
    endloop
  endfacet
  facet normal 0.999049 -0.0436113 0
    outer loop
      vertex -6.2 19.8 0.799999
      vertex -6.17641 20.3404 0
      vertex -6.17641 20.3404 0.799999
    endloop
  endfacet
  facet normal 0.999049 -0.0436113 0
    outer loop
      vertex -6.17641 20.3404 0
      vertex -6.2 19.8 0.799999
      vertex -6.2 19.8 0
    endloop
  endfacet
  facet normal -0.843401 -0.537285 0
    outer loop
      vertex 5.36936 22.9 0
      vertex 5.07874 23.3562 0.799999
      vertex 5.07874 23.3562 0
    endloop
  endfacet
  facet normal -0.843401 -0.537285 0
    outer loop
      vertex 5.07874 23.3562 0.799999
      vertex 5.36936 22.9 0
      vertex 5.36936 22.9 0.799999
    endloop
  endfacet
  facet normal -0.675576 -0.737291 0
    outer loop
      vertex 3.98528 24.5495 0
      vertex 4.38406 24.1841 0.799999
      vertex 3.98528 24.5495 0.799999
    endloop
  endfacet
  facet normal -0.675576 -0.737291 -0
    outer loop
      vertex 4.38406 24.1841 0.799999
      vertex 3.98528 24.5495 0
      vertex 4.38406 24.1841 0
    endloop
  endfacet
  facet normal -0.675576 0.737291 0
    outer loop
      vertex 4.38406 15.4159 0
      vertex 3.98528 15.0505 0.799999
      vertex 4.38406 15.4159 0.799999
    endloop
  endfacet
  facet normal -0.675576 0.737291 0
    outer loop
      vertex 3.98528 15.0505 0.799999
      vertex 4.38406 15.4159 0
      vertex 3.98528 15.0505 0
    endloop
  endfacet
  facet normal 0.923881 0.382679 0
    outer loop
      vertex -5.61911 17.1798 0.799999
      vertex -5.82609 17.6795 0
      vertex -5.82609 17.6795 0.799999
    endloop
  endfacet
  facet normal 0.923881 0.382679 0
    outer loop
      vertex -5.82609 17.6795 0
      vertex -5.61911 17.1798 0.799999
      vertex -5.61911 17.1798 0
    endloop
  endfacet
  facet normal -0.0436326 -0.999048 0
    outer loop
      vertex 0 26 0
      vertex 0.540365 25.9764 0.799999
      vertex 0 26 0.799999
    endloop
  endfacet
  facet normal -0.0436326 -0.999048 -0
    outer loop
      vertex 0.540365 25.9764 0.799999
      vertex 0 26 0
      vertex 0.540365 25.9764 0
    endloop
  endfacet
  facet normal 0.953707 0.300738 0
    outer loop
      vertex -5.82609 17.6795 0.799999
      vertex -5.98874 18.1953 0
      vertex -5.98874 18.1953 0.799999
    endloop
  endfacet
  facet normal 0.953707 0.300738 0
    outer loop
      vertex -5.98874 18.1953 0
      vertex -5.82609 17.6795 0.799999
      vertex -5.82609 17.6795 0
    endloop
  endfacet
  facet normal -0.300632 -0.95374 0
    outer loop
      vertex 1.60468 25.7887 0
      vertex 2.12052 25.6261 0.799999
      vertex 1.60468 25.7887 0.799999
    endloop
  endfacet
  facet normal -0.300632 -0.95374 -0
    outer loop
      vertex 2.12052 25.6261 0.799999
      vertex 1.60468 25.7887 0
      vertex 2.12052 25.6261 0
    endloop
  endfacet
  facet normal -0.382704 0.923871 0
    outer loop
      vertex 2.62023 14.1809 0
      vertex 2.12052 13.9739 0.799999
      vertex 2.62023 14.1809 0.799999
    endloop
  endfacet
  facet normal -0.382704 0.923871 0
    outer loop
      vertex 2.12052 13.9739 0.799999
      vertex 2.62023 14.1809 0
      vertex 2.12052 13.9739 0
    endloop
  endfacet
  facet normal -0.382704 -0.923871 0
    outer loop
      vertex 2.12052 25.6261 0
      vertex 2.62023 25.4191 0.799999
      vertex 2.12052 25.6261 0.799999
    endloop
  endfacet
  facet normal -0.382704 -0.923871 -0
    outer loop
      vertex 2.62023 25.4191 0.799999
      vertex 2.12052 25.6261 0
      vertex 2.62023 25.4191 0
    endloop
  endfacet
  facet normal -0.999049 -0.0436113 0
    outer loop
      vertex 6.2 19.8 0
      vertex 6.17641 20.3404 0.799999
      vertex 6.17641 20.3404 0
    endloop
  endfacet
  facet normal -0.999049 -0.0436113 0
    outer loop
      vertex 6.17641 20.3404 0.799999
      vertex 6.2 19.8 0
      vertex 6.2 19.8 0.799999
    endloop
  endfacet
  facet normal -0.737289 0.675577 0
    outer loop
      vertex 4.38406 15.4159 0
      vertex 4.74948 15.8147 0.799999
      vertex 4.74948 15.8147 0
    endloop
  endfacet
  facet normal -0.737289 0.675577 0
    outer loop
      vertex 4.74948 15.8147 0.799999
      vertex 4.38406 15.4159 0
      vertex 4.38406 15.4159 0.799999
    endloop
  endfacet
  facet normal 0.0436326 -0.999048 0
    outer loop
      vertex -0.540365 25.9764 0
      vertex 0 26 0.799999
      vertex -0.540365 25.9764 0.799999
    endloop
  endfacet
  facet normal 0.0436326 -0.999048 0
    outer loop
      vertex 0 26 0.799999
      vertex -0.540365 25.9764 0
      vertex 0 26 0
    endloop
  endfacet
  facet normal 0.130527 -0.991445 0
    outer loop
      vertex -1.07662 25.9058 0
      vertex -0.540365 25.9764 0.799999
      vertex -1.07662 25.9058 0.799999
    endloop
  endfacet
  facet normal 0.130527 -0.991445 0
    outer loop
      vertex -0.540365 25.9764 0.799999
      vertex -1.07662 25.9058 0
      vertex -0.540365 25.9764 0
    endloop
  endfacet
  facet normal 0.461672 0.887051 -0
    outer loop
      vertex -2.62023 14.1809 0
      vertex -3.1 14.4306 0.799999
      vertex -2.62023 14.1809 0.799999
    endloop
  endfacet
  facet normal 0.461672 0.887051 0
    outer loop
      vertex -3.1 14.4306 0.799999
      vertex -2.62023 14.1809 0
      vertex -3.1 14.4306 0
    endloop
  endfacet
  facet normal 0.793353 0.608761 0
    outer loop
      vertex -4.74948 15.8147 0.799999
      vertex -5.07874 16.2438 0
      vertex -5.07874 16.2438 0.799999
    endloop
  endfacet
  facet normal 0.793353 0.608761 0
    outer loop
      vertex -5.07874 16.2438 0
      vertex -4.74948 15.8147 0.799999
      vertex -4.74948 15.8147 0
    endloop
  endfacet
  facet normal 0.461672 -0.887051 0
    outer loop
      vertex -3.1 25.1694 0
      vertex -2.62023 25.4191 0.799999
      vertex -3.1 25.1694 0.799999
    endloop
  endfacet
  facet normal 0.461672 -0.887051 0
    outer loop
      vertex -2.62023 25.4191 0.799999
      vertex -3.1 25.1694 0
      vertex -2.62023 25.4191 0
    endloop
  endfacet
  facet normal -0.923881 -0.382679 0
    outer loop
      vertex 5.82609 21.9205 0
      vertex 5.61911 22.4202 0.799999
      vertex 5.61911 22.4202 0
    endloop
  endfacet
  facet normal -0.923881 -0.382679 0
    outer loop
      vertex 5.61911 22.4202 0.799999
      vertex 5.82609 21.9205 0
      vertex 5.82609 21.9205 0.799999
    endloop
  endfacet
  facet normal -0.999049 0.0436113 0
    outer loop
      vertex 6.17641 19.2596 0
      vertex 6.2 19.8 0.799999
      vertex 6.2 19.8 0
    endloop
  endfacet
  facet normal -0.999049 0.0436113 0
    outer loop
      vertex 6.2 19.8 0.799999
      vertex 6.17641 19.2596 0
      vertex 6.17641 19.2596 0.799999
    endloop
  endfacet
  facet normal -0.976299 -0.216427 0
    outer loop
      vertex 6.10581 20.8766 0
      vertex 5.98874 21.4047 0.799999
      vertex 5.98874 21.4047 0
    endloop
  endfacet
  facet normal -0.976299 -0.216427 0
    outer loop
      vertex 5.98874 21.4047 0.799999
      vertex 6.10581 20.8766 0
      vertex 6.10581 20.8766 0.799999
    endloop
  endfacet
  facet normal 0.887025 -0.461722 0
    outer loop
      vertex -5.61911 22.4202 0.799999
      vertex -5.36936 22.9 0
      vertex -5.36936 22.9 0.799999
    endloop
  endfacet
  facet normal 0.887025 -0.461722 0
    outer loop
      vertex -5.36936 22.9 0
      vertex -5.61911 22.4202 0.799999
      vertex -5.61911 22.4202 0
    endloop
  endfacet
  facet normal 0.216496 -0.976284 0
    outer loop
      vertex -1.60468 25.7887 0
      vertex -1.07662 25.9058 0.799999
      vertex -1.60468 25.7887 0.799999
    endloop
  endfacet
  facet normal 0.216496 -0.976284 0
    outer loop
      vertex -1.07662 25.9058 0.799999
      vertex -1.60468 25.7887 0
      vertex -1.07662 25.9058 0
    endloop
  endfacet
  facet normal 0.999049 0.0436113 0
    outer loop
      vertex -6.17641 19.2596 0.799999
      vertex -6.2 19.8 0
      vertex -6.2 19.8 0.799999
    endloop
  endfacet
  facet normal 0.999049 0.0436113 0
    outer loop
      vertex -6.2 19.8 0
      vertex -6.17641 19.2596 0.799999
      vertex -6.17641 19.2596 0
    endloop
  endfacet
  facet normal 0.737289 0.675577 0
    outer loop
      vertex -4.38406 15.4159 0.799999
      vertex -4.74948 15.8147 0
      vertex -4.74948 15.8147 0.799999
    endloop
  endfacet
  facet normal 0.737289 0.675577 0
    outer loop
      vertex -4.74948 15.8147 0
      vertex -4.38406 15.4159 0.799999
      vertex -4.38406 15.4159 0
    endloop
  endfacet
  facet normal 0.608683 -0.793414 0
    outer loop
      vertex -3.98528 24.5495 0
      vertex -3.55617 24.8787 0.799999
      vertex -3.98528 24.5495 0.799999
    endloop
  endfacet
  facet normal 0.608683 -0.793414 0
    outer loop
      vertex -3.55617 24.8787 0.799999
      vertex -3.98528 24.5495 0
      vertex -3.55617 24.8787 0
    endloop
  endfacet
  facet normal 0.300632 0.95374 -0
    outer loop
      vertex -1.60468 13.8113 0
      vertex -2.12052 13.9739 0.799999
      vertex -1.60468 13.8113 0.799999
    endloop
  endfacet
  facet normal 0.300632 0.95374 0
    outer loop
      vertex -2.12052 13.9739 0.799999
      vertex -1.60468 13.8113 0
      vertex -2.12052 13.9739 0
    endloop
  endfacet
  facet normal -0.953707 -0.300738 0
    outer loop
      vertex 5.98874 21.4047 0
      vertex 5.82609 21.9205 0.799999
      vertex 5.82609 21.9205 0
    endloop
  endfacet
  facet normal -0.953707 -0.300738 0
    outer loop
      vertex 5.82609 21.9205 0.799999
      vertex 5.98874 21.4047 0
      vertex 5.98874 21.4047 0.799999
    endloop
  endfacet
  facet normal -0.887025 0.461722 0
    outer loop
      vertex 5.36936 16.7 0
      vertex 5.61911 17.1798 0.799999
      vertex 5.61911 17.1798 0
    endloop
  endfacet
  facet normal -0.887025 0.461722 0
    outer loop
      vertex 5.61911 17.1798 0.799999
      vertex 5.36936 16.7 0
      vertex 5.36936 16.7 0.799999
    endloop
  endfacet
  facet normal -0.216496 0.976284 0
    outer loop
      vertex 1.60468 13.8113 0
      vertex 1.07662 13.6942 0.799999
      vertex 1.60468 13.8113 0.799999
    endloop
  endfacet
  facet normal -0.216496 0.976284 0
    outer loop
      vertex 1.07662 13.6942 0.799999
      vertex 1.60468 13.8113 0
      vertex 1.07662 13.6942 0
    endloop
  endfacet
  facet normal -0.461672 -0.887051 0
    outer loop
      vertex 2.62023 25.4191 0
      vertex 3.1 25.1694 0.799999
      vertex 2.62023 25.4191 0.799999
    endloop
  endfacet
  facet normal -0.461672 -0.887051 -0
    outer loop
      vertex 3.1 25.1694 0.799999
      vertex 2.62023 25.4191 0
      vertex 3.1 25.1694 0
    endloop
  endfacet
  facet normal -0.0436326 0.999048 0
    outer loop
      vertex 0.540365 13.6236 0
      vertex 0 13.6 0.799999
      vertex 0.540365 13.6236 0.799999
    endloop
  endfacet
  facet normal -0.0436326 0.999048 0
    outer loop
      vertex 0 13.6 0.799999
      vertex 0.540365 13.6236 0
      vertex 0 13.6 0
    endloop
  endfacet
  facet normal -0.216496 -0.976284 0
    outer loop
      vertex 1.07662 25.9058 0
      vertex 1.60468 25.7887 0.799999
      vertex 1.07662 25.9058 0.799999
    endloop
  endfacet
  facet normal -0.216496 -0.976284 -0
    outer loop
      vertex 1.60468 25.7887 0.799999
      vertex 1.07662 25.9058 0
      vertex 1.60468 25.7887 0
    endloop
  endfacet
  facet normal -0.130527 0.991445 0
    outer loop
      vertex 1.07662 13.6942 0
      vertex 0.540365 13.6236 0.799999
      vertex 1.07662 13.6942 0.799999
    endloop
  endfacet
  facet normal -0.130527 0.991445 0
    outer loop
      vertex 0.540365 13.6236 0.799999
      vertex 1.07662 13.6942 0
      vertex 0.540365 13.6236 0
    endloop
  endfacet
  facet normal 0.608683 0.793414 -0
    outer loop
      vertex -3.55617 14.7213 0
      vertex -3.98528 15.0505 0.799999
      vertex -3.55617 14.7213 0.799999
    endloop
  endfacet
  facet normal 0.608683 0.793414 0
    outer loop
      vertex -3.98528 15.0505 0.799999
      vertex -3.55617 14.7213 0
      vertex -3.98528 15.0505 0
    endloop
  endfacet
  facet normal 0.953707 -0.300738 0
    outer loop
      vertex -5.98874 21.4047 0.799999
      vertex -5.82609 21.9205 0
      vertex -5.82609 21.9205 0.799999
    endloop
  endfacet
  facet normal 0.953707 -0.300738 0
    outer loop
      vertex -5.82609 21.9205 0
      vertex -5.98874 21.4047 0.799999
      vertex -5.98874 21.4047 0
    endloop
  endfacet
  facet normal 0.976299 -0.216427 0
    outer loop
      vertex -6.10581 20.8766 0.799999
      vertex -5.98874 21.4047 0
      vertex -5.98874 21.4047 0.799999
    endloop
  endfacet
  facet normal 0.976299 -0.216427 0
    outer loop
      vertex -5.98874 21.4047 0
      vertex -6.10581 20.8766 0.799999
      vertex -6.10581 20.8766 0
    endloop
  endfacet
  facet normal -0.537415 -0.843318 0
    outer loop
      vertex 3.1 25.1694 0
      vertex 3.55617 24.8787 0.799999
      vertex 3.1 25.1694 0.799999
    endloop
  endfacet
  facet normal -0.537415 -0.843318 -0
    outer loop
      vertex 3.55617 24.8787 0.799999
      vertex 3.1 25.1694 0
      vertex 3.55617 24.8787 0
    endloop
  endfacet
  facet normal 0.991443 0.130541 0
    outer loop
      vertex -6.10581 18.7234 0.799999
      vertex -6.17641 19.2596 0
      vertex -6.17641 19.2596 0.799999
    endloop
  endfacet
  facet normal 0.991443 0.130541 0
    outer loop
      vertex -6.17641 19.2596 0
      vertex -6.10581 18.7234 0.799999
      vertex -6.10581 18.7234 0
    endloop
  endfacet
  facet normal -0.887025 -0.461722 0
    outer loop
      vertex 5.61911 22.4202 0
      vertex 5.36936 22.9 0.799999
      vertex 5.36936 22.9 0
    endloop
  endfacet
  facet normal -0.887025 -0.461722 0
    outer loop
      vertex 5.36936 22.9 0.799999
      vertex 5.61911 22.4202 0
      vertex 5.61911 22.4202 0.799999
    endloop
  endfacet
  facet normal 0.537415 -0.843318 0
    outer loop
      vertex -3.55617 24.8787 0
      vertex -3.1 25.1694 0.799999
      vertex -3.55617 24.8787 0.799999
    endloop
  endfacet
  facet normal 0.537415 -0.843318 0
    outer loop
      vertex -3.1 25.1694 0.799999
      vertex -3.55617 24.8787 0
      vertex -3.1 25.1694 0
    endloop
  endfacet
  facet normal -0.608683 -0.793414 0
    outer loop
      vertex 3.55617 24.8787 0
      vertex 3.98528 24.5495 0.799999
      vertex 3.55617 24.8787 0.799999
    endloop
  endfacet
  facet normal -0.608683 -0.793414 -0
    outer loop
      vertex 3.98528 24.5495 0.799999
      vertex 3.55617 24.8787 0
      vertex 3.98528 24.5495 0
    endloop
  endfacet
  facet normal -0.991443 0.130541 0
    outer loop
      vertex 6.10581 18.7234 0
      vertex 6.17641 19.2596 0.799999
      vertex 6.17641 19.2596 0
    endloop
  endfacet
  facet normal -0.991443 0.130541 0
    outer loop
      vertex 6.17641 19.2596 0.799999
      vertex 6.10581 18.7234 0
      vertex 6.10581 18.7234 0.799999
    endloop
  endfacet
  facet normal -0.923881 0.382679 0
    outer loop
      vertex 5.61911 17.1798 0
      vertex 5.82609 17.6795 0.799999
      vertex 5.82609 17.6795 0
    endloop
  endfacet
  facet normal -0.923881 0.382679 0
    outer loop
      vertex 5.82609 17.6795 0.799999
      vertex 5.61911 17.1798 0
      vertex 5.61911 17.1798 0.799999
    endloop
  endfacet
  facet normal 0.976299 0.216427 0
    outer loop
      vertex -5.98874 18.1953 0.799999
      vertex -6.10581 18.7234 0
      vertex -6.10581 18.7234 0.799999
    endloop
  endfacet
  facet normal 0.976299 0.216427 0
    outer loop
      vertex -6.10581 18.7234 0
      vertex -5.98874 18.1953 0.799999
      vertex -5.98874 18.1953 0
    endloop
  endfacet
  facet normal -0.793353 0.608761 0
    outer loop
      vertex 4.74948 15.8147 0
      vertex 5.07874 16.2438 0.799999
      vertex 5.07874 16.2438 0
    endloop
  endfacet
  facet normal -0.793353 0.608761 0
    outer loop
      vertex 5.07874 16.2438 0.799999
      vertex 4.74948 15.8147 0
      vertex 4.74948 15.8147 0.799999
    endloop
  endfacet
  facet normal 0.843401 0.537285 0
    outer loop
      vertex -5.07874 16.2438 0.799999
      vertex -5.36936 16.7 0
      vertex -5.36936 16.7 0.799999
    endloop
  endfacet
  facet normal 0.843401 0.537285 0
    outer loop
      vertex -5.36936 16.7 0
      vertex -5.07874 16.2438 0.799999
      vertex -5.07874 16.2438 0
    endloop
  endfacet
  facet normal 0.675576 -0.737291 0
    outer loop
      vertex -4.38406 24.1841 0
      vertex -3.98528 24.5495 0.799999
      vertex -4.38406 24.1841 0.799999
    endloop
  endfacet
  facet normal 0.675576 -0.737291 0
    outer loop
      vertex -3.98528 24.5495 0.799999
      vertex -4.38406 24.1841 0
      vertex -3.98528 24.5495 0
    endloop
  endfacet
  facet normal 0.887025 0.461722 0
    outer loop
      vertex -5.36936 16.7 0.799999
      vertex -5.61911 17.1798 0
      vertex -5.61911 17.1798 0.799999
    endloop
  endfacet
  facet normal 0.887025 0.461722 0
    outer loop
      vertex -5.61911 17.1798 0
      vertex -5.36936 16.7 0.799999
      vertex -5.36936 16.7 0
    endloop
  endfacet
  facet normal -0.300632 0.95374 0
    outer loop
      vertex 2.12052 13.9739 0
      vertex 1.60468 13.8113 0.799999
      vertex 2.12052 13.9739 0.799999
    endloop
  endfacet
  facet normal -0.300632 0.95374 0
    outer loop
      vertex 1.60468 13.8113 0.799999
      vertex 2.12052 13.9739 0
      vertex 1.60468 13.8113 0
    endloop
  endfacet
  facet normal 0.216496 0.976284 -0
    outer loop
      vertex -1.07662 13.6942 0
      vertex -1.60468 13.8113 0.799999
      vertex -1.07662 13.6942 0.799999
    endloop
  endfacet
  facet normal 0.216496 0.976284 0
    outer loop
      vertex -1.60468 13.8113 0.799999
      vertex -1.07662 13.6942 0
      vertex -1.60468 13.8113 0
    endloop
  endfacet
  facet normal 0.300632 -0.95374 0
    outer loop
      vertex -2.12052 25.6261 0
      vertex -1.60468 25.7887 0.799999
      vertex -2.12052 25.6261 0.799999
    endloop
  endfacet
  facet normal 0.300632 -0.95374 0
    outer loop
      vertex -1.60468 25.7887 0.799999
      vertex -2.12052 25.6261 0
      vertex -1.60468 25.7887 0
    endloop
  endfacet
  facet normal -0.976299 0.216427 0
    outer loop
      vertex 5.98874 18.1953 0
      vertex 6.10581 18.7234 0.799999
      vertex 6.10581 18.7234 0
    endloop
  endfacet
  facet normal -0.976299 0.216427 0
    outer loop
      vertex 6.10581 18.7234 0.799999
      vertex 5.98874 18.1953 0
      vertex 5.98874 18.1953 0.799999
    endloop
  endfacet
  facet normal -0.843401 0.537285 0
    outer loop
      vertex 5.07874 16.2438 0
      vertex 5.36936 16.7 0.799999
      vertex 5.36936 16.7 0
    endloop
  endfacet
  facet normal -0.843401 0.537285 0
    outer loop
      vertex 5.36936 16.7 0.799999
      vertex 5.07874 16.2438 0
      vertex 5.07874 16.2438 0.799999
    endloop
  endfacet
  facet normal 0.923881 -0.382679 0
    outer loop
      vertex -5.82609 21.9205 0.799999
      vertex -5.61911 22.4202 0
      vertex -5.61911 22.4202 0.799999
    endloop
  endfacet
  facet normal 0.923881 -0.382679 0
    outer loop
      vertex -5.61911 22.4202 0
      vertex -5.82609 21.9205 0.799999
      vertex -5.82609 21.9205 0
    endloop
  endfacet
  facet normal -0.537415 0.843318 0
    outer loop
      vertex 3.55617 14.7213 0
      vertex 3.1 14.4306 0.799999
      vertex 3.55617 14.7213 0.799999
    endloop
  endfacet
  facet normal -0.537415 0.843318 0
    outer loop
      vertex 3.1 14.4306 0.799999
      vertex 3.55617 14.7213 0
      vertex 3.1 14.4306 0
    endloop
  endfacet
  facet normal -0.737289 -0.675577 0
    outer loop
      vertex 4.74948 23.7853 0
      vertex 4.38406 24.1841 0.799999
      vertex 4.38406 24.1841 0
    endloop
  endfacet
  facet normal -0.737289 -0.675577 0
    outer loop
      vertex 4.38406 24.1841 0.799999
      vertex 4.74948 23.7853 0
      vertex 4.74948 23.7853 0.799999
    endloop
  endfacet
  facet normal -0.461672 0.887051 0
    outer loop
      vertex 3.1 14.4306 0
      vertex 2.62023 14.1809 0.799999
      vertex 3.1 14.4306 0.799999
    endloop
  endfacet
  facet normal -0.461672 0.887051 0
    outer loop
      vertex 2.62023 14.1809 0.799999
      vertex 3.1 14.4306 0
      vertex 2.62023 14.1809 0
    endloop
  endfacet
  facet normal 0.675576 0.737291 -0
    outer loop
      vertex -3.98528 15.0505 0
      vertex -4.38406 15.4159 0.799999
      vertex -3.98528 15.0505 0.799999
    endloop
  endfacet
  facet normal 0.675576 0.737291 0
    outer loop
      vertex -4.38406 15.4159 0.799999
      vertex -3.98528 15.0505 0
      vertex -4.38406 15.4159 0
    endloop
  endfacet
  facet normal 0.130527 0.991445 -0
    outer loop
      vertex -0.540365 13.6236 0
      vertex -1.07662 13.6942 0.799999
      vertex -0.540365 13.6236 0.799999
    endloop
  endfacet
  facet normal 0.130527 0.991445 0
    outer loop
      vertex -1.07662 13.6942 0.799999
      vertex -0.540365 13.6236 0
      vertex -1.07662 13.6942 0
    endloop
  endfacet
  facet normal 0.0436326 0.999048 -0
    outer loop
      vertex 0 13.6 0
      vertex -0.540365 13.6236 0.799999
      vertex 0 13.6 0.799999
    endloop
  endfacet
  facet normal 0.0436326 0.999048 0
    outer loop
      vertex -0.540365 13.6236 0.799999
      vertex 0 13.6 0
      vertex -0.540365 13.6236 0
    endloop
  endfacet
  facet normal 0.793353 -0.608761 0
    outer loop
      vertex -5.07874 23.3562 0.799999
      vertex -4.74948 23.7853 0
      vertex -4.74948 23.7853 0.799999
    endloop
  endfacet
  facet normal 0.793353 -0.608761 0
    outer loop
      vertex -4.74948 23.7853 0
      vertex -5.07874 23.3562 0.799999
      vertex -5.07874 23.3562 0
    endloop
  endfacet
  facet normal 0.382704 -0.923871 0
    outer loop
      vertex -2.62023 25.4191 0
      vertex -2.12052 25.6261 0.799999
      vertex -2.62023 25.4191 0.799999
    endloop
  endfacet
  facet normal 0.382704 -0.923871 0
    outer loop
      vertex -2.12052 25.6261 0.799999
      vertex -2.62023 25.4191 0
      vertex -2.12052 25.6261 0
    endloop
  endfacet
  facet normal 0.843401 -0.537285 0
    outer loop
      vertex -5.36936 22.9 0.799999
      vertex -5.07874 23.3562 0
      vertex -5.07874 23.3562 0.799999
    endloop
  endfacet
  facet normal 0.843401 -0.537285 0
    outer loop
      vertex -5.07874 23.3562 0
      vertex -5.36936 22.9 0.799999
      vertex -5.36936 22.9 0
    endloop
  endfacet
  facet normal 0.737289 -0.675577 0
    outer loop
      vertex -4.74948 23.7853 0.799999
      vertex -4.38406 24.1841 0
      vertex -4.38406 24.1841 0.799999
    endloop
  endfacet
  facet normal 0.737289 -0.675577 0
    outer loop
      vertex -4.38406 24.1841 0
      vertex -4.74948 23.7853 0.799999
      vertex -4.74948 23.7853 0
    endloop
  endfacet
endsolid OpenSCAD_Model
