solid OpenSCAD_Model
  facet normal 1 -0 0
    outer loop
      vertex -16.8 9.8 19.3
      vertex -16.8 27.8 3.3
      vertex -16.8 27.8 19.3
    endloop
  endfacet
  facet normal 1 0 0
    outer loop
      vertex -16.8 27.8 3.3
      vertex -16.8 9.8 19.3
      vertex -16.8 9.8 3.3
    endloop
  endfacet
  facet normal 0 0 1
    outer loop
      vertex 16.8 9.8 19.3
      vertex -16.4 6.4 19.3
      vertex 16.4 6.4 19.3
    endloop
  endfacet
  facet normal 0 0 1
    outer loop
      vertex -19.8 -29.8 19.3
      vertex -16.4 6.4 19.3
      vertex -16.8 9.8 19.3
    endloop
  endfacet
  facet normal -0 0 1
    outer loop
      vertex -16.8 9.8 19.3
      vertex -16.4 6.4 19.3
      vertex 16.8 9.8 19.3
    endloop
  endfacet
  facet normal 0 0 1
    outer loop
      vertex 16.8 9.8 19.3
      vertex 19.8 29.8 19.3
      vertex 16.8 27.8 19.3
    endloop
  endfacet
  facet normal 0 0 1
    outer loop
      vertex 19.8 29.8 19.3
      vertex -16.8 27.8 19.3
      vertex 16.8 27.8 19.3
    endloop
  endfacet
  facet normal 0 0 1
    outer loop
      vertex -16.8 27.8 19.3
      vertex -19.8 29.8 19.3
      vertex -16.8 9.8 19.3
    endloop
  endfacet
  facet normal -0 0 1
    outer loop
      vertex -19.8 29.8 19.3
      vertex -16.8 27.8 19.3
      vertex 19.8 29.8 19.3
    endloop
  endfacet
  facet normal 0 0 1
    outer loop
      vertex 19.8 29.8 19.3
      vertex 16.8 9.8 19.3
      vertex 19.8 -29.8 19.3
    endloop
  endfacet
  facet normal -0 0 1
    outer loop
      vertex 16.4 6.4 19.3
      vertex 19.8 -29.8 19.3
      vertex 16.8 9.8 19.3
    endloop
  endfacet
  facet normal -0 0 1
    outer loop
      vertex 16.4 -26.4 19.3
      vertex 19.8 -29.8 19.3
      vertex 16.4 6.4 19.3
    endloop
  endfacet
  facet normal -0 0 1
    outer loop
      vertex -16.4 -26.4 19.3
      vertex 19.8 -29.8 19.3
      vertex 16.4 -26.4 19.3
    endloop
  endfacet
  facet normal 0 0 1
    outer loop
      vertex -19.8 -29.8 19.3
      vertex -16.8 9.8 19.3
      vertex -19.8 29.8 19.3
    endloop
  endfacet
  facet normal 0 0 1
    outer loop
      vertex -16.4 -26.4 19.3
      vertex -19.8 -29.8 19.3
      vertex 19.8 -29.8 19.3
    endloop
  endfacet
  facet normal 0 0 1
    outer loop
      vertex -16.4 6.4 19.3
      vertex -19.8 -29.8 19.3
      vertex -16.4 -26.4 19.3
    endloop
  endfacet
  facet normal 0 0 -1
    outer loop
      vertex 19.8 29.8 0
      vertex 6.17641 19.2596 0
      vertex 6.2 19.8 0
    endloop
  endfacet
  facet normal 0 0 -1
    outer loop
      vertex 6.37864 1.02766 0
      vertex 6.10581 18.7234 0
      vertex 6.17641 19.2596 0
    endloop
  endfacet
  facet normal 0 0 -1
    outer loop
      vertex 6.37864 1.02766 0
      vertex 5.98874 18.1953 0
      vertex 6.10581 18.7234 0
    endloop
  endfacet
  facet normal 0 0 -1
    outer loop
      vertex 6.37864 1.02766 0
      vertex 5.82609 17.6795 0
      vertex 5.98874 18.1953 0
    endloop
  endfacet
  facet normal 0 0 -1
    outer loop
      vertex 6.37864 1.02766 0
      vertex 5.61911 17.1798 0
      vertex 5.82609 17.6795 0
    endloop
  endfacet
  facet normal 0 0 -1
    outer loop
      vertex 3.98528 15.0505 0
      vertex 6.37 1.03316 0
      vertex 5.39325 1.54163 0
    endloop
  endfacet
  facet normal 0 0 -1
    outer loop
      vertex 3.98528 15.0505 0
      vertex 5.39325 1.54163 0
      vertex 5.38416 1.54636 0
    endloop
  endfacet
  facet normal 0 0 -1
    outer loop
      vertex 3.55617 14.7213 0
      vertex 5.38416 1.54636 0
      vertex 5.37469 1.55028 0
    endloop
  endfacet
  facet normal 0 0 -1
    outer loop
      vertex 6.37864 1.02766 0
      vertex 5.36936 16.7 0
      vertex 5.61911 17.1798 0
    endloop
  endfacet
  facet normal 0 0 -1
    outer loop
      vertex 6.37864 1.02766 0
      vertex 5.07874 16.2438 0
      vertex 5.36936 16.7 0
    endloop
  endfacet
  facet normal 0 0 -1
    outer loop
      vertex 6.37864 1.02766 0
      vertex 4.74948 15.8147 0
      vertex 5.07874 16.2438 0
    endloop
  endfacet
  facet normal 0 0 -1
    outer loop
      vertex 6.37864 1.02766 0
      vertex 4.38406 15.4159 0
      vertex 4.74948 15.8147 0
    endloop
  endfacet
  facet normal 0 0 -1
    outer loop
      vertex 3.55617 14.7213 0
      vertex 5.37469 1.55028 0
      vertex 4.35734 1.97168 0
    endloop
  endfacet
  facet normal 0 0 -1
    outer loop
      vertex 3.1 14.4306 0
      vertex 4.35734 1.97168 0
      vertex 4.34756 1.97477 0
    endloop
  endfacet
  facet normal 0 0 -1
    outer loop
      vertex 6.37 1.03316 0
      vertex 3.98528 15.0505 0
      vertex 4.38406 15.4159 0
    endloop
  endfacet
  facet normal 0 0 -1
    outer loop
      vertex 5.38416 1.54636 0
      vertex 3.55617 14.7213 0
      vertex 3.98528 15.0505 0
    endloop
  endfacet
  facet normal 0 0 -1
    outer loop
      vertex 2.62023 14.1809 0
      vertex 4.34756 1.97477 0
      vertex 3.29735 2.3059 0
    endloop
  endfacet
  facet normal 0 0 -1
    outer loop
      vertex 4.35734 1.97168 0
      vertex 3.1 14.4306 0
      vertex 3.55617 14.7213 0
    endloop
  endfacet
  facet normal 0 0 -1
    outer loop
      vertex 4.34756 1.97477 0
      vertex 2.62023 14.1809 0
      vertex 3.1 14.4306 0
    endloop
  endfacet
  facet normal 0 0 -1
    outer loop
      vertex 2.12052 13.9739 0
      vertex 3.29735 2.3059 0
      vertex 2.22228 2.54423 0
    endloop
  endfacet
  facet normal 0 0 -1
    outer loop
      vertex 1.60468 13.8113 0
      vertex 2.22228 2.54423 0
      vertex 2.21228 2.54645 0
    endloop
  endfacet
  facet normal 0 0 -1
    outer loop
      vertex 1.60468 13.8113 0
      vertex 2.21228 2.54645 0
      vertex 2.20212 2.54779 0
    endloop
  endfacet
  facet normal 0 0 -1
    outer loop
      vertex 3.29735 2.3059 0
      vertex 2.12052 13.9739 0
      vertex 2.62023 14.1809 0
    endloop
  endfacet
  facet normal 0 0 -1
    outer loop
      vertex 2.22228 2.54423 0
      vertex 1.60468 13.8113 0
      vertex 2.12052 13.9739 0
    endloop
  endfacet
  facet normal 0 0 -1
    outer loop
      vertex 1.07662 13.6942 0
      vertex 2.20212 2.54779 0
      vertex 1.11036 2.69152 0
    endloop
  endfacet
  facet normal 0 0 -1
    outer loop
      vertex 0.540365 13.6236 0
      vertex 1.11036 2.69152 0
      vertex 1.10012 2.69197 0
    endloop
  endfacet
  facet normal 0 0 -1
    outer loop
      vertex 2.20212 2.54779 0
      vertex 1.07662 13.6942 0
      vertex 1.60468 13.8113 0
    endloop
  endfacet
  facet normal 0 0 -1
    outer loop
      vertex 1.11036 2.69152 0
      vertex 0.540365 13.6236 0
      vertex 1.07662 13.6942 0
    endloop
  endfacet
  facet normal 0 0 -1
    outer loop
      vertex 0 2.74 0
      vertex 0.540365 13.6236 0
      vertex 1.10012 2.69197 0
    endloop
  endfacet
  facet normal 0 0 -1
    outer loop
      vertex 0 2.74 0
      vertex 0 13.6 0
      vertex 0.540365 13.6236 0
    endloop
  endfacet
  facet normal 0 0 -1
    outer loop
      vertex 0 2.74 0
      vertex -0.540365 13.6236 0
      vertex 0 13.6 0
    endloop
  endfacet
  facet normal 0 0 -1
    outer loop
      vertex -1.10012 2.69197 0
      vertex -0.540365 13.6236 0
      vertex 0 2.74 0
    endloop
  endfacet
  facet normal 0 0 -1
    outer loop
      vertex -1.11036 2.69152 0
      vertex -0.540365 13.6236 0
      vertex -1.10012 2.69197 0
    endloop
  endfacet
  facet normal -0 0 -1
    outer loop
      vertex -0.540365 13.6236 0
      vertex -1.11036 2.69152 0
      vertex -1.07662 13.6942 0
    endloop
  endfacet
  facet normal 0 0 -1
    outer loop
      vertex -2.20212 2.54779 0
      vertex -1.07662 13.6942 0
      vertex -1.11036 2.69152 0
    endloop
  endfacet
  facet normal -0 0 -1
    outer loop
      vertex -1.07662 13.6942 0
      vertex -2.20212 2.54779 0
      vertex -1.60468 13.8113 0
    endloop
  endfacet
  facet normal 0 0 -1
    outer loop
      vertex -2.21228 2.54645 0
      vertex -1.60468 13.8113 0
      vertex -2.20212 2.54779 0
    endloop
  endfacet
  facet normal 0 0 -1
    outer loop
      vertex -2.22228 2.54423 0
      vertex -1.60468 13.8113 0
      vertex -2.21228 2.54645 0
    endloop
  endfacet
  facet normal -0 0 -1
    outer loop
      vertex -1.60468 13.8113 0
      vertex -2.22228 2.54423 0
      vertex -2.12052 13.9739 0
    endloop
  endfacet
  facet normal 0 0 -1
    outer loop
      vertex -3.29735 2.3059 0
      vertex -2.12052 13.9739 0
      vertex -2.22228 2.54423 0
    endloop
  endfacet
  facet normal -0 0 -1
    outer loop
      vertex -2.12052 13.9739 0
      vertex -3.29735 2.3059 0
      vertex -2.62023 14.1809 0
    endloop
  endfacet
  facet normal 0 0 -1
    outer loop
      vertex -4.34756 1.97477 0
      vertex -2.62023 14.1809 0
      vertex -3.29735 2.3059 0
    endloop
  endfacet
  facet normal -0 0 -1
    outer loop
      vertex -2.62023 14.1809 0
      vertex -4.34756 1.97477 0
      vertex -3.1 14.4306 0
    endloop
  endfacet
  facet normal 0 0 -1
    outer loop
      vertex -4.35734 1.97168 0
      vertex -3.1 14.4306 0
      vertex -4.34756 1.97477 0
    endloop
  endfacet
  facet normal -0 0 -1
    outer loop
      vertex -3.1 14.4306 0
      vertex -4.35734 1.97168 0
      vertex -3.55617 14.7213 0
    endloop
  endfacet
  facet normal 0 0 -1
    outer loop
      vertex -5.37469 1.55028 0
      vertex -3.55617 14.7213 0
      vertex -4.35734 1.97168 0
    endloop
  endfacet
  facet normal 0 0 -1
    outer loop
      vertex -5.38416 1.54636 0
      vertex -3.55617 14.7213 0
      vertex -5.37469 1.55028 0
    endloop
  endfacet
  facet normal -0 0 -1
    outer loop
      vertex -3.55617 14.7213 0
      vertex -5.38416 1.54636 0
      vertex -3.98528 15.0505 0
    endloop
  endfacet
  facet normal 0 0 -1
    outer loop
      vertex -5.39325 1.54163 0
      vertex -3.98528 15.0505 0
      vertex -5.38416 1.54636 0
    endloop
  endfacet
  facet normal 0 0 -1
    outer loop
      vertex -6.37 1.03316 0
      vertex -3.98528 15.0505 0
      vertex -5.39325 1.54163 0
    endloop
  endfacet
  facet normal -0 0 -1
    outer loop
      vertex -3.98528 15.0505 0
      vertex -6.37 1.03316 0
      vertex -4.38406 15.4159 0
    endloop
  endfacet
  facet normal 0 0 -1
    outer loop
      vertex -6.37864 1.02766 0
      vertex -4.38406 15.4159 0
      vertex -6.37 1.03316 0
    endloop
  endfacet
  facet normal -0 0 -1
    outer loop
      vertex -4.38406 15.4159 0
      vertex -6.37864 1.02766 0
      vertex -4.74948 15.8147 0
    endloop
  endfacet
  facet normal 0 0 -1
    outer loop
      vertex -7.30736 0.435997 0
      vertex -4.74948 15.8147 0
      vertex -6.37864 1.02766 0
    endloop
  endfacet
  facet normal -0 0 -1
    outer loop
      vertex -4.74948 15.8147 0
      vertex -7.30736 0.435997 0
      vertex -5.07874 16.2438 0
    endloop
  endfacet
  facet normal 0 0 -1
    outer loop
      vertex -8.18098 -0.234353 0
      vertex -5.07874 16.2438 0
      vertex -7.30736 0.435997 0
    endloop
  endfacet
  facet normal -0 0 -1
    outer loop
      vertex -5.07874 16.2438 0
      vertex -8.18098 -0.234353 0
      vertex -5.36936 16.7 0
    endloop
  endfacet
  facet normal 0 0 -1
    outer loop
      vertex -8.18911 -0.240593 0
      vertex -5.36936 16.7 0
      vertex -8.18098 -0.234353 0
    endloop
  endfacet
  facet normal 0 0 -1
    outer loop
      vertex -9.00098 -0.984534 0
      vertex -5.61911 17.1798 0
      vertex -8.18911 -0.240593 0
    endloop
  endfacet
  facet normal -0 0 -1
    outer loop
      vertex -5.36936 16.7 0
      vertex -8.18911 -0.240593 0
      vertex -5.61911 17.1798 0
    endloop
  endfacet
  facet normal 0 0 -1
    outer loop
      vertex 12.692 -8.89987 0
      vertex 19.8 -29.8 0
      vertex 12.74 -10 0
    endloop
  endfacet
  facet normal 0 0 -1
    outer loop
      vertex 19.8 -29.8 0
      vertex 12.692 -11.1001 0
      vertex 12.74 -10 0
    endloop
  endfacet
  facet normal 0 0 -1
    outer loop
      vertex 19.8 -29.8 0
      vertex 12.6915 -11.1104 0
      vertex 12.692 -11.1001 0
    endloop
  endfacet
  facet normal 0 0 -1
    outer loop
      vertex 19.8 -29.8 0
      vertex 12.5478 -12.2021 0
      vertex 12.6915 -11.1104 0
    endloop
  endfacet
  facet normal 0 0 -1
    outer loop
      vertex 19.8 -29.8 0
      vertex 12.5465 -12.2123 0
      vertex 12.5478 -12.2021 0
    endloop
  endfacet
  facet normal 0 0 -1
    outer loop
      vertex 19.8 -29.8 0
      vertex 12.5442 -12.2223 0
      vertex 12.5465 -12.2123 0
    endloop
  endfacet
  facet normal 0 0 -1
    outer loop
      vertex 19.8 -29.8 0
      vertex 12.3059 -13.2974 0
      vertex 12.5442 -12.2223 0
    endloop
  endfacet
  facet normal 0 0 -1
    outer loop
      vertex 19.8 -29.8 0
      vertex 11.9748 -14.3476 0
      vertex 12.3059 -13.2974 0
    endloop
  endfacet
  facet normal 0 0 -1
    outer loop
      vertex 19.8 -29.8 0
      vertex 11.9717 -14.3573 0
      vertex 11.9748 -14.3476 0
    endloop
  endfacet
  facet normal 0 0 -1
    outer loop
      vertex 19.8 -29.8 0
      vertex 11.5503 -15.3747 0
      vertex 11.9717 -14.3573 0
    endloop
  endfacet
  facet normal 0 0 -1
    outer loop
      vertex 19.8 -29.8 0
      vertex 11.5464 -15.3842 0
      vertex 11.5503 -15.3747 0
    endloop
  endfacet
  facet normal 0 0 -1
    outer loop
      vertex 19.8 -29.8 0
      vertex 11.5416 -15.3932 0
      vertex 11.5464 -15.3842 0
    endloop
  endfacet
  facet normal 0 0 -1
    outer loop
      vertex 19.8 -29.8 0
      vertex 11.0332 -16.37 0
      vertex 11.5416 -15.3932 0
    endloop
  endfacet
  facet normal 0 0 -1
    outer loop
      vertex 19.8 -29.8 0
      vertex 11.0277 -16.3786 0
      vertex 11.0332 -16.37 0
    endloop
  endfacet
  facet normal 0 0 -1
    outer loop
      vertex 19.8 -29.8 0
      vertex 10.436 -17.3074 0
      vertex 11.0277 -16.3786 0
    endloop
  endfacet
  facet normal 0 0 -1
    outer loop
      vertex 19.8 -29.8 0
      vertex 9.76565 -18.181 0
      vertex 10.436 -17.3074 0
    endloop
  endfacet
  facet normal 0 0 -1
    outer loop
      vertex 19.8 -29.8 0
      vertex 9.75941 -18.1891 0
      vertex 9.76565 -18.181 0
    endloop
  endfacet
  facet normal 0 0 -1
    outer loop
      vertex 19.8 -29.8 0
      vertex 9.01546 -19.001 0
      vertex 9.75941 -18.1891 0
    endloop
  endfacet
  facet normal 0 0 -1
    outer loop
      vertex 19.8 -29.8 0
      vertex 9.00854 -19.0085 0
      vertex 9.01546 -19.001 0
    endloop
  endfacet
  facet normal 0 0 -1
    outer loop
      vertex 19.8 -29.8 0
      vertex 9.00098 -19.0155 0
      vertex 9.00854 -19.0085 0
    endloop
  endfacet
  facet normal 0 0 -1
    outer loop
      vertex 19.8 -29.8 0
      vertex 8.18911 -19.7594 0
      vertex 9.00098 -19.0155 0
    endloop
  endfacet
  facet normal 0 0 -1
    outer loop
      vertex 19.8 -29.8 0
      vertex 8.18098 -19.7656 0
      vertex 8.18911 -19.7594 0
    endloop
  endfacet
  facet normal 0 0 -1
    outer loop
      vertex 19.8 -29.8 0
      vertex 7.30736 -20.436 0
      vertex 8.18098 -19.7656 0
    endloop
  endfacet
  facet normal 0 0 -1
    outer loop
      vertex 19.8 -29.8 0
      vertex 6.37864 -21.0277 0
      vertex 7.30736 -20.436 0
    endloop
  endfacet
  facet normal 0 0 -1
    outer loop
      vertex 19.8 -29.8 0
      vertex 6.37 -21.0332 0
      vertex 6.37864 -21.0277 0
    endloop
  endfacet
  facet normal 0 0 -1
    outer loop
      vertex 19.8 -29.8 0
      vertex 5.39325 -21.5416 0
      vertex 6.37 -21.0332 0
    endloop
  endfacet
  facet normal 0 0 -1
    outer loop
      vertex 19.8 -29.8 0
      vertex 5.38416 -21.5464 0
      vertex 5.39325 -21.5416 0
    endloop
  endfacet
  facet normal 0 0 -1
    outer loop
      vertex 19.8 -29.8 0
      vertex 5.37469 -21.5503 0
      vertex 5.38416 -21.5464 0
    endloop
  endfacet
  facet normal 0 0 -1
    outer loop
      vertex 19.8 -29.8 0
      vertex 4.35734 -21.9717 0
      vertex 5.37469 -21.5503 0
    endloop
  endfacet
  facet normal 0 0 -1
    outer loop
      vertex 19.8 -29.8 0
      vertex 4.34756 -21.9748 0
      vertex 4.35734 -21.9717 0
    endloop
  endfacet
  facet normal 0 0 -1
    outer loop
      vertex 19.8 -29.8 0
      vertex 3.29735 -22.3059 0
      vertex 4.34756 -21.9748 0
    endloop
  endfacet
  facet normal 0 0 -1
    outer loop
      vertex 19.8 -29.8 0
      vertex 2.22228 -22.5442 0
      vertex 3.29735 -22.3059 0
    endloop
  endfacet
  facet normal 0 0 -1
    outer loop
      vertex 19.8 -29.8 0
      vertex 2.21228 -22.5465 0
      vertex 2.22228 -22.5442 0
    endloop
  endfacet
  facet normal 0 0 -1
    outer loop
      vertex 19.8 -29.8 0
      vertex 2.20212 -22.5478 0
      vertex 2.21228 -22.5465 0
    endloop
  endfacet
  facet normal 0 0 -1
    outer loop
      vertex 19.8 -29.8 0
      vertex 1.11036 -22.6915 0
      vertex 2.20212 -22.5478 0
    endloop
  endfacet
  facet normal 0 0 -1
    outer loop
      vertex 19.8 -29.8 0
      vertex 1.10012 -22.692 0
      vertex 1.11036 -22.6915 0
    endloop
  endfacet
  facet normal 0 0 -1
    outer loop
      vertex 19.8 -29.8 0
      vertex 0 -22.74 0
      vertex 1.10012 -22.692 0
    endloop
  endfacet
  facet normal 0 0 -1
    outer loop
      vertex -19.8 -29.8 0
      vertex 0 -22.74 0
      vertex 19.8 -29.8 0
    endloop
  endfacet
  facet normal -0 0 -1
    outer loop
      vertex 0 -22.74 0
      vertex -19.8 -29.8 0
      vertex -1.10012 -22.692 0
    endloop
  endfacet
  facet normal -0 0 -1
    outer loop
      vertex -1.10012 -22.692 0
      vertex -19.8 -29.8 0
      vertex -1.11036 -22.6915 0
    endloop
  endfacet
  facet normal -0 0 -1
    outer loop
      vertex -1.11036 -22.6915 0
      vertex -19.8 -29.8 0
      vertex -2.20212 -22.5478 0
    endloop
  endfacet
  facet normal -0 0 -1
    outer loop
      vertex -2.20212 -22.5478 0
      vertex -19.8 -29.8 0
      vertex -2.21228 -22.5465 0
    endloop
  endfacet
  facet normal -0 0 -1
    outer loop
      vertex -2.21228 -22.5465 0
      vertex -19.8 -29.8 0
      vertex -2.22228 -22.5442 0
    endloop
  endfacet
  facet normal -0 0 -1
    outer loop
      vertex -2.22228 -22.5442 0
      vertex -19.8 -29.8 0
      vertex -3.29735 -22.3059 0
    endloop
  endfacet
  facet normal -0 0 -1
    outer loop
      vertex -3.29735 -22.3059 0
      vertex -19.8 -29.8 0
      vertex -4.34756 -21.9748 0
    endloop
  endfacet
  facet normal 0 0 -1
    outer loop
      vertex -19.8 -29.8 0
      vertex -5.37469 -21.5503 0
      vertex -4.35734 -21.9717 0
    endloop
  endfacet
  facet normal 0 0 -1
    outer loop
      vertex -19.8 -29.8 0
      vertex -5.39325 -21.5416 0
      vertex -5.38416 -21.5464 0
    endloop
  endfacet
  facet normal 0 0 -1
    outer loop
      vertex -19.8 -29.8 0
      vertex -8.18098 -19.7656 0
      vertex -7.30736 -20.436 0
    endloop
  endfacet
  facet normal 0 0 -1
    outer loop
      vertex -19.8 -29.8 0
      vertex -9.01546 -19.001 0
      vertex -9.00854 -19.0085 0
    endloop
  endfacet
  facet normal 0 0 -1
    outer loop
      vertex -19.8 -29.8 0
      vertex -11.0277 -16.3786 0
      vertex -10.436 -17.3074 0
    endloop
  endfacet
  facet normal 0 0 -1
    outer loop
      vertex -19.8 -29.8 0
      vertex -11.5503 -15.3747 0
      vertex -11.5464 -15.3842 0
    endloop
  endfacet
  facet normal -0 0 -1
    outer loop
      vertex -12.692 -11.1001 0
      vertex -19.8 -29.8 0
      vertex -12.74 -10 0
    endloop
  endfacet
  facet normal -0 0 -1
    outer loop
      vertex -12.6915 -11.1104 0
      vertex -19.8 -29.8 0
      vertex -12.692 -11.1001 0
    endloop
  endfacet
  facet normal -0 0 -1
    outer loop
      vertex -12.5478 -12.2021 0
      vertex -19.8 -29.8 0
      vertex -12.6915 -11.1104 0
    endloop
  endfacet
  facet normal -0 0 -1
    outer loop
      vertex -12.5465 -12.2123 0
      vertex -19.8 -29.8 0
      vertex -12.5478 -12.2021 0
    endloop
  endfacet
  facet normal -0 0 -1
    outer loop
      vertex -12.5442 -12.2223 0
      vertex -19.8 -29.8 0
      vertex -12.5465 -12.2123 0
    endloop
  endfacet
  facet normal -0 0 -1
    outer loop
      vertex -12.3059 -13.2974 0
      vertex -19.8 -29.8 0
      vertex -12.5442 -12.2223 0
    endloop
  endfacet
  facet normal -0 0 -1
    outer loop
      vertex -11.9748 -14.3476 0
      vertex -19.8 -29.8 0
      vertex -12.3059 -13.2974 0
    endloop
  endfacet
  facet normal -0 0 -1
    outer loop
      vertex -11.9717 -14.3573 0
      vertex -19.8 -29.8 0
      vertex -11.9748 -14.3476 0
    endloop
  endfacet
  facet normal -0 0 -1
    outer loop
      vertex -11.5503 -15.3747 0
      vertex -19.8 -29.8 0
      vertex -11.9717 -14.3573 0
    endloop
  endfacet
  facet normal -0 0 -1
    outer loop
      vertex -11.5416 -15.3932 0
      vertex -19.8 -29.8 0
      vertex -11.5464 -15.3842 0
    endloop
  endfacet
  facet normal -0 0 -1
    outer loop
      vertex -11.0332 -16.37 0
      vertex -19.8 -29.8 0
      vertex -11.5416 -15.3932 0
    endloop
  endfacet
  facet normal -0 0 -1
    outer loop
      vertex -11.0277 -16.3786 0
      vertex -19.8 -29.8 0
      vertex -11.0332 -16.37 0
    endloop
  endfacet
  facet normal -0 0 -1
    outer loop
      vertex -9.76565 -18.181 0
      vertex -19.8 -29.8 0
      vertex -10.436 -17.3074 0
    endloop
  endfacet
  facet normal -0 0 -1
    outer loop
      vertex -9.75941 -18.1891 0
      vertex -19.8 -29.8 0
      vertex -9.76565 -18.181 0
    endloop
  endfacet
  facet normal -0 0 -1
    outer loop
      vertex -9.01546 -19.001 0
      vertex -19.8 -29.8 0
      vertex -9.75941 -18.1891 0
    endloop
  endfacet
  facet normal -0 0 -1
    outer loop
      vertex -9.00098 -19.0155 0
      vertex -19.8 -29.8 0
      vertex -9.00854 -19.0085 0
    endloop
  endfacet
  facet normal -0 0 -1
    outer loop
      vertex -8.18911 -19.7594 0
      vertex -19.8 -29.8 0
      vertex -9.00098 -19.0155 0
    endloop
  endfacet
  facet normal -0 0 -1
    outer loop
      vertex -8.18098 -19.7656 0
      vertex -19.8 -29.8 0
      vertex -8.18911 -19.7594 0
    endloop
  endfacet
  facet normal -0 0 -1
    outer loop
      vertex -6.37864 -21.0277 0
      vertex -19.8 -29.8 0
      vertex -7.30736 -20.436 0
    endloop
  endfacet
  facet normal -0 0 -1
    outer loop
      vertex -6.37 -21.0332 0
      vertex -19.8 -29.8 0
      vertex -6.37864 -21.0277 0
    endloop
  endfacet
  facet normal -0 0 -1
    outer loop
      vertex -5.39325 -21.5416 0
      vertex -19.8 -29.8 0
      vertex -6.37 -21.0332 0
    endloop
  endfacet
  facet normal -0 0 -1
    outer loop
      vertex -5.37469 -21.5503 0
      vertex -19.8 -29.8 0
      vertex -5.38416 -21.5464 0
    endloop
  endfacet
  facet normal -0 0 -1
    outer loop
      vertex -4.34756 -21.9748 0
      vertex -19.8 -29.8 0
      vertex -4.35734 -21.9717 0
    endloop
  endfacet
  facet normal 0 0 -1
    outer loop
      vertex 12.6915 -8.88964 0
      vertex 19.8 -29.8 0
      vertex 12.692 -8.89987 0
    endloop
  endfacet
  facet normal 0 0 -1
    outer loop
      vertex 19.8 -29.8 0
      vertex 12.6915 -8.88964 0
      vertex 19.8 29.8 0
    endloop
  endfacet
  facet normal 0 0 -1
    outer loop
      vertex 12.5478 -7.79788 0
      vertex 19.8 29.8 0
      vertex 12.6915 -8.88964 0
    endloop
  endfacet
  facet normal 0 0 -1
    outer loop
      vertex 12.5465 -7.78772 0
      vertex 19.8 29.8 0
      vertex 12.5478 -7.79788 0
    endloop
  endfacet
  facet normal 0 0 -1
    outer loop
      vertex 12.5442 -7.77771 0
      vertex 19.8 29.8 0
      vertex 12.5465 -7.78772 0
    endloop
  endfacet
  facet normal 0 0 -1
    outer loop
      vertex 12.3059 -6.70264 0
      vertex 19.8 29.8 0
      vertex 12.5442 -7.77771 0
    endloop
  endfacet
  facet normal 0 0 -1
    outer loop
      vertex 11.9748 -5.65244 0
      vertex 19.8 29.8 0
      vertex 12.3059 -6.70264 0
    endloop
  endfacet
  facet normal 0 0 -1
    outer loop
      vertex 11.9717 -5.64266 0
      vertex 19.8 29.8 0
      vertex 11.9748 -5.65244 0
    endloop
  endfacet
  facet normal 0 0 -1
    outer loop
      vertex 11.5503 -4.62531 0
      vertex 19.8 29.8 0
      vertex 11.9717 -5.64266 0
    endloop
  endfacet
  facet normal 0 0 -1
    outer loop
      vertex 11.5464 -4.61584 0
      vertex 19.8 29.8 0
      vertex 11.5503 -4.62531 0
    endloop
  endfacet
  facet normal 0 0 -1
    outer loop
      vertex 11.5416 -4.60675 0
      vertex 19.8 29.8 0
      vertex 11.5464 -4.61584 0
    endloop
  endfacet
  facet normal 0 0 -1
    outer loop
      vertex 11.0332 -3.63 0
      vertex 19.8 29.8 0
      vertex 11.5416 -4.60675 0
    endloop
  endfacet
  facet normal 0 0 -1
    outer loop
      vertex 11.0277 -3.62136 0
      vertex 19.8 29.8 0
      vertex 11.0332 -3.63 0
    endloop
  endfacet
  facet normal 0 0 -1
    outer loop
      vertex 10.436 -2.69264 0
      vertex 19.8 29.8 0
      vertex 11.0277 -3.62136 0
    endloop
  endfacet
  facet normal 0 0 -1
    outer loop
      vertex 9.76565 -1.81902 0
      vertex 19.8 29.8 0
      vertex 10.436 -2.69264 0
    endloop
  endfacet
  facet normal 0 0 -1
    outer loop
      vertex 9.75941 -1.81089 0
      vertex 19.8 29.8 0
      vertex 9.76565 -1.81902 0
    endloop
  endfacet
  facet normal 0 0 -1
    outer loop
      vertex 9.01546 -0.999016 0
      vertex 19.8 29.8 0
      vertex 9.75941 -1.81089 0
    endloop
  endfacet
  facet normal 0 0 -1
    outer loop
      vertex 6.17641 19.2596 0
      vertex 9.01546 -0.999016 0
      vertex 9.00854 -0.991459 0
    endloop
  endfacet
  facet normal 0 0 -1
    outer loop
      vertex 6.17641 19.2596 0
      vertex 9.00854 -0.991459 0
      vertex 9.00098 -0.984534 0
    endloop
  endfacet
  facet normal 0 0 -1
    outer loop
      vertex 6.17641 19.2596 0
      vertex 9.00098 -0.984534 0
      vertex 8.18911 -0.240593 0
    endloop
  endfacet
  facet normal 0 0 -1
    outer loop
      vertex 6.17641 19.2596 0
      vertex 8.18911 -0.240593 0
      vertex 8.18098 -0.234353 0
    endloop
  endfacet
  facet normal 0 0 -1
    outer loop
      vertex 6.17641 19.2596 0
      vertex 8.18098 -0.234353 0
      vertex 7.30736 0.435997 0
    endloop
  endfacet
  facet normal 0 0 -1
    outer loop
      vertex 6.17641 19.2596 0
      vertex 7.30736 0.435997 0
      vertex 6.37864 1.02766 0
    endloop
  endfacet
  facet normal 0 0 -1
    outer loop
      vertex 4.38406 15.4159 0
      vertex 6.37864 1.02766 0
      vertex 6.37 1.03316 0
    endloop
  endfacet
  facet normal 0 0 -1
    outer loop
      vertex 9.01546 -0.999016 0
      vertex 6.17641 19.2596 0
      vertex 19.8 29.8 0
    endloop
  endfacet
  facet normal 0 0 -1
    outer loop
      vertex 6.17641 20.3404 0
      vertex 19.8 29.8 0
      vertex 6.2 19.8 0
    endloop
  endfacet
  facet normal 0 0 -1
    outer loop
      vertex 6.10581 20.8766 0
      vertex 19.8 29.8 0
      vertex 6.17641 20.3404 0
    endloop
  endfacet
  facet normal 0 0 -1
    outer loop
      vertex 5.98874 21.4047 0
      vertex 19.8 29.8 0
      vertex 6.10581 20.8766 0
    endloop
  endfacet
  facet normal 0 0 -1
    outer loop
      vertex 5.82609 21.9205 0
      vertex 19.8 29.8 0
      vertex 5.98874 21.4047 0
    endloop
  endfacet
  facet normal 0 0 -1
    outer loop
      vertex 5.61911 22.4202 0
      vertex 19.8 29.8 0
      vertex 5.82609 21.9205 0
    endloop
  endfacet
  facet normal 0 0 -1
    outer loop
      vertex 5.36936 22.9 0
      vertex 19.8 29.8 0
      vertex 5.61911 22.4202 0
    endloop
  endfacet
  facet normal 0 0 -1
    outer loop
      vertex 5.07874 23.3562 0
      vertex 19.8 29.8 0
      vertex 5.36936 22.9 0
    endloop
  endfacet
  facet normal 0 0 -1
    outer loop
      vertex 4.74948 23.7853 0
      vertex 19.8 29.8 0
      vertex 5.07874 23.3562 0
    endloop
  endfacet
  facet normal 0 0 -1
    outer loop
      vertex 4.38406 24.1841 0
      vertex 19.8 29.8 0
      vertex 4.74948 23.7853 0
    endloop
  endfacet
  facet normal 0 0 -1
    outer loop
      vertex 3.98528 24.5495 0
      vertex 19.8 29.8 0
      vertex 4.38406 24.1841 0
    endloop
  endfacet
  facet normal 0 0 -1
    outer loop
      vertex 3.55617 24.8787 0
      vertex 19.8 29.8 0
      vertex 3.98528 24.5495 0
    endloop
  endfacet
  facet normal 0 0 -1
    outer loop
      vertex 3.1 25.1694 0
      vertex 19.8 29.8 0
      vertex 3.55617 24.8787 0
    endloop
  endfacet
  facet normal 0 0 -1
    outer loop
      vertex 2.62023 25.4191 0
      vertex 19.8 29.8 0
      vertex 3.1 25.1694 0
    endloop
  endfacet
  facet normal 0 0 -1
    outer loop
      vertex 2.12052 25.6261 0
      vertex 19.8 29.8 0
      vertex 2.62023 25.4191 0
    endloop
  endfacet
  facet normal 0 0 -1
    outer loop
      vertex 1.60468 25.7887 0
      vertex 19.8 29.8 0
      vertex 2.12052 25.6261 0
    endloop
  endfacet
  facet normal 0 0 -1
    outer loop
      vertex 1.07662 25.9058 0
      vertex 19.8 29.8 0
      vertex 1.60468 25.7887 0
    endloop
  endfacet
  facet normal 0 0 -1
    outer loop
      vertex 0.540365 25.9764 0
      vertex 19.8 29.8 0
      vertex 1.07662 25.9058 0
    endloop
  endfacet
  facet normal 0 0 -1
    outer loop
      vertex 0 26 0
      vertex 19.8 29.8 0
      vertex 0.540365 25.9764 0
    endloop
  endfacet
  facet normal 0 0 -1
    outer loop
      vertex -19.8 29.8 0
      vertex 0 26 0
      vertex -0.540365 25.9764 0
    endloop
  endfacet
  facet normal 0 0 -1
    outer loop
      vertex -19.8 29.8 0
      vertex -0.540365 25.9764 0
      vertex -1.07662 25.9058 0
    endloop
  endfacet
  facet normal 0 0 -1
    outer loop
      vertex -9.00854 -0.991459 0
      vertex -5.61911 17.1798 0
      vertex -9.00098 -0.984534 0
    endloop
  endfacet
  facet normal -0 0 -1
    outer loop
      vertex -5.61911 17.1798 0
      vertex -9.00854 -0.991459 0
      vertex -5.82609 17.6795 0
    endloop
  endfacet
  facet normal 0 0 -1
    outer loop
      vertex -9.01546 -0.999016 0
      vertex -5.82609 17.6795 0
      vertex -9.00854 -0.991459 0
    endloop
  endfacet
  facet normal 0 0 -1
    outer loop
      vertex -9.75941 -1.81089 0
      vertex -5.82609 17.6795 0
      vertex -9.01546 -0.999016 0
    endloop
  endfacet
  facet normal 0 0 -1
    outer loop
      vertex -19.8 29.8 0
      vertex -5.82609 17.6795 0
      vertex -9.75941 -1.81089 0
    endloop
  endfacet
  facet normal 0 0 -1
    outer loop
      vertex -5.82609 17.6795 0
      vertex -19.8 29.8 0
      vertex -5.98874 18.1953 0
    endloop
  endfacet
  facet normal 0 0 -1
    outer loop
      vertex -6.17641 19.2596 0
      vertex -19.8 29.8 0
      vertex -6.2 19.8 0
    endloop
  endfacet
  facet normal 0 0 -1
    outer loop
      vertex -6.2 19.8 0
      vertex -19.8 29.8 0
      vertex -6.17641 20.3404 0
    endloop
  endfacet
  facet normal 0 0 -1
    outer loop
      vertex -6.10581 18.7234 0
      vertex -19.8 29.8 0
      vertex -6.17641 19.2596 0
    endloop
  endfacet
  facet normal 0 0 -1
    outer loop
      vertex -5.98874 18.1953 0
      vertex -19.8 29.8 0
      vertex -6.10581 18.7234 0
    endloop
  endfacet
  facet normal 0 0 -1
    outer loop
      vertex -19.8 29.8 0
      vertex -9.75941 -1.81089 0
      vertex -9.76565 -1.81902 0
    endloop
  endfacet
  facet normal 0 0 -1
    outer loop
      vertex -19.8 29.8 0
      vertex -9.76565 -1.81902 0
      vertex -10.436 -2.69264 0
    endloop
  endfacet
  facet normal 0 0 -1
    outer loop
      vertex -19.8 29.8 0
      vertex -10.436 -2.69264 0
      vertex -11.0277 -3.62136 0
    endloop
  endfacet
  facet normal 0 0 -1
    outer loop
      vertex -19.8 29.8 0
      vertex -11.0277 -3.62136 0
      vertex -11.0332 -3.63 0
    endloop
  endfacet
  facet normal 0 0 -1
    outer loop
      vertex -19.8 29.8 0
      vertex -11.0332 -3.63 0
      vertex -11.5416 -4.60675 0
    endloop
  endfacet
  facet normal 0 0 -1
    outer loop
      vertex -19.8 29.8 0
      vertex -11.5416 -4.60675 0
      vertex -11.5464 -4.61584 0
    endloop
  endfacet
  facet normal 0 0 -1
    outer loop
      vertex -19.8 29.8 0
      vertex -11.5464 -4.61584 0
      vertex -11.5503 -4.62531 0
    endloop
  endfacet
  facet normal 0 0 -1
    outer loop
      vertex -19.8 29.8 0
      vertex -11.5503 -4.62531 0
      vertex -11.9717 -5.64266 0
    endloop
  endfacet
  facet normal 0 0 -1
    outer loop
      vertex -19.8 29.8 0
      vertex -11.9717 -5.64266 0
      vertex -11.9748 -5.65244 0
    endloop
  endfacet
  facet normal 0 0 -1
    outer loop
      vertex -19.8 29.8 0
      vertex -11.9748 -5.65244 0
      vertex -12.3059 -6.70264 0
    endloop
  endfacet
  facet normal 0 0 -1
    outer loop
      vertex -6.17641 20.3404 0
      vertex -19.8 29.8 0
      vertex -6.10581 20.8766 0
    endloop
  endfacet
  facet normal 0 0 -1
    outer loop
      vertex -19.8 -29.8 0
      vertex -12.692 -8.89987 0
      vertex -12.74 -10 0
    endloop
  endfacet
  facet normal 0 0 -1
    outer loop
      vertex -19.8 -29.8 0
      vertex -12.6915 -8.88964 0
      vertex -12.692 -8.89987 0
    endloop
  endfacet
  facet normal 0 0 -1
    outer loop
      vertex -19.8 -29.8 0
      vertex -12.5478 -7.79788 0
      vertex -12.6915 -8.88964 0
    endloop
  endfacet
  facet normal 0 0 -1
    outer loop
      vertex -19.8 -29.8 0
      vertex -12.5465 -7.78772 0
      vertex -12.5478 -7.79788 0
    endloop
  endfacet
  facet normal 0 0 -1
    outer loop
      vertex -19.8 29.8 0
      vertex -12.5465 -7.78772 0
      vertex -19.8 -29.8 0
    endloop
  endfacet
  facet normal 0 0 -1
    outer loop
      vertex -12.5465 -7.78772 0
      vertex -19.8 29.8 0
      vertex -12.5442 -7.77771 0
    endloop
  endfacet
  facet normal 0 0 -1
    outer loop
      vertex -12.5442 -7.77771 0
      vertex -19.8 29.8 0
      vertex -12.3059 -6.70264 0
    endloop
  endfacet
  facet normal 0 0 -1
    outer loop
      vertex 0 26 0
      vertex -19.8 29.8 0
      vertex 19.8 29.8 0
    endloop
  endfacet
  facet normal 0 0 -1
    outer loop
      vertex -1.60468 25.7887 0
      vertex -19.8 29.8 0
      vertex -1.07662 25.9058 0
    endloop
  endfacet
  facet normal 0 0 -1
    outer loop
      vertex -2.12052 25.6261 0
      vertex -19.8 29.8 0
      vertex -1.60468 25.7887 0
    endloop
  endfacet
  facet normal 0 0 -1
    outer loop
      vertex -2.62023 25.4191 0
      vertex -19.8 29.8 0
      vertex -2.12052 25.6261 0
    endloop
  endfacet
  facet normal 0 0 -1
    outer loop
      vertex -3.1 25.1694 0
      vertex -19.8 29.8 0
      vertex -2.62023 25.4191 0
    endloop
  endfacet
  facet normal 0 0 -1
    outer loop
      vertex -3.55617 24.8787 0
      vertex -19.8 29.8 0
      vertex -3.1 25.1694 0
    endloop
  endfacet
  facet normal 0 0 -1
    outer loop
      vertex -3.98528 24.5495 0
      vertex -19.8 29.8 0
      vertex -3.55617 24.8787 0
    endloop
  endfacet
  facet normal 0 0 -1
    outer loop
      vertex -4.38406 24.1841 0
      vertex -19.8 29.8 0
      vertex -3.98528 24.5495 0
    endloop
  endfacet
  facet normal 0 0 -1
    outer loop
      vertex -4.74948 23.7853 0
      vertex -19.8 29.8 0
      vertex -4.38406 24.1841 0
    endloop
  endfacet
  facet normal 0 0 -1
    outer loop
      vertex -5.07874 23.3562 0
      vertex -19.8 29.8 0
      vertex -4.74948 23.7853 0
    endloop
  endfacet
  facet normal 0 0 -1
    outer loop
      vertex -5.36936 22.9 0
      vertex -19.8 29.8 0
      vertex -5.07874 23.3562 0
    endloop
  endfacet
  facet normal 0 0 -1
    outer loop
      vertex -5.61911 22.4202 0
      vertex -19.8 29.8 0
      vertex -5.36936 22.9 0
    endloop
  endfacet
  facet normal 0 0 -1
    outer loop
      vertex -5.82609 21.9205 0
      vertex -19.8 29.8 0
      vertex -5.61911 22.4202 0
    endloop
  endfacet
  facet normal 0 0 -1
    outer loop
      vertex -5.98874 21.4047 0
      vertex -19.8 29.8 0
      vertex -5.82609 21.9205 0
    endloop
  endfacet
  facet normal 0 0 -1
    outer loop
      vertex -6.10581 20.8766 0
      vertex -19.8 29.8 0
      vertex -5.98874 21.4047 0
    endloop
  endfacet
  facet normal -1 0 0
    outer loop
      vertex -19.8 -29.8 0
      vertex -19.8 29.8 19.3
      vertex -19.8 29.8 0
    endloop
  endfacet
  facet normal -1 -0 0
    outer loop
      vertex -19.8 29.8 19.3
      vertex -19.8 -29.8 0
      vertex -19.8 -29.8 19.3
    endloop
  endfacet
  facet normal 0 1 -0
    outer loop
      vertex 19.8 29.8 0
      vertex -19.8 29.8 19.3
      vertex 19.8 29.8 19.3
    endloop
  endfacet
  facet normal 0 1 0
    outer loop
      vertex -19.8 29.8 19.3
      vertex 19.8 29.8 0
      vertex -19.8 29.8 0
    endloop
  endfacet
  facet normal 1 -0 0
    outer loop
      vertex 19.8 -29.8 19.3
      vertex 19.8 29.8 0
      vertex 19.8 29.8 19.3
    endloop
  endfacet
  facet normal 1 0 0
    outer loop
      vertex 19.8 29.8 0
      vertex 19.8 -29.8 19.3
      vertex 19.8 -29.8 0
    endloop
  endfacet
  facet normal -1 0 0
    outer loop
      vertex 16.8 9.8 3.3
      vertex 16.8 27.8 19.3
      vertex 16.8 27.8 3.3
    endloop
  endfacet
  facet normal -1 -0 0
    outer loop
      vertex 16.8 27.8 19.3
      vertex 16.8 9.8 3.3
      vertex 16.8 9.8 19.3
    endloop
  endfacet
  facet normal 0 0 1
    outer loop
      vertex 7.07298 19.1812 3.3
      vertex 16.8 27.8 3.3
      vertex 7.1 19.8 3.3
    endloop
  endfacet
  facet normal 0 0 1
    outer loop
      vertex 16.8 27.8 3.3
      vertex 7.07298 20.4188 3.3
      vertex 7.1 19.8 3.3
    endloop
  endfacet
  facet normal 0 0 1
    outer loop
      vertex 16.8 27.8 3.3
      vertex 6.99213 21.0329 3.3
      vertex 7.07298 20.4188 3.3
    endloop
  endfacet
  facet normal 0 0 1
    outer loop
      vertex 16.8 27.8 3.3
      vertex 6.85807 21.6376 3.3
      vertex 6.99213 21.0329 3.3
    endloop
  endfacet
  facet normal 0 0 1
    outer loop
      vertex 16.8 27.8 3.3
      vertex 6.67182 22.2283 3.3
      vertex 6.85807 21.6376 3.3
    endloop
  endfacet
  facet normal 0 0 1
    outer loop
      vertex 16.8 27.8 3.3
      vertex 6.43478 22.8006 3.3
      vertex 6.67182 22.2283 3.3
    endloop
  endfacet
  facet normal 0 0 1
    outer loop
      vertex 16.8 27.8 3.3
      vertex 6.14878 23.35 3.3
      vertex 6.43478 22.8006 3.3
    endloop
  endfacet
  facet normal 0 0 1
    outer loop
      vertex 16.8 27.8 3.3
      vertex 5.81598 23.8724 3.3
      vertex 6.14878 23.35 3.3
    endloop
  endfacet
  facet normal 0 0 1
    outer loop
      vertex 16.8 27.8 3.3
      vertex 5.43892 24.3638 3.3
      vertex 5.81598 23.8724 3.3
    endloop
  endfacet
  facet normal 0 0 1
    outer loop
      vertex 16.8 27.8 3.3
      vertex 5.02046 24.8205 3.3
      vertex 5.43892 24.3638 3.3
    endloop
  endfacet
  facet normal 0 0 1
    outer loop
      vertex 16.8 27.8 3.3
      vertex 4.56379 25.2389 3.3
      vertex 5.02046 24.8205 3.3
    endloop
  endfacet
  facet normal 0 0 1
    outer loop
      vertex 16.8 27.8 3.3
      vertex 4.07239 25.616 3.3
      vertex 4.56379 25.2389 3.3
    endloop
  endfacet
  facet normal 0 0 1
    outer loop
      vertex 16.8 27.8 3.3
      vertex 3.55 25.9488 3.3
      vertex 4.07239 25.616 3.3
    endloop
  endfacet
  facet normal 0 0 1
    outer loop
      vertex 16.8 27.8 3.3
      vertex 3.00059 26.2348 3.3
      vertex 3.55 25.9488 3.3
    endloop
  endfacet
  facet normal 0 0 1
    outer loop
      vertex 16.8 27.8 3.3
      vertex 2.42834 26.4718 3.3
      vertex 3.00059 26.2348 3.3
    endloop
  endfacet
  facet normal 0 0 1
    outer loop
      vertex 16.8 27.8 3.3
      vertex 1.83762 26.6581 3.3
      vertex 2.42834 26.4718 3.3
    endloop
  endfacet
  facet normal 0 0 1
    outer loop
      vertex 16.8 27.8 3.3
      vertex 1.2329 26.7921 3.3
      vertex 1.83762 26.6581 3.3
    endloop
  endfacet
  facet normal 0 0 1
    outer loop
      vertex 16.8 27.8 3.3
      vertex 0.618805 26.873 3.3
      vertex 1.2329 26.7921 3.3
    endloop
  endfacet
  facet normal 0 0 1
    outer loop
      vertex 16.8 27.8 3.3
      vertex 0 26.9 3.3
      vertex 0.618805 26.873 3.3
    endloop
  endfacet
  facet normal -0 0 1
    outer loop
      vertex -16.8 27.8 3.3
      vertex 0 26.9 3.3
      vertex 16.8 27.8 3.3
    endloop
  endfacet
  facet normal 0 0 1
    outer loop
      vertex -7.07298 20.4188 3.3
      vertex -16.8 27.8 3.3
      vertex -7.1 19.8 3.3
    endloop
  endfacet
  facet normal 0 0 1
    outer loop
      vertex -6.99213 21.0329 3.3
      vertex -16.8 27.8 3.3
      vertex -7.07298 20.4188 3.3
    endloop
  endfacet
  facet normal 0 0 1
    outer loop
      vertex -6.85807 21.6376 3.3
      vertex -16.8 27.8 3.3
      vertex -6.99213 21.0329 3.3
    endloop
  endfacet
  facet normal 0 0 1
    outer loop
      vertex -6.67182 22.2283 3.3
      vertex -16.8 27.8 3.3
      vertex -6.85807 21.6376 3.3
    endloop
  endfacet
  facet normal 0 0 1
    outer loop
      vertex -6.43478 22.8006 3.3
      vertex -16.8 27.8 3.3
      vertex -6.67182 22.2283 3.3
    endloop
  endfacet
  facet normal 0 0 1
    outer loop
      vertex -6.14878 23.35 3.3
      vertex -16.8 27.8 3.3
      vertex -6.43478 22.8006 3.3
    endloop
  endfacet
  facet normal 0 0 1
    outer loop
      vertex -5.81598 23.8724 3.3
      vertex -16.8 27.8 3.3
      vertex -6.14878 23.35 3.3
    endloop
  endfacet
  facet normal 0 0 1
    outer loop
      vertex -5.43892 24.3638 3.3
      vertex -16.8 27.8 3.3
      vertex -5.81598 23.8724 3.3
    endloop
  endfacet
  facet normal 0 0 1
    outer loop
      vertex -5.02046 24.8205 3.3
      vertex -16.8 27.8 3.3
      vertex -5.43892 24.3638 3.3
    endloop
  endfacet
  facet normal 0 0 1
    outer loop
      vertex -4.56379 25.2389 3.3
      vertex -16.8 27.8 3.3
      vertex -5.02046 24.8205 3.3
    endloop
  endfacet
  facet normal 0 0 1
    outer loop
      vertex -4.07239 25.616 3.3
      vertex -16.8 27.8 3.3
      vertex -4.56379 25.2389 3.3
    endloop
  endfacet
  facet normal 0 0 1
    outer loop
      vertex -3.55 25.9488 3.3
      vertex -16.8 27.8 3.3
      vertex -4.07239 25.616 3.3
    endloop
  endfacet
  facet normal 0 0 1
    outer loop
      vertex -3.00059 26.2348 3.3
      vertex -16.8 27.8 3.3
      vertex -3.55 25.9488 3.3
    endloop
  endfacet
  facet normal 0 0 1
    outer loop
      vertex -2.42834 26.4718 3.3
      vertex -16.8 27.8 3.3
      vertex -3.00059 26.2348 3.3
    endloop
  endfacet
  facet normal 0 0 1
    outer loop
      vertex -1.83762 26.6581 3.3
      vertex -16.8 27.8 3.3
      vertex -2.42834 26.4718 3.3
    endloop
  endfacet
  facet normal 0 0 1
    outer loop
      vertex -1.2329 26.7921 3.3
      vertex -16.8 27.8 3.3
      vertex -1.83762 26.6581 3.3
    endloop
  endfacet
  facet normal 0 0 1
    outer loop
      vertex -0.618805 26.873 3.3
      vertex -16.8 27.8 3.3
      vertex -1.2329 26.7921 3.3
    endloop
  endfacet
  facet normal 0 0 1
    outer loop
      vertex 0 26.9 3.3
      vertex -16.8 27.8 3.3
      vertex -0.618805 26.873 3.3
    endloop
  endfacet
  facet normal 0 0 1
    outer loop
      vertex 16.8 27.8 3.3
      vertex 7.07298 19.1812 3.3
      vertex 16.8 9.8 3.3
    endloop
  endfacet
  facet normal -0 0 1
    outer loop
      vertex 6.99213 18.5671 3.3
      vertex 16.8 9.8 3.3
      vertex 7.07298 19.1812 3.3
    endloop
  endfacet
  facet normal -0 0 1
    outer loop
      vertex 6.85807 17.9624 3.3
      vertex 16.8 9.8 3.3
      vertex 6.99213 18.5671 3.3
    endloop
  endfacet
  facet normal -0 0 1
    outer loop
      vertex 6.67182 17.3717 3.3
      vertex 16.8 9.8 3.3
      vertex 6.85807 17.9624 3.3
    endloop
  endfacet
  facet normal -0 0 1
    outer loop
      vertex 6.43478 16.7994 3.3
      vertex 16.8 9.8 3.3
      vertex 6.67182 17.3717 3.3
    endloop
  endfacet
  facet normal -0 0 1
    outer loop
      vertex 6.14878 16.25 3.3
      vertex 16.8 9.8 3.3
      vertex 6.43478 16.7994 3.3
    endloop
  endfacet
  facet normal -0 0 1
    outer loop
      vertex 5.81598 15.7276 3.3
      vertex 16.8 9.8 3.3
      vertex 6.14878 16.25 3.3
    endloop
  endfacet
  facet normal -0 0 1
    outer loop
      vertex 5.43892 15.2362 3.3
      vertex 16.8 9.8 3.3
      vertex 5.81598 15.7276 3.3
    endloop
  endfacet
  facet normal -0 0 1
    outer loop
      vertex 5.02046 14.7795 3.3
      vertex 16.8 9.8 3.3
      vertex 5.43892 15.2362 3.3
    endloop
  endfacet
  facet normal -0 0 1
    outer loop
      vertex 4.56379 14.3611 3.3
      vertex 16.8 9.8 3.3
      vertex 5.02046 14.7795 3.3
    endloop
  endfacet
  facet normal -0 0 1
    outer loop
      vertex 4.07239 13.984 3.3
      vertex 16.8 9.8 3.3
      vertex 4.56379 14.3611 3.3
    endloop
  endfacet
  facet normal -0 0 1
    outer loop
      vertex 3.55 13.6512 3.3
      vertex 16.8 9.8 3.3
      vertex 4.07239 13.984 3.3
    endloop
  endfacet
  facet normal -0 0 1
    outer loop
      vertex 3.00059 13.3652 3.3
      vertex 16.8 9.8 3.3
      vertex 3.55 13.6512 3.3
    endloop
  endfacet
  facet normal -0 0 1
    outer loop
      vertex 2.42834 13.1282 3.3
      vertex 16.8 9.8 3.3
      vertex 3.00059 13.3652 3.3
    endloop
  endfacet
  facet normal -0 0 1
    outer loop
      vertex 1.83762 12.9419 3.3
      vertex 16.8 9.8 3.3
      vertex 2.42834 13.1282 3.3
    endloop
  endfacet
  facet normal -0 0 1
    outer loop
      vertex 1.2329 12.8079 3.3
      vertex 16.8 9.8 3.3
      vertex 1.83762 12.9419 3.3
    endloop
  endfacet
  facet normal -0 0 1
    outer loop
      vertex 0.618805 12.727 3.3
      vertex 16.8 9.8 3.3
      vertex 1.2329 12.8079 3.3
    endloop
  endfacet
  facet normal -0 0 1
    outer loop
      vertex 0 12.7 3.3
      vertex 16.8 9.8 3.3
      vertex 0.618805 12.727 3.3
    endloop
  endfacet
  facet normal 0 0 1
    outer loop
      vertex -16.8 9.8 3.3
      vertex 0 12.7 3.3
      vertex -0.618805 12.727 3.3
    endloop
  endfacet
  facet normal 0 0 1
    outer loop
      vertex -16.8 9.8 3.3
      vertex -0.618805 12.727 3.3
      vertex -1.2329 12.8079 3.3
    endloop
  endfacet
  facet normal 0 0 1
    outer loop
      vertex -16.8 27.8 3.3
      vertex -7.07298 19.1812 3.3
      vertex -7.1 19.8 3.3
    endloop
  endfacet
  facet normal 0 0 1
    outer loop
      vertex -16.8 9.8 3.3
      vertex -7.07298 19.1812 3.3
      vertex -16.8 27.8 3.3
    endloop
  endfacet
  facet normal 0 0 1
    outer loop
      vertex -7.07298 19.1812 3.3
      vertex -16.8 9.8 3.3
      vertex -6.99213 18.5671 3.3
    endloop
  endfacet
  facet normal 0 0 1
    outer loop
      vertex -6.99213 18.5671 3.3
      vertex -16.8 9.8 3.3
      vertex -6.85807 17.9624 3.3
    endloop
  endfacet
  facet normal 0 0 1
    outer loop
      vertex -6.85807 17.9624 3.3
      vertex -16.8 9.8 3.3
      vertex -6.67182 17.3717 3.3
    endloop
  endfacet
  facet normal 0 0 1
    outer loop
      vertex -6.67182 17.3717 3.3
      vertex -16.8 9.8 3.3
      vertex -6.43478 16.7994 3.3
    endloop
  endfacet
  facet normal 0 0 1
    outer loop
      vertex -6.43478 16.7994 3.3
      vertex -16.8 9.8 3.3
      vertex -6.14878 16.25 3.3
    endloop
  endfacet
  facet normal 0 0 1
    outer loop
      vertex -6.14878 16.25 3.3
      vertex -16.8 9.8 3.3
      vertex -5.81598 15.7276 3.3
    endloop
  endfacet
  facet normal 0 0 1
    outer loop
      vertex 0 12.7 3.3
      vertex -16.8 9.8 3.3
      vertex 16.8 9.8 3.3
    endloop
  endfacet
  facet normal 0 0 1
    outer loop
      vertex -1.83762 12.9419 3.3
      vertex -16.8 9.8 3.3
      vertex -1.2329 12.8079 3.3
    endloop
  endfacet
  facet normal 0 0 1
    outer loop
      vertex -2.42834 13.1282 3.3
      vertex -16.8 9.8 3.3
      vertex -1.83762 12.9419 3.3
    endloop
  endfacet
  facet normal 0 0 1
    outer loop
      vertex -3.00059 13.3652 3.3
      vertex -16.8 9.8 3.3
      vertex -2.42834 13.1282 3.3
    endloop
  endfacet
  facet normal 0 0 1
    outer loop
      vertex -3.55 13.6512 3.3
      vertex -16.8 9.8 3.3
      vertex -3.00059 13.3652 3.3
    endloop
  endfacet
  facet normal 0 0 1
    outer loop
      vertex -4.07239 13.984 3.3
      vertex -16.8 9.8 3.3
      vertex -3.55 13.6512 3.3
    endloop
  endfacet
  facet normal 0 0 1
    outer loop
      vertex -4.56379 14.3611 3.3
      vertex -16.8 9.8 3.3
      vertex -4.07239 13.984 3.3
    endloop
  endfacet
  facet normal 0 0 1
    outer loop
      vertex -5.02046 14.7795 3.3
      vertex -16.8 9.8 3.3
      vertex -4.56379 14.3611 3.3
    endloop
  endfacet
  facet normal 0 0 1
    outer loop
      vertex -5.43892 15.2362 3.3
      vertex -16.8 9.8 3.3
      vertex -5.02046 14.7795 3.3
    endloop
  endfacet
  facet normal 0 0 1
    outer loop
      vertex -5.81598 15.7276 3.3
      vertex -16.8 9.8 3.3
      vertex -5.43892 15.2362 3.3
    endloop
  endfacet
  facet normal 0 -1 0
    outer loop
      vertex -19.8 -29.8 0
      vertex 19.8 -29.8 19.3
      vertex -19.8 -29.8 19.3
    endloop
  endfacet
  facet normal 0 -1 -0
    outer loop
      vertex 19.8 -29.8 19.3
      vertex -19.8 -29.8 0
      vertex 19.8 -29.8 0
    endloop
  endfacet
  facet normal 0 1 -0
    outer loop
      vertex 16.8 9.8 3.3
      vertex -16.8 9.8 19.3
      vertex 16.8 9.8 19.3
    endloop
  endfacet
  facet normal 0 1 0
    outer loop
      vertex -16.8 9.8 19.3
      vertex 16.8 9.8 3.3
      vertex -16.8 9.8 3.3
    endloop
  endfacet
  facet normal 0 -1 0
    outer loop
      vertex -16.8 27.8 3.3
      vertex 16.8 27.8 19.3
      vertex -16.8 27.8 19.3
    endloop
  endfacet
  facet normal 0 -1 -0
    outer loop
      vertex 16.8 27.8 19.3
      vertex -16.8 27.8 3.3
      vertex 16.8 27.8 3.3
    endloop
  endfacet
  facet normal -1 0 0
    outer loop
      vertex 16.4 -26.4 3.3
      vertex 16.4 6.4 19.3
      vertex 16.4 6.4 3.3
    endloop
  endfacet
  facet normal -1 -0 0
    outer loop
      vertex 16.4 6.4 19.3
      vertex 16.4 -26.4 3.3
      vertex 16.4 -26.4 19.3
    endloop
  endfacet
  facet normal 0 0 1
    outer loop
      vertex 16.4 6.4 3.3
      vertex 14.2 -10 3.3
      vertex 16.4 -26.4 3.3
    endloop
  endfacet
  facet normal 0 0 1
    outer loop
      vertex 16.4 6.4 3.3
      vertex 14.146 -8.76239 3.3
      vertex 14.2 -10 3.3
    endloop
  endfacet
  facet normal 0 0 1
    outer loop
      vertex 16.4 6.4 3.3
      vertex 13.9843 -7.53419 3.3
      vertex 14.146 -8.76239 3.3
    endloop
  endfacet
  facet normal 0 0 1
    outer loop
      vertex 16.4 6.4 3.3
      vertex 13.7161 -6.32477 3.3
      vertex 13.9843 -7.53419 3.3
    endloop
  endfacet
  facet normal 0 0 1
    outer loop
      vertex 16.4 6.4 3.3
      vertex 13.3436 -5.14331 3.3
      vertex 13.7161 -6.32477 3.3
    endloop
  endfacet
  facet normal 0 0 1
    outer loop
      vertex 16.4 6.4 3.3
      vertex 12.8696 -3.99882 3.3
      vertex 13.3436 -5.14331 3.3
    endloop
  endfacet
  facet normal 0 0 1
    outer loop
      vertex 16.4 6.4 3.3
      vertex 12.2976 -2.9 3.3
      vertex 12.8696 -3.99882 3.3
    endloop
  endfacet
  facet normal 0 0 1
    outer loop
      vertex 16.4 6.4 3.3
      vertex 11.632 -1.85521 3.3
      vertex 12.2976 -2.9 3.3
    endloop
  endfacet
  facet normal 0 0 1
    outer loop
      vertex 16.4 6.4 3.3
      vertex 10.8778 -0.872416 3.3
      vertex 11.632 -1.85521 3.3
    endloop
  endfacet
  facet normal 0 0 1
    outer loop
      vertex 16.4 6.4 3.3
      vertex 10.0409 0.0409155 3.3
      vertex 10.8778 -0.872416 3.3
    endloop
  endfacet
  facet normal 0 0 1
    outer loop
      vertex 16.4 6.4 3.3
      vertex 9.12758 0.877831 3.3
      vertex 10.0409 0.0409155 3.3
    endloop
  endfacet
  facet normal 0 0 1
    outer loop
      vertex 16.4 6.4 3.3
      vertex 8.14478 1.63196 3.3
      vertex 9.12758 0.877831 3.3
    endloop
  endfacet
  facet normal 0 0 1
    outer loop
      vertex 16.4 6.4 3.3
      vertex 7.1 2.29756 3.3
      vertex 8.14478 1.63196 3.3
    endloop
  endfacet
  facet normal 0 0 1
    outer loop
      vertex 16.4 6.4 3.3
      vertex 6.00118 2.86957 3.3
      vertex 7.1 2.29756 3.3
    endloop
  endfacet
  facet normal 0 0 1
    outer loop
      vertex 16.4 6.4 3.3
      vertex 4.85669 3.34363 3.3
      vertex 6.00118 2.86957 3.3
    endloop
  endfacet
  facet normal 0 0 1
    outer loop
      vertex 16.4 6.4 3.3
      vertex 3.67523 3.71615 3.3
      vertex 4.85669 3.34363 3.3
    endloop
  endfacet
  facet normal 0 0 1
    outer loop
      vertex 16.4 6.4 3.3
      vertex 2.4658 3.98427 3.3
      vertex 3.67523 3.71615 3.3
    endloop
  endfacet
  facet normal 0 0 1
    outer loop
      vertex 16.4 6.4 3.3
      vertex 1.23761 4.14596 3.3
      vertex 2.4658 3.98427 3.3
    endloop
  endfacet
  facet normal 0 0 1
    outer loop
      vertex 16.4 6.4 3.3
      vertex 0 4.2 3.3
      vertex 1.23761 4.14596 3.3
    endloop
  endfacet
  facet normal -0 0 1
    outer loop
      vertex -16.4 6.4 3.3
      vertex 0 4.2 3.3
      vertex 16.4 6.4 3.3
    endloop
  endfacet
  facet normal 0 0 1
    outer loop
      vertex -14.146 -8.76239 3.3
      vertex -16.4 6.4 3.3
      vertex -14.2 -10 3.3
    endloop
  endfacet
  facet normal 0 0 1
    outer loop
      vertex -13.9843 -7.53419 3.3
      vertex -16.4 6.4 3.3
      vertex -14.146 -8.76239 3.3
    endloop
  endfacet
  facet normal 0 0 1
    outer loop
      vertex -13.7161 -6.32477 3.3
      vertex -16.4 6.4 3.3
      vertex -13.9843 -7.53419 3.3
    endloop
  endfacet
  facet normal 0 0 1
    outer loop
      vertex -13.3436 -5.14331 3.3
      vertex -16.4 6.4 3.3
      vertex -13.7161 -6.32477 3.3
    endloop
  endfacet
  facet normal 0 0 1
    outer loop
      vertex -12.8696 -3.99882 3.3
      vertex -16.4 6.4 3.3
      vertex -13.3436 -5.14331 3.3
    endloop
  endfacet
  facet normal 0 0 1
    outer loop
      vertex -12.2976 -2.9 3.3
      vertex -16.4 6.4 3.3
      vertex -12.8696 -3.99882 3.3
    endloop
  endfacet
  facet normal 0 0 1
    outer loop
      vertex -11.632 -1.85521 3.3
      vertex -16.4 6.4 3.3
      vertex -12.2976 -2.9 3.3
    endloop
  endfacet
  facet normal 0 0 1
    outer loop
      vertex -10.8778 -0.872416 3.3
      vertex -16.4 6.4 3.3
      vertex -11.632 -1.85521 3.3
    endloop
  endfacet
  facet normal 0 0 1
    outer loop
      vertex -10.0409 0.0409155 3.3
      vertex -16.4 6.4 3.3
      vertex -10.8778 -0.872416 3.3
    endloop
  endfacet
  facet normal 0 0 1
    outer loop
      vertex -9.12758 0.877831 3.3
      vertex -16.4 6.4 3.3
      vertex -10.0409 0.0409155 3.3
    endloop
  endfacet
  facet normal 0 0 1
    outer loop
      vertex -8.14478 1.63196 3.3
      vertex -16.4 6.4 3.3
      vertex -9.12758 0.877831 3.3
    endloop
  endfacet
  facet normal 0 0 1
    outer loop
      vertex -7.1 2.29756 3.3
      vertex -16.4 6.4 3.3
      vertex -8.14478 1.63196 3.3
    endloop
  endfacet
  facet normal 0 0 1
    outer loop
      vertex -6.00118 2.86957 3.3
      vertex -16.4 6.4 3.3
      vertex -7.1 2.29756 3.3
    endloop
  endfacet
  facet normal 0 0 1
    outer loop
      vertex -4.85669 3.34363 3.3
      vertex -16.4 6.4 3.3
      vertex -6.00118 2.86957 3.3
    endloop
  endfacet
  facet normal 0 0 1
    outer loop
      vertex -3.67523 3.71615 3.3
      vertex -16.4 6.4 3.3
      vertex -4.85669 3.34363 3.3
    endloop
  endfacet
  facet normal 0 0 1
    outer loop
      vertex -2.4658 3.98427 3.3
      vertex -16.4 6.4 3.3
      vertex -3.67523 3.71615 3.3
    endloop
  endfacet
  facet normal 0 0 1
    outer loop
      vertex -1.23761 4.14596 3.3
      vertex -16.4 6.4 3.3
      vertex -2.4658 3.98427 3.3
    endloop
  endfacet
  facet normal 0 0 1
    outer loop
      vertex 0 4.2 3.3
      vertex -16.4 6.4 3.3
      vertex -1.23761 4.14596 3.3
    endloop
  endfacet
  facet normal -0 0 1
    outer loop
      vertex 14.146 -11.2376 3.3
      vertex 16.4 -26.4 3.3
      vertex 14.2 -10 3.3
    endloop
  endfacet
  facet normal -0 0 1
    outer loop
      vertex 13.9843 -12.4658 3.3
      vertex 16.4 -26.4 3.3
      vertex 14.146 -11.2376 3.3
    endloop
  endfacet
  facet normal -0 0 1
    outer loop
      vertex 13.7161 -13.6752 3.3
      vertex 16.4 -26.4 3.3
      vertex 13.9843 -12.4658 3.3
    endloop
  endfacet
  facet normal -0 0 1
    outer loop
      vertex 13.3436 -14.8567 3.3
      vertex 16.4 -26.4 3.3
      vertex 13.7161 -13.6752 3.3
    endloop
  endfacet
  facet normal -0 0 1
    outer loop
      vertex 12.8696 -16.0012 3.3
      vertex 16.4 -26.4 3.3
      vertex 13.3436 -14.8567 3.3
    endloop
  endfacet
  facet normal -0 0 1
    outer loop
      vertex 12.2976 -17.1 3.3
      vertex 16.4 -26.4 3.3
      vertex 12.8696 -16.0012 3.3
    endloop
  endfacet
  facet normal -0 0 1
    outer loop
      vertex 11.632 -18.1448 3.3
      vertex 16.4 -26.4 3.3
      vertex 12.2976 -17.1 3.3
    endloop
  endfacet
  facet normal -0 0 1
    outer loop
      vertex 10.8778 -19.1276 3.3
      vertex 16.4 -26.4 3.3
      vertex 11.632 -18.1448 3.3
    endloop
  endfacet
  facet normal -0 0 1
    outer loop
      vertex 10.0409 -20.0409 3.3
      vertex 16.4 -26.4 3.3
      vertex 10.8778 -19.1276 3.3
    endloop
  endfacet
  facet normal -0 0 1
    outer loop
      vertex 9.12758 -20.8778 3.3
      vertex 16.4 -26.4 3.3
      vertex 10.0409 -20.0409 3.3
    endloop
  endfacet
  facet normal -0 0 1
    outer loop
      vertex 8.14478 -21.632 3.3
      vertex 16.4 -26.4 3.3
      vertex 9.12758 -20.8778 3.3
    endloop
  endfacet
  facet normal -0 0 1
    outer loop
      vertex 7.1 -22.2976 3.3
      vertex 16.4 -26.4 3.3
      vertex 8.14478 -21.632 3.3
    endloop
  endfacet
  facet normal -0 0 1
    outer loop
      vertex 6.00118 -22.8696 3.3
      vertex 16.4 -26.4 3.3
      vertex 7.1 -22.2976 3.3
    endloop
  endfacet
  facet normal -0 0 1
    outer loop
      vertex 4.85669 -23.3436 3.3
      vertex 16.4 -26.4 3.3
      vertex 6.00118 -22.8696 3.3
    endloop
  endfacet
  facet normal -0 0 1
    outer loop
      vertex 3.67523 -23.7161 3.3
      vertex 16.4 -26.4 3.3
      vertex 4.85669 -23.3436 3.3
    endloop
  endfacet
  facet normal -0 0 1
    outer loop
      vertex 2.4658 -23.9843 3.3
      vertex 16.4 -26.4 3.3
      vertex 3.67523 -23.7161 3.3
    endloop
  endfacet
  facet normal -0 0 1
    outer loop
      vertex 1.23761 -24.146 3.3
      vertex 16.4 -26.4 3.3
      vertex 2.4658 -23.9843 3.3
    endloop
  endfacet
  facet normal -0 0 1
    outer loop
      vertex 0 -24.2 3.3
      vertex 16.4 -26.4 3.3
      vertex 1.23761 -24.146 3.3
    endloop
  endfacet
  facet normal 0 0 1
    outer loop
      vertex -16.4 -26.4 3.3
      vertex 0 -24.2 3.3
      vertex -1.23761 -24.146 3.3
    endloop
  endfacet
  facet normal 0 0 1
    outer loop
      vertex -16.4 -26.4 3.3
      vertex -14.2 -10 3.3
      vertex -16.4 6.4 3.3
    endloop
  endfacet
  facet normal 0 0 1
    outer loop
      vertex 0 -24.2 3.3
      vertex -16.4 -26.4 3.3
      vertex 16.4 -26.4 3.3
    endloop
  endfacet
  facet normal 0 0 1
    outer loop
      vertex -2.4658 -23.9843 3.3
      vertex -16.4 -26.4 3.3
      vertex -1.23761 -24.146 3.3
    endloop
  endfacet
  facet normal 0 0 1
    outer loop
      vertex -3.67523 -23.7161 3.3
      vertex -16.4 -26.4 3.3
      vertex -2.4658 -23.9843 3.3
    endloop
  endfacet
  facet normal 0 0 1
    outer loop
      vertex -4.85669 -23.3436 3.3
      vertex -16.4 -26.4 3.3
      vertex -3.67523 -23.7161 3.3
    endloop
  endfacet
  facet normal 0 0 1
    outer loop
      vertex -6.00118 -22.8696 3.3
      vertex -16.4 -26.4 3.3
      vertex -4.85669 -23.3436 3.3
    endloop
  endfacet
  facet normal 0 0 1
    outer loop
      vertex -7.1 -22.2976 3.3
      vertex -16.4 -26.4 3.3
      vertex -6.00118 -22.8696 3.3
    endloop
  endfacet
  facet normal 0 0 1
    outer loop
      vertex -8.14478 -21.632 3.3
      vertex -16.4 -26.4 3.3
      vertex -7.1 -22.2976 3.3
    endloop
  endfacet
  facet normal 0 0 1
    outer loop
      vertex -9.12758 -20.8778 3.3
      vertex -16.4 -26.4 3.3
      vertex -8.14478 -21.632 3.3
    endloop
  endfacet
  facet normal 0 0 1
    outer loop
      vertex -10.0409 -20.0409 3.3
      vertex -16.4 -26.4 3.3
      vertex -9.12758 -20.8778 3.3
    endloop
  endfacet
  facet normal 0 0 1
    outer loop
      vertex -10.8778 -19.1276 3.3
      vertex -16.4 -26.4 3.3
      vertex -10.0409 -20.0409 3.3
    endloop
  endfacet
  facet normal 0 0 1
    outer loop
      vertex -11.632 -18.1448 3.3
      vertex -16.4 -26.4 3.3
      vertex -10.8778 -19.1276 3.3
    endloop
  endfacet
  facet normal 0 0 1
    outer loop
      vertex -12.2976 -17.1 3.3
      vertex -16.4 -26.4 3.3
      vertex -11.632 -18.1448 3.3
    endloop
  endfacet
  facet normal 0 0 1
    outer loop
      vertex -12.8696 -16.0012 3.3
      vertex -16.4 -26.4 3.3
      vertex -12.2976 -17.1 3.3
    endloop
  endfacet
  facet normal 0 0 1
    outer loop
      vertex -13.3436 -14.8567 3.3
      vertex -16.4 -26.4 3.3
      vertex -12.8696 -16.0012 3.3
    endloop
  endfacet
  facet normal 0 0 1
    outer loop
      vertex -13.7161 -13.6752 3.3
      vertex -16.4 -26.4 3.3
      vertex -13.3436 -14.8567 3.3
    endloop
  endfacet
  facet normal 0 0 1
    outer loop
      vertex -13.9843 -12.4658 3.3
      vertex -16.4 -26.4 3.3
      vertex -13.7161 -13.6752 3.3
    endloop
  endfacet
  facet normal 0 0 1
    outer loop
      vertex -14.146 -11.2376 3.3
      vertex -16.4 -26.4 3.3
      vertex -13.9843 -12.4658 3.3
    endloop
  endfacet
  facet normal 0 0 1
    outer loop
      vertex -14.2 -10 3.3
      vertex -16.4 -26.4 3.3
      vertex -14.146 -11.2376 3.3
    endloop
  endfacet
  facet normal 1 -0 0
    outer loop
      vertex -16.4 -26.4 19.3
      vertex -16.4 6.4 3.3
      vertex -16.4 6.4 19.3
    endloop
  endfacet
  facet normal 1 0 0
    outer loop
      vertex -16.4 6.4 3.3
      vertex -16.4 -26.4 19.3
      vertex -16.4 -26.4 3.3
    endloop
  endfacet
  facet normal 0 -1 0
    outer loop
      vertex -16.4 6.4 3.3
      vertex 16.4 6.4 19.3
      vertex -16.4 6.4 19.3
    endloop
  endfacet
  facet normal 0 -1 -0
    outer loop
      vertex 16.4 6.4 19.3
      vertex -16.4 6.4 3.3
      vertex 16.4 6.4 3.3
    endloop
  endfacet
  facet normal 0 1 -0
    outer loop
      vertex 16.4 -26.4 3.3
      vertex -16.4 -26.4 19.3
      vertex 16.4 -26.4 19.3
    endloop
  endfacet
  facet normal 0 1 0
    outer loop
      vertex -16.4 -26.4 19.3
      vertex 16.4 -26.4 3.3
      vertex -16.4 -26.4 3.3
    endloop
  endfacet
  facet normal 0.300711 -0.953715 0
    outer loop
      vertex -4.85669 3.34363 1.5
      vertex -3.67523 3.71615 3.3
      vertex -4.85669 3.34363 3.3
    endloop
  endfacet
  facet normal 0.300711 -0.953715 0
    outer loop
      vertex -3.67523 3.71615 3.3
      vertex -4.85669 3.34363 1.5
      vertex -3.67523 3.71615 1.5
    endloop
  endfacet
  facet normal -0.991444 -0.13053 0
    outer loop
      vertex 14.146 -8.76239 1.5
      vertex 13.9843 -7.53419 3.3
      vertex 13.9843 -7.53419 1.5
    endloop
  endfacet
  facet normal -0.991444 -0.13053 0
    outer loop
      vertex 13.9843 -7.53419 3.3
      vertex 14.146 -8.76239 1.5
      vertex 14.146 -8.76239 3.3
    endloop
  endfacet
  facet normal -0.999049 -0.043591 0
    outer loop
      vertex 14.2 -10 1.5
      vertex 14.146 -8.76239 3.3
      vertex 14.146 -8.76239 1.5
    endloop
  endfacet
  facet normal -0.999049 -0.043591 0
    outer loop
      vertex 14.146 -8.76239 3.3
      vertex 14.2 -10 1.5
      vertex 14.2 -10 3.3
    endloop
  endfacet
  facet normal -0.976283 -0.2165 0
    outer loop
      vertex 13.9843 -7.53419 1.5
      vertex 13.7161 -6.32477 3.3
      vertex 13.7161 -6.32477 1.5
    endloop
  endfacet
  facet normal -0.976283 -0.2165 0
    outer loop
      vertex 13.7161 -6.32477 3.3
      vertex 13.9843 -7.53419 1.5
      vertex 13.9843 -7.53419 3.3
    endloop
  endfacet
  facet normal -0.461743 0.887014 0
    outer loop
      vertex 7.1 -22.2976 1.5
      vertex 6.00118 -22.8696 3.3
      vertex 7.1 -22.2976 3.3
    endloop
  endfacet
  facet normal -0.461743 0.887014 0
    outer loop
      vertex 6.00118 -22.8696 3.3
      vertex 7.1 -22.2976 1.5
      vertex 6.00118 -22.8696 1.5
    endloop
  endfacet
  facet normal -0.130523 -0.991445 0
    outer loop
      vertex 1.23761 4.14596 1.5
      vertex 2.4658 3.98427 3.3
      vertex 1.23761 4.14596 3.3
    endloop
  endfacet
  facet normal -0.130523 -0.991445 -0
    outer loop
      vertex 2.4658 3.98427 3.3
      vertex 1.23761 4.14596 1.5
      vertex 2.4658 3.98427 1.5
    endloop
  endfacet
  facet normal -0.999049 0.0435914 0
    outer loop
      vertex 14.146 -11.2376 1.5
      vertex 14.2 -10 3.3
      vertex 14.2 -10 1.5
    endloop
  endfacet
  facet normal -0.999049 0.0435914 0
    outer loop
      vertex 14.2 -10 3.3
      vertex 14.146 -11.2376 1.5
      vertex 14.146 -11.2376 3.3
    endloop
  endfacet
  facet normal -0.216498 0.976283 0
    outer loop
      vertex 3.67523 -23.7161 1.5
      vertex 2.4658 -23.9843 3.3
      vertex 3.67523 -23.7161 3.3
    endloop
  endfacet
  facet normal -0.216498 0.976283 0
    outer loop
      vertex 2.4658 -23.9843 3.3
      vertex 3.67523 -23.7161 1.5
      vertex 2.4658 -23.9843 1.5
    endloop
  endfacet
  facet normal -0.976282 0.216503 0
    outer loop
      vertex 13.7161 -13.6752 1.5
      vertex 13.9843 -12.4658 3.3
      vertex 13.9843 -12.4658 1.5
    endloop
  endfacet
  facet normal -0.976282 0.216503 0
    outer loop
      vertex 13.9843 -12.4658 3.3
      vertex 13.7161 -13.6752 1.5
      vertex 13.7161 -13.6752 3.3
    endloop
  endfacet
  facet normal 0.953723 0.300687 0
    outer loop
      vertex -13.3436 -14.8567 3.3
      vertex -13.7161 -13.6752 1.5
      vertex -13.7161 -13.6752 3.3
    endloop
  endfacet
  facet normal 0.953723 0.300687 0
    outer loop
      vertex -13.7161 -13.6752 1.5
      vertex -13.3436 -14.8567 3.3
      vertex -13.3436 -14.8567 1.5
    endloop
  endfacet
  facet normal 0.0436232 -0.999048 0
    outer loop
      vertex -1.23761 4.14596 1.5
      vertex 0 4.2 3.3
      vertex -1.23761 4.14596 3.3
    endloop
  endfacet
  facet normal 0.0436232 -0.999048 0
    outer loop
      vertex 0 4.2 3.3
      vertex -1.23761 4.14596 1.5
      vertex 0 4.2 1.5
    endloop
  endfacet
  facet normal -0.608761 -0.793353 0
    outer loop
      vertex 8.14478 1.63196 1.5
      vertex 9.12758 0.877831 3.3
      vertex 8.14478 1.63196 3.3
    endloop
  endfacet
  facet normal -0.608761 -0.793353 -0
    outer loop
      vertex 9.12758 0.877831 3.3
      vertex 8.14478 1.63196 1.5
      vertex 9.12758 0.877831 1.5
    endloop
  endfacet
  facet normal 0.130523 -0.991445 0
    outer loop
      vertex -2.4658 3.98427 1.5
      vertex -1.23761 4.14596 3.3
      vertex -2.4658 3.98427 3.3
    endloop
  endfacet
  facet normal 0.130523 -0.991445 0
    outer loop
      vertex -1.23761 4.14596 3.3
      vertex -2.4658 3.98427 1.5
      vertex -1.23761 4.14596 1.5
    endloop
  endfacet
  facet normal 0.216436 -0.976297 0
    outer loop
      vertex -3.67523 3.71615 1.5
      vertex -2.4658 3.98427 3.3
      vertex -3.67523 3.71615 3.3
    endloop
  endfacet
  facet normal 0.216436 -0.976297 0
    outer loop
      vertex -2.4658 3.98427 3.3
      vertex -3.67523 3.71615 1.5
      vertex -2.4658 3.98427 1.5
    endloop
  endfacet
  facet normal -0.953723 0.300687 0
    outer loop
      vertex 13.3436 -14.8567 1.5
      vertex 13.7161 -13.6752 3.3
      vertex 13.7161 -13.6752 1.5
    endloop
  endfacet
  facet normal -0.953723 0.300687 0
    outer loop
      vertex 13.7161 -13.6752 3.3
      vertex 13.3436 -14.8567 1.5
      vertex 13.3436 -14.8567 3.3
    endloop
  endfacet
  facet normal -0.675595 -0.737273 0
    outer loop
      vertex 9.12758 0.877831 1.5
      vertex 10.0409 0.0409155 3.3
      vertex 9.12758 0.877831 3.3
    endloop
  endfacet
  facet normal -0.675595 -0.737273 -0
    outer loop
      vertex 10.0409 0.0409155 3.3
      vertex 9.12758 0.877831 1.5
      vertex 10.0409 0.0409155 1.5
    endloop
  endfacet
  facet normal 0.461749 -0.887011 0
    outer loop
      vertex -7.1 2.29756 1.5
      vertex -6.00118 2.86957 3.3
      vertex -7.1 2.29756 3.3
    endloop
  endfacet
  facet normal 0.461749 -0.887011 0
    outer loop
      vertex -6.00118 2.86957 3.3
      vertex -7.1 2.29756 1.5
      vertex -6.00118 2.86957 1.5
    endloop
  endfacet
  facet normal -0.130531 0.991444 0
    outer loop
      vertex 2.4658 -23.9843 1.5
      vertex 1.23761 -24.146 3.3
      vertex 2.4658 -23.9843 3.3
    endloop
  endfacet
  facet normal -0.130531 0.991444 0
    outer loop
      vertex 1.23761 -24.146 3.3
      vertex 2.4658 -23.9843 1.5
      vertex 1.23761 -24.146 1.5
    endloop
  endfacet
  facet normal -0.923898 -0.38264 0
    outer loop
      vertex 13.3436 -5.14331 1.5
      vertex 12.8696 -3.99882 3.3
      vertex 12.8696 -3.99882 1.5
    endloop
  endfacet
  facet normal -0.923898 -0.38264 0
    outer loop
      vertex 12.8696 -3.99882 3.3
      vertex 13.3436 -5.14331 1.5
      vertex 13.3436 -5.14331 3.3
    endloop
  endfacet
  facet normal -0.737283 -0.675584 0
    outer loop
      vertex 10.8778 -0.872416 1.5
      vertex 10.0409 0.0409155 3.3
      vertex 10.0409 0.0409155 1.5
    endloop
  endfacet
  facet normal -0.737283 -0.675584 0
    outer loop
      vertex 10.0409 0.0409155 3.3
      vertex 10.8778 -0.872416 1.5
      vertex 10.8778 -0.872416 3.3
    endloop
  endfacet
  facet normal 0.991444 0.13053 0
    outer loop
      vertex -13.9843 -12.4658 3.3
      vertex -14.146 -11.2376 1.5
      vertex -14.146 -11.2376 3.3
    endloop
  endfacet
  facet normal 0.991444 0.13053 0
    outer loop
      vertex -14.146 -11.2376 1.5
      vertex -13.9843 -12.4658 3.3
      vertex -13.9843 -12.4658 1.5
    endloop
  endfacet
  facet normal 0.300696 0.95372 -0
    outer loop
      vertex -3.67523 -23.7161 1.5
      vertex -4.85669 -23.3436 3.3
      vertex -3.67523 -23.7161 3.3
    endloop
  endfacet
  facet normal 0.300696 0.95372 0
    outer loop
      vertex -4.85669 -23.3436 3.3
      vertex -3.67523 -23.7161 1.5
      vertex -4.85669 -23.3436 1.5
    endloop
  endfacet
  facet normal 0.461743 0.887014 -0
    outer loop
      vertex -6.00118 -22.8696 1.5
      vertex -7.1 -22.2976 3.3
      vertex -6.00118 -22.8696 3.3
    endloop
  endfacet
  facet normal 0.461743 0.887014 0
    outer loop
      vertex -7.1 -22.2976 3.3
      vertex -6.00118 -22.8696 1.5
      vertex -7.1 -22.2976 1.5
    endloop
  endfacet
  facet normal 0.043591 0.999049 -0
    outer loop
      vertex 0 -24.2 1.5
      vertex -1.23761 -24.146 3.3
      vertex 0 -24.2 3.3
    endloop
  endfacet
  facet normal 0.043591 0.999049 0
    outer loop
      vertex -1.23761 -24.146 3.3
      vertex 0 -24.2 1.5
      vertex -1.23761 -24.146 1.5
    endloop
  endfacet
  facet normal -0.95372 -0.300696 0
    outer loop
      vertex 13.7161 -6.32477 1.5
      vertex 13.3436 -5.14331 3.3
      vertex 13.3436 -5.14331 1.5
    endloop
  endfacet
  facet normal -0.95372 -0.300696 0
    outer loop
      vertex 13.3436 -5.14331 3.3
      vertex 13.7161 -6.32477 1.5
      vertex 13.7161 -6.32477 3.3
    endloop
  endfacet
  facet normal 0 0 1
    outer loop
      vertex 11.75 -10 1.5
      vertex 14.2 -10 1.5
      vertex 14.146 -8.76239 1.5
    endloop
  endfacet
  facet normal 0 0 1
    outer loop
      vertex 11.7053 -8.97592 1.5
      vertex 14.146 -8.76239 1.5
      vertex 13.9843 -7.53419 1.5
    endloop
  endfacet
  facet normal 0 0 1
    outer loop
      vertex 14.2 -10 1.5
      vertex 11.75 -10 1.5
      vertex 14.146 -11.2376 1.5
    endloop
  endfacet
  facet normal 0 0 1
    outer loop
      vertex 11.5715 -7.95963 1.5
      vertex 13.9843 -7.53419 1.5
      vertex 13.7161 -6.32477 1.5
    endloop
  endfacet
  facet normal -0 0 1
    outer loop
      vertex 11.7053 -11.0241 1.5
      vertex 14.146 -11.2376 1.5
      vertex 11.75 -10 1.5
    endloop
  endfacet
  facet normal 0 0 1
    outer loop
      vertex 11.3496 -6.95888 1.5
      vertex 13.7161 -6.32477 1.5
      vertex 13.3436 -5.14331 1.5
    endloop
  endfacet
  facet normal 0 0 1
    outer loop
      vertex 14.146 -11.2376 1.5
      vertex 11.7053 -11.0241 1.5
      vertex 13.9843 -12.4658 1.5
    endloop
  endfacet
  facet normal 0 0 1
    outer loop
      vertex 11.0414 -5.98126 1.5
      vertex 13.3436 -5.14331 1.5
      vertex 12.8696 -3.99882 1.5
    endloop
  endfacet
  facet normal -0 0 1
    outer loop
      vertex 11.5715 -12.0404 1.5
      vertex 13.9843 -12.4658 1.5
      vertex 11.7053 -11.0241 1.5
    endloop
  endfacet
  facet normal 0 0 1
    outer loop
      vertex 10.6491 -5.03424 1.5
      vertex 12.8696 -3.99882 1.5
      vertex 12.2976 -2.9 1.5
    endloop
  endfacet
  facet normal 0 0 1
    outer loop
      vertex 13.9843 -12.4658 1.5
      vertex 11.5715 -12.0404 1.5
      vertex 13.7161 -13.6752 1.5
    endloop
  endfacet
  facet normal -0 0 1
    outer loop
      vertex 11.3496 -13.0411 1.5
      vertex 13.7161 -13.6752 1.5
      vertex 11.5715 -12.0404 1.5
    endloop
  endfacet
  facet normal 0 0 1
    outer loop
      vertex 14.146 -8.76239 1.5
      vertex 11.7053 -8.97592 1.5
      vertex 11.75 -10 1.5
    endloop
  endfacet
  facet normal 0 0 1
    outer loop
      vertex 10.1758 -4.125 1.5
      vertex 12.2976 -2.9 1.5
      vertex 11.632 -1.85521 1.5
    endloop
  endfacet
  facet normal 0 0 1
    outer loop
      vertex 13.9843 -7.53419 1.5
      vertex 11.5715 -7.95963 1.5
      vertex 11.7053 -8.97592 1.5
    endloop
  endfacet
  facet normal 0 0 1
    outer loop
      vertex 13.7161 -6.32477 1.5
      vertex 11.3496 -6.95888 1.5
      vertex 11.5715 -7.95963 1.5
    endloop
  endfacet
  facet normal 0 0 1
    outer loop
      vertex 13.3436 -5.14331 1.5
      vertex 11.0414 -5.98126 1.5
      vertex 11.3496 -6.95888 1.5
    endloop
  endfacet
  facet normal 0 0 1
    outer loop
      vertex 9.62504 -3.26048 1.5
      vertex 11.632 -1.85521 1.5
      vertex 10.8778 -0.872416 1.5
    endloop
  endfacet
  facet normal 0 0 1
    outer loop
      vertex 12.8696 -3.99882 1.5
      vertex 10.6491 -5.03424 1.5
      vertex 11.0414 -5.98126 1.5
    endloop
  endfacet
  facet normal 0 0 1
    outer loop
      vertex 12.2976 -2.9 1.5
      vertex 10.1758 -4.125 1.5
      vertex 10.6491 -5.03424 1.5
    endloop
  endfacet
  facet normal 0 0 1
    outer loop
      vertex 9.00102 -2.44724 1.5
      vertex 10.8778 -0.872416 1.5
      vertex 10.0409 0.0409155 1.5
    endloop
  endfacet
  facet normal 0 0 1
    outer loop
      vertex 11.632 -1.85521 1.5
      vertex 9.62504 -3.26048 1.5
      vertex 10.1758 -4.125 1.5
    endloop
  endfacet
  facet normal 0 0 1
    outer loop
      vertex 8.3085 -1.69149 1.5
      vertex 10.0409 0.0409155 1.5
      vertex 9.12758 0.877831 1.5
    endloop
  endfacet
  facet normal 0 0 1
    outer loop
      vertex 10.8778 -0.872416 1.5
      vertex 9.00102 -2.44724 1.5
      vertex 9.62504 -3.26048 1.5
    endloop
  endfacet
  facet normal 0 0 1
    outer loop
      vertex 10.0409 0.0409155 1.5
      vertex 8.3085 -1.69149 1.5
      vertex 9.00102 -2.44724 1.5
    endloop
  endfacet
  facet normal 0 0 1
    outer loop
      vertex 7.55275 -0.998978 1.5
      vertex 9.12758 0.877831 1.5
      vertex 8.14478 1.63196 1.5
    endloop
  endfacet
  facet normal 0 0 1
    outer loop
      vertex 9.12758 0.877831 1.5
      vertex 7.55275 -0.998978 1.5
      vertex 8.3085 -1.69149 1.5
    endloop
  endfacet
  facet normal 0 0 1
    outer loop
      vertex 6.73952 -0.374963 1.5
      vertex 8.14478 1.63196 1.5
      vertex 7.1 2.29756 1.5
    endloop
  endfacet
  facet normal 0 0 1
    outer loop
      vertex 8.14478 1.63196 1.5
      vertex 6.73952 -0.374963 1.5
      vertex 7.55275 -0.998978 1.5
    endloop
  endfacet
  facet normal 0 0 1
    outer loop
      vertex 5.875 0.175798 1.5
      vertex 7.1 2.29756 1.5
      vertex 6.00118 2.86957 1.5
    endloop
  endfacet
  facet normal 0 0 1
    outer loop
      vertex 7.1 2.29756 1.5
      vertex 5.875 0.175798 1.5
      vertex 6.73952 -0.374963 1.5
    endloop
  endfacet
  facet normal 0 0 1
    outer loop
      vertex 6.00118 2.86957 1.5
      vertex 4.96576 0.649116 1.5
      vertex 5.875 0.175798 1.5
    endloop
  endfacet
  facet normal 0 0 1
    outer loop
      vertex 4.85669 3.34363 1.5
      vertex 4.96576 0.649116 1.5
      vertex 6.00118 2.86957 1.5
    endloop
  endfacet
  facet normal 0 0 1
    outer loop
      vertex 4.85669 3.34363 1.5
      vertex 4.01874 1.04139 1.5
      vertex 4.96576 0.649116 1.5
    endloop
  endfacet
  facet normal 0 0 1
    outer loop
      vertex 3.67523 3.71615 1.5
      vertex 4.01874 1.04139 1.5
      vertex 4.85669 3.34363 1.5
    endloop
  endfacet
  facet normal 0 0 1
    outer loop
      vertex 3.67523 3.71615 1.5
      vertex 3.04112 1.34963 1.5
      vertex 4.01874 1.04139 1.5
    endloop
  endfacet
  facet normal 0 0 1
    outer loop
      vertex 2.4658 3.98427 1.5
      vertex 3.04112 1.34963 1.5
      vertex 3.67523 3.71615 1.5
    endloop
  endfacet
  facet normal 0 0 1
    outer loop
      vertex 2.4658 3.98427 1.5
      vertex 2.04037 1.57149 1.5
      vertex 3.04112 1.34963 1.5
    endloop
  endfacet
  facet normal 0 0 1
    outer loop
      vertex 1.23761 4.14596 1.5
      vertex 2.04037 1.57149 1.5
      vertex 2.4658 3.98427 1.5
    endloop
  endfacet
  facet normal 0 0 1
    outer loop
      vertex 1.23761 4.14596 1.5
      vertex 1.02408 1.70529 1.5
      vertex 2.04037 1.57149 1.5
    endloop
  endfacet
  facet normal 0 0 1
    outer loop
      vertex 0 4.2 1.5
      vertex 1.02408 1.70529 1.5
      vertex 1.23761 4.14596 1.5
    endloop
  endfacet
  facet normal 0 0 1
    outer loop
      vertex 0 4.2 1.5
      vertex 0 1.75 1.5
      vertex 1.02408 1.70529 1.5
    endloop
  endfacet
  facet normal 0 0 1
    outer loop
      vertex 0 4.2 1.5
      vertex -1.02408 1.70529 1.5
      vertex 0 1.75 1.5
    endloop
  endfacet
  facet normal -0 0 1
    outer loop
      vertex -1.23761 4.14596 1.5
      vertex -1.02408 1.70529 1.5
      vertex 0 4.2 1.5
    endloop
  endfacet
  facet normal 0 0 1
    outer loop
      vertex -1.23761 4.14596 1.5
      vertex -2.04037 1.57149 1.5
      vertex -1.02408 1.70529 1.5
    endloop
  endfacet
  facet normal -0 0 1
    outer loop
      vertex -2.4658 3.98427 1.5
      vertex -2.04037 1.57149 1.5
      vertex -1.23761 4.14596 1.5
    endloop
  endfacet
  facet normal 0 0 1
    outer loop
      vertex -2.4658 3.98427 1.5
      vertex -3.04112 1.34963 1.5
      vertex -2.04037 1.57149 1.5
    endloop
  endfacet
  facet normal -0 0 1
    outer loop
      vertex -3.67523 3.71615 1.5
      vertex -3.04112 1.34963 1.5
      vertex -2.4658 3.98427 1.5
    endloop
  endfacet
  facet normal 0 0 1
    outer loop
      vertex -3.67523 3.71615 1.5
      vertex -4.01874 1.04139 1.5
      vertex -3.04112 1.34963 1.5
    endloop
  endfacet
  facet normal -0 0 1
    outer loop
      vertex -4.85669 3.34363 1.5
      vertex -4.01874 1.04139 1.5
      vertex -3.67523 3.71615 1.5
    endloop
  endfacet
  facet normal 0 0 1
    outer loop
      vertex -4.85669 3.34363 1.5
      vertex -4.96576 0.649116 1.5
      vertex -4.01874 1.04139 1.5
    endloop
  endfacet
  facet normal -0 0 1
    outer loop
      vertex -6.00118 2.86957 1.5
      vertex -4.96576 0.649116 1.5
      vertex -4.85669 3.34363 1.5
    endloop
  endfacet
  facet normal 0 0 1
    outer loop
      vertex -4.96576 0.649116 1.5
      vertex -6.00118 2.86957 1.5
      vertex -5.875 0.175798 1.5
    endloop
  endfacet
  facet normal -0 0 1
    outer loop
      vertex -7.1 2.29756 1.5
      vertex -5.875 0.175798 1.5
      vertex -6.00118 2.86957 1.5
    endloop
  endfacet
  facet normal 0 0 1
    outer loop
      vertex -5.875 0.175798 1.5
      vertex -7.1 2.29756 1.5
      vertex -6.73952 -0.374963 1.5
    endloop
  endfacet
  facet normal -0 0 1
    outer loop
      vertex -8.14478 1.63196 1.5
      vertex -6.73952 -0.374963 1.5
      vertex -7.1 2.29756 1.5
    endloop
  endfacet
  facet normal 0 0 1
    outer loop
      vertex -6.73952 -0.374963 1.5
      vertex -8.14478 1.63196 1.5
      vertex -7.55275 -0.998978 1.5
    endloop
  endfacet
  facet normal -0 0 1
    outer loop
      vertex -9.12758 0.877831 1.5
      vertex -7.55275 -0.998978 1.5
      vertex -8.14478 1.63196 1.5
    endloop
  endfacet
  facet normal 0 0 1
    outer loop
      vertex -7.55275 -0.998978 1.5
      vertex -9.12758 0.877831 1.5
      vertex -8.3085 -1.69149 1.5
    endloop
  endfacet
  facet normal -0 0 1
    outer loop
      vertex -10.0409 0.0409155 1.5
      vertex -8.3085 -1.69149 1.5
      vertex -9.12758 0.877831 1.5
    endloop
  endfacet
  facet normal 0 0 1
    outer loop
      vertex -8.3085 -1.69149 1.5
      vertex -10.0409 0.0409155 1.5
      vertex -9.00102 -2.44724 1.5
    endloop
  endfacet
  facet normal -0 0 1
    outer loop
      vertex -10.8778 -0.872416 1.5
      vertex -9.00102 -2.44724 1.5
      vertex -10.0409 0.0409155 1.5
    endloop
  endfacet
  facet normal 0 0 1
    outer loop
      vertex -9.00102 -2.44724 1.5
      vertex -10.8778 -0.872416 1.5
      vertex -9.62504 -3.26048 1.5
    endloop
  endfacet
  facet normal -0 0 1
    outer loop
      vertex -11.632 -1.85521 1.5
      vertex -9.62504 -3.26048 1.5
      vertex -10.8778 -0.872416 1.5
    endloop
  endfacet
  facet normal 0 0 1
    outer loop
      vertex -9.62504 -3.26048 1.5
      vertex -11.632 -1.85521 1.5
      vertex -10.1758 -4.125 1.5
    endloop
  endfacet
  facet normal -0 0 1
    outer loop
      vertex -12.2976 -2.9 1.5
      vertex -10.1758 -4.125 1.5
      vertex -11.632 -1.85521 1.5
    endloop
  endfacet
  facet normal 0 0 1
    outer loop
      vertex -10.1758 -4.125 1.5
      vertex -12.2976 -2.9 1.5
      vertex -10.6491 -5.03424 1.5
    endloop
  endfacet
  facet normal -0 0 1
    outer loop
      vertex -12.8696 -3.99882 1.5
      vertex -10.6491 -5.03424 1.5
      vertex -12.2976 -2.9 1.5
    endloop
  endfacet
  facet normal 0 0 1
    outer loop
      vertex -10.6491 -5.03424 1.5
      vertex -12.8696 -3.99882 1.5
      vertex -11.0414 -5.98126 1.5
    endloop
  endfacet
  facet normal -0 0 1
    outer loop
      vertex -13.3436 -5.14331 1.5
      vertex -11.0414 -5.98126 1.5
      vertex -12.8696 -3.99882 1.5
    endloop
  endfacet
  facet normal 0 0 1
    outer loop
      vertex -11.0414 -5.98126 1.5
      vertex -13.3436 -5.14331 1.5
      vertex -11.3496 -6.95888 1.5
    endloop
  endfacet
  facet normal -0 0 1
    outer loop
      vertex -13.7161 -6.32477 1.5
      vertex -11.3496 -6.95888 1.5
      vertex -13.3436 -5.14331 1.5
    endloop
  endfacet
  facet normal 0 0 1
    outer loop
      vertex 13.7161 -13.6752 1.5
      vertex 11.3496 -13.0411 1.5
      vertex 13.3436 -14.8567 1.5
    endloop
  endfacet
  facet normal -0 0 1
    outer loop
      vertex 11.0414 -14.0187 1.5
      vertex 13.3436 -14.8567 1.5
      vertex 11.3496 -13.0411 1.5
    endloop
  endfacet
  facet normal 0 0 1
    outer loop
      vertex 13.3436 -14.8567 1.5
      vertex 11.0414 -14.0187 1.5
      vertex 12.8696 -16.0012 1.5
    endloop
  endfacet
  facet normal -0 0 1
    outer loop
      vertex 10.6491 -14.9658 1.5
      vertex 12.8696 -16.0012 1.5
      vertex 11.0414 -14.0187 1.5
    endloop
  endfacet
  facet normal 0 0 1
    outer loop
      vertex 12.8696 -16.0012 1.5
      vertex 10.6491 -14.9658 1.5
      vertex 12.2976 -17.1 1.5
    endloop
  endfacet
  facet normal -0 0 1
    outer loop
      vertex 10.1758 -15.875 1.5
      vertex 12.2976 -17.1 1.5
      vertex 10.6491 -14.9658 1.5
    endloop
  endfacet
  facet normal 0 0 1
    outer loop
      vertex 12.2976 -17.1 1.5
      vertex 10.1758 -15.875 1.5
      vertex 11.632 -18.1448 1.5
    endloop
  endfacet
  facet normal -0 0 1
    outer loop
      vertex 9.62504 -16.7395 1.5
      vertex 11.632 -18.1448 1.5
      vertex 10.1758 -15.875 1.5
    endloop
  endfacet
  facet normal 0 0 1
    outer loop
      vertex 11.632 -18.1448 1.5
      vertex 9.62504 -16.7395 1.5
      vertex 10.8778 -19.1276 1.5
    endloop
  endfacet
  facet normal -0 0 1
    outer loop
      vertex 9.00102 -17.5528 1.5
      vertex 10.8778 -19.1276 1.5
      vertex 9.62504 -16.7395 1.5
    endloop
  endfacet
  facet normal 0 0 1
    outer loop
      vertex 10.8778 -19.1276 1.5
      vertex 9.00102 -17.5528 1.5
      vertex 10.0409 -20.0409 1.5
    endloop
  endfacet
  facet normal -0 0 1
    outer loop
      vertex 8.3085 -18.3085 1.5
      vertex 10.0409 -20.0409 1.5
      vertex 9.00102 -17.5528 1.5
    endloop
  endfacet
  facet normal 0 0 1
    outer loop
      vertex 10.0409 -20.0409 1.5
      vertex 8.3085 -18.3085 1.5
      vertex 9.12758 -20.8778 1.5
    endloop
  endfacet
  facet normal -0 0 1
    outer loop
      vertex 7.55275 -19.001 1.5
      vertex 9.12758 -20.8778 1.5
      vertex 8.3085 -18.3085 1.5
    endloop
  endfacet
  facet normal 0 0 1
    outer loop
      vertex 9.12758 -20.8778 1.5
      vertex 7.55275 -19.001 1.5
      vertex 8.14478 -21.632 1.5
    endloop
  endfacet
  facet normal -0 0 1
    outer loop
      vertex 6.73952 -19.625 1.5
      vertex 8.14478 -21.632 1.5
      vertex 7.55275 -19.001 1.5
    endloop
  endfacet
  facet normal 0 0 1
    outer loop
      vertex 8.14478 -21.632 1.5
      vertex 6.73952 -19.625 1.5
      vertex 7.1 -22.2976 1.5
    endloop
  endfacet
  facet normal -0 0 1
    outer loop
      vertex 5.875 -20.1758 1.5
      vertex 7.1 -22.2976 1.5
      vertex 6.73952 -19.625 1.5
    endloop
  endfacet
  facet normal 0 0 1
    outer loop
      vertex 7.1 -22.2976 1.5
      vertex 5.875 -20.1758 1.5
      vertex 6.00118 -22.8696 1.5
    endloop
  endfacet
  facet normal -0 0 1
    outer loop
      vertex 4.96576 -20.6491 1.5
      vertex 6.00118 -22.8696 1.5
      vertex 5.875 -20.1758 1.5
    endloop
  endfacet
  facet normal 0 0 1
    outer loop
      vertex 4.96576 -20.6491 1.5
      vertex 4.85669 -23.3436 1.5
      vertex 6.00118 -22.8696 1.5
    endloop
  endfacet
  facet normal -0 0 1
    outer loop
      vertex 4.01874 -21.0414 1.5
      vertex 4.85669 -23.3436 1.5
      vertex 4.96576 -20.6491 1.5
    endloop
  endfacet
  facet normal 0 0 1
    outer loop
      vertex 4.01874 -21.0414 1.5
      vertex 3.67523 -23.7161 1.5
      vertex 4.85669 -23.3436 1.5
    endloop
  endfacet
  facet normal -0 0 1
    outer loop
      vertex 3.04112 -21.3496 1.5
      vertex 3.67523 -23.7161 1.5
      vertex 4.01874 -21.0414 1.5
    endloop
  endfacet
  facet normal 0 0 1
    outer loop
      vertex 3.04112 -21.3496 1.5
      vertex 2.4658 -23.9843 1.5
      vertex 3.67523 -23.7161 1.5
    endloop
  endfacet
  facet normal -0 0 1
    outer loop
      vertex 2.04037 -21.5715 1.5
      vertex 2.4658 -23.9843 1.5
      vertex 3.04112 -21.3496 1.5
    endloop
  endfacet
  facet normal 0 0 1
    outer loop
      vertex 2.04037 -21.5715 1.5
      vertex 1.23761 -24.146 1.5
      vertex 2.4658 -23.9843 1.5
    endloop
  endfacet
  facet normal -0 0 1
    outer loop
      vertex 1.02408 -21.7053 1.5
      vertex 1.23761 -24.146 1.5
      vertex 2.04037 -21.5715 1.5
    endloop
  endfacet
  facet normal -0 0 1
    outer loop
      vertex 0 -21.75 1.5
      vertex 1.23761 -24.146 1.5
      vertex 1.02408 -21.7053 1.5
    endloop
  endfacet
  facet normal 0 0 1
    outer loop
      vertex 0 -21.75 1.5
      vertex 0 -24.2 1.5
      vertex 1.23761 -24.146 1.5
    endloop
  endfacet
  facet normal 0 0 1
    outer loop
      vertex -1.02408 -21.7053 1.5
      vertex 0 -24.2 1.5
      vertex 0 -21.75 1.5
    endloop
  endfacet
  facet normal 0 0 1
    outer loop
      vertex -1.02408 -21.7053 1.5
      vertex -1.23761 -24.146 1.5
      vertex 0 -24.2 1.5
    endloop
  endfacet
  facet normal 0 0 1
    outer loop
      vertex -2.04037 -21.5715 1.5
      vertex -1.23761 -24.146 1.5
      vertex -1.02408 -21.7053 1.5
    endloop
  endfacet
  facet normal 0 0 1
    outer loop
      vertex -2.04037 -21.5715 1.5
      vertex -2.4658 -23.9843 1.5
      vertex -1.23761 -24.146 1.5
    endloop
  endfacet
  facet normal 0 0 1
    outer loop
      vertex -3.04112 -21.3496 1.5
      vertex -2.4658 -23.9843 1.5
      vertex -2.04037 -21.5715 1.5
    endloop
  endfacet
  facet normal 0 0 1
    outer loop
      vertex -3.04112 -21.3496 1.5
      vertex -3.67523 -23.7161 1.5
      vertex -2.4658 -23.9843 1.5
    endloop
  endfacet
  facet normal 0 0 1
    outer loop
      vertex -4.01874 -21.0414 1.5
      vertex -3.67523 -23.7161 1.5
      vertex -3.04112 -21.3496 1.5
    endloop
  endfacet
  facet normal 0 0 1
    outer loop
      vertex -4.01874 -21.0414 1.5
      vertex -4.85669 -23.3436 1.5
      vertex -3.67523 -23.7161 1.5
    endloop
  endfacet
  facet normal 0 0 1
    outer loop
      vertex -4.96576 -20.6491 1.5
      vertex -4.85669 -23.3436 1.5
      vertex -4.01874 -21.0414 1.5
    endloop
  endfacet
  facet normal 0 0 1
    outer loop
      vertex -6.00118 -22.8696 1.5
      vertex -4.96576 -20.6491 1.5
      vertex -5.875 -20.1758 1.5
    endloop
  endfacet
  facet normal 0 0 1
    outer loop
      vertex -4.96576 -20.6491 1.5
      vertex -6.00118 -22.8696 1.5
      vertex -4.85669 -23.3436 1.5
    endloop
  endfacet
  facet normal 0 0 1
    outer loop
      vertex -7.1 -22.2976 1.5
      vertex -5.875 -20.1758 1.5
      vertex -6.73952 -19.625 1.5
    endloop
  endfacet
  facet normal 0 0 1
    outer loop
      vertex -5.875 -20.1758 1.5
      vertex -7.1 -22.2976 1.5
      vertex -6.00118 -22.8696 1.5
    endloop
  endfacet
  facet normal 0 0 1
    outer loop
      vertex -8.14478 -21.632 1.5
      vertex -6.73952 -19.625 1.5
      vertex -7.55275 -19.001 1.5
    endloop
  endfacet
  facet normal 0 0 1
    outer loop
      vertex -6.73952 -19.625 1.5
      vertex -8.14478 -21.632 1.5
      vertex -7.1 -22.2976 1.5
    endloop
  endfacet
  facet normal 0 0 1
    outer loop
      vertex -9.12758 -20.8778 1.5
      vertex -7.55275 -19.001 1.5
      vertex -8.3085 -18.3085 1.5
    endloop
  endfacet
  facet normal 0 0 1
    outer loop
      vertex -10.0409 -20.0409 1.5
      vertex -8.3085 -18.3085 1.5
      vertex -9.00102 -17.5528 1.5
    endloop
  endfacet
  facet normal 0 0 1
    outer loop
      vertex -7.55275 -19.001 1.5
      vertex -9.12758 -20.8778 1.5
      vertex -8.14478 -21.632 1.5
    endloop
  endfacet
  facet normal 0 0 1
    outer loop
      vertex -10.8778 -19.1276 1.5
      vertex -9.00102 -17.5528 1.5
      vertex -9.62504 -16.7395 1.5
    endloop
  endfacet
  facet normal 0 0 1
    outer loop
      vertex -8.3085 -18.3085 1.5
      vertex -10.0409 -20.0409 1.5
      vertex -9.12758 -20.8778 1.5
    endloop
  endfacet
  facet normal 0 0 1
    outer loop
      vertex -11.632 -18.1448 1.5
      vertex -9.62504 -16.7395 1.5
      vertex -10.1758 -15.875 1.5
    endloop
  endfacet
  facet normal 0 0 1
    outer loop
      vertex -12.2976 -17.1 1.5
      vertex -10.1758 -15.875 1.5
      vertex -10.6491 -14.9658 1.5
    endloop
  endfacet
  facet normal 0 0 1
    outer loop
      vertex -9.00102 -17.5528 1.5
      vertex -10.8778 -19.1276 1.5
      vertex -10.0409 -20.0409 1.5
    endloop
  endfacet
  facet normal 0 0 1
    outer loop
      vertex -12.8696 -16.0012 1.5
      vertex -10.6491 -14.9658 1.5
      vertex -11.0414 -14.0187 1.5
    endloop
  endfacet
  facet normal 0 0 1
    outer loop
      vertex -13.3436 -14.8567 1.5
      vertex -11.0414 -14.0187 1.5
      vertex -11.3496 -13.0411 1.5
    endloop
  endfacet
  facet normal 0 0 1
    outer loop
      vertex -13.7161 -13.6752 1.5
      vertex -11.3496 -13.0411 1.5
      vertex -11.5715 -12.0404 1.5
    endloop
  endfacet
  facet normal 0 0 1
    outer loop
      vertex -9.62504 -16.7395 1.5
      vertex -11.632 -18.1448 1.5
      vertex -10.8778 -19.1276 1.5
    endloop
  endfacet
  facet normal 0 0 1
    outer loop
      vertex -13.9843 -12.4658 1.5
      vertex -11.5715 -12.0404 1.5
      vertex -11.7053 -11.0241 1.5
    endloop
  endfacet
  facet normal 0 0 1
    outer loop
      vertex -14.146 -11.2376 1.5
      vertex -11.7053 -11.0241 1.5
      vertex -11.75 -10 1.5
    endloop
  endfacet
  facet normal 0 0 1
    outer loop
      vertex -11.3496 -6.95888 1.5
      vertex -13.7161 -6.32477 1.5
      vertex -11.5715 -7.95963 1.5
    endloop
  endfacet
  facet normal 0 0 1
    outer loop
      vertex -10.1758 -15.875 1.5
      vertex -12.2976 -17.1 1.5
      vertex -11.632 -18.1448 1.5
    endloop
  endfacet
  facet normal -0 0 1
    outer loop
      vertex -13.9843 -7.53419 1.5
      vertex -11.5715 -7.95963 1.5
      vertex -13.7161 -6.32477 1.5
    endloop
  endfacet
  facet normal 0 0 1
    outer loop
      vertex -10.6491 -14.9658 1.5
      vertex -12.8696 -16.0012 1.5
      vertex -12.2976 -17.1 1.5
    endloop
  endfacet
  facet normal 0 0 1
    outer loop
      vertex -11.5715 -7.95963 1.5
      vertex -13.9843 -7.53419 1.5
      vertex -11.7053 -8.97592 1.5
    endloop
  endfacet
  facet normal 0 0 1
    outer loop
      vertex -11.0414 -14.0187 1.5
      vertex -13.3436 -14.8567 1.5
      vertex -12.8696 -16.0012 1.5
    endloop
  endfacet
  facet normal -0 0 1
    outer loop
      vertex -14.146 -8.76239 1.5
      vertex -11.7053 -8.97592 1.5
      vertex -13.9843 -7.53419 1.5
    endloop
  endfacet
  facet normal 0 0 1
    outer loop
      vertex -11.3496 -13.0411 1.5
      vertex -13.7161 -13.6752 1.5
      vertex -13.3436 -14.8567 1.5
    endloop
  endfacet
  facet normal 0 0 1
    outer loop
      vertex -11.7053 -8.97592 1.5
      vertex -14.146 -8.76239 1.5
      vertex -11.75 -10 1.5
    endloop
  endfacet
  facet normal 0 0 1
    outer loop
      vertex -11.5715 -12.0404 1.5
      vertex -13.9843 -12.4658 1.5
      vertex -13.7161 -13.6752 1.5
    endloop
  endfacet
  facet normal 0 0 1
    outer loop
      vertex -14.2 -10 1.5
      vertex -11.75 -10 1.5
      vertex -14.146 -8.76239 1.5
    endloop
  endfacet
  facet normal 0 0 1
    outer loop
      vertex -11.7053 -11.0241 1.5
      vertex -14.146 -11.2376 1.5
      vertex -13.9843 -12.4658 1.5
    endloop
  endfacet
  facet normal 0 0 1
    outer loop
      vertex -11.75 -10 1.5
      vertex -14.2 -10 1.5
      vertex -14.146 -11.2376 1.5
    endloop
  endfacet
  facet normal -0.793324 -0.6088 0
    outer loop
      vertex 11.632 -1.85521 1.5
      vertex 10.8778 -0.872416 3.3
      vertex 10.8778 -0.872416 1.5
    endloop
  endfacet
  facet normal -0.793324 -0.6088 0
    outer loop
      vertex 10.8778 -0.872416 3.3
      vertex 11.632 -1.85521 1.5
      vertex 11.632 -1.85521 3.3
    endloop
  endfacet
  facet normal 0.793324 -0.6088 0
    outer loop
      vertex -11.632 -1.85521 3.3
      vertex -10.8778 -0.872416 1.5
      vertex -10.8778 -0.872416 3.3
    endloop
  endfacet
  facet normal 0.793324 -0.6088 0
    outer loop
      vertex -10.8778 -0.872416 1.5
      vertex -11.632 -1.85521 3.3
      vertex -11.632 -1.85521 1.5
    endloop
  endfacet
  facet normal -0.216436 -0.976297 0
    outer loop
      vertex 2.4658 3.98427 1.5
      vertex 3.67523 3.71615 3.3
      vertex 2.4658 3.98427 3.3
    endloop
  endfacet
  facet normal -0.216436 -0.976297 -0
    outer loop
      vertex 3.67523 3.71615 3.3
      vertex 2.4658 3.98427 1.5
      vertex 3.67523 3.71615 1.5
    endloop
  endfacet
  facet normal 0.737271 0.675597 0
    outer loop
      vertex -10.0409 -20.0409 3.3
      vertex -10.8778 -19.1276 1.5
      vertex -10.8778 -19.1276 3.3
    endloop
  endfacet
  facet normal 0.737271 0.675597 0
    outer loop
      vertex -10.8778 -19.1276 1.5
      vertex -10.0409 -20.0409 3.3
      vertex -10.0409 -20.0409 1.5
    endloop
  endfacet
  facet normal -0.887014 -0.461743 0
    outer loop
      vertex 12.8696 -3.99882 1.5
      vertex 12.2976 -2.9 3.3
      vertex 12.2976 -2.9 1.5
    endloop
  endfacet
  facet normal -0.887014 -0.461743 0
    outer loop
      vertex 12.2976 -2.9 3.3
      vertex 12.8696 -3.99882 1.5
      vertex 12.8696 -3.99882 3.3
    endloop
  endfacet
  facet normal 0.976282 0.216503 0
    outer loop
      vertex -13.7161 -13.6752 3.3
      vertex -13.9843 -12.4658 1.5
      vertex -13.9843 -12.4658 3.3
    endloop
  endfacet
  facet normal 0.976282 0.216503 0
    outer loop
      vertex -13.9843 -12.4658 1.5
      vertex -13.7161 -13.6752 3.3
      vertex -13.7161 -13.6752 1.5
    endloop
  endfacet
  facet normal -0.793326 0.608798 0
    outer loop
      vertex 10.8778 -19.1276 1.5
      vertex 11.632 -18.1448 3.3
      vertex 11.632 -18.1448 1.5
    endloop
  endfacet
  facet normal -0.793326 0.608798 0
    outer loop
      vertex 11.632 -18.1448 3.3
      vertex 10.8778 -19.1276 1.5
      vertex 10.8778 -19.1276 3.3
    endloop
  endfacet
  facet normal 0.608798 0.793326 -0
    outer loop
      vertex -8.14478 -21.632 1.5
      vertex -9.12758 -20.8778 3.3
      vertex -8.14478 -21.632 3.3
    endloop
  endfacet
  facet normal 0.608798 0.793326 0
    outer loop
      vertex -9.12758 -20.8778 3.3
      vertex -8.14478 -21.632 1.5
      vertex -9.12758 -20.8778 1.5
    endloop
  endfacet
  facet normal -0.300696 0.95372 0
    outer loop
      vertex 4.85669 -23.3436 1.5
      vertex 3.67523 -23.7161 3.3
      vertex 4.85669 -23.3436 3.3
    endloop
  endfacet
  facet normal -0.300696 0.95372 0
    outer loop
      vertex 3.67523 -23.7161 3.3
      vertex 4.85669 -23.3436 1.5
      vertex 3.67523 -23.7161 1.5
    endloop
  endfacet
  facet normal 0.382681 -0.92388 0
    outer loop
      vertex -6.00118 2.86957 1.5
      vertex -4.85669 3.34363 3.3
      vertex -6.00118 2.86957 3.3
    endloop
  endfacet
  facet normal 0.382681 -0.92388 0
    outer loop
      vertex -4.85669 3.34363 3.3
      vertex -6.00118 2.86957 1.5
      vertex -4.85669 3.34363 1.5
    endloop
  endfacet
  facet normal 0.887014 -0.461743 0
    outer loop
      vertex -12.8696 -3.99882 3.3
      vertex -12.2976 -2.9 1.5
      vertex -12.2976 -2.9 3.3
    endloop
  endfacet
  facet normal 0.887014 -0.461743 0
    outer loop
      vertex -12.2976 -2.9 1.5
      vertex -12.8696 -3.99882 3.3
      vertex -12.8696 -3.99882 1.5
    endloop
  endfacet
  facet normal -0.675589 0.737279 0
    outer loop
      vertex 10.0409 -20.0409 1.5
      vertex 9.12758 -20.8778 3.3
      vertex 10.0409 -20.0409 3.3
    endloop
  endfacet
  facet normal -0.675589 0.737279 0
    outer loop
      vertex 9.12758 -20.8778 3.3
      vertex 10.0409 -20.0409 1.5
      vertex 9.12758 -20.8778 1.5
    endloop
  endfacet
  facet normal -0.608798 0.793326 0
    outer loop
      vertex 9.12758 -20.8778 1.5
      vertex 8.14478 -21.632 3.3
      vertex 9.12758 -20.8778 3.3
    endloop
  endfacet
  facet normal -0.608798 0.793326 0
    outer loop
      vertex 8.14478 -21.632 3.3
      vertex 9.12758 -20.8778 1.5
      vertex 8.14478 -21.632 1.5
    endloop
  endfacet
  facet normal 0.999049 0.0435914 0
    outer loop
      vertex -14.146 -11.2376 3.3
      vertex -14.2 -10 1.5
      vertex -14.2 -10 3.3
    endloop
  endfacet
  facet normal 0.999049 0.0435914 0
    outer loop
      vertex -14.2 -10 1.5
      vertex -14.146 -11.2376 3.3
      vertex -14.146 -11.2376 1.5
    endloop
  endfacet
  facet normal -0.382681 -0.92388 0
    outer loop
      vertex 4.85669 3.34363 1.5
      vertex 6.00118 2.86957 3.3
      vertex 4.85669 3.34363 3.3
    endloop
  endfacet
  facet normal -0.382681 -0.92388 -0
    outer loop
      vertex 6.00118 2.86957 3.3
      vertex 4.85669 3.34363 1.5
      vertex 6.00118 2.86957 1.5
    endloop
  endfacet
  facet normal -0.537301 -0.843391 0
    outer loop
      vertex 7.1 2.29756 1.5
      vertex 8.14478 1.63196 3.3
      vertex 7.1 2.29756 3.3
    endloop
  endfacet
  facet normal -0.537301 -0.843391 -0
    outer loop
      vertex 8.14478 1.63196 3.3
      vertex 7.1 2.29756 1.5
      vertex 8.14478 1.63196 1.5
    endloop
  endfacet
  facet normal -0.887011 0.461749 0
    outer loop
      vertex 12.2976 -17.1 1.5
      vertex 12.8696 -16.0012 3.3
      vertex 12.8696 -16.0012 1.5
    endloop
  endfacet
  facet normal -0.887011 0.461749 0
    outer loop
      vertex 12.8696 -16.0012 3.3
      vertex 12.2976 -17.1 1.5
      vertex 12.2976 -17.1 3.3
    endloop
  endfacet
  facet normal -0.300711 -0.953715 0
    outer loop
      vertex 3.67523 3.71615 1.5
      vertex 4.85669 3.34363 3.3
      vertex 3.67523 3.71615 3.3
    endloop
  endfacet
  facet normal -0.300711 -0.953715 -0
    outer loop
      vertex 4.85669 3.34363 3.3
      vertex 3.67523 3.71615 1.5
      vertex 4.85669 3.34363 1.5
    endloop
  endfacet
  facet normal 0.793326 0.608798 0
    outer loop
      vertex -10.8778 -19.1276 3.3
      vertex -11.632 -18.1448 1.5
      vertex -11.632 -18.1448 3.3
    endloop
  endfacet
  facet normal 0.793326 0.608798 0
    outer loop
      vertex -11.632 -18.1448 1.5
      vertex -10.8778 -19.1276 3.3
      vertex -10.8778 -19.1276 1.5
    endloop
  endfacet
  facet normal 0.976283 -0.2165 0
    outer loop
      vertex -13.9843 -7.53419 3.3
      vertex -13.7161 -6.32477 1.5
      vertex -13.7161 -6.32477 3.3
    endloop
  endfacet
  facet normal 0.976283 -0.2165 0
    outer loop
      vertex -13.7161 -6.32477 1.5
      vertex -13.9843 -7.53419 3.3
      vertex -13.9843 -7.53419 1.5
    endloop
  endfacet
  facet normal 0.675595 -0.737273 0
    outer loop
      vertex -10.0409 0.0409155 1.5
      vertex -9.12758 0.877831 3.3
      vertex -10.0409 0.0409155 3.3
    endloop
  endfacet
  facet normal 0.675595 -0.737273 0
    outer loop
      vertex -9.12758 0.877831 3.3
      vertex -10.0409 0.0409155 1.5
      vertex -9.12758 0.877831 1.5
    endloop
  endfacet
  facet normal 0.675589 0.737279 -0
    outer loop
      vertex -9.12758 -20.8778 1.5
      vertex -10.0409 -20.0409 3.3
      vertex -9.12758 -20.8778 3.3
    endloop
  endfacet
  facet normal 0.675589 0.737279 0
    outer loop
      vertex -10.0409 -20.0409 3.3
      vertex -9.12758 -20.8778 1.5
      vertex -10.0409 -20.0409 1.5
    endloop
  endfacet
  facet normal -0.843393 -0.537297 0
    outer loop
      vertex 12.2976 -2.9 1.5
      vertex 11.632 -1.85521 3.3
      vertex 11.632 -1.85521 1.5
    endloop
  endfacet
  facet normal -0.843393 -0.537297 0
    outer loop
      vertex 11.632 -1.85521 3.3
      vertex 12.2976 -2.9 1.5
      vertex 12.2976 -2.9 3.3
    endloop
  endfacet
  facet normal -0.461749 -0.887011 0
    outer loop
      vertex 6.00118 2.86957 1.5
      vertex 7.1 2.29756 3.3
      vertex 6.00118 2.86957 3.3
    endloop
  endfacet
  facet normal -0.461749 -0.887011 -0
    outer loop
      vertex 7.1 2.29756 3.3
      vertex 6.00118 2.86957 1.5
      vertex 7.1 2.29756 1.5
    endloop
  endfacet
  facet normal -0.991444 0.13053 0
    outer loop
      vertex 13.9843 -12.4658 1.5
      vertex 14.146 -11.2376 3.3
      vertex 14.146 -11.2376 1.5
    endloop
  endfacet
  facet normal -0.991444 0.13053 0
    outer loop
      vertex 14.146 -11.2376 3.3
      vertex 13.9843 -12.4658 1.5
      vertex 13.9843 -12.4658 3.3
    endloop
  endfacet
  facet normal 0.608761 -0.793353 0
    outer loop
      vertex -9.12758 0.877831 1.5
      vertex -8.14478 1.63196 3.3
      vertex -9.12758 0.877831 3.3
    endloop
  endfacet
  facet normal 0.608761 -0.793353 0
    outer loop
      vertex -8.14478 1.63196 3.3
      vertex -9.12758 0.877831 1.5
      vertex -8.14478 1.63196 1.5
    endloop
  endfacet
  facet normal -0.843395 0.537293 0
    outer loop
      vertex 11.632 -18.1448 1.5
      vertex 12.2976 -17.1 3.3
      vertex 12.2976 -17.1 1.5
    endloop
  endfacet
  facet normal -0.843395 0.537293 0
    outer loop
      vertex 12.2976 -17.1 3.3
      vertex 11.632 -18.1448 1.5
      vertex 11.632 -18.1448 3.3
    endloop
  endfacet
  facet normal 0.843395 0.537293 0
    outer loop
      vertex -11.632 -18.1448 3.3
      vertex -12.2976 -17.1 1.5
      vertex -12.2976 -17.1 3.3
    endloop
  endfacet
  facet normal 0.843395 0.537293 0
    outer loop
      vertex -12.2976 -17.1 1.5
      vertex -11.632 -18.1448 3.3
      vertex -11.632 -18.1448 1.5
    endloop
  endfacet
  facet normal 0.737283 -0.675584 0
    outer loop
      vertex -10.8778 -0.872416 3.3
      vertex -10.0409 0.0409155 1.5
      vertex -10.0409 0.0409155 3.3
    endloop
  endfacet
  facet normal 0.737283 -0.675584 0
    outer loop
      vertex -10.0409 0.0409155 1.5
      vertex -10.8778 -0.872416 3.3
      vertex -10.8778 -0.872416 1.5
    endloop
  endfacet
  facet normal 0.537301 -0.843391 0
    outer loop
      vertex -8.14478 1.63196 1.5
      vertex -7.1 2.29756 3.3
      vertex -8.14478 1.63196 3.3
    endloop
  endfacet
  facet normal 0.537301 -0.843391 0
    outer loop
      vertex -7.1 2.29756 3.3
      vertex -8.14478 1.63196 1.5
      vertex -7.1 2.29756 1.5
    endloop
  endfacet
  facet normal 0.923898 -0.38264 0
    outer loop
      vertex -13.3436 -5.14331 3.3
      vertex -12.8696 -3.99882 1.5
      vertex -12.8696 -3.99882 3.3
    endloop
  endfacet
  facet normal 0.923898 -0.38264 0
    outer loop
      vertex -12.8696 -3.99882 1.5
      vertex -13.3436 -5.14331 3.3
      vertex -13.3436 -5.14331 1.5
    endloop
  endfacet
  facet normal -0.38264 0.923898 0
    outer loop
      vertex 6.00118 -22.8696 1.5
      vertex 4.85669 -23.3436 3.3
      vertex 6.00118 -22.8696 3.3
    endloop
  endfacet
  facet normal -0.38264 0.923898 0
    outer loop
      vertex 4.85669 -23.3436 3.3
      vertex 6.00118 -22.8696 1.5
      vertex 4.85669 -23.3436 1.5
    endloop
  endfacet
  facet normal -0.043591 0.999049 0
    outer loop
      vertex 1.23761 -24.146 1.5
      vertex 0 -24.2 3.3
      vertex 1.23761 -24.146 3.3
    endloop
  endfacet
  facet normal -0.043591 0.999049 0
    outer loop
      vertex 0 -24.2 3.3
      vertex 1.23761 -24.146 1.5
      vertex 0 -24.2 1.5
    endloop
  endfacet
  facet normal -0.0436232 -0.999048 0
    outer loop
      vertex 0 4.2 1.5
      vertex 1.23761 4.14596 3.3
      vertex 0 4.2 3.3
    endloop
  endfacet
  facet normal -0.0436232 -0.999048 -0
    outer loop
      vertex 1.23761 4.14596 3.3
      vertex 0 4.2 1.5
      vertex 1.23761 4.14596 1.5
    endloop
  endfacet
  facet normal -0.537301 0.843391 0
    outer loop
      vertex 8.14478 -21.632 1.5
      vertex 7.1 -22.2976 3.3
      vertex 8.14478 -21.632 3.3
    endloop
  endfacet
  facet normal -0.537301 0.843391 0
    outer loop
      vertex 7.1 -22.2976 3.3
      vertex 8.14478 -21.632 1.5
      vertex 7.1 -22.2976 1.5
    endloop
  endfacet
  facet normal 0.95372 -0.300696 0
    outer loop
      vertex -13.7161 -6.32477 3.3
      vertex -13.3436 -5.14331 1.5
      vertex -13.3436 -5.14331 3.3
    endloop
  endfacet
  facet normal 0.95372 -0.300696 0
    outer loop
      vertex -13.3436 -5.14331 1.5
      vertex -13.7161 -6.32477 3.3
      vertex -13.7161 -6.32477 1.5
    endloop
  endfacet
  facet normal 0.130531 0.991444 -0
    outer loop
      vertex -1.23761 -24.146 1.5
      vertex -2.4658 -23.9843 3.3
      vertex -1.23761 -24.146 3.3
    endloop
  endfacet
  facet normal 0.130531 0.991444 0
    outer loop
      vertex -2.4658 -23.9843 3.3
      vertex -1.23761 -24.146 1.5
      vertex -2.4658 -23.9843 1.5
    endloop
  endfacet
  facet normal -0.737271 0.675597 0
    outer loop
      vertex 10.0409 -20.0409 1.5
      vertex 10.8778 -19.1276 3.3
      vertex 10.8778 -19.1276 1.5
    endloop
  endfacet
  facet normal -0.737271 0.675597 0
    outer loop
      vertex 10.8778 -19.1276 3.3
      vertex 10.0409 -20.0409 1.5
      vertex 10.0409 -20.0409 3.3
    endloop
  endfacet
  facet normal 0.991444 -0.13053 0
    outer loop
      vertex -14.146 -8.76239 3.3
      vertex -13.9843 -7.53419 1.5
      vertex -13.9843 -7.53419 3.3
    endloop
  endfacet
  facet normal 0.991444 -0.13053 0
    outer loop
      vertex -13.9843 -7.53419 1.5
      vertex -14.146 -8.76239 3.3
      vertex -14.146 -8.76239 1.5
    endloop
  endfacet
  facet normal 0.999049 -0.043591 0
    outer loop
      vertex -14.2 -10 3.3
      vertex -14.146 -8.76239 1.5
      vertex -14.146 -8.76239 3.3
    endloop
  endfacet
  facet normal 0.999049 -0.043591 0
    outer loop
      vertex -14.146 -8.76239 1.5
      vertex -14.2 -10 3.3
      vertex -14.2 -10 1.5
    endloop
  endfacet
  facet normal 0.216498 0.976283 -0
    outer loop
      vertex -2.4658 -23.9843 1.5
      vertex -3.67523 -23.7161 3.3
      vertex -2.4658 -23.9843 3.3
    endloop
  endfacet
  facet normal 0.216498 0.976283 0
    outer loop
      vertex -3.67523 -23.7161 3.3
      vertex -2.4658 -23.9843 1.5
      vertex -3.67523 -23.7161 1.5
    endloop
  endfacet
  facet normal -0.923899 0.382637 0
    outer loop
      vertex 12.8696 -16.0012 1.5
      vertex 13.3436 -14.8567 3.3
      vertex 13.3436 -14.8567 1.5
    endloop
  endfacet
  facet normal -0.923899 0.382637 0
    outer loop
      vertex 13.3436 -14.8567 3.3
      vertex 12.8696 -16.0012 1.5
      vertex 12.8696 -16.0012 3.3
    endloop
  endfacet
  facet normal 0.843393 -0.537297 0
    outer loop
      vertex -12.2976 -2.9 3.3
      vertex -11.632 -1.85521 1.5
      vertex -11.632 -1.85521 3.3
    endloop
  endfacet
  facet normal 0.843393 -0.537297 0
    outer loop
      vertex -11.632 -1.85521 1.5
      vertex -12.2976 -2.9 3.3
      vertex -12.2976 -2.9 1.5
    endloop
  endfacet
  facet normal 0.38264 0.923898 -0
    outer loop
      vertex -4.85669 -23.3436 1.5
      vertex -6.00118 -22.8696 3.3
      vertex -4.85669 -23.3436 3.3
    endloop
  endfacet
  facet normal 0.38264 0.923898 0
    outer loop
      vertex -6.00118 -22.8696 3.3
      vertex -4.85669 -23.3436 1.5
      vertex -6.00118 -22.8696 1.5
    endloop
  endfacet
  facet normal 0.537301 0.843391 -0
    outer loop
      vertex -7.1 -22.2976 1.5
      vertex -8.14478 -21.632 3.3
      vertex -7.1 -22.2976 3.3
    endloop
  endfacet
  facet normal 0.537301 0.843391 0
    outer loop
      vertex -8.14478 -21.632 3.3
      vertex -7.1 -22.2976 1.5
      vertex -8.14478 -21.632 1.5
    endloop
  endfacet
  facet normal 0.923899 0.382637 0
    outer loop
      vertex -12.8696 -16.0012 3.3
      vertex -13.3436 -14.8567 1.5
      vertex -13.3436 -14.8567 3.3
    endloop
  endfacet
  facet normal 0.923899 0.382637 0
    outer loop
      vertex -13.3436 -14.8567 1.5
      vertex -12.8696 -16.0012 3.3
      vertex -12.8696 -16.0012 1.5
    endloop
  endfacet
  facet normal 0.887011 0.461749 0
    outer loop
      vertex -12.2976 -17.1 3.3
      vertex -12.8696 -16.0012 1.5
      vertex -12.8696 -16.0012 3.3
    endloop
  endfacet
  facet normal 0.887011 0.461749 0
    outer loop
      vertex -12.8696 -16.0012 1.5
      vertex -12.2976 -17.1 3.3
      vertex -12.2976 -17.1 1.5
    endloop
  endfacet
  facet normal -0.953727 0.300674 0
    outer loop
      vertex 11.0414 -14.0187 0.99
      vertex 11.3496 -13.0411 1.5
      vertex 11.3496 -13.0411 0.99
    endloop
  endfacet
  facet normal -0.953727 0.300674 0
    outer loop
      vertex 11.3496 -13.0411 1.5
      vertex 11.0414 -14.0187 0.99
      vertex 11.0414 -14.0187 1.5
    endloop
  endfacet
  facet normal -0.216439 -0.976296 0
    outer loop
      vertex 2.04037 1.57149 0.99
      vertex 3.04112 1.34963 1.5
      vertex 2.04037 1.57149 1.5
    endloop
  endfacet
  facet normal -0.216439 -0.976296 -0
    outer loop
      vertex 3.04112 1.34963 1.5
      vertex 2.04037 1.57149 0.99
      vertex 3.04112 1.34963 0.99
    endloop
  endfacet
  facet normal 0.953729 -0.300668 0
    outer loop
      vertex -11.3496 -6.95888 1.5
      vertex -11.0414 -5.98126 0.99
      vertex -11.0414 -5.98126 1.5
    endloop
  endfacet
  facet normal 0.953729 -0.300668 0
    outer loop
      vertex -11.0414 -5.98126 0.99
      vertex -11.3496 -6.95888 1.5
      vertex -11.3496 -6.95888 0.99
    endloop
  endfacet
  facet normal -0.991444 -0.130529 0
    outer loop
      vertex 11.7053 -8.97592 0.99
      vertex 11.5715 -7.95963 1.5
      vertex 11.5715 -7.95963 0.99
    endloop
  endfacet
  facet normal -0.991444 -0.130529 0
    outer loop
      vertex 11.5715 -7.95963 1.5
      vertex 11.7053 -8.97592 0.99
      vertex 11.7053 -8.97592 1.5
    endloop
  endfacet
  facet normal -0.130529 0.991444 0
    outer loop
      vertex 2.04037 -21.5715 0.99
      vertex 1.02408 -21.7053 1.5
      vertex 2.04037 -21.5715 1.5
    endloop
  endfacet
  facet normal -0.130529 0.991444 0
    outer loop
      vertex 1.02408 -21.7053 1.5
      vertex 2.04037 -21.5715 0.99
      vertex 1.02408 -21.7053 0.99
    endloop
  endfacet
  facet normal -0.608753 0.79336 0
    outer loop
      vertex 7.55275 -19.001 0.99
      vertex 6.73952 -19.625 1.5
      vertex 7.55275 -19.001 1.5
    endloop
  endfacet
  facet normal -0.608753 0.79336 0
    outer loop
      vertex 6.73952 -19.625 1.5
      vertex 7.55275 -19.001 0.99
      vertex 6.73952 -19.625 0.99
    endloop
  endfacet
  facet normal 0.887011 0.461749 0
    outer loop
      vertex -10.1758 -15.875 1.5
      vertex -10.6491 -14.9658 0.99
      vertex -10.6491 -14.9658 1.5
    endloop
  endfacet
  facet normal 0.887011 0.461749 0
    outer loop
      vertex -10.6491 -14.9658 0.99
      vertex -10.1758 -15.875 1.5
      vertex -10.1758 -15.875 0.99
    endloop
  endfacet
  facet normal -0.0436171 -0.999048 0
    outer loop
      vertex 0 1.75 0.99
      vertex 1.02408 1.70529 1.5
      vertex 0 1.75 1.5
    endloop
  endfacet
  facet normal -0.0436171 -0.999048 -0
    outer loop
      vertex 1.02408 1.70529 1.5
      vertex 0 1.75 0.99
      vertex 1.02408 1.70529 0.99
    endloop
  endfacet
  facet normal -0.793354 -0.608761 0
    outer loop
      vertex 9.62504 -3.26048 0.99
      vertex 9.00102 -2.44724 1.5
      vertex 9.00102 -2.44724 0.99
    endloop
  endfacet
  facet normal -0.793354 -0.608761 0
    outer loop
      vertex 9.00102 -2.44724 1.5
      vertex 9.62504 -3.26048 0.99
      vertex 9.62504 -3.26048 1.5
    endloop
  endfacet
  facet normal -0.793376 0.608733 0
    outer loop
      vertex 9.00102 -17.5528 0.99
      vertex 9.62504 -16.7395 1.5
      vertex 9.62504 -16.7395 0.99
    endloop
  endfacet
  facet normal -0.793376 0.608733 0
    outer loop
      vertex 9.62504 -16.7395 1.5
      vertex 9.00102 -17.5528 0.99
      vertex 9.00102 -17.5528 1.5
    endloop
  endfacet
  facet normal -0.537327 0.843374 0
    outer loop
      vertex 6.73952 -19.625 0.99
      vertex 5.875 -20.1758 1.5
      vertex 6.73952 -19.625 1.5
    endloop
  endfacet
  facet normal -0.537327 0.843374 0
    outer loop
      vertex 5.875 -20.1758 1.5
      vertex 6.73952 -19.625 0.99
      vertex 5.875 -20.1758 0.99
    endloop
  endfacet
  facet normal 0.92388 0.382682 0
    outer loop
      vertex -10.6491 -14.9658 1.5
      vertex -11.0414 -14.0187 0.99
      vertex -11.0414 -14.0187 1.5
    endloop
  endfacet
  facet normal 0.92388 0.382682 0
    outer loop
      vertex -11.0414 -14.0187 0.99
      vertex -10.6491 -14.9658 1.5
      vertex -10.6491 -14.9658 0.99
    endloop
  endfacet
  facet normal 0.737276 -0.675592 0
    outer loop
      vertex -9.00102 -2.44724 1.5
      vertex -8.3085 -1.69149 0.99
      vertex -8.3085 -1.69149 1.5
    endloop
  endfacet
  facet normal 0.737276 -0.675592 0
    outer loop
      vertex -8.3085 -1.69149 0.99
      vertex -9.00102 -2.44724 1.5
      vertex -9.00102 -2.44724 0.99
    endloop
  endfacet
  facet normal 0.843386 0.537308 0
    outer loop
      vertex -9.62504 -16.7395 1.5
      vertex -10.1758 -15.875 0.99
      vertex -10.1758 -15.875 1.5
    endloop
  endfacet
  facet normal 0.843386 0.537308 0
    outer loop
      vertex -10.1758 -15.875 0.99
      vertex -9.62504 -16.7395 1.5
      vertex -9.62504 -16.7395 0.99
    endloop
  endfacet
  facet normal 0.923869 -0.38271 0
    outer loop
      vertex -11.0414 -5.98126 1.5
      vertex -10.6491 -5.03424 0.99
      vertex -10.6491 -5.03424 1.5
    endloop
  endfacet
  facet normal 0.923869 -0.38271 0
    outer loop
      vertex -10.6491 -5.03424 0.99
      vertex -11.0414 -5.98126 1.5
      vertex -11.0414 -5.98126 0.99
    endloop
  endfacet
  facet normal 0.953727 0.300674 0
    outer loop
      vertex -11.0414 -14.0187 1.5
      vertex -11.3496 -13.0411 0.99
      vertex -11.3496 -13.0411 1.5
    endloop
  endfacet
  facet normal 0.953727 0.300674 0
    outer loop
      vertex -11.3496 -13.0411 0.99
      vertex -11.0414 -14.0187 1.5
      vertex -11.0414 -14.0187 0.99
    endloop
  endfacet
  facet normal -0.382688 -0.923878 0
    outer loop
      vertex 4.01874 1.04139 0.99
      vertex 4.96576 0.649116 1.5
      vertex 4.01874 1.04139 1.5
    endloop
  endfacet
  facet normal -0.382688 -0.923878 -0
    outer loop
      vertex 4.96576 0.649116 1.5
      vertex 4.01874 1.04139 0.99
      vertex 4.96576 0.649116 0.99
    endloop
  endfacet
  facet normal -0.999049 -0.0436074 0
    outer loop
      vertex 11.75 -10 0.99
      vertex 11.7053 -8.97592 1.5
      vertex 11.7053 -8.97592 0.99
    endloop
  endfacet
  facet normal -0.999049 -0.0436074 0
    outer loop
      vertex 11.7053 -8.97592 1.5
      vertex 11.75 -10 0.99
      vertex 11.75 -10 1.5
    endloop
  endfacet
  facet normal -0.675587 -0.73728 0
    outer loop
      vertex 7.55275 -0.998978 0.99
      vertex 8.3085 -1.69149 1.5
      vertex 7.55275 -0.998978 1.5
    endloop
  endfacet
  facet normal -0.675587 -0.73728 -0
    outer loop
      vertex 8.3085 -1.69149 1.5
      vertex 7.55275 -0.998978 0.99
      vertex 8.3085 -1.69149 0.99
    endloop
  endfacet
  facet normal -0.92388 0.382682 0
    outer loop
      vertex 10.6491 -14.9658 0.99
      vertex 11.0414 -14.0187 1.5
      vertex 11.0414 -14.0187 0.99
    endloop
  endfacet
  facet normal -0.92388 0.382682 0
    outer loop
      vertex 11.0414 -14.0187 1.5
      vertex 10.6491 -14.9658 0.99
      vertex 10.6491 -14.9658 1.5
    endloop
  endfacet
  facet normal 0.0436171 -0.999048 0
    outer loop
      vertex -1.02408 1.70529 0.99
      vertex 0 1.75 1.5
      vertex -1.02408 1.70529 1.5
    endloop
  endfacet
  facet normal 0.0436171 -0.999048 0
    outer loop
      vertex 0 1.75 1.5
      vertex -1.02408 1.70529 0.99
      vertex 0 1.75 0.99
    endloop
  endfacet
  facet normal 0.130529 -0.991444 0
    outer loop
      vertex -2.04037 1.57149 0.99
      vertex -1.02408 1.70529 1.5
      vertex -2.04037 1.57149 1.5
    endloop
  endfacet
  facet normal 0.130529 -0.991444 0
    outer loop
      vertex -1.02408 1.70529 1.5
      vertex -2.04037 1.57149 0.99
      vertex -1.02408 1.70529 0.99
    endloop
  endfacet
  facet normal -0.991445 0.130528 0
    outer loop
      vertex 11.5715 -12.0404 0.99
      vertex 11.7053 -11.0241 1.5
      vertex 11.7053 -11.0241 0.99
    endloop
  endfacet
  facet normal -0.991445 0.130528 0
    outer loop
      vertex 11.7053 -11.0241 1.5
      vertex 11.5715 -12.0404 0.99
      vertex 11.5715 -12.0404 1.5
    endloop
  endfacet
  facet normal 0.793376 0.608733 0
    outer loop
      vertex -9.00102 -17.5528 1.5
      vertex -9.62504 -16.7395 0.99
      vertex -9.62504 -16.7395 1.5
    endloop
  endfacet
  facet normal 0.793376 0.608733 0
    outer loop
      vertex -9.62504 -16.7395 0.99
      vertex -9.00102 -17.5528 1.5
      vertex -9.00102 -17.5528 0.99
    endloop
  endfacet
  facet normal -0.887019 -0.461733 0
    outer loop
      vertex 10.6491 -5.03424 0.99
      vertex 10.1758 -4.125 1.5
      vertex 10.1758 -4.125 0.99
    endloop
  endfacet
  facet normal -0.887019 -0.461733 0
    outer loop
      vertex 10.1758 -4.125 1.5
      vertex 10.6491 -5.03424 0.99
      vertex 10.6491 -5.03424 1.5
    endloop
  endfacet
  facet normal -0.999049 0.0436066 0
    outer loop
      vertex 11.7053 -11.0241 0.99
      vertex 11.75 -10 1.5
      vertex 11.75 -10 0.99
    endloop
  endfacet
  facet normal -0.999049 0.0436066 0
    outer loop
      vertex 11.75 -10 1.5
      vertex 11.7053 -11.0241 0.99
      vertex 11.7053 -11.0241 1.5
    endloop
  endfacet
  facet normal -0.675581 0.737286 0
    outer loop
      vertex 8.3085 -18.3085 0.99
      vertex 7.55275 -19.001 1.5
      vertex 8.3085 -18.3085 1.5
    endloop
  endfacet
  facet normal -0.675581 0.737286 0
    outer loop
      vertex 7.55275 -19.001 1.5
      vertex 8.3085 -18.3085 0.99
      vertex 7.55275 -19.001 0.99
    endloop
  endfacet
  facet normal 0.999049 -0.0436074 0
    outer loop
      vertex -11.75 -10 1.5
      vertex -11.7053 -8.97592 0.99
      vertex -11.7053 -8.97592 1.5
    endloop
  endfacet
  facet normal 0.999049 -0.0436074 0
    outer loop
      vertex -11.7053 -8.97592 0.99
      vertex -11.75 -10 1.5
      vertex -11.75 -10 0.99
    endloop
  endfacet
  facet normal -0.976288 -0.216476 0
    outer loop
      vertex 11.5715 -7.95963 0.99
      vertex 11.3496 -6.95888 1.5
      vertex 11.3496 -6.95888 0.99
    endloop
  endfacet
  facet normal -0.976288 -0.216476 0
    outer loop
      vertex 11.3496 -6.95888 1.5
      vertex 11.5715 -7.95963 0.99
      vertex 11.5715 -7.95963 1.5
    endloop
  endfacet
  facet normal -0.608762 -0.793353 0
    outer loop
      vertex 6.73952 -0.374963 0.99
      vertex 7.55275 -0.998978 1.5
      vertex 6.73952 -0.374963 1.5
    endloop
  endfacet
  facet normal -0.608762 -0.793353 -0
    outer loop
      vertex 7.55275 -0.998978 1.5
      vertex 6.73952 -0.374963 0.99
      vertex 7.55275 -0.998978 0.99
    endloop
  endfacet
  facet normal 0.537327 0.843374 -0
    outer loop
      vertex -5.875 -20.1758 0.99
      vertex -6.73952 -19.625 1.5
      vertex -5.875 -20.1758 1.5
    endloop
  endfacet
  facet normal 0.537327 0.843374 0
    outer loop
      vertex -6.73952 -19.625 1.5
      vertex -5.875 -20.1758 0.99
      vertex -6.73952 -19.625 0.99
    endloop
  endfacet
  facet normal 0.216439 -0.976296 0
    outer loop
      vertex -3.04112 1.34963 0.99
      vertex -2.04037 1.57149 1.5
      vertex -3.04112 1.34963 1.5
    endloop
  endfacet
  facet normal 0.216439 -0.976296 0
    outer loop
      vertex -2.04037 1.57149 1.5
      vertex -3.04112 1.34963 0.99
      vertex -2.04037 1.57149 0.99
    endloop
  endfacet
  facet normal 0.999049 0.0436066 0
    outer loop
      vertex -11.7053 -11.0241 1.5
      vertex -11.75 -10 0.99
      vertex -11.75 -10 1.5
    endloop
  endfacet
  facet normal 0.999049 0.0436066 0
    outer loop
      vertex -11.75 -10 0.99
      vertex -11.7053 -11.0241 1.5
      vertex -11.7053 -11.0241 0.99
    endloop
  endfacet
  facet normal 0.737254 0.675616 0
    outer loop
      vertex -8.3085 -18.3085 1.5
      vertex -9.00102 -17.5528 0.99
      vertex -9.00102 -17.5528 1.5
    endloop
  endfacet
  facet normal 0.737254 0.675616 0
    outer loop
      vertex -9.00102 -17.5528 0.99
      vertex -8.3085 -18.3085 1.5
      vertex -8.3085 -18.3085 0.99
    endloop
  endfacet
  facet normal 0.976288 -0.216476 0
    outer loop
      vertex -11.5715 -7.95963 1.5
      vertex -11.3496 -6.95888 0.99
      vertex -11.3496 -6.95888 1.5
    endloop
  endfacet
  facet normal 0.976288 -0.216476 0
    outer loop
      vertex -11.3496 -6.95888 0.99
      vertex -11.5715 -7.95963 1.5
      vertex -11.5715 -7.95963 0.99
    endloop
  endfacet
  facet normal -0.843386 0.537308 0
    outer loop
      vertex 9.62504 -16.7395 0.99
      vertex 10.1758 -15.875 1.5
      vertex 10.1758 -15.875 0.99
    endloop
  endfacet
  facet normal -0.843386 0.537308 0
    outer loop
      vertex 10.1758 -15.875 1.5
      vertex 9.62504 -16.7395 0.99
      vertex 9.62504 -16.7395 1.5
    endloop
  endfacet
  facet normal 0.675587 -0.73728 0
    outer loop
      vertex -8.3085 -1.69149 0.99
      vertex -7.55275 -0.998978 1.5
      vertex -8.3085 -1.69149 1.5
    endloop
  endfacet
  facet normal 0.675587 -0.73728 0
    outer loop
      vertex -7.55275 -0.998978 1.5
      vertex -8.3085 -1.69149 0.99
      vertex -7.55275 -0.998978 0.99
    endloop
  endfacet
  facet normal -0.887011 0.461749 0
    outer loop
      vertex 10.1758 -15.875 0.99
      vertex 10.6491 -14.9658 1.5
      vertex 10.6491 -14.9658 0.99
    endloop
  endfacet
  facet normal -0.887011 0.461749 0
    outer loop
      vertex 10.6491 -14.9658 1.5
      vertex 10.1758 -15.875 0.99
      vertex 10.1758 -15.875 1.5
    endloop
  endfacet
  facet normal -0.300668 0.953729 0
    outer loop
      vertex 4.01874 -21.0414 0.99
      vertex 3.04112 -21.3496 1.5
      vertex 4.01874 -21.0414 1.5
    endloop
  endfacet
  facet normal -0.300668 0.953729 0
    outer loop
      vertex 3.04112 -21.3496 1.5
      vertex 4.01874 -21.0414 0.99
      vertex 3.04112 -21.3496 0.99
    endloop
  endfacet
  facet normal -0.461747 -0.887012 0
    outer loop
      vertex 4.96576 0.649116 0.99
      vertex 5.875 0.175798 1.5
      vertex 4.96576 0.649116 1.5
    endloop
  endfacet
  facet normal -0.461747 -0.887012 -0
    outer loop
      vertex 5.875 0.175798 1.5
      vertex 4.96576 0.649116 0.99
      vertex 5.875 0.175798 0.99
    endloop
  endfacet
  facet normal -0.0436074 0.999049 0
    outer loop
      vertex 1.02408 -21.7053 0.99
      vertex 0 -21.75 1.5
      vertex 1.02408 -21.7053 1.5
    endloop
  endfacet
  facet normal -0.0436074 0.999049 0
    outer loop
      vertex 0 -21.75 1.5
      vertex 1.02408 -21.7053 0.99
      vertex 0 -21.75 0.99
    endloop
  endfacet
  facet normal 0.976286 0.216486 0
    outer loop
      vertex -11.3496 -13.0411 1.5
      vertex -11.5715 -12.0404 0.99
      vertex -11.5715 -12.0404 1.5
    endloop
  endfacet
  facet normal 0.976286 0.216486 0
    outer loop
      vertex -11.5715 -12.0404 0.99
      vertex -11.3496 -13.0411 1.5
      vertex -11.3496 -13.0411 0.99
    endloop
  endfacet
  facet normal 0.216476 0.976288 -0
    outer loop
      vertex -2.04037 -21.5715 0.99
      vertex -3.04112 -21.3496 1.5
      vertex -2.04037 -21.5715 1.5
    endloop
  endfacet
  facet normal 0.216476 0.976288 0
    outer loop
      vertex -3.04112 -21.3496 1.5
      vertex -2.04037 -21.5715 0.99
      vertex -3.04112 -21.3496 0.99
    endloop
  endfacet
  facet normal -0.953729 -0.300668 0
    outer loop
      vertex 11.3496 -6.95888 0.99
      vertex 11.0414 -5.98126 1.5
      vertex 11.0414 -5.98126 0.99
    endloop
  endfacet
  facet normal -0.953729 -0.300668 0
    outer loop
      vertex 11.0414 -5.98126 1.5
      vertex 11.3496 -6.95888 0.99
      vertex 11.3496 -6.95888 1.5
    endloop
  endfacet
  facet normal -0.130529 -0.991444 0
    outer loop
      vertex 1.02408 1.70529 0.99
      vertex 2.04037 1.57149 1.5
      vertex 1.02408 1.70529 1.5
    endloop
  endfacet
  facet normal -0.130529 -0.991444 -0
    outer loop
      vertex 2.04037 1.57149 1.5
      vertex 1.02408 1.70529 0.99
      vertex 2.04037 1.57149 0.99
    endloop
  endfacet
  facet normal 0.608753 0.79336 -0
    outer loop
      vertex -6.73952 -19.625 0.99
      vertex -7.55275 -19.001 1.5
      vertex -6.73952 -19.625 1.5
    endloop
  endfacet
  facet normal 0.608753 0.79336 0
    outer loop
      vertex -7.55275 -19.001 1.5
      vertex -6.73952 -19.625 0.99
      vertex -7.55275 -19.001 0.99
    endloop
  endfacet
  facet normal 0.461733 0.887019 -0
    outer loop
      vertex -4.96576 -20.6491 0.99
      vertex -5.875 -20.1758 1.5
      vertex -4.96576 -20.6491 1.5
    endloop
  endfacet
  facet normal 0.461733 0.887019 0
    outer loop
      vertex -5.875 -20.1758 1.5
      vertex -4.96576 -20.6491 0.99
      vertex -5.875 -20.1758 0.99
    endloop
  endfacet
  facet normal -0.5373 -0.843391 0
    outer loop
      vertex 5.875 0.175798 0.99
      vertex 6.73952 -0.374963 1.5
      vertex 5.875 0.175798 1.5
    endloop
  endfacet
  facet normal -0.5373 -0.843391 -0
    outer loop
      vertex 6.73952 -0.374963 1.5
      vertex 5.875 0.175798 0.99
      vertex 6.73952 -0.374963 0.99
    endloop
  endfacet
  facet normal 0.130529 0.991444 -0
    outer loop
      vertex -1.02408 -21.7053 0.99
      vertex -2.04037 -21.5715 1.5
      vertex -1.02408 -21.7053 1.5
    endloop
  endfacet
  facet normal 0.130529 0.991444 0
    outer loop
      vertex -2.04037 -21.5715 1.5
      vertex -1.02408 -21.7053 0.99
      vertex -2.04037 -21.5715 0.99
    endloop
  endfacet
  facet normal -0.843391 -0.5373 0
    outer loop
      vertex 10.1758 -4.125 0.99
      vertex 9.62504 -3.26048 1.5
      vertex 9.62504 -3.26048 0.99
    endloop
  endfacet
  facet normal -0.843391 -0.5373 0
    outer loop
      vertex 9.62504 -3.26048 1.5
      vertex 10.1758 -4.125 0.99
      vertex 10.1758 -4.125 1.5
    endloop
  endfacet
  facet normal 0.382688 -0.923878 0
    outer loop
      vertex -4.96576 0.649116 0.99
      vertex -4.01874 1.04139 1.5
      vertex -4.96576 0.649116 1.5
    endloop
  endfacet
  facet normal 0.382688 -0.923878 0
    outer loop
      vertex -4.01874 1.04139 1.5
      vertex -4.96576 0.649116 0.99
      vertex -4.01874 1.04139 0.99
    endloop
  endfacet
  facet normal 0.991444 -0.130529 0
    outer loop
      vertex -11.7053 -8.97592 1.5
      vertex -11.5715 -7.95963 0.99
      vertex -11.5715 -7.95963 1.5
    endloop
  endfacet
  facet normal 0.991444 -0.130529 0
    outer loop
      vertex -11.5715 -7.95963 0.99
      vertex -11.7053 -8.97592 1.5
      vertex -11.7053 -8.97592 0.99
    endloop
  endfacet
  facet normal 0.38271 0.923869 -0
    outer loop
      vertex -4.01874 -21.0414 0.99
      vertex -4.96576 -20.6491 1.5
      vertex -4.01874 -21.0414 1.5
    endloop
  endfacet
  facet normal 0.38271 0.923869 0
    outer loop
      vertex -4.96576 -20.6491 1.5
      vertex -4.01874 -21.0414 0.99
      vertex -4.96576 -20.6491 0.99
    endloop
  endfacet
  facet normal 0.608762 -0.793353 0
    outer loop
      vertex -7.55275 -0.998978 0.99
      vertex -6.73952 -0.374963 1.5
      vertex -7.55275 -0.998978 1.5
    endloop
  endfacet
  facet normal 0.608762 -0.793353 0
    outer loop
      vertex -6.73952 -0.374963 1.5
      vertex -7.55275 -0.998978 0.99
      vertex -6.73952 -0.374963 0.99
    endloop
  endfacet
  facet normal -0.737254 0.675616 0
    outer loop
      vertex 8.3085 -18.3085 0.99
      vertex 9.00102 -17.5528 1.5
      vertex 9.00102 -17.5528 0.99
    endloop
  endfacet
  facet normal -0.737254 0.675616 0
    outer loop
      vertex 9.00102 -17.5528 1.5
      vertex 8.3085 -18.3085 0.99
      vertex 8.3085 -18.3085 1.5
    endloop
  endfacet
  facet normal -0.300704 -0.953718 0
    outer loop
      vertex 3.04112 1.34963 0.99
      vertex 4.01874 1.04139 1.5
      vertex 3.04112 1.34963 1.5
    endloop
  endfacet
  facet normal -0.300704 -0.953718 -0
    outer loop
      vertex 4.01874 1.04139 1.5
      vertex 3.04112 1.34963 0.99
      vertex 4.01874 1.04139 0.99
    endloop
  endfacet
  facet normal 0.461747 -0.887012 0
    outer loop
      vertex -5.875 0.175798 0.99
      vertex -4.96576 0.649116 1.5
      vertex -5.875 0.175798 1.5
    endloop
  endfacet
  facet normal 0.461747 -0.887012 0
    outer loop
      vertex -4.96576 0.649116 1.5
      vertex -5.875 0.175798 0.99
      vertex -4.96576 0.649116 0.99
    endloop
  endfacet
  facet normal -0.923869 -0.38271 0
    outer loop
      vertex 11.0414 -5.98126 0.99
      vertex 10.6491 -5.03424 1.5
      vertex 10.6491 -5.03424 0.99
    endloop
  endfacet
  facet normal -0.923869 -0.38271 0
    outer loop
      vertex 10.6491 -5.03424 1.5
      vertex 11.0414 -5.98126 0.99
      vertex 11.0414 -5.98126 1.5
    endloop
  endfacet
  facet normal 0.300668 0.953729 -0
    outer loop
      vertex -3.04112 -21.3496 0.99
      vertex -4.01874 -21.0414 1.5
      vertex -3.04112 -21.3496 1.5
    endloop
  endfacet
  facet normal 0.300668 0.953729 0
    outer loop
      vertex -4.01874 -21.0414 1.5
      vertex -3.04112 -21.3496 0.99
      vertex -4.01874 -21.0414 0.99
    endloop
  endfacet
  facet normal 0.300704 -0.953718 0
    outer loop
      vertex -4.01874 1.04139 0.99
      vertex -3.04112 1.34963 1.5
      vertex -4.01874 1.04139 1.5
    endloop
  endfacet
  facet normal 0.300704 -0.953718 0
    outer loop
      vertex -3.04112 1.34963 1.5
      vertex -4.01874 1.04139 0.99
      vertex -3.04112 1.34963 0.99
    endloop
  endfacet
  facet normal -0.976286 0.216486 0
    outer loop
      vertex 11.3496 -13.0411 0.99
      vertex 11.5715 -12.0404 1.5
      vertex 11.5715 -12.0404 0.99
    endloop
  endfacet
  facet normal -0.976286 0.216486 0
    outer loop
      vertex 11.5715 -12.0404 1.5
      vertex 11.3496 -13.0411 0.99
      vertex 11.3496 -13.0411 1.5
    endloop
  endfacet
  facet normal 0.0436074 0.999049 -0
    outer loop
      vertex 0 -21.75 0.99
      vertex -1.02408 -21.7053 1.5
      vertex 0 -21.75 1.5
    endloop
  endfacet
  facet normal 0.0436074 0.999049 0
    outer loop
      vertex -1.02408 -21.7053 1.5
      vertex 0 -21.75 0.99
      vertex -1.02408 -21.7053 0.99
    endloop
  endfacet
  facet normal -0.216476 0.976288 0
    outer loop
      vertex 3.04112 -21.3496 0.99
      vertex 2.04037 -21.5715 1.5
      vertex 3.04112 -21.3496 1.5
    endloop
  endfacet
  facet normal -0.216476 0.976288 0
    outer loop
      vertex 2.04037 -21.5715 1.5
      vertex 3.04112 -21.3496 0.99
      vertex 2.04037 -21.5715 0.99
    endloop
  endfacet
  facet normal -0.38271 0.923869 0
    outer loop
      vertex 4.96576 -20.6491 0.99
      vertex 4.01874 -21.0414 1.5
      vertex 4.96576 -20.6491 1.5
    endloop
  endfacet
  facet normal -0.38271 0.923869 0
    outer loop
      vertex 4.01874 -21.0414 1.5
      vertex 4.96576 -20.6491 0.99
      vertex 4.01874 -21.0414 0.99
    endloop
  endfacet
  facet normal -0.737276 -0.675592 0
    outer loop
      vertex 9.00102 -2.44724 0.99
      vertex 8.3085 -1.69149 1.5
      vertex 8.3085 -1.69149 0.99
    endloop
  endfacet
  facet normal -0.737276 -0.675592 0
    outer loop
      vertex 8.3085 -1.69149 1.5
      vertex 9.00102 -2.44724 0.99
      vertex 9.00102 -2.44724 1.5
    endloop
  endfacet
  facet normal -0.461733 0.887019 0
    outer loop
      vertex 5.875 -20.1758 0.99
      vertex 4.96576 -20.6491 1.5
      vertex 5.875 -20.1758 1.5
    endloop
  endfacet
  facet normal -0.461733 0.887019 0
    outer loop
      vertex 4.96576 -20.6491 1.5
      vertex 5.875 -20.1758 0.99
      vertex 4.96576 -20.6491 0.99
    endloop
  endfacet
  facet normal 0.675581 0.737286 -0
    outer loop
      vertex -7.55275 -19.001 0.99
      vertex -8.3085 -18.3085 1.5
      vertex -7.55275 -19.001 1.5
    endloop
  endfacet
  facet normal 0.675581 0.737286 0
    outer loop
      vertex -8.3085 -18.3085 1.5
      vertex -7.55275 -19.001 0.99
      vertex -8.3085 -18.3085 0.99
    endloop
  endfacet
  facet normal 0.991445 0.130528 0
    outer loop
      vertex -11.5715 -12.0404 1.5
      vertex -11.7053 -11.0241 0.99
      vertex -11.7053 -11.0241 1.5
    endloop
  endfacet
  facet normal 0.991445 0.130528 0
    outer loop
      vertex -11.7053 -11.0241 0.99
      vertex -11.5715 -12.0404 1.5
      vertex -11.5715 -12.0404 0.99
    endloop
  endfacet
  facet normal 0.5373 -0.843391 0
    outer loop
      vertex -6.73952 -0.374963 0.99
      vertex -5.875 0.175798 1.5
      vertex -6.73952 -0.374963 1.5
    endloop
  endfacet
  facet normal 0.5373 -0.843391 0
    outer loop
      vertex -5.875 0.175798 1.5
      vertex -6.73952 -0.374963 0.99
      vertex -5.875 0.175798 0.99
    endloop
  endfacet
  facet normal 0.843391 -0.5373 0
    outer loop
      vertex -10.1758 -4.125 1.5
      vertex -9.62504 -3.26048 0.99
      vertex -9.62504 -3.26048 1.5
    endloop
  endfacet
  facet normal 0.843391 -0.5373 0
    outer loop
      vertex -9.62504 -3.26048 0.99
      vertex -10.1758 -4.125 1.5
      vertex -10.1758 -4.125 0.99
    endloop
  endfacet
  facet normal 0.887019 -0.461733 0
    outer loop
      vertex -10.6491 -5.03424 1.5
      vertex -10.1758 -4.125 0.99
      vertex -10.1758 -4.125 1.5
    endloop
  endfacet
  facet normal 0.887019 -0.461733 0
    outer loop
      vertex -10.1758 -4.125 0.99
      vertex -10.6491 -5.03424 1.5
      vertex -10.6491 -5.03424 0.99
    endloop
  endfacet
  facet normal 0.793354 -0.608761 0
    outer loop
      vertex -9.62504 -3.26048 1.5
      vertex -9.00102 -2.44724 0.99
      vertex -9.00102 -2.44724 1.5
    endloop
  endfacet
  facet normal 0.793354 -0.608761 0
    outer loop
      vertex -9.00102 -2.44724 0.99
      vertex -9.62504 -3.26048 1.5
      vertex -9.62504 -3.26048 0.99
    endloop
  endfacet
  facet normal -0.70677 -0.0308372 -0.70677
    outer loop
      vertex 12.692 -8.89987 0
      vertex 12.74 -10 0
      vertex 11.75 -10 0.99
    endloop
  endfacet
  facet normal -0.326665 -0.627509 -0.706769
    outer loop
      vertex 6.37 1.03316 0
      vertex 5.875 0.175798 0.99
      vertex 5.39325 1.54163 0
    endloop
  endfacet
  facet normal -0.596645 0.380098 -0.706781
    outer loop
      vertex 11.0277 -16.3786 0
      vertex 10.436 -17.3074 0
      vertex 9.62504 -16.7395 0.99
    endloop
  endfacet
  facet normal 0.0923382 -0.701392 -0.706769
    outer loop
      vertex -1.11036 2.69152 0
      vertex -1.02408 1.70529 0.99
      vertex -2.20212 2.54779 0
    endloop
  endfacet
  facet normal -0.701404 0.0923255 -0.70676
    outer loop
      vertex 12.6915 -11.1104 0
      vertex 12.5478 -12.2021 0
      vertex 11.7053 -11.0241 0.99
    endloop
  endfacet
  facet normal 0.653573 -0.270741 -0.706782
    outer loop
      vertex -11.5503 -4.62531 0
      vertex -10.6491 -5.03424 0.99
      vertex -11.0414 -5.98126 0.99
    endloop
  endfacet
  facet normal 0.654155 -0.269399 -0.706757
    outer loop
      vertex -10.6491 -5.03424 0.99
      vertex -11.5503 -4.62531 0
      vertex -11.5464 -4.61584 0
    endloop
  endfacet
  facet normal 0.701405 -0.0923206 -0.706759
    outer loop
      vertex -12.5478 -7.79788 0
      vertex -11.7053 -8.97592 0.99
      vertex -12.6915 -8.88964 0
    endloop
  endfacet
  facet normal -0.690664 0.153088 -0.706786
    outer loop
      vertex 12.5442 -12.2223 0
      vertex 12.3059 -13.2974 0
      vertex 11.3496 -13.0411 0.99
    endloop
  endfacet
  facet normal 0.47794 -0.521584 -0.706769
    outer loop
      vertex -8.3085 -1.69149 0.99
      vertex -9.00098 -0.984534 0
      vertex -7.55275 -0.998978 0.99
    endloop
  endfacet
  facet normal 0.477851 -0.521669 -0.706767
    outer loop
      vertex -9.00098 -0.984534 0
      vertex -8.3085 -1.69149 0.99
      vertex -9.00854 -0.991459 0
    endloop
  endfacet
  facet normal 0.627518 -0.326624 -0.70678
    outer loop
      vertex -11.0332 -3.63 0
      vertex -10.1758 -4.125 0.99
      vertex -11.5416 -4.60675 0
    endloop
  endfacet
  facet normal -0.596 0.381162 -0.706753
    outer loop
      vertex 11.0277 -16.3786 0
      vertex 10.1758 -15.875 0.99
      vertex 11.0332 -16.37 0
    endloop
  endfacet
  facet normal -0.596644 0.380113 -0.706774
    outer loop
      vertex 10.1758 -15.875 0.99
      vertex 11.0277 -16.3786 0
      vertex 9.62504 -16.7395 0.99
    endloop
  endfacet
  facet normal -0.706763 -0.0308495 -0.706777
    outer loop
      vertex 11.7053 -8.97592 0.99
      vertex 12.692 -8.89987 0
      vertex 11.75 -10 0.99
    endloop
  endfacet
  facet normal -0.706536 -0.0345326 -0.706834
    outer loop
      vertex 12.692 -8.89987 0
      vertex 11.7053 -8.97592 0.99
      vertex 12.6915 -8.88964 0
    endloop
  endfacet
  facet normal -0.653573 -0.270741 -0.706782
    outer loop
      vertex 10.6491 -5.03424 0.99
      vertex 11.5503 -4.62531 0
      vertex 11.0414 -5.98126 0.99
    endloop
  endfacet
  facet normal -0.654155 -0.269399 -0.706757
    outer loop
      vertex 11.5503 -4.62531 0
      vertex 10.6491 -5.03424 0.99
      vertex 11.5464 -4.61584 0
    endloop
  endfacet
  facet normal 0.270741 0.653573 -0.706782
    outer loop
      vertex -5.37469 -21.5503 0
      vertex -4.96576 -20.6491 0.99
      vertex -4.01874 -21.0414 0.99
    endloop
  endfacet
  facet normal 0.269399 0.654155 -0.706757
    outer loop
      vertex -4.96576 -20.6491 0.99
      vertex -5.37469 -21.5503 0
      vertex -5.38416 -21.5464 0
    endloop
  endfacet
  facet normal -0.62435 0.332987 -0.706617
    outer loop
      vertex 11.5416 -15.3932 0
      vertex 10.6491 -14.9658 0.99
      vertex 11.5464 -15.3842 0
    endloop
  endfacet
  facet normal -0.627525 0.326669 -0.706752
    outer loop
      vertex 10.6491 -14.9658 0.99
      vertex 11.5416 -15.3932 0
      vertex 10.1758 -15.875 0.99
    endloop
  endfacet
  facet normal 0.0308568 -0.70677 -0.70677
    outer loop
      vertex 0 2.74 0
      vertex 0 1.75 0.99
      vertex -1.10012 2.69197 0
    endloop
  endfacet
  facet normal -0.429017 0.562566 -0.706727
    outer loop
      vertex 8.18098 -19.7656 0
      vertex 7.55275 -19.001 0.99
      vertex 8.18911 -19.7594 0
    endloop
  endfacet
  facet normal -0.430662 0.561262 -0.706764
    outer loop
      vertex 7.55275 -19.001 0.99
      vertex 8.18098 -19.7656 0
      vertex 6.73952 -19.625 0.99
    endloop
  endfacet
  facet normal 0.153114 -0.690674 -0.706771
    outer loop
      vertex -2.22228 2.54423 0
      vertex -3.04112 1.34963 0.99
      vertex -3.29735 2.3059 0
    endloop
  endfacet
  facet normal 0.326624 0.627518 -0.70678
    outer loop
      vertex -5.875 -20.1758 0.99
      vertex -5.39325 -21.5416 0
      vertex -6.37 -21.0332 0
    endloop
  endfacet
  facet normal -0.153114 -0.690674 -0.706771
    outer loop
      vertex 3.29735 2.3059 0
      vertex 3.04112 1.34963 0.99
      vertex 2.22228 2.54423 0
    endloop
  endfacet
  facet normal 0.561253 -0.430664 -0.70677
    outer loop
      vertex -9.76565 -1.81902 0
      vertex -9.00102 -2.44724 0.99
      vertex -9.62504 -3.26048 0.99
    endloop
  endfacet
  facet normal 0.561197 -0.430734 -0.706772
    outer loop
      vertex -9.00102 -2.44724 0.99
      vertex -9.76565 -1.81902 0
      vertex -9.75941 -1.81089 0
    endloop
  endfacet
  facet normal 0.706552 0.0342986 -0.70683
    outer loop
      vertex -12.692 -11.1001 0
      vertex -11.7053 -11.0241 0.99
      vertex -12.6915 -11.1104 0
    endloop
  endfacet
  facet normal 0.706764 0.0308489 -0.706776
    outer loop
      vertex -11.7053 -11.0241 0.99
      vertex -12.692 -11.1001 0
      vertex -11.75 -10 0.99
    endloop
  endfacet
  facet normal 0.0923417 0.70139 -0.706771
    outer loop
      vertex -2.20212 -22.5478 0
      vertex -2.04037 -21.5715 0.99
      vertex -1.02408 -21.7053 0.99
    endloop
  endfacet
  facet normal 0.0897929 0.701766 -0.706726
    outer loop
      vertex -2.04037 -21.5715 0.99
      vertex -2.20212 -22.5478 0
      vertex -2.21228 -22.5465 0
    endloop
  endfacet
  facet normal -0.70677 0.0308381 -0.70677
    outer loop
      vertex 12.74 -10 0
      vertex 12.692 -11.1001 0
      vertex 11.75 -10 0.99
    endloop
  endfacet
  facet normal -0.212732 -0.6747 -0.706771
    outer loop
      vertex 3.29735 2.3059 0
      vertex 4.34756 1.97477 0
      vertex 3.04112 1.34963 0.99
    endloop
  endfacet
  facet normal -0.701405 -0.0923206 -0.706759
    outer loop
      vertex 12.5478 -7.79788 0
      vertex 12.6915 -8.88964 0
      vertex 11.7053 -8.97592 0.99
    endloop
  endfacet
  facet normal -0.477924 0.521592 -0.706775
    outer loop
      vertex 9.00098 -19.0155 0
      vertex 8.18911 -19.7594 0
      vertex 7.55275 -19.001 0.99
    endloop
  endfacet
  facet normal 0.70677 0.0308381 -0.70677
    outer loop
      vertex -11.75 -10 0.99
      vertex -12.692 -11.1001 0
      vertex -12.74 -10 0
    endloop
  endfacet
  facet normal -0.330376 0.62565 -0.706692
    outer loop
      vertex 4.96576 -20.6491 0.99
      vertex 5.39325 -21.5416 0
      vertex 5.38416 -21.5464 0
    endloop
  endfacet
  facet normal -0.326651 0.627518 -0.706768
    outer loop
      vertex 5.39325 -21.5416 0
      vertex 4.96576 -20.6491 0.99
      vertex 5.875 -20.1758 0.99
    endloop
  endfacet
  facet normal 0.690683 0.153155 -0.706754
    outer loop
      vertex -12.5442 -12.2223 0
      vertex -11.5715 -12.0404 0.99
      vertex -11.3496 -13.0411 0.99
    endloop
  endfacet
  facet normal 0.689559 0.158599 -0.70665
    outer loop
      vertex -11.5715 -12.0404 0.99
      vertex -12.5442 -12.2223 0
      vertex -12.5465 -12.2123 0
    endloop
  endfacet
  facet normal -0.690668 -0.153093 -0.706782
    outer loop
      vertex 12.3059 -6.70264 0
      vertex 12.5442 -7.77771 0
      vertex 11.3496 -6.95888 0.99
    endloop
  endfacet
  facet normal 0.37989 0.596772 -0.706786
    outer loop
      vertex -6.37864 -21.0277 0
      vertex -5.875 -20.1758 0.99
      vertex -6.37 -21.0332 0
    endloop
  endfacet
  facet normal 0.380123 0.59663 -0.706781
    outer loop
      vertex -5.875 -20.1758 0.99
      vertex -6.37864 -21.0277 0
      vertex -6.73952 -19.625 0.99
    endloop
  endfacet
  facet normal 0.0308567 -0.70677 -0.70677
    outer loop
      vertex -1.02408 1.70529 0.99
      vertex -1.10012 2.69197 0
      vertex 0 1.75 0.99
    endloop
  endfacet
  facet normal 0.0310587 -0.706758 -0.706773
    outer loop
      vertex -1.10012 2.69197 0
      vertex -1.02408 1.70529 0.99
      vertex -1.11036 2.69152 0
    endloop
  endfacet
  facet normal 0.653591 -0.270726 -0.706771
    outer loop
      vertex -11.5503 -4.62531 0
      vertex -11.0414 -5.98126 0.99
      vertex -11.9717 -5.64266 0
    endloop
  endfacet
  facet normal -0.561253 -0.430664 -0.70677
    outer loop
      vertex 9.76565 -1.81902 0
      vertex 10.436 -2.69264 0
      vertex 9.62504 -3.26048 0.99
    endloop
  endfacet
  facet normal 0.153094 0.690668 -0.706781
    outer loop
      vertex -3.04112 -21.3496 0.99
      vertex -2.22228 -22.5442 0
      vertex -3.29735 -22.3059 0
    endloop
  endfacet
  facet normal 0.270727 -0.653594 -0.706768
    outer loop
      vertex -4.35734 1.97168 0
      vertex -4.01874 1.04139 0.99
      vertex -5.37469 1.55028 0
    endloop
  endfacet
  facet normal -0.560414 0.431726 -0.706788
    outer loop
      vertex 9.00102 -17.5528 0.99
      vertex 9.76565 -18.181 0
      vertex 9.75941 -18.1891 0
    endloop
  endfacet
  facet normal -0.561272 0.430647 -0.706765
    outer loop
      vertex 9.76565 -18.181 0
      vertex 9.00102 -17.5528 0.99
      vertex 9.62504 -16.7395 0.99
    endloop
  endfacet
  facet normal -0.701819 0.0894476 -0.706717
    outer loop
      vertex 11.5715 -12.0404 0.99
      vertex 12.5478 -12.2021 0
      vertex 12.5465 -12.2123 0
    endloop
  endfacet
  facet normal -0.701392 0.0923411 -0.706769
    outer loop
      vertex 12.5478 -12.2021 0
      vertex 11.5715 -12.0404 0.99
      vertex 11.7053 -11.0241 0.99
    endloop
  endfacet
  facet normal -0.561238 0.430662 -0.706783
    outer loop
      vertex 10.436 -17.3074 0
      vertex 9.76565 -18.181 0
      vertex 9.62504 -16.7395 0.99
    endloop
  endfacet
  facet normal 0.674694 -0.212713 -0.706783
    outer loop
      vertex -11.9748 -5.65244 0
      vertex -11.3496 -6.95888 0.99
      vertex -12.3059 -6.70264 0
    endloop
  endfacet
  facet normal 0.701819 0.0894476 -0.706717
    outer loop
      vertex -12.5478 -12.2021 0
      vertex -11.5715 -12.0404 0.99
      vertex -12.5465 -12.2123 0
    endloop
  endfacet
  facet normal 0.701392 0.0923411 -0.706769
    outer loop
      vertex -11.5715 -12.0404 0.99
      vertex -12.5478 -12.2021 0
      vertex -11.7053 -11.0241 0.99
    endloop
  endfacet
  facet normal -0.674694 -0.212713 -0.706783
    outer loop
      vertex 11.9748 -5.65244 0
      vertex 12.3059 -6.70264 0
      vertex 11.3496 -6.95888 0.99
    endloop
  endfacet
  facet normal -0.674703 -0.212704 -0.706777
    outer loop
      vertex 11.0414 -5.98126 0.99
      vertex 11.9748 -5.65244 0
      vertex 11.3496 -6.95888 0.99
    endloop
  endfacet
  facet normal -0.674353 -0.213752 -0.706795
    outer loop
      vertex 11.9748 -5.65244 0
      vertex 11.0414 -5.98126 0.99
      vertex 11.9717 -5.64266 0
    endloop
  endfacet
  facet normal -0.653591 -0.270726 -0.706771
    outer loop
      vertex 11.5503 -4.62531 0
      vertex 11.9717 -5.64266 0
      vertex 11.0414 -5.98126 0.99
    endloop
  endfacet
  facet normal 0.326553 -0.627562 -0.706774
    outer loop
      vertex -4.96576 0.649116 0.99
      vertex -5.39325 1.54163 0
      vertex -5.38416 1.54636 0
    endloop
  endfacet
  facet normal 0.326659 -0.627509 -0.706772
    outer loop
      vertex -5.39325 1.54163 0
      vertex -4.96576 0.649116 0.99
      vertex -5.875 0.175798 0.99
    endloop
  endfacet
  facet normal -0.689559 0.158599 -0.70665
    outer loop
      vertex 12.5442 -12.2223 0
      vertex 11.5715 -12.0404 0.99
      vertex 12.5465 -12.2123 0
    endloop
  endfacet
  facet normal -0.690683 0.153155 -0.706754
    outer loop
      vertex 11.5715 -12.0404 0.99
      vertex 12.5442 -12.2223 0
      vertex 11.3496 -13.0411 0.99
    endloop
  endfacet
  facet normal -0.37989 0.596772 -0.706786
    outer loop
      vertex 5.875 -20.1758 0.99
      vertex 6.37864 -21.0277 0
      vertex 6.37 -21.0332 0
    endloop
  endfacet
  facet normal -0.380123 0.59663 -0.706781
    outer loop
      vertex 6.37864 -21.0277 0
      vertex 5.875 -20.1758 0.99
      vertex 6.73952 -19.625 0.99
    endloop
  endfacet
  facet normal 0.653596 0.270715 -0.706772
    outer loop
      vertex -11.0414 -14.0187 0.99
      vertex -11.5503 -15.3747 0
      vertex -11.9717 -14.3573 0
    endloop
  endfacet
  facet normal -0.326624 0.627518 -0.70678
    outer loop
      vertex 5.875 -20.1758 0.99
      vertex 6.37 -21.0332 0
      vertex 5.39325 -21.5416 0
    endloop
  endfacet
  facet normal 0.158598 0.689559 -0.706651
    outer loop
      vertex -2.22228 -22.5442 0
      vertex -2.04037 -21.5715 0.99
      vertex -2.21228 -22.5465 0
    endloop
  endfacet
  facet normal 0.153148 0.690684 -0.706755
    outer loop
      vertex -2.04037 -21.5715 0.99
      vertex -2.22228 -22.5442 0
      vertex -3.04112 -21.3496 0.99
    endloop
  endfacet
  facet normal -0.380109 -0.596651 -0.70677
    outer loop
      vertex 5.875 0.175798 0.99
      vertex 6.37864 1.02766 0
      vertex 6.73952 -0.374963 0.99
    endloop
  endfacet
  facet normal -0.379896 -0.596782 -0.706775
    outer loop
      vertex 6.37864 1.02766 0
      vertex 5.875 0.175798 0.99
      vertex 6.37 1.03316 0
    endloop
  endfacet
  facet normal 0.690668 -0.153093 -0.706782
    outer loop
      vertex -12.3059 -6.70264 0
      vertex -11.3496 -6.95888 0.99
      vertex -12.5442 -7.77771 0
    endloop
  endfacet
  facet normal 0.430664 -0.561251 -0.706771
    outer loop
      vertex -7.55275 -0.998978 0.99
      vertex -8.18098 -0.234353 0
      vertex -6.73952 -0.374963 0.99
    endloop
  endfacet
  facet normal 0.430734 -0.561196 -0.706772
    outer loop
      vertex -8.18098 -0.234353 0
      vertex -7.55275 -0.998978 0.99
      vertex -8.18911 -0.240593 0
    endloop
  endfacet
  facet normal -0.0308568 -0.70677 -0.70677
    outer loop
      vertex 0 2.74 0
      vertex 1.10012 2.69197 0
      vertex 0 1.75 0.99
    endloop
  endfacet
  facet normal -0.430677 0.561229 -0.706781
    outer loop
      vertex 8.18098 -19.7656 0
      vertex 7.30736 -20.436 0
      vertex 6.73952 -19.625 0.99
    endloop
  endfacet
  facet normal -0.326659 -0.627509 -0.706772
    outer loop
      vertex 4.96576 0.649116 0.99
      vertex 5.39325 1.54163 0
      vertex 5.875 0.175798 0.99
    endloop
  endfacet
  facet normal -0.326553 -0.627562 -0.706774
    outer loop
      vertex 5.39325 1.54163 0
      vertex 4.96576 0.649116 0.99
      vertex 5.38416 1.54636 0
    endloop
  endfacet
  facet normal -0.0923206 0.701405 -0.706759
    outer loop
      vertex 2.20212 -22.5478 0
      vertex 1.11036 -22.6915 0
      vertex 1.02408 -21.7053 0.99
    endloop
  endfacet
  facet normal -0.477941 -0.521582 -0.70677
    outer loop
      vertex 8.18911 -0.240593 0
      vertex 9.00098 -0.984534 0
      vertex 7.55275 -0.998978 0.99
    endloop
  endfacet
  facet normal -0.627525 0.326611 -0.70678
    outer loop
      vertex 11.5416 -15.3932 0
      vertex 11.0332 -16.37 0
      vertex 10.1758 -15.875 0.99
    endloop
  endfacet
  facet normal 0.521581 -0.477944 -0.706769
    outer loop
      vertex -9.01546 -0.999016 0
      vertex -9.00102 -2.44724 0.99
      vertex -9.75941 -1.81089 0
    endloop
  endfacet
  facet normal 0.561253 -0.430664 -0.70677
    outer loop
      vertex -9.76565 -1.81902 0
      vertex -9.62504 -3.26048 0.99
      vertex -10.436 -2.69264 0
    endloop
  endfacet
  facet normal -0.689589 -0.158447 -0.706655
    outer loop
      vertex 11.5715 -7.95963 0.99
      vertex 12.5442 -7.77771 0
      vertex 12.5465 -7.78772 0
    endloop
  endfacet
  facet normal -0.690683 -0.153148 -0.706755
    outer loop
      vertex 12.5442 -7.77771 0
      vertex 11.5715 -7.95963 0.99
      vertex 11.3496 -6.95888 0.99
    endloop
  endfacet
  facet normal -0.70139 -0.0923417 -0.706771
    outer loop
      vertex 11.5715 -7.95963 0.99
      vertex 12.5478 -7.79788 0
      vertex 11.7053 -8.97592 0.99
    endloop
  endfacet
  facet normal -0.701766 -0.0897929 -0.706726
    outer loop
      vertex 12.5478 -7.79788 0
      vertex 11.5715 -7.95963 0.99
      vertex 12.5465 -7.78772 0
    endloop
  endfacet
  facet normal -0.627518 -0.326624 -0.70678
    outer loop
      vertex 11.0332 -3.63 0
      vertex 11.5416 -4.60675 0
      vertex 10.1758 -4.125 0.99
    endloop
  endfacet
  facet normal -0.62565 -0.330376 -0.706692
    outer loop
      vertex 10.6491 -5.03424 0.99
      vertex 11.5416 -4.60675 0
      vertex 11.5464 -4.61584 0
    endloop
  endfacet
  facet normal -0.627518 -0.326651 -0.706768
    outer loop
      vertex 11.5416 -4.60675 0
      vertex 10.6491 -5.03424 0.99
      vertex 10.1758 -4.125 0.99
    endloop
  endfacet
  facet normal -0.596772 -0.37989 -0.706786
    outer loop
      vertex 10.1758 -4.125 0.99
      vertex 11.0277 -3.62136 0
      vertex 11.0332 -3.63 0
    endloop
  endfacet
  facet normal -0.596642 -0.380103 -0.706782
    outer loop
      vertex 11.0277 -3.62136 0
      vertex 10.1758 -4.125 0.99
      vertex 9.62504 -3.26048 0.99
    endloop
  endfacet
  facet normal 0.0308495 0.706763 -0.706777
    outer loop
      vertex -1.10012 -22.692 0
      vertex -1.02408 -21.7053 0.99
      vertex 0 -21.75 0.99
    endloop
  endfacet
  facet normal 0.034499 0.706539 -0.706833
    outer loop
      vertex -1.02408 -21.7053 0.99
      vertex -1.10012 -22.692 0
      vertex -1.11036 -22.6915 0
    endloop
  endfacet
  facet normal 0.430664 -0.561253 -0.70677
    outer loop
      vertex -7.30736 0.435997 0
      vertex -6.73952 -0.374963 0.99
      vertex -8.18098 -0.234353 0
    endloop
  endfacet
  facet normal 0.0923206 0.701405 -0.706759
    outer loop
      vertex -1.02408 -21.7053 0.99
      vertex -1.11036 -22.6915 0
      vertex -2.20212 -22.5478 0
    endloop
  endfacet
  facet normal 0.596645 0.380098 -0.706781
    outer loop
      vertex -9.62504 -16.7395 0.99
      vertex -10.436 -17.3074 0
      vertex -11.0277 -16.3786 0
    endloop
  endfacet
  facet normal -0.380111 -0.596651 -0.70677
    outer loop
      vertex 7.30736 0.435997 0
      vertex 6.73952 -0.374963 0.99
      vertex 6.37864 1.02766 0
    endloop
  endfacet
  facet normal 0.690683 -0.153148 -0.706755
    outer loop
      vertex -11.5715 -7.95963 0.99
      vertex -12.5442 -7.77771 0
      vertex -11.3496 -6.95888 0.99
    endloop
  endfacet
  facet normal 0.689589 -0.158447 -0.706655
    outer loop
      vertex -12.5442 -7.77771 0
      vertex -11.5715 -7.95963 0.99
      vertex -12.5465 -7.78772 0
    endloop
  endfacet
  facet normal -0.706552 0.0342986 -0.70683
    outer loop
      vertex 11.7053 -11.0241 0.99
      vertex 12.692 -11.1001 0
      vertex 12.6915 -11.1104 0
    endloop
  endfacet
  facet normal -0.706764 0.0308489 -0.706776
    outer loop
      vertex 12.692 -11.1001 0
      vertex 11.7053 -11.0241 0.99
      vertex 11.75 -10 0.99
    endloop
  endfacet
  facet normal 0.477924 0.521592 -0.706775
    outer loop
      vertex -7.55275 -19.001 0.99
      vertex -8.18911 -19.7594 0
      vertex -9.00098 -19.0155 0
    endloop
  endfacet
  facet normal 0.673811 0.215342 -0.706829
    outer loop
      vertex -11.9748 -14.3476 0
      vertex -11.0414 -14.0187 0.99
      vertex -11.9717 -14.3573 0
    endloop
  endfacet
  facet normal 0.674693 0.212705 -0.706785
    outer loop
      vertex -11.0414 -14.0187 0.99
      vertex -11.9748 -14.3476 0
      vertex -11.3496 -13.0411 0.99
    endloop
  endfacet
  facet normal 0.477941 -0.521582 -0.70677
    outer loop
      vertex -8.18911 -0.240593 0
      vertex -7.55275 -0.998978 0.99
      vertex -9.00098 -0.984534 0
    endloop
  endfacet
  facet normal 0.212732 -0.6747 -0.706771
    outer loop
      vertex -3.29735 2.3059 0
      vertex -3.04112 1.34963 0.99
      vertex -4.34756 1.97477 0
    endloop
  endfacet
  facet normal -0.477851 -0.521669 -0.706767
    outer loop
      vertex 8.3085 -1.69149 0.99
      vertex 9.00098 -0.984534 0
      vertex 9.00854 -0.991459 0
    endloop
  endfacet
  facet normal -0.47794 -0.521584 -0.706769
    outer loop
      vertex 9.00098 -0.984534 0
      vertex 8.3085 -1.69149 0.99
      vertex 7.55275 -0.998978 0.99
    endloop
  endfacet
  facet normal -0.153094 0.690668 -0.706781
    outer loop
      vertex 3.04112 -21.3496 0.99
      vertex 3.29735 -22.3059 0
      vertex 2.22228 -22.5442 0
    endloop
  endfacet
  facet normal 0.627518 -0.326651 -0.706768
    outer loop
      vertex -10.6491 -5.03424 0.99
      vertex -11.5416 -4.60675 0
      vertex -10.1758 -4.125 0.99
    endloop
  endfacet
  facet normal 0.62565 -0.330376 -0.706692
    outer loop
      vertex -11.5416 -4.60675 0
      vertex -10.6491 -5.03424 0.99
      vertex -11.5464 -4.61584 0
    endloop
  endfacet
  facet normal 0.330376 0.62565 -0.706692
    outer loop
      vertex -5.39325 -21.5416 0
      vertex -4.96576 -20.6491 0.99
      vertex -5.38416 -21.5464 0
    endloop
  endfacet
  facet normal 0.326651 0.627518 -0.706768
    outer loop
      vertex -4.96576 -20.6491 0.99
      vertex -5.39325 -21.5416 0
      vertex -5.875 -20.1758 0.99
    endloop
  endfacet
  facet normal 0.690664 0.153088 -0.706786
    outer loop
      vertex -11.3496 -13.0411 0.99
      vertex -12.3059 -13.2974 0
      vertex -12.5442 -12.2223 0
    endloop
  endfacet
  facet normal 0.674703 -0.212704 -0.706777
    outer loop
      vertex -11.9748 -5.65244 0
      vertex -11.0414 -5.98126 0.99
      vertex -11.3496 -6.95888 0.99
    endloop
  endfacet
  facet normal 0.674353 -0.213752 -0.706795
    outer loop
      vertex -11.0414 -5.98126 0.99
      vertex -11.9748 -5.65244 0
      vertex -11.9717 -5.64266 0
    endloop
  endfacet
  facet normal 0.0923417 -0.70139 -0.706771
    outer loop
      vertex -2.04037 1.57149 0.99
      vertex -2.20212 2.54779 0
      vertex -1.02408 1.70529 0.99
    endloop
  endfacet
  facet normal 0.092503 -0.701366 -0.706774
    outer loop
      vertex -2.20212 2.54779 0
      vertex -2.04037 1.57149 0.99
      vertex -2.21228 2.54645 0
    endloop
  endfacet
  facet normal -0.673811 0.215342 -0.706829
    outer loop
      vertex 11.0414 -14.0187 0.99
      vertex 11.9748 -14.3476 0
      vertex 11.9717 -14.3573 0
    endloop
  endfacet
  facet normal -0.674693 0.212705 -0.706785
    outer loop
      vertex 11.9748 -14.3476 0
      vertex 11.0414 -14.0187 0.99
      vertex 11.3496 -13.0411 0.99
    endloop
  endfacet
  facet normal -0.213752 0.674353 -0.706795
    outer loop
      vertex 4.34756 -21.9748 0
      vertex 4.01874 -21.0414 0.99
      vertex 4.35734 -21.9717 0
    endloop
  endfacet
  facet normal -0.212704 0.674703 -0.706777
    outer loop
      vertex 4.01874 -21.0414 0.99
      vertex 4.34756 -21.9748 0
      vertex 3.04112 -21.3496 0.99
    endloop
  endfacet
  facet normal 0.380111 -0.596651 -0.70677
    outer loop
      vertex -6.37864 1.02766 0
      vertex -6.73952 -0.374963 0.99
      vertex -7.30736 0.435997 0
    endloop
  endfacet
  facet normal 0.596642 -0.380103 -0.706782
    outer loop
      vertex -10.1758 -4.125 0.99
      vertex -11.0277 -3.62136 0
      vertex -9.62504 -3.26048 0.99
    endloop
  endfacet
  facet normal 0.596772 -0.37989 -0.706786
    outer loop
      vertex -11.0277 -3.62136 0
      vertex -10.1758 -4.125 0.99
      vertex -11.0332 -3.63 0
    endloop
  endfacet
  facet normal -0.21313 -0.674568 -0.706777
    outer loop
      vertex 4.01874 1.04139 0.99
      vertex 4.34756 1.97477 0
      vertex 4.35734 1.97168 0
    endloop
  endfacet
  facet normal -0.212731 -0.674701 -0.70677
    outer loop
      vertex 4.34756 1.97477 0
      vertex 4.01874 1.04139 0.99
      vertex 3.04112 1.34963 0.99
    endloop
  endfacet
  facet normal 0.270726 0.653591 -0.706771
    outer loop
      vertex -4.01874 -21.0414 0.99
      vertex -4.35734 -21.9717 0
      vertex -5.37469 -21.5503 0
    endloop
  endfacet
  facet normal -0.59664 -0.380127 -0.70677
    outer loop
      vertex 10.436 -2.69264 0
      vertex 11.0277 -3.62136 0
      vertex 9.62504 -3.26048 0.99
    endloop
  endfacet
  facet normal -0.654471 0.268678 -0.706739
    outer loop
      vertex 10.6491 -14.9658 0.99
      vertex 11.5503 -15.3747 0
      vertex 11.5464 -15.3842 0
    endloop
  endfacet
  facet normal -0.653586 0.270723 -0.706778
    outer loop
      vertex 11.5503 -15.3747 0
      vertex 10.6491 -14.9658 0.99
      vertex 11.0414 -14.0187 0.99
    endloop
  endfacet
  facet normal 0.70677 -0.0308372 -0.70677
    outer loop
      vertex -12.692 -8.89987 0
      vertex -11.75 -10 0.99
      vertex -12.74 -10 0
    endloop
  endfacet
  facet normal -0.430734 -0.561196 -0.706772
    outer loop
      vertex 7.55275 -0.998978 0.99
      vertex 8.18098 -0.234353 0
      vertex 8.18911 -0.240593 0
    endloop
  endfacet
  facet normal -0.430664 -0.561251 -0.706771
    outer loop
      vertex 8.18098 -0.234353 0
      vertex 7.55275 -0.998978 0.99
      vertex 6.73952 -0.374963 0.99
    endloop
  endfacet
  facet normal 0.153321 -0.690634 -0.706766
    outer loop
      vertex -2.04037 1.57149 0.99
      vertex -2.22228 2.54423 0
      vertex -2.21228 2.54645 0
    endloop
  endfacet
  facet normal 0.153118 -0.690675 -0.706769
    outer loop
      vertex -2.22228 2.54423 0
      vertex -2.04037 1.57149 0.99
      vertex -3.04112 1.34963 0.99
    endloop
  endfacet
  facet normal 0.212704 0.674703 -0.706777
    outer loop
      vertex -4.34756 -21.9748 0
      vertex -4.01874 -21.0414 0.99
      vertex -3.04112 -21.3496 0.99
    endloop
  endfacet
  facet normal 0.213752 0.674353 -0.706795
    outer loop
      vertex -4.01874 -21.0414 0.99
      vertex -4.34756 -21.9748 0
      vertex -4.35734 -21.9717 0
    endloop
  endfacet
  facet normal -0.0897929 0.701766 -0.706726
    outer loop
      vertex 2.20212 -22.5478 0
      vertex 2.04037 -21.5715 0.99
      vertex 2.21228 -22.5465 0
    endloop
  endfacet
  facet normal -0.0923417 0.70139 -0.706771
    outer loop
      vertex 2.04037 -21.5715 0.99
      vertex 2.20212 -22.5478 0
      vertex 1.02408 -21.7053 0.99
    endloop
  endfacet
  facet normal 0.430677 0.561229 -0.706781
    outer loop
      vertex -6.73952 -19.625 0.99
      vertex -7.30736 -20.436 0
      vertex -8.18098 -19.7656 0
    endloop
  endfacet
  facet normal -0.0308375 0.70677 -0.70677
    outer loop
      vertex 0 -21.75 0.99
      vertex 1.10012 -22.692 0
      vertex 0 -22.74 0
    endloop
  endfacet
  facet normal -0.034499 0.706539 -0.706833
    outer loop
      vertex 1.10012 -22.692 0
      vertex 1.02408 -21.7053 0.99
      vertex 1.11036 -22.6915 0
    endloop
  endfacet
  facet normal -0.0308495 0.706763 -0.706777
    outer loop
      vertex 1.02408 -21.7053 0.99
      vertex 1.10012 -22.692 0
      vertex 0 -21.75 0.99
    endloop
  endfacet
  facet normal 0.59664 -0.380127 -0.70677
    outer loop
      vertex -10.436 -2.69264 0
      vertex -9.62504 -3.26048 0.99
      vertex -11.0277 -3.62136 0
    endloop
  endfacet
  facet normal 0.627525 0.326611 -0.70678
    outer loop
      vertex -10.1758 -15.875 0.99
      vertex -11.0332 -16.37 0
      vertex -11.5416 -15.3932 0
    endloop
  endfacet
  facet normal 0.706763 -0.0308495 -0.706777
    outer loop
      vertex -12.692 -8.89987 0
      vertex -11.7053 -8.97592 0.99
      vertex -11.75 -10 0.99
    endloop
  endfacet
  facet normal 0.706536 -0.0345326 -0.706834
    outer loop
      vertex -11.7053 -8.97592 0.99
      vertex -12.692 -8.89987 0
      vertex -12.6915 -8.88964 0
    endloop
  endfacet
  facet normal -0.0923382 -0.701392 -0.706769
    outer loop
      vertex 1.11036 2.69152 0
      vertex 2.20212 2.54779 0
      vertex 1.02408 1.70529 0.99
    endloop
  endfacet
  facet normal -0.0310587 -0.706758 -0.706773
    outer loop
      vertex 1.02408 1.70529 0.99
      vertex 1.10012 2.69197 0
      vertex 1.11036 2.69152 0
    endloop
  endfacet
  facet normal -0.0308567 -0.70677 -0.70677
    outer loop
      vertex 1.10012 2.69197 0
      vertex 1.02408 1.70529 0.99
      vertex 0 1.75 0.99
    endloop
  endfacet
  facet normal 0.560414 0.431726 -0.706788
    outer loop
      vertex -9.76565 -18.181 0
      vertex -9.00102 -17.5528 0.99
      vertex -9.75941 -18.1891 0
    endloop
  endfacet
  facet normal 0.561272 0.430647 -0.706765
    outer loop
      vertex -9.00102 -17.5528 0.99
      vertex -9.76565 -18.181 0
      vertex -9.62504 -16.7395 0.99
    endloop
  endfacet
  facet normal -0.521597 0.477944 -0.706757
    outer loop
      vertex 9.75941 -18.1891 0
      vertex 9.01546 -19.001 0
      vertex 9.00102 -17.5528 0.99
    endloop
  endfacet
  facet normal 0.521597 0.477944 -0.706757
    outer loop
      vertex -9.00102 -17.5528 0.99
      vertex -9.01546 -19.001 0
      vertex -9.75941 -18.1891 0
    endloop
  endfacet
  facet normal 0.654471 0.268678 -0.706739
    outer loop
      vertex -11.5503 -15.3747 0
      vertex -10.6491 -14.9658 0.99
      vertex -11.5464 -15.3842 0
    endloop
  endfacet
  facet normal 0.653586 0.270723 -0.706778
    outer loop
      vertex -10.6491 -14.9658 0.99
      vertex -11.5503 -15.3747 0
      vertex -11.0414 -14.0187 0.99
    endloop
  endfacet
  facet normal -0.674687 0.212711 -0.706789
    outer loop
      vertex 12.3059 -13.2974 0
      vertex 11.9748 -14.3476 0
      vertex 11.3496 -13.0411 0.99
    endloop
  endfacet
  facet normal 0.0308375 0.70677 -0.70677
    outer loop
      vertex 0 -21.75 0.99
      vertex 0 -22.74 0
      vertex -1.10012 -22.692 0
    endloop
  endfacet
  facet normal 0.521582 -0.477944 -0.706769
    outer loop
      vertex -9.01546 -0.999016 0
      vertex -8.3085 -1.69149 0.99
      vertex -9.00102 -2.44724 0.99
    endloop
  endfacet
  facet normal 0.521748 -0.477768 -0.706765
    outer loop
      vertex -8.3085 -1.69149 0.99
      vertex -9.01546 -0.999016 0
      vertex -9.00854 -0.991459 0
    endloop
  endfacet
  facet normal 0.701404 0.0923255 -0.70676
    outer loop
      vertex -11.7053 -11.0241 0.99
      vertex -12.5478 -12.2021 0
      vertex -12.6915 -11.1104 0
    endloop
  endfacet
  facet normal -0.561253 -0.430664 -0.70677
    outer loop
      vertex 9.00102 -2.44724 0.99
      vertex 9.76565 -1.81902 0
      vertex 9.62504 -3.26048 0.99
    endloop
  endfacet
  facet normal -0.561197 -0.430734 -0.706772
    outer loop
      vertex 9.76565 -1.81902 0
      vertex 9.00102 -2.44724 0.99
      vertex 9.75941 -1.81089 0
    endloop
  endfacet
  facet normal 0.326665 -0.627509 -0.706769
    outer loop
      vertex -5.39325 1.54163 0
      vertex -5.875 0.175798 0.99
      vertex -6.37 1.03316 0
    endloop
  endfacet
  facet normal 0.379896 -0.596782 -0.706775
    outer loop
      vertex -5.875 0.175798 0.99
      vertex -6.37864 1.02766 0
      vertex -6.37 1.03316 0
    endloop
  endfacet
  facet normal 0.380109 -0.596651 -0.70677
    outer loop
      vertex -6.37864 1.02766 0
      vertex -5.875 0.175798 0.99
      vertex -6.73952 -0.374963 0.99
    endloop
  endfacet
  facet normal 0.212731 -0.674701 -0.70677
    outer loop
      vertex -4.01874 1.04139 0.99
      vertex -4.34756 1.97477 0
      vertex -3.04112 1.34963 0.99
    endloop
  endfacet
  facet normal 0.21313 -0.674568 -0.706777
    outer loop
      vertex -4.34756 1.97477 0
      vertex -4.01874 1.04139 0.99
      vertex -4.35734 1.97168 0
    endloop
  endfacet
  facet normal -0.153118 -0.690675 -0.706769
    outer loop
      vertex 2.04037 1.57149 0.99
      vertex 2.22228 2.54423 0
      vertex 3.04112 1.34963 0.99
    endloop
  endfacet
  facet normal -0.153321 -0.690634 -0.706766
    outer loop
      vertex 2.22228 2.54423 0
      vertex 2.04037 1.57149 0.99
      vertex 2.21228 2.54645 0
    endloop
  endfacet
  facet normal 0.70139 -0.0923417 -0.706771
    outer loop
      vertex -12.5478 -7.79788 0
      vertex -11.5715 -7.95963 0.99
      vertex -11.7053 -8.97592 0.99
    endloop
  endfacet
  facet normal 0.701766 -0.0897929 -0.706726
    outer loop
      vertex -11.5715 -7.95963 0.99
      vertex -12.5478 -7.79788 0
      vertex -12.5465 -7.78772 0
    endloop
  endfacet
  facet normal 0.27073 -0.653591 -0.70677
    outer loop
      vertex -4.96576 0.649116 0.99
      vertex -5.37469 1.55028 0
      vertex -4.01874 1.04139 0.99
    endloop
  endfacet
  facet normal 0.270575 -0.653659 -0.706767
    outer loop
      vertex -5.37469 1.55028 0
      vertex -4.96576 0.649116 0.99
      vertex -5.38416 1.54636 0
    endloop
  endfacet
  facet normal -0.092503 -0.701366 -0.706774
    outer loop
      vertex 2.04037 1.57149 0.99
      vertex 2.20212 2.54779 0
      vertex 2.21228 2.54645 0
    endloop
  endfacet
  facet normal -0.0923417 -0.70139 -0.706771
    outer loop
      vertex 2.20212 2.54779 0
      vertex 2.04037 1.57149 0.99
      vertex 1.02408 1.70529 0.99
    endloop
  endfacet
  facet normal -0.270727 -0.653594 -0.706768
    outer loop
      vertex 4.35734 1.97168 0
      vertex 5.37469 1.55028 0
      vertex 4.01874 1.04139 0.99
    endloop
  endfacet
  facet normal -0.270575 -0.653659 -0.706767
    outer loop
      vertex 4.96576 0.649116 0.99
      vertex 5.37469 1.55028 0
      vertex 5.38416 1.54636 0
    endloop
  endfacet
  facet normal -0.27073 -0.653591 -0.70677
    outer loop
      vertex 5.37469 1.55028 0
      vertex 4.96576 0.649116 0.99
      vertex 4.01874 1.04139 0.99
    endloop
  endfacet
  facet normal 0.674687 0.212711 -0.706789
    outer loop
      vertex -11.3496 -13.0411 0.99
      vertex -11.9748 -14.3476 0
      vertex -12.3059 -13.2974 0
    endloop
  endfacet
  facet normal -0.521581 -0.477944 -0.706769
    outer loop
      vertex 9.01546 -0.999016 0
      vertex 9.75941 -1.81089 0
      vertex 9.00102 -2.44724 0.99
    endloop
  endfacet
  facet normal -0.521582 -0.477944 -0.706769
    outer loop
      vertex 8.3085 -1.69149 0.99
      vertex 9.01546 -0.999016 0
      vertex 9.00102 -2.44724 0.99
    endloop
  endfacet
  facet normal -0.521748 -0.477768 -0.706765
    outer loop
      vertex 9.01546 -0.999016 0
      vertex 8.3085 -1.69149 0.99
      vertex 9.00854 -0.991459 0
    endloop
  endfacet
  facet normal -0.430664 -0.561253 -0.70677
    outer loop
      vertex 7.30736 0.435997 0
      vertex 8.18098 -0.234353 0
      vertex 6.73952 -0.374963 0.99
    endloop
  endfacet
  facet normal -0.653596 0.270715 -0.706772
    outer loop
      vertex 11.9717 -14.3573 0
      vertex 11.5503 -15.3747 0
      vertex 11.0414 -14.0187 0.99
    endloop
  endfacet
  facet normal 0.380121 0.59663 -0.706782
    outer loop
      vertex -6.73952 -19.625 0.99
      vertex -6.37864 -21.0277 0
      vertex -7.30736 -20.436 0
    endloop
  endfacet
  facet normal 0.477928 0.52158 -0.706781
    outer loop
      vertex -9.00098 -19.0155 0
      vertex -8.3085 -18.3085 0.99
      vertex -7.55275 -19.001 0.99
    endloop
  endfacet
  facet normal 0.480597 0.519045 -0.706837
    outer loop
      vertex -8.3085 -18.3085 0.99
      vertex -9.00098 -19.0155 0
      vertex -9.00854 -19.0085 0
    endloop
  endfacet
  facet normal 0.627525 0.326669 -0.706752
    outer loop
      vertex -11.5416 -15.3932 0
      vertex -10.6491 -14.9658 0.99
      vertex -10.1758 -15.875 0.99
    endloop
  endfacet
  facet normal 0.62435 0.332987 -0.706617
    outer loop
      vertex -10.6491 -14.9658 0.99
      vertex -11.5416 -15.3932 0
      vertex -11.5464 -15.3842 0
    endloop
  endfacet
  facet normal 0.519906 0.4797 -0.706813
    outer loop
      vertex -9.01546 -19.001 0
      vertex -8.3085 -18.3085 0.99
      vertex -9.00854 -19.0085 0
    endloop
  endfacet
  facet normal 0.521561 0.477956 -0.706775
    outer loop
      vertex -8.3085 -18.3085 0.99
      vertex -9.01546 -19.001 0
      vertex -9.00102 -17.5528 0.99
    endloop
  endfacet
  facet normal -0.480597 0.519045 -0.706837
    outer loop
      vertex 9.00098 -19.0155 0
      vertex 8.3085 -18.3085 0.99
      vertex 9.00854 -19.0085 0
    endloop
  endfacet
  facet normal -0.477928 0.52158 -0.706781
    outer loop
      vertex 8.3085 -18.3085 0.99
      vertex 9.00098 -19.0155 0
      vertex 7.55275 -19.001 0.99
    endloop
  endfacet
  facet normal -0.519906 0.4797 -0.706813
    outer loop
      vertex 8.3085 -18.3085 0.99
      vertex 9.01546 -19.001 0
      vertex 9.00854 -19.0085 0
    endloop
  endfacet
  facet normal -0.521561 0.477956 -0.706775
    outer loop
      vertex 9.01546 -19.001 0
      vertex 8.3085 -18.3085 0.99
      vertex 9.00102 -17.5528 0.99
    endloop
  endfacet
  facet normal -0.158598 0.689559 -0.706651
    outer loop
      vertex 2.04037 -21.5715 0.99
      vertex 2.22228 -22.5442 0
      vertex 2.21228 -22.5465 0
    endloop
  endfacet
  facet normal -0.153148 0.690684 -0.706755
    outer loop
      vertex 2.22228 -22.5442 0
      vertex 2.04037 -21.5715 0.99
      vertex 3.04112 -21.3496 0.99
    endloop
  endfacet
  facet normal -0.380121 0.59663 -0.706782
    outer loop
      vertex 6.73952 -19.625 0.99
      vertex 7.30736 -20.436 0
      vertex 6.37864 -21.0277 0
    endloop
  endfacet
  facet normal -0.269399 0.654155 -0.706757
    outer loop
      vertex 5.37469 -21.5503 0
      vertex 4.96576 -20.6491 0.99
      vertex 5.38416 -21.5464 0
    endloop
  endfacet
  facet normal -0.270741 0.653573 -0.706782
    outer loop
      vertex 4.96576 -20.6491 0.99
      vertex 5.37469 -21.5503 0
      vertex 4.01874 -21.0414 0.99
    endloop
  endfacet
  facet normal 0.212711 0.674695 -0.706782
    outer loop
      vertex -3.04112 -21.3496 0.99
      vertex -3.29735 -22.3059 0
      vertex -4.34756 -21.9748 0
    endloop
  endfacet
  facet normal 0.430662 0.561262 -0.706764
    outer loop
      vertex -8.18098 -19.7656 0
      vertex -7.55275 -19.001 0.99
      vertex -6.73952 -19.625 0.99
    endloop
  endfacet
  facet normal 0.429017 0.562566 -0.706727
    outer loop
      vertex -7.55275 -19.001 0.99
      vertex -8.18098 -19.7656 0
      vertex -8.18911 -19.7594 0
    endloop
  endfacet
  facet normal 0.561238 0.430662 -0.706783
    outer loop
      vertex -9.62504 -16.7395 0.99
      vertex -9.76565 -18.181 0
      vertex -10.436 -17.3074 0
    endloop
  endfacet
  facet normal -0.212711 0.674695 -0.706782
    outer loop
      vertex 4.34756 -21.9748 0
      vertex 3.29735 -22.3059 0
      vertex 3.04112 -21.3496 0.99
    endloop
  endfacet
  facet normal -0.270726 0.653591 -0.706771
    outer loop
      vertex 5.37469 -21.5503 0
      vertex 4.35734 -21.9717 0
      vertex 4.01874 -21.0414 0.99
    endloop
  endfacet
  facet normal 0.596644 0.380113 -0.706774
    outer loop
      vertex -11.0277 -16.3786 0
      vertex -10.1758 -15.875 0.99
      vertex -9.62504 -16.7395 0.99
    endloop
  endfacet
  facet normal 0.596 0.381162 -0.706753
    outer loop
      vertex -10.1758 -15.875 0.99
      vertex -11.0277 -16.3786 0
      vertex -11.0332 -16.37 0
    endloop
  endfacet
  facet normal 0.043591 -0.999049 0
    outer loop
      vertex -0.618805 26.873 0.799999
      vertex 0 26.9 3.3
      vertex -0.618805 26.873 3.3
    endloop
  endfacet
  facet normal 0.043591 -0.999049 0
    outer loop
      vertex 0 26.9 3.3
      vertex -0.618805 26.873 0.799999
      vertex 0 26.9 0.799999
    endloop
  endfacet
  facet normal -0.991444 -0.13053 0
    outer loop
      vertex 7.07298 20.4188 0.799999
      vertex 6.99213 21.0329 3.3
      vertex 6.99213 21.0329 0.799999
    endloop
  endfacet
  facet normal -0.991444 -0.13053 0
    outer loop
      vertex 6.99213 21.0329 3.3
      vertex 7.07298 20.4188 0.799999
      vertex 7.07298 20.4188 3.3
    endloop
  endfacet
  facet normal -0.999048 -0.0436236 0
    outer loop
      vertex 7.1 19.8 0.799999
      vertex 7.07298 20.4188 3.3
      vertex 7.07298 20.4188 0.799999
    endloop
  endfacet
  facet normal -0.999048 -0.0436236 0
    outer loop
      vertex 7.07298 20.4188 3.3
      vertex 7.1 19.8 0.799999
      vertex 7.1 19.8 3.3
    endloop
  endfacet
  facet normal -0.976296 -0.216442 0
    outer loop
      vertex 6.99213 21.0329 0.799999
      vertex 6.85807 21.6376 3.3
      vertex 6.85807 21.6376 0.799999
    endloop
  endfacet
  facet normal -0.976296 -0.216442 0
    outer loop
      vertex 6.85807 21.6376 3.3
      vertex 6.99213 21.0329 0.799999
      vertex 6.99213 21.0329 3.3
    endloop
  endfacet
  facet normal 0.923888 -0.382664 0
    outer loop
      vertex -6.67182 22.2283 3.3
      vertex -6.43478 22.8006 0.799999
      vertex -6.43478 22.8006 3.3
    endloop
  endfacet
  facet normal 0.923888 -0.382664 0
    outer loop
      vertex -6.43478 22.8006 0.799999
      vertex -6.67182 22.2283 3.3
      vertex -6.67182 22.2283 0.799999
    endloop
  endfacet
  facet normal 0.13061 -0.991434 0
    outer loop
      vertex -1.2329 26.7921 0.799999
      vertex -0.618805 26.873 3.3
      vertex -1.2329 26.7921 3.3
    endloop
  endfacet
  facet normal 0.13061 -0.991434 0
    outer loop
      vertex -0.618805 26.873 3.3
      vertex -1.2329 26.7921 0.799999
      vertex -0.618805 26.873 0.799999
    endloop
  endfacet
  facet normal -0.843395 -0.537293 0
    outer loop
      vertex 6.14878 23.35 0.799999
      vertex 5.81598 23.8724 3.3
      vertex 5.81598 23.8724 0.799999
    endloop
  endfacet
  facet normal -0.843395 -0.537293 0
    outer loop
      vertex 5.81598 23.8724 3.3
      vertex 6.14878 23.35 0.799999
      vertex 6.14878 23.35 3.3
    endloop
  endfacet
  facet normal 0.999048 0.0436236 0
    outer loop
      vertex -7.07298 19.1812 3.3
      vertex -7.1 19.8 0.799999
      vertex -7.1 19.8 3.3
    endloop
  endfacet
  facet normal 0.999048 0.0436236 0
    outer loop
      vertex -7.1 19.8 0.799999
      vertex -7.07298 19.1812 3.3
      vertex -7.07298 19.1812 0.799999
    endloop
  endfacet
  facet normal -0.608798 -0.793326 0
    outer loop
      vertex 4.07239 25.616 0.799999
      vertex 4.56379 25.2389 3.3
      vertex 4.07239 25.616 3.3
    endloop
  endfacet
  facet normal -0.608798 -0.793326 -0
    outer loop
      vertex 4.56379 25.2389 3.3
      vertex 4.07239 25.616 0.799999
      vertex 4.56379 25.2389 0.799999
    endloop
  endfacet
  facet normal -0.999048 0.0436236 0
    outer loop
      vertex 7.07298 19.1812 0.799999
      vertex 7.1 19.8 3.3
      vertex 7.1 19.8 0.799999
    endloop
  endfacet
  facet normal -0.999048 0.0436236 0
    outer loop
      vertex 7.1 19.8 3.3
      vertex 7.07298 19.1812 0.799999
      vertex 7.07298 19.1812 3.3
    endloop
  endfacet
  facet normal 0.216342 -0.976318 0
    outer loop
      vertex -1.83762 26.6581 0.799999
      vertex -1.2329 26.7921 3.3
      vertex -1.83762 26.6581 3.3
    endloop
  endfacet
  facet normal 0.216342 -0.976318 0
    outer loop
      vertex -1.2329 26.7921 3.3
      vertex -1.83762 26.6581 0.799999
      vertex -1.2329 26.7921 0.799999
    endloop
  endfacet
  facet normal 0.976296 0.216442 0
    outer loop
      vertex -6.85807 17.9624 3.3
      vertex -6.99213 18.5671 0.799999
      vertex -6.99213 18.5671 3.3
    endloop
  endfacet
  facet normal 0.976296 0.216442 0
    outer loop
      vertex -6.99213 18.5671 0.799999
      vertex -6.85807 17.9624 3.3
      vertex -6.85807 17.9624 0.799999
    endloop
  endfacet
  facet normal 0.976296 -0.216442 0
    outer loop
      vertex -6.99213 21.0329 3.3
      vertex -6.85807 21.6376 0.799999
      vertex -6.85807 21.6376 3.3
    endloop
  endfacet
  facet normal 0.976296 -0.216442 0
    outer loop
      vertex -6.85807 21.6376 0.799999
      vertex -6.99213 21.0329 3.3
      vertex -6.99213 21.0329 0.799999
    endloop
  endfacet
  facet normal -0.461743 -0.887014 0
    outer loop
      vertex 3.00059 26.2348 0.799999
      vertex 3.55 25.9488 3.3
      vertex 3.00059 26.2348 3.3
    endloop
  endfacet
  facet normal -0.461743 -0.887014 -0
    outer loop
      vertex 3.55 25.9488 3.3
      vertex 3.00059 26.2348 0.799999
      vertex 3.55 25.9488 0.799999
    endloop
  endfacet
  facet normal -0.843395 0.537293 0
    outer loop
      vertex 5.81598 15.7276 0.799999
      vertex 6.14878 16.25 3.3
      vertex 6.14878 16.25 0.799999
    endloop
  endfacet
  facet normal -0.843395 0.537293 0
    outer loop
      vertex 6.14878 16.25 3.3
      vertex 5.81598 15.7276 0.799999
      vertex 5.81598 15.7276 3.3
    endloop
  endfacet
  facet normal -0.461743 0.887014 0
    outer loop
      vertex 3.55 13.6512 0.799999
      vertex 3.00059 13.3652 3.3
      vertex 3.55 13.6512 3.3
    endloop
  endfacet
  facet normal -0.461743 0.887014 0
    outer loop
      vertex 3.00059 13.3652 3.3
      vertex 3.55 13.6512 0.799999
      vertex 3.00059 13.3652 0.799999
    endloop
  endfacet
  facet normal 0.382637 -0.923899 0
    outer loop
      vertex -3.00059 26.2348 0.799999
      vertex -2.42834 26.4718 3.3
      vertex -3.00059 26.2348 3.3
    endloop
  endfacet
  facet normal 0.382637 -0.923899 0
    outer loop
      vertex -2.42834 26.4718 3.3
      vertex -3.00059 26.2348 0.799999
      vertex -2.42834 26.4718 0.799999
    endloop
  endfacet
  facet normal 0.887011 -0.461749 0
    outer loop
      vertex -6.43478 22.8006 3.3
      vertex -6.14878 23.35 0.799999
      vertex -6.14878 23.35 3.3
    endloop
  endfacet
  facet normal 0.887011 -0.461749 0
    outer loop
      vertex -6.14878 23.35 0.799999
      vertex -6.43478 22.8006 3.3
      vertex -6.43478 22.8006 0.799999
    endloop
  endfacet
  facet normal 0.382637 0.923899 -0
    outer loop
      vertex -2.42834 13.1282 0.799999
      vertex -3.00059 13.3652 3.3
      vertex -2.42834 13.1282 3.3
    endloop
  endfacet
  facet normal 0.382637 0.923899 0
    outer loop
      vertex -3.00059 13.3652 3.3
      vertex -2.42834 13.1282 0.799999
      vertex -3.00059 13.3652 0.799999
    endloop
  endfacet
  facet normal -0.608798 0.793326 0
    outer loop
      vertex 4.56379 14.3611 0.799999
      vertex 4.07239 13.984 3.3
      vertex 4.56379 14.3611 3.3
    endloop
  endfacet
  facet normal -0.608798 0.793326 0
    outer loop
      vertex 4.07239 13.984 3.3
      vertex 4.56379 14.3611 0.799999
      vertex 4.07239 13.984 0.799999
    endloop
  endfacet
  facet normal -0.991444 0.13053 0
    outer loop
      vertex 6.99213 18.5671 0.799999
      vertex 7.07298 19.1812 3.3
      vertex 7.07298 19.1812 0.799999
    endloop
  endfacet
  facet normal -0.991444 0.13053 0
    outer loop
      vertex 7.07298 19.1812 3.3
      vertex 6.99213 18.5671 0.799999
      vertex 6.99213 18.5671 3.3
    endloop
  endfacet
  facet normal -0.675537 -0.737326 0
    outer loop
      vertex 4.56379 25.2389 0.799999
      vertex 5.02046 24.8205 3.3
      vertex 4.56379 25.2389 3.3
    endloop
  endfacet
  facet normal -0.675537 -0.737326 -0
    outer loop
      vertex 5.02046 24.8205 3.3
      vertex 4.56379 25.2389 0.799999
      vertex 5.02046 24.8205 0.799999
    endloop
  endfacet
  facet normal -0.043591 0.999049 0
    outer loop
      vertex 0.618805 12.727 0.799999
      vertex 0 12.7 3.3
      vertex 0.618805 12.727 3.3
    endloop
  endfacet
  facet normal -0.043591 0.999049 0
    outer loop
      vertex 0 12.7 3.3
      vertex 0.618805 12.727 0.799999
      vertex 0 12.7 0.799999
    endloop
  endfacet
  facet normal -0.382637 -0.923899 0
    outer loop
      vertex 2.42834 26.4718 0.799999
      vertex 3.00059 26.2348 3.3
      vertex 2.42834 26.4718 3.3
    endloop
  endfacet
  facet normal -0.382637 -0.923899 -0
    outer loop
      vertex 3.00059 26.2348 3.3
      vertex 2.42834 26.4718 0.799999
      vertex 3.00059 26.2348 0.799999
    endloop
  endfacet
  facet normal -0.537301 0.843391 0
    outer loop
      vertex 4.07239 13.984 0.799999
      vertex 3.55 13.6512 3.3
      vertex 4.07239 13.984 3.3
    endloop
  endfacet
  facet normal -0.537301 0.843391 0
    outer loop
      vertex 3.55 13.6512 3.3
      vertex 4.07239 13.984 0.799999
      vertex 3.55 13.6512 0.799999
    endloop
  endfacet
  facet normal -0.537301 -0.843391 0
    outer loop
      vertex 3.55 25.9488 0.799999
      vertex 4.07239 25.616 3.3
      vertex 3.55 25.9488 3.3
    endloop
  endfacet
  facet normal -0.537301 -0.843391 -0
    outer loop
      vertex 4.07239 25.616 3.3
      vertex 3.55 25.9488 0.799999
      vertex 4.07239 25.616 0.799999
    endloop
  endfacet
  facet normal 0.300774 -0.953695 0
    outer loop
      vertex -2.42834 26.4718 0.799999
      vertex -1.83762 26.6581 3.3
      vertex -2.42834 26.4718 3.3
    endloop
  endfacet
  facet normal 0.300774 -0.953695 0
    outer loop
      vertex -1.83762 26.6581 3.3
      vertex -2.42834 26.4718 0.799999
      vertex -1.83762 26.6581 0.799999
    endloop
  endfacet
  facet normal 0.675537 -0.737326 0
    outer loop
      vertex -5.02046 24.8205 0.799999
      vertex -4.56379 25.2389 3.3
      vertex -5.02046 24.8205 3.3
    endloop
  endfacet
  facet normal 0.675537 -0.737326 0
    outer loop
      vertex -4.56379 25.2389 3.3
      vertex -5.02046 24.8205 0.799999
      vertex -4.56379 25.2389 0.799999
    endloop
  endfacet
  facet normal -0.923888 -0.382664 0
    outer loop
      vertex 6.67182 22.2283 0.799999
      vertex 6.43478 22.8006 3.3
      vertex 6.43478 22.8006 0.799999
    endloop
  endfacet
  facet normal -0.923888 -0.382664 0
    outer loop
      vertex 6.43478 22.8006 3.3
      vertex 6.67182 22.2283 0.799999
      vertex 6.67182 22.2283 3.3
    endloop
  endfacet
  facet normal 0.216342 0.976318 -0
    outer loop
      vertex -1.2329 12.8079 0.799999
      vertex -1.83762 12.9419 3.3
      vertex -1.2329 12.8079 3.3
    endloop
  endfacet
  facet normal 0.216342 0.976318 0
    outer loop
      vertex -1.83762 12.9419 3.3
      vertex -1.2329 12.8079 0.799999
      vertex -1.83762 12.9419 0.799999
    endloop
  endfacet
  facet normal -0.953716 0.30071 0
    outer loop
      vertex 6.67182 17.3717 0.799999
      vertex 6.85807 17.9624 3.3
      vertex 6.85807 17.9624 0.799999
    endloop
  endfacet
  facet normal -0.953716 0.30071 0
    outer loop
      vertex 6.85807 17.9624 3.3
      vertex 6.67182 17.3717 0.799999
      vertex 6.67182 17.3717 3.3
    endloop
  endfacet
  facet normal -0.043591 -0.999049 0
    outer loop
      vertex 0 26.9 0.799999
      vertex 0.618805 26.873 3.3
      vertex 0 26.9 3.3
    endloop
  endfacet
  facet normal -0.043591 -0.999049 -0
    outer loop
      vertex 0.618805 26.873 3.3
      vertex 0 26.9 0.799999
      vertex 0.618805 26.873 0.799999
    endloop
  endfacet
  facet normal 0.608798 0.793326 -0
    outer loop
      vertex -4.07239 13.984 0.799999
      vertex -4.56379 14.3611 3.3
      vertex -4.07239 13.984 3.3
    endloop
  endfacet
  facet normal 0.608798 0.793326 0
    outer loop
      vertex -4.56379 14.3611 3.3
      vertex -4.07239 13.984 0.799999
      vertex -4.56379 14.3611 0.799999
    endloop
  endfacet
  facet normal -0.13061 0.991434 0
    outer loop
      vertex 1.2329 12.8079 0.799999
      vertex 0.618805 12.727 3.3
      vertex 1.2329 12.8079 3.3
    endloop
  endfacet
  facet normal -0.13061 0.991434 0
    outer loop
      vertex 0.618805 12.727 3.3
      vertex 1.2329 12.8079 0.799999
      vertex 0.618805 12.727 0.799999
    endloop
  endfacet
  facet normal 0.953716 -0.30071 0
    outer loop
      vertex -6.85807 21.6376 3.3
      vertex -6.67182 22.2283 0.799999
      vertex -6.67182 22.2283 3.3
    endloop
  endfacet
  facet normal 0.953716 -0.30071 0
    outer loop
      vertex -6.67182 22.2283 0.799999
      vertex -6.85807 21.6376 3.3
      vertex -6.85807 21.6376 0.799999
    endloop
  endfacet
  facet normal 0.7373 -0.675565 0
    outer loop
      vertex -5.43892 24.3638 3.3
      vertex -5.02046 24.8205 0.799999
      vertex -5.02046 24.8205 3.3
    endloop
  endfacet
  facet normal 0.7373 -0.675565 0
    outer loop
      vertex -5.02046 24.8205 0.799999
      vertex -5.43892 24.3638 3.3
      vertex -5.43892 24.3638 0.799999
    endloop
  endfacet
  facet normal -0.793357 0.608757 0
    outer loop
      vertex 5.43892 15.2362 0.799999
      vertex 5.81598 15.7276 3.3
      vertex 5.81598 15.7276 0.799999
    endloop
  endfacet
  facet normal -0.793357 0.608757 0
    outer loop
      vertex 5.81598 15.7276 3.3
      vertex 5.43892 15.2362 0.799999
      vertex 5.43892 15.2362 3.3
    endloop
  endfacet
  facet normal -0.953716 -0.30071 0
    outer loop
      vertex 6.85807 21.6376 0.799999
      vertex 6.67182 22.2283 3.3
      vertex 6.67182 22.2283 0.799999
    endloop
  endfacet
  facet normal -0.953716 -0.30071 0
    outer loop
      vertex 6.67182 22.2283 3.3
      vertex 6.85807 21.6376 0.799999
      vertex 6.85807 21.6376 3.3
    endloop
  endfacet
  facet normal -0.7373 0.675565 0
    outer loop
      vertex 5.02046 14.7795 0.799999
      vertex 5.43892 15.2362 3.3
      vertex 5.43892 15.2362 0.799999
    endloop
  endfacet
  facet normal -0.7373 0.675565 0
    outer loop
      vertex 5.43892 15.2362 3.3
      vertex 5.02046 14.7795 0.799999
      vertex 5.02046 14.7795 3.3
    endloop
  endfacet
  facet normal -0.976296 0.216442 0
    outer loop
      vertex 6.85807 17.9624 0.799999
      vertex 6.99213 18.5671 3.3
      vertex 6.99213 18.5671 0.799999
    endloop
  endfacet
  facet normal -0.976296 0.216442 0
    outer loop
      vertex 6.99213 18.5671 3.3
      vertex 6.85807 17.9624 0.799999
      vertex 6.85807 17.9624 3.3
    endloop
  endfacet
  facet normal -0.382637 0.923899 0
    outer loop
      vertex 3.00059 13.3652 0.799999
      vertex 2.42834 13.1282 3.3
      vertex 3.00059 13.3652 3.3
    endloop
  endfacet
  facet normal -0.382637 0.923899 0
    outer loop
      vertex 2.42834 13.1282 3.3
      vertex 3.00059 13.3652 0.799999
      vertex 2.42834 13.1282 0.799999
    endloop
  endfacet
  facet normal -0.793357 -0.608757 0
    outer loop
      vertex 5.81598 23.8724 0.799999
      vertex 5.43892 24.3638 3.3
      vertex 5.43892 24.3638 0.799999
    endloop
  endfacet
  facet normal -0.793357 -0.608757 0
    outer loop
      vertex 5.43892 24.3638 3.3
      vertex 5.81598 23.8724 0.799999
      vertex 5.81598 23.8724 3.3
    endloop
  endfacet
  facet normal -0.887011 -0.461749 0
    outer loop
      vertex 6.43478 22.8006 0.799999
      vertex 6.14878 23.35 3.3
      vertex 6.14878 23.35 0.799999
    endloop
  endfacet
  facet normal -0.887011 -0.461749 0
    outer loop
      vertex 6.14878 23.35 3.3
      vertex 6.43478 22.8006 0.799999
      vertex 6.43478 22.8006 3.3
    endloop
  endfacet
  facet normal 0.461743 0.887014 -0
    outer loop
      vertex -3.00059 13.3652 0.799999
      vertex -3.55 13.6512 3.3
      vertex -3.00059 13.3652 3.3
    endloop
  endfacet
  facet normal 0.461743 0.887014 0
    outer loop
      vertex -3.55 13.6512 3.3
      vertex -3.00059 13.3652 0.799999
      vertex -3.55 13.6512 0.799999
    endloop
  endfacet
  facet normal 0.608798 -0.793326 0
    outer loop
      vertex -4.56379 25.2389 0.799999
      vertex -4.07239 25.616 3.3
      vertex -4.56379 25.2389 3.3
    endloop
  endfacet
  facet normal 0.608798 -0.793326 0
    outer loop
      vertex -4.07239 25.616 3.3
      vertex -4.56379 25.2389 0.799999
      vertex -4.07239 25.616 0.799999
    endloop
  endfacet
  facet normal -0.216342 -0.976318 0
    outer loop
      vertex 1.2329 26.7921 0.799999
      vertex 1.83762 26.6581 3.3
      vertex 1.2329 26.7921 3.3
    endloop
  endfacet
  facet normal -0.216342 -0.976318 -0
    outer loop
      vertex 1.83762 26.6581 3.3
      vertex 1.2329 26.7921 0.799999
      vertex 1.83762 26.6581 0.799999
    endloop
  endfacet
  facet normal -0.887011 0.461749 0
    outer loop
      vertex 6.14878 16.25 0.799999
      vertex 6.43478 16.7994 3.3
      vertex 6.43478 16.7994 0.799999
    endloop
  endfacet
  facet normal -0.887011 0.461749 0
    outer loop
      vertex 6.43478 16.7994 3.3
      vertex 6.14878 16.25 0.799999
      vertex 6.14878 16.25 3.3
    endloop
  endfacet
  facet normal 0.793357 0.608757 0
    outer loop
      vertex -5.43892 15.2362 3.3
      vertex -5.81598 15.7276 0.799999
      vertex -5.81598 15.7276 3.3
    endloop
  endfacet
  facet normal 0.793357 0.608757 0
    outer loop
      vertex -5.81598 15.7276 0.799999
      vertex -5.43892 15.2362 3.3
      vertex -5.43892 15.2362 0.799999
    endloop
  endfacet
  facet normal 0.923888 0.382664 0
    outer loop
      vertex -6.43478 16.7994 3.3
      vertex -6.67182 17.3717 0.799999
      vertex -6.67182 17.3717 3.3
    endloop
  endfacet
  facet normal 0.923888 0.382664 0
    outer loop
      vertex -6.67182 17.3717 0.799999
      vertex -6.43478 16.7994 3.3
      vertex -6.43478 16.7994 0.799999
    endloop
  endfacet
  facet normal 0.953716 0.30071 0
    outer loop
      vertex -6.67182 17.3717 3.3
      vertex -6.85807 17.9624 0.799999
      vertex -6.85807 17.9624 3.3
    endloop
  endfacet
  facet normal 0.953716 0.30071 0
    outer loop
      vertex -6.85807 17.9624 0.799999
      vertex -6.67182 17.3717 3.3
      vertex -6.67182 17.3717 0.799999
    endloop
  endfacet
  facet normal -0.300774 0.953695 0
    outer loop
      vertex 2.42834 13.1282 0.799999
      vertex 1.83762 12.9419 3.3
      vertex 2.42834 13.1282 3.3
    endloop
  endfacet
  facet normal -0.300774 0.953695 0
    outer loop
      vertex 1.83762 12.9419 3.3
      vertex 2.42834 13.1282 0.799999
      vertex 1.83762 12.9419 0.799999
    endloop
  endfacet
  facet normal -0.300774 -0.953695 0
    outer loop
      vertex 1.83762 26.6581 0.799999
      vertex 2.42834 26.4718 3.3
      vertex 1.83762 26.6581 3.3
    endloop
  endfacet
  facet normal -0.300774 -0.953695 -0
    outer loop
      vertex 2.42834 26.4718 3.3
      vertex 1.83762 26.6581 0.799999
      vertex 2.42834 26.4718 0.799999
    endloop
  endfacet
  facet normal 0.461743 -0.887014 0
    outer loop
      vertex -3.55 25.9488 0.799999
      vertex -3.00059 26.2348 3.3
      vertex -3.55 25.9488 3.3
    endloop
  endfacet
  facet normal 0.461743 -0.887014 0
    outer loop
      vertex -3.00059 26.2348 3.3
      vertex -3.55 25.9488 0.799999
      vertex -3.00059 26.2348 0.799999
    endloop
  endfacet
  facet normal -0.675537 0.737326 0
    outer loop
      vertex 5.02046 14.7795 0.799999
      vertex 4.56379 14.3611 3.3
      vertex 5.02046 14.7795 3.3
    endloop
  endfacet
  facet normal -0.675537 0.737326 0
    outer loop
      vertex 4.56379 14.3611 3.3
      vertex 5.02046 14.7795 0.799999
      vertex 4.56379 14.3611 0.799999
    endloop
  endfacet
  facet normal 0.043591 0.999049 -0
    outer loop
      vertex 0 12.7 0.799999
      vertex -0.618805 12.727 3.3
      vertex 0 12.7 3.3
    endloop
  endfacet
  facet normal 0.043591 0.999049 0
    outer loop
      vertex -0.618805 12.727 3.3
      vertex 0 12.7 0.799999
      vertex -0.618805 12.727 0.799999
    endloop
  endfacet
  facet normal 0.675537 0.737326 -0
    outer loop
      vertex -4.56379 14.3611 0.799999
      vertex -5.02046 14.7795 3.3
      vertex -4.56379 14.3611 3.3
    endloop
  endfacet
  facet normal 0.675537 0.737326 0
    outer loop
      vertex -5.02046 14.7795 3.3
      vertex -4.56379 14.3611 0.799999
      vertex -5.02046 14.7795 0.799999
    endloop
  endfacet
  facet normal 0.7373 0.675565 0
    outer loop
      vertex -5.02046 14.7795 3.3
      vertex -5.43892 15.2362 0.799999
      vertex -5.43892 15.2362 3.3
    endloop
  endfacet
  facet normal 0.7373 0.675565 0
    outer loop
      vertex -5.43892 15.2362 0.799999
      vertex -5.02046 14.7795 3.3
      vertex -5.02046 14.7795 0.799999
    endloop
  endfacet
  facet normal 0.793357 -0.608757 0
    outer loop
      vertex -5.81598 23.8724 3.3
      vertex -5.43892 24.3638 0.799999
      vertex -5.43892 24.3638 3.3
    endloop
  endfacet
  facet normal 0.793357 -0.608757 0
    outer loop
      vertex -5.43892 24.3638 0.799999
      vertex -5.81598 23.8724 3.3
      vertex -5.81598 23.8724 0.799999
    endloop
  endfacet
  facet normal -0.13061 -0.991434 0
    outer loop
      vertex 0.618805 26.873 0.799999
      vertex 1.2329 26.7921 3.3
      vertex 0.618805 26.873 3.3
    endloop
  endfacet
  facet normal -0.13061 -0.991434 -0
    outer loop
      vertex 1.2329 26.7921 3.3
      vertex 0.618805 26.873 0.799999
      vertex 1.2329 26.7921 0.799999
    endloop
  endfacet
  facet normal 0.537301 -0.843391 0
    outer loop
      vertex -4.07239 25.616 0.799999
      vertex -3.55 25.9488 3.3
      vertex -4.07239 25.616 3.3
    endloop
  endfacet
  facet normal 0.537301 -0.843391 0
    outer loop
      vertex -3.55 25.9488 3.3
      vertex -4.07239 25.616 0.799999
      vertex -3.55 25.9488 0.799999
    endloop
  endfacet
  facet normal -0.7373 -0.675565 0
    outer loop
      vertex 5.43892 24.3638 0.799999
      vertex 5.02046 24.8205 3.3
      vertex 5.02046 24.8205 0.799999
    endloop
  endfacet
  facet normal -0.7373 -0.675565 0
    outer loop
      vertex 5.02046 24.8205 3.3
      vertex 5.43892 24.3638 0.799999
      vertex 5.43892 24.3638 3.3
    endloop
  endfacet
  facet normal -0.923888 0.382664 0
    outer loop
      vertex 6.43478 16.7994 0.799999
      vertex 6.67182 17.3717 3.3
      vertex 6.67182 17.3717 0.799999
    endloop
  endfacet
  facet normal -0.923888 0.382664 0
    outer loop
      vertex 6.67182 17.3717 3.3
      vertex 6.43478 16.7994 0.799999
      vertex 6.43478 16.7994 3.3
    endloop
  endfacet
  facet normal -0.216342 0.976318 0
    outer loop
      vertex 1.83762 12.9419 0.799999
      vertex 1.2329 12.8079 3.3
      vertex 1.83762 12.9419 3.3
    endloop
  endfacet
  facet normal -0.216342 0.976318 0
    outer loop
      vertex 1.2329 12.8079 3.3
      vertex 1.83762 12.9419 0.799999
      vertex 1.2329 12.8079 0.799999
    endloop
  endfacet
  facet normal 0.843395 0.537293 0
    outer loop
      vertex -5.81598 15.7276 3.3
      vertex -6.14878 16.25 0.799999
      vertex -6.14878 16.25 3.3
    endloop
  endfacet
  facet normal 0.843395 0.537293 0
    outer loop
      vertex -6.14878 16.25 0.799999
      vertex -5.81598 15.7276 3.3
      vertex -5.81598 15.7276 0.799999
    endloop
  endfacet
  facet normal 0.887011 0.461749 0
    outer loop
      vertex -6.14878 16.25 3.3
      vertex -6.43478 16.7994 0.799999
      vertex -6.43478 16.7994 3.3
    endloop
  endfacet
  facet normal 0.887011 0.461749 0
    outer loop
      vertex -6.43478 16.7994 0.799999
      vertex -6.14878 16.25 3.3
      vertex -6.14878 16.25 0.799999
    endloop
  endfacet
  facet normal 0.843395 -0.537293 0
    outer loop
      vertex -6.14878 23.35 3.3
      vertex -5.81598 23.8724 0.799999
      vertex -5.81598 23.8724 3.3
    endloop
  endfacet
  facet normal 0.843395 -0.537293 0
    outer loop
      vertex -5.81598 23.8724 0.799999
      vertex -6.14878 23.35 3.3
      vertex -6.14878 23.35 0.799999
    endloop
  endfacet
  facet normal 0.991444 -0.13053 0
    outer loop
      vertex -7.07298 20.4188 3.3
      vertex -6.99213 21.0329 0.799999
      vertex -6.99213 21.0329 3.3
    endloop
  endfacet
  facet normal 0.991444 -0.13053 0
    outer loop
      vertex -6.99213 21.0329 0.799999
      vertex -7.07298 20.4188 3.3
      vertex -7.07298 20.4188 0.799999
    endloop
  endfacet
  facet normal 0.999048 -0.0436236 0
    outer loop
      vertex -7.1 19.8 3.3
      vertex -7.07298 20.4188 0.799999
      vertex -7.07298 20.4188 3.3
    endloop
  endfacet
  facet normal 0.999048 -0.0436236 0
    outer loop
      vertex -7.07298 20.4188 0.799999
      vertex -7.1 19.8 3.3
      vertex -7.1 19.8 0.799999
    endloop
  endfacet
  facet normal 0.300774 0.953695 -0
    outer loop
      vertex -1.83762 12.9419 0.799999
      vertex -2.42834 13.1282 3.3
      vertex -1.83762 12.9419 3.3
    endloop
  endfacet
  facet normal 0.300774 0.953695 0
    outer loop
      vertex -2.42834 13.1282 3.3
      vertex -1.83762 12.9419 0.799999
      vertex -2.42834 13.1282 0.799999
    endloop
  endfacet
  facet normal 0.991444 0.13053 0
    outer loop
      vertex -6.99213 18.5671 3.3
      vertex -7.07298 19.1812 0.799999
      vertex -7.07298 19.1812 3.3
    endloop
  endfacet
  facet normal 0.991444 0.13053 0
    outer loop
      vertex -7.07298 19.1812 0.799999
      vertex -6.99213 18.5671 3.3
      vertex -6.99213 18.5671 0.799999
    endloop
  endfacet
  facet normal 0 0 1
    outer loop
      vertex 6.2 19.8 0.799999
      vertex 7.1 19.8 0.799999
      vertex 7.07298 20.4188 0.799999
    endloop
  endfacet
  facet normal 0 0 1
    outer loop
      vertex 6.17641 20.3404 0.799999
      vertex 7.07298 20.4188 0.799999
      vertex 6.99213 21.0329 0.799999
    endloop
  endfacet
  facet normal 0 0 1
    outer loop
      vertex 7.1 19.8 0.799999
      vertex 6.2 19.8 0.799999
      vertex 7.07298 19.1812 0.799999
    endloop
  endfacet
  facet normal 0 0 1
    outer loop
      vertex 6.10581 20.8766 0.799999
      vertex 6.99213 21.0329 0.799999
      vertex 6.85807 21.6376 0.799999
    endloop
  endfacet
  facet normal -0 0 1
    outer loop
      vertex 6.17641 19.2596 0.799999
      vertex 7.07298 19.1812 0.799999
      vertex 6.2 19.8 0.799999
    endloop
  endfacet
  facet normal 0 0 1
    outer loop
      vertex 5.98874 21.4047 0.799999
      vertex 6.85807 21.6376 0.799999
      vertex 6.67182 22.2283 0.799999
    endloop
  endfacet
  facet normal 0 0 1
    outer loop
      vertex 7.07298 19.1812 0.799999
      vertex 6.17641 19.2596 0.799999
      vertex 6.99213 18.5671 0.799999
    endloop
  endfacet
  facet normal 0 0 1
    outer loop
      vertex 5.82609 21.9205 0.799999
      vertex 6.67182 22.2283 0.799999
      vertex 6.43478 22.8006 0.799999
    endloop
  endfacet
  facet normal -0 0 1
    outer loop
      vertex 6.10581 18.7234 0.799999
      vertex 6.99213 18.5671 0.799999
      vertex 6.17641 19.2596 0.799999
    endloop
  endfacet
  facet normal 0 0 1
    outer loop
      vertex 6.99213 18.5671 0.799999
      vertex 6.10581 18.7234 0.799999
      vertex 6.85807 17.9624 0.799999
    endloop
  endfacet
  facet normal 0 0 1
    outer loop
      vertex 7.07298 20.4188 0.799999
      vertex 6.17641 20.3404 0.799999
      vertex 6.2 19.8 0.799999
    endloop
  endfacet
  facet normal 0 0 1
    outer loop
      vertex 5.61911 22.4202 0.799999
      vertex 6.43478 22.8006 0.799999
      vertex 6.14878 23.35 0.799999
    endloop
  endfacet
  facet normal 0 0 1
    outer loop
      vertex 6.99213 21.0329 0.799999
      vertex 6.10581 20.8766 0.799999
      vertex 6.17641 20.3404 0.799999
    endloop
  endfacet
  facet normal 0 0 1
    outer loop
      vertex 6.85807 21.6376 0.799999
      vertex 5.98874 21.4047 0.799999
      vertex 6.10581 20.8766 0.799999
    endloop
  endfacet
  facet normal 0 0 1
    outer loop
      vertex 6.67182 22.2283 0.799999
      vertex 5.82609 21.9205 0.799999
      vertex 5.98874 21.4047 0.799999
    endloop
  endfacet
  facet normal 0 0 1
    outer loop
      vertex 5.36936 22.9 0.799999
      vertex 6.14878 23.35 0.799999
      vertex 5.81598 23.8724 0.799999
    endloop
  endfacet
  facet normal 0 0 1
    outer loop
      vertex 6.43478 22.8006 0.799999
      vertex 5.61911 22.4202 0.799999
      vertex 5.82609 21.9205 0.799999
    endloop
  endfacet
  facet normal 0 0 1
    outer loop
      vertex 5.07874 23.3562 0.799999
      vertex 5.81598 23.8724 0.799999
      vertex 5.43892 24.3638 0.799999
    endloop
  endfacet
  facet normal 0 0 1
    outer loop
      vertex 6.14878 23.35 0.799999
      vertex 5.36936 22.9 0.799999
      vertex 5.61911 22.4202 0.799999
    endloop
  endfacet
  facet normal 0 0 1
    outer loop
      vertex 5.81598 23.8724 0.799999
      vertex 5.07874 23.3562 0.799999
      vertex 5.36936 22.9 0.799999
    endloop
  endfacet
  facet normal 0 0 1
    outer loop
      vertex 4.74948 23.7853 0.799999
      vertex 5.43892 24.3638 0.799999
      vertex 5.02046 24.8205 0.799999
    endloop
  endfacet
  facet normal 0 0 1
    outer loop
      vertex 5.43892 24.3638 0.799999
      vertex 4.74948 23.7853 0.799999
      vertex 5.07874 23.3562 0.799999
    endloop
  endfacet
  facet normal 0 0 1
    outer loop
      vertex 4.38406 24.1841 0.799999
      vertex 5.02046 24.8205 0.799999
      vertex 4.56379 25.2389 0.799999
    endloop
  endfacet
  facet normal 0 0 1
    outer loop
      vertex 5.02046 24.8205 0.799999
      vertex 4.38406 24.1841 0.799999
      vertex 4.74948 23.7853 0.799999
    endloop
  endfacet
  facet normal 0 0 1
    outer loop
      vertex 3.98528 24.5495 0.799999
      vertex 4.56379 25.2389 0.799999
      vertex 4.07239 25.616 0.799999
    endloop
  endfacet
  facet normal 0 0 1
    outer loop
      vertex 4.56379 25.2389 0.799999
      vertex 3.98528 24.5495 0.799999
      vertex 4.38406 24.1841 0.799999
    endloop
  endfacet
  facet normal 0 0 1
    outer loop
      vertex 4.07239 25.616 0.799999
      vertex 3.55617 24.8787 0.799999
      vertex 3.98528 24.5495 0.799999
    endloop
  endfacet
  facet normal 0 0 1
    outer loop
      vertex 3.55 25.9488 0.799999
      vertex 3.55617 24.8787 0.799999
      vertex 4.07239 25.616 0.799999
    endloop
  endfacet
  facet normal 0 0 1
    outer loop
      vertex 3.55 25.9488 0.799999
      vertex 3.1 25.1694 0.799999
      vertex 3.55617 24.8787 0.799999
    endloop
  endfacet
  facet normal 0 0 1
    outer loop
      vertex 3.00059 26.2348 0.799999
      vertex 3.1 25.1694 0.799999
      vertex 3.55 25.9488 0.799999
    endloop
  endfacet
  facet normal 0 0 1
    outer loop
      vertex 3.00059 26.2348 0.799999
      vertex 2.62023 25.4191 0.799999
      vertex 3.1 25.1694 0.799999
    endloop
  endfacet
  facet normal 0 0 1
    outer loop
      vertex 2.42834 26.4718 0.799999
      vertex 2.62023 25.4191 0.799999
      vertex 3.00059 26.2348 0.799999
    endloop
  endfacet
  facet normal 0 0 1
    outer loop
      vertex 2.42834 26.4718 0.799999
      vertex 2.12052 25.6261 0.799999
      vertex 2.62023 25.4191 0.799999
    endloop
  endfacet
  facet normal 0 0 1
    outer loop
      vertex 1.83762 26.6581 0.799999
      vertex 2.12052 25.6261 0.799999
      vertex 2.42834 26.4718 0.799999
    endloop
  endfacet
  facet normal 0 0 1
    outer loop
      vertex 1.83762 26.6581 0.799999
      vertex 1.60468 25.7887 0.799999
      vertex 2.12052 25.6261 0.799999
    endloop
  endfacet
  facet normal 0 0 1
    outer loop
      vertex 1.2329 26.7921 0.799999
      vertex 1.60468 25.7887 0.799999
      vertex 1.83762 26.6581 0.799999
    endloop
  endfacet
  facet normal 0 0 1
    outer loop
      vertex 1.2329 26.7921 0.799999
      vertex 1.07662 25.9058 0.799999
      vertex 1.60468 25.7887 0.799999
    endloop
  endfacet
  facet normal 0 0 1
    outer loop
      vertex 0.618805 26.873 0.799999
      vertex 1.07662 25.9058 0.799999
      vertex 1.2329 26.7921 0.799999
    endloop
  endfacet
  facet normal 0 0 1
    outer loop
      vertex 0.618805 26.873 0.799999
      vertex 0.540365 25.9764 0.799999
      vertex 1.07662 25.9058 0.799999
    endloop
  endfacet
  facet normal 0 0 1
    outer loop
      vertex 0 26.9 0.799999
      vertex 0.540365 25.9764 0.799999
      vertex 0.618805 26.873 0.799999
    endloop
  endfacet
  facet normal 0 0 1
    outer loop
      vertex 0 26.9 0.799999
      vertex 0 26 0.799999
      vertex 0.540365 25.9764 0.799999
    endloop
  endfacet
  facet normal 0 0 1
    outer loop
      vertex 0 26.9 0.799999
      vertex -0.540365 25.9764 0.799999
      vertex 0 26 0.799999
    endloop
  endfacet
  facet normal -0 0 1
    outer loop
      vertex -0.618805 26.873 0.799999
      vertex -0.540365 25.9764 0.799999
      vertex 0 26.9 0.799999
    endloop
  endfacet
  facet normal 0 0 1
    outer loop
      vertex -0.618805 26.873 0.799999
      vertex -1.07662 25.9058 0.799999
      vertex -0.540365 25.9764 0.799999
    endloop
  endfacet
  facet normal -0 0 1
    outer loop
      vertex -1.2329 26.7921 0.799999
      vertex -1.07662 25.9058 0.799999
      vertex -0.618805 26.873 0.799999
    endloop
  endfacet
  facet normal 0 0 1
    outer loop
      vertex -1.2329 26.7921 0.799999
      vertex -1.60468 25.7887 0.799999
      vertex -1.07662 25.9058 0.799999
    endloop
  endfacet
  facet normal -0 0 1
    outer loop
      vertex -1.83762 26.6581 0.799999
      vertex -1.60468 25.7887 0.799999
      vertex -1.2329 26.7921 0.799999
    endloop
  endfacet
  facet normal 0 0 1
    outer loop
      vertex -1.83762 26.6581 0.799999
      vertex -2.12052 25.6261 0.799999
      vertex -1.60468 25.7887 0.799999
    endloop
  endfacet
  facet normal -0 0 1
    outer loop
      vertex -2.42834 26.4718 0.799999
      vertex -2.12052 25.6261 0.799999
      vertex -1.83762 26.6581 0.799999
    endloop
  endfacet
  facet normal 0 0 1
    outer loop
      vertex -2.42834 26.4718 0.799999
      vertex -2.62023 25.4191 0.799999
      vertex -2.12052 25.6261 0.799999
    endloop
  endfacet
  facet normal -0 0 1
    outer loop
      vertex -3.00059 26.2348 0.799999
      vertex -2.62023 25.4191 0.799999
      vertex -2.42834 26.4718 0.799999
    endloop
  endfacet
  facet normal 0 0 1
    outer loop
      vertex -3.00059 26.2348 0.799999
      vertex -3.1 25.1694 0.799999
      vertex -2.62023 25.4191 0.799999
    endloop
  endfacet
  facet normal -0 0 1
    outer loop
      vertex -3.55 25.9488 0.799999
      vertex -3.1 25.1694 0.799999
      vertex -3.00059 26.2348 0.799999
    endloop
  endfacet
  facet normal 0 0 1
    outer loop
      vertex -3.55 25.9488 0.799999
      vertex -3.55617 24.8787 0.799999
      vertex -3.1 25.1694 0.799999
    endloop
  endfacet
  facet normal -0 0 1
    outer loop
      vertex -4.07239 25.616 0.799999
      vertex -3.55617 24.8787 0.799999
      vertex -3.55 25.9488 0.799999
    endloop
  endfacet
  facet normal 0 0 1
    outer loop
      vertex -3.55617 24.8787 0.799999
      vertex -4.07239 25.616 0.799999
      vertex -3.98528 24.5495 0.799999
    endloop
  endfacet
  facet normal -0 0 1
    outer loop
      vertex -4.56379 25.2389 0.799999
      vertex -3.98528 24.5495 0.799999
      vertex -4.07239 25.616 0.799999
    endloop
  endfacet
  facet normal 0 0 1
    outer loop
      vertex -3.98528 24.5495 0.799999
      vertex -4.56379 25.2389 0.799999
      vertex -4.38406 24.1841 0.799999
    endloop
  endfacet
  facet normal -0 0 1
    outer loop
      vertex -5.02046 24.8205 0.799999
      vertex -4.38406 24.1841 0.799999
      vertex -4.56379 25.2389 0.799999
    endloop
  endfacet
  facet normal 0 0 1
    outer loop
      vertex -4.38406 24.1841 0.799999
      vertex -5.02046 24.8205 0.799999
      vertex -4.74948 23.7853 0.799999
    endloop
  endfacet
  facet normal -0 0 1
    outer loop
      vertex -5.43892 24.3638 0.799999
      vertex -4.74948 23.7853 0.799999
      vertex -5.02046 24.8205 0.799999
    endloop
  endfacet
  facet normal 0 0 1
    outer loop
      vertex -4.74948 23.7853 0.799999
      vertex -5.43892 24.3638 0.799999
      vertex -5.07874 23.3562 0.799999
    endloop
  endfacet
  facet normal -0 0 1
    outer loop
      vertex -5.81598 23.8724 0.799999
      vertex -5.07874 23.3562 0.799999
      vertex -5.43892 24.3638 0.799999
    endloop
  endfacet
  facet normal 0 0 1
    outer loop
      vertex -5.07874 23.3562 0.799999
      vertex -5.81598 23.8724 0.799999
      vertex -5.36936 22.9 0.799999
    endloop
  endfacet
  facet normal -0 0 1
    outer loop
      vertex -6.14878 23.35 0.799999
      vertex -5.36936 22.9 0.799999
      vertex -5.81598 23.8724 0.799999
    endloop
  endfacet
  facet normal 0 0 1
    outer loop
      vertex -5.36936 22.9 0.799999
      vertex -6.14878 23.35 0.799999
      vertex -5.61911 22.4202 0.799999
    endloop
  endfacet
  facet normal -0 0 1
    outer loop
      vertex -6.43478 22.8006 0.799999
      vertex -5.61911 22.4202 0.799999
      vertex -6.14878 23.35 0.799999
    endloop
  endfacet
  facet normal 0 0 1
    outer loop
      vertex -5.61911 22.4202 0.799999
      vertex -6.43478 22.8006 0.799999
      vertex -5.82609 21.9205 0.799999
    endloop
  endfacet
  facet normal -0 0 1
    outer loop
      vertex -6.67182 22.2283 0.799999
      vertex -5.82609 21.9205 0.799999
      vertex -6.43478 22.8006 0.799999
    endloop
  endfacet
  facet normal 0 0 1
    outer loop
      vertex -5.82609 21.9205 0.799999
      vertex -6.67182 22.2283 0.799999
      vertex -5.98874 21.4047 0.799999
    endloop
  endfacet
  facet normal -0 0 1
    outer loop
      vertex -6.85807 21.6376 0.799999
      vertex -5.98874 21.4047 0.799999
      vertex -6.67182 22.2283 0.799999
    endloop
  endfacet
  facet normal 0 0 1
    outer loop
      vertex -5.98874 21.4047 0.799999
      vertex -6.85807 21.6376 0.799999
      vertex -6.10581 20.8766 0.799999
    endloop
  endfacet
  facet normal -0 0 1
    outer loop
      vertex 5.98874 18.1953 0.799999
      vertex 6.85807 17.9624 0.799999
      vertex 6.10581 18.7234 0.799999
    endloop
  endfacet
  facet normal 0 0 1
    outer loop
      vertex 6.85807 17.9624 0.799999
      vertex 5.98874 18.1953 0.799999
      vertex 6.67182 17.3717 0.799999
    endloop
  endfacet
  facet normal -0 0 1
    outer loop
      vertex 5.82609 17.6795 0.799999
      vertex 6.67182 17.3717 0.799999
      vertex 5.98874 18.1953 0.799999
    endloop
  endfacet
  facet normal 0 0 1
    outer loop
      vertex 6.67182 17.3717 0.799999
      vertex 5.82609 17.6795 0.799999
      vertex 6.43478 16.7994 0.799999
    endloop
  endfacet
  facet normal -0 0 1
    outer loop
      vertex 5.61911 17.1798 0.799999
      vertex 6.43478 16.7994 0.799999
      vertex 5.82609 17.6795 0.799999
    endloop
  endfacet
  facet normal 0 0 1
    outer loop
      vertex 6.43478 16.7994 0.799999
      vertex 5.61911 17.1798 0.799999
      vertex 6.14878 16.25 0.799999
    endloop
  endfacet
  facet normal -0 0 1
    outer loop
      vertex 5.36936 16.7 0.799999
      vertex 6.14878 16.25 0.799999
      vertex 5.61911 17.1798 0.799999
    endloop
  endfacet
  facet normal 0 0 1
    outer loop
      vertex 6.14878 16.25 0.799999
      vertex 5.36936 16.7 0.799999
      vertex 5.81598 15.7276 0.799999
    endloop
  endfacet
  facet normal -0 0 1
    outer loop
      vertex 5.07874 16.2438 0.799999
      vertex 5.81598 15.7276 0.799999
      vertex 5.36936 16.7 0.799999
    endloop
  endfacet
  facet normal 0 0 1
    outer loop
      vertex 5.81598 15.7276 0.799999
      vertex 5.07874 16.2438 0.799999
      vertex 5.43892 15.2362 0.799999
    endloop
  endfacet
  facet normal -0 0 1
    outer loop
      vertex 4.74948 15.8147 0.799999
      vertex 5.43892 15.2362 0.799999
      vertex 5.07874 16.2438 0.799999
    endloop
  endfacet
  facet normal 0 0 1
    outer loop
      vertex 5.43892 15.2362 0.799999
      vertex 4.74948 15.8147 0.799999
      vertex 5.02046 14.7795 0.799999
    endloop
  endfacet
  facet normal -0 0 1
    outer loop
      vertex 4.38406 15.4159 0.799999
      vertex 5.02046 14.7795 0.799999
      vertex 4.74948 15.8147 0.799999
    endloop
  endfacet
  facet normal 0 0 1
    outer loop
      vertex 5.02046 14.7795 0.799999
      vertex 4.38406 15.4159 0.799999
      vertex 4.56379 14.3611 0.799999
    endloop
  endfacet
  facet normal -0 0 1
    outer loop
      vertex 3.98528 15.0505 0.799999
      vertex 4.56379 14.3611 0.799999
      vertex 4.38406 15.4159 0.799999
    endloop
  endfacet
  facet normal 0 0 1
    outer loop
      vertex 4.56379 14.3611 0.799999
      vertex 3.98528 15.0505 0.799999
      vertex 4.07239 13.984 0.799999
    endloop
  endfacet
  facet normal -0 0 1
    outer loop
      vertex 3.55617 14.7213 0.799999
      vertex 4.07239 13.984 0.799999
      vertex 3.98528 15.0505 0.799999
    endloop
  endfacet
  facet normal 0 0 1
    outer loop
      vertex 3.55617 14.7213 0.799999
      vertex 3.55 13.6512 0.799999
      vertex 4.07239 13.984 0.799999
    endloop
  endfacet
  facet normal -0 0 1
    outer loop
      vertex 3.1 14.4306 0.799999
      vertex 3.55 13.6512 0.799999
      vertex 3.55617 14.7213 0.799999
    endloop
  endfacet
  facet normal 0 0 1
    outer loop
      vertex 3.1 14.4306 0.799999
      vertex 3.00059 13.3652 0.799999
      vertex 3.55 13.6512 0.799999
    endloop
  endfacet
  facet normal -0 0 1
    outer loop
      vertex 2.62023 14.1809 0.799999
      vertex 3.00059 13.3652 0.799999
      vertex 3.1 14.4306 0.799999
    endloop
  endfacet
  facet normal 0 0 1
    outer loop
      vertex 2.62023 14.1809 0.799999
      vertex 2.42834 13.1282 0.799999
      vertex 3.00059 13.3652 0.799999
    endloop
  endfacet
  facet normal -0 0 1
    outer loop
      vertex 2.12052 13.9739 0.799999
      vertex 2.42834 13.1282 0.799999
      vertex 2.62023 14.1809 0.799999
    endloop
  endfacet
  facet normal 0 0 1
    outer loop
      vertex 2.12052 13.9739 0.799999
      vertex 1.83762 12.9419 0.799999
      vertex 2.42834 13.1282 0.799999
    endloop
  endfacet
  facet normal -0 0 1
    outer loop
      vertex 1.60468 13.8113 0.799999
      vertex 1.83762 12.9419 0.799999
      vertex 2.12052 13.9739 0.799999
    endloop
  endfacet
  facet normal 0 0 1
    outer loop
      vertex 1.60468 13.8113 0.799999
      vertex 1.2329 12.8079 0.799999
      vertex 1.83762 12.9419 0.799999
    endloop
  endfacet
  facet normal -0 0 1
    outer loop
      vertex 1.07662 13.6942 0.799999
      vertex 1.2329 12.8079 0.799999
      vertex 1.60468 13.8113 0.799999
    endloop
  endfacet
  facet normal 0 0 1
    outer loop
      vertex 1.07662 13.6942 0.799999
      vertex 0.618805 12.727 0.799999
      vertex 1.2329 12.8079 0.799999
    endloop
  endfacet
  facet normal -0 0 1
    outer loop
      vertex 0.540365 13.6236 0.799999
      vertex 0.618805 12.727 0.799999
      vertex 1.07662 13.6942 0.799999
    endloop
  endfacet
  facet normal -0 0 1
    outer loop
      vertex 0 13.6 0.799999
      vertex 0.618805 12.727 0.799999
      vertex 0.540365 13.6236 0.799999
    endloop
  endfacet
  facet normal 0 0 1
    outer loop
      vertex 0 13.6 0.799999
      vertex 0 12.7 0.799999
      vertex 0.618805 12.727 0.799999
    endloop
  endfacet
  facet normal 0 0 1
    outer loop
      vertex -0.540365 13.6236 0.799999
      vertex 0 12.7 0.799999
      vertex 0 13.6 0.799999
    endloop
  endfacet
  facet normal 0 0 1
    outer loop
      vertex -0.540365 13.6236 0.799999
      vertex -0.618805 12.727 0.799999
      vertex 0 12.7 0.799999
    endloop
  endfacet
  facet normal 0 0 1
    outer loop
      vertex -1.07662 13.6942 0.799999
      vertex -0.618805 12.727 0.799999
      vertex -0.540365 13.6236 0.799999
    endloop
  endfacet
  facet normal 0 0 1
    outer loop
      vertex -1.07662 13.6942 0.799999
      vertex -1.2329 12.8079 0.799999
      vertex -0.618805 12.727 0.799999
    endloop
  endfacet
  facet normal 0 0 1
    outer loop
      vertex -1.60468 13.8113 0.799999
      vertex -1.2329 12.8079 0.799999
      vertex -1.07662 13.6942 0.799999
    endloop
  endfacet
  facet normal 0 0 1
    outer loop
      vertex -1.60468 13.8113 0.799999
      vertex -1.83762 12.9419 0.799999
      vertex -1.2329 12.8079 0.799999
    endloop
  endfacet
  facet normal 0 0 1
    outer loop
      vertex -2.12052 13.9739 0.799999
      vertex -1.83762 12.9419 0.799999
      vertex -1.60468 13.8113 0.799999
    endloop
  endfacet
  facet normal 0 0 1
    outer loop
      vertex -2.12052 13.9739 0.799999
      vertex -2.42834 13.1282 0.799999
      vertex -1.83762 12.9419 0.799999
    endloop
  endfacet
  facet normal 0 0 1
    outer loop
      vertex -2.62023 14.1809 0.799999
      vertex -2.42834 13.1282 0.799999
      vertex -2.12052 13.9739 0.799999
    endloop
  endfacet
  facet normal 0 0 1
    outer loop
      vertex -2.62023 14.1809 0.799999
      vertex -3.00059 13.3652 0.799999
      vertex -2.42834 13.1282 0.799999
    endloop
  endfacet
  facet normal 0 0 1
    outer loop
      vertex -3.1 14.4306 0.799999
      vertex -3.00059 13.3652 0.799999
      vertex -2.62023 14.1809 0.799999
    endloop
  endfacet
  facet normal 0 0 1
    outer loop
      vertex -3.1 14.4306 0.799999
      vertex -3.55 13.6512 0.799999
      vertex -3.00059 13.3652 0.799999
    endloop
  endfacet
  facet normal 0 0 1
    outer loop
      vertex -3.55617 14.7213 0.799999
      vertex -3.55 13.6512 0.799999
      vertex -3.1 14.4306 0.799999
    endloop
  endfacet
  facet normal 0 0 1
    outer loop
      vertex -4.07239 13.984 0.799999
      vertex -3.55617 14.7213 0.799999
      vertex -3.98528 15.0505 0.799999
    endloop
  endfacet
  facet normal 0 0 1
    outer loop
      vertex -3.55617 14.7213 0.799999
      vertex -4.07239 13.984 0.799999
      vertex -3.55 13.6512 0.799999
    endloop
  endfacet
  facet normal 0 0 1
    outer loop
      vertex -4.56379 14.3611 0.799999
      vertex -3.98528 15.0505 0.799999
      vertex -4.38406 15.4159 0.799999
    endloop
  endfacet
  facet normal 0 0 1
    outer loop
      vertex -3.98528 15.0505 0.799999
      vertex -4.56379 14.3611 0.799999
      vertex -4.07239 13.984 0.799999
    endloop
  endfacet
  facet normal 0 0 1
    outer loop
      vertex -5.02046 14.7795 0.799999
      vertex -4.38406 15.4159 0.799999
      vertex -4.74948 15.8147 0.799999
    endloop
  endfacet
  facet normal 0 0 1
    outer loop
      vertex -4.38406 15.4159 0.799999
      vertex -5.02046 14.7795 0.799999
      vertex -4.56379 14.3611 0.799999
    endloop
  endfacet
  facet normal 0 0 1
    outer loop
      vertex -5.43892 15.2362 0.799999
      vertex -4.74948 15.8147 0.799999
      vertex -5.07874 16.2438 0.799999
    endloop
  endfacet
  facet normal 0 0 1
    outer loop
      vertex -5.81598 15.7276 0.799999
      vertex -5.07874 16.2438 0.799999
      vertex -5.36936 16.7 0.799999
    endloop
  endfacet
  facet normal 0 0 1
    outer loop
      vertex -4.74948 15.8147 0.799999
      vertex -5.43892 15.2362 0.799999
      vertex -5.02046 14.7795 0.799999
    endloop
  endfacet
  facet normal 0 0 1
    outer loop
      vertex -6.14878 16.25 0.799999
      vertex -5.36936 16.7 0.799999
      vertex -5.61911 17.1798 0.799999
    endloop
  endfacet
  facet normal 0 0 1
    outer loop
      vertex -5.07874 16.2438 0.799999
      vertex -5.81598 15.7276 0.799999
      vertex -5.43892 15.2362 0.799999
    endloop
  endfacet
  facet normal 0 0 1
    outer loop
      vertex -6.43478 16.7994 0.799999
      vertex -5.61911 17.1798 0.799999
      vertex -5.82609 17.6795 0.799999
    endloop
  endfacet
  facet normal 0 0 1
    outer loop
      vertex -6.67182 17.3717 0.799999
      vertex -5.82609 17.6795 0.799999
      vertex -5.98874 18.1953 0.799999
    endloop
  endfacet
  facet normal 0 0 1
    outer loop
      vertex -6.85807 17.9624 0.799999
      vertex -5.98874 18.1953 0.799999
      vertex -6.10581 18.7234 0.799999
    endloop
  endfacet
  facet normal 0 0 1
    outer loop
      vertex -5.36936 16.7 0.799999
      vertex -6.14878 16.25 0.799999
      vertex -5.81598 15.7276 0.799999
    endloop
  endfacet
  facet normal 0 0 1
    outer loop
      vertex -6.99213 18.5671 0.799999
      vertex -6.10581 18.7234 0.799999
      vertex -6.17641 19.2596 0.799999
    endloop
  endfacet
  facet normal 0 0 1
    outer loop
      vertex -7.07298 19.1812 0.799999
      vertex -6.17641 19.2596 0.799999
      vertex -6.2 19.8 0.799999
    endloop
  endfacet
  facet normal -0 0 1
    outer loop
      vertex -6.99213 21.0329 0.799999
      vertex -6.10581 20.8766 0.799999
      vertex -6.85807 21.6376 0.799999
    endloop
  endfacet
  facet normal 0 0 1
    outer loop
      vertex -5.61911 17.1798 0.799999
      vertex -6.43478 16.7994 0.799999
      vertex -6.14878 16.25 0.799999
    endloop
  endfacet
  facet normal 0 0 1
    outer loop
      vertex -6.10581 20.8766 0.799999
      vertex -6.99213 21.0329 0.799999
      vertex -6.17641 20.3404 0.799999
    endloop
  endfacet
  facet normal 0 0 1
    outer loop
      vertex -5.82609 17.6795 0.799999
      vertex -6.67182 17.3717 0.799999
      vertex -6.43478 16.7994 0.799999
    endloop
  endfacet
  facet normal -0 0 1
    outer loop
      vertex -7.07298 20.4188 0.799999
      vertex -6.17641 20.3404 0.799999
      vertex -6.99213 21.0329 0.799999
    endloop
  endfacet
  facet normal 0 0 1
    outer loop
      vertex -5.98874 18.1953 0.799999
      vertex -6.85807 17.9624 0.799999
      vertex -6.67182 17.3717 0.799999
    endloop
  endfacet
  facet normal 0 0 1
    outer loop
      vertex -6.17641 20.3404 0.799999
      vertex -7.07298 20.4188 0.799999
      vertex -6.2 19.8 0.799999
    endloop
  endfacet
  facet normal 0 0 1
    outer loop
      vertex -6.10581 18.7234 0.799999
      vertex -6.99213 18.5671 0.799999
      vertex -6.85807 17.9624 0.799999
    endloop
  endfacet
  facet normal 0 0 1
    outer loop
      vertex -7.1 19.8 0.799999
      vertex -6.2 19.8 0.799999
      vertex -7.07298 20.4188 0.799999
    endloop
  endfacet
  facet normal 0 0 1
    outer loop
      vertex -6.17641 19.2596 0.799999
      vertex -7.07298 19.1812 0.799999
      vertex -6.99213 18.5671 0.799999
    endloop
  endfacet
  facet normal 0 0 1
    outer loop
      vertex -6.2 19.8 0.799999
      vertex -7.1 19.8 0.799999
      vertex -7.07298 19.1812 0.799999
    endloop
  endfacet
  facet normal 0.13061 0.991434 -0
    outer loop
      vertex -0.618805 12.727 0.799999
      vertex -1.2329 12.8079 3.3
      vertex -0.618805 12.727 3.3
    endloop
  endfacet
  facet normal 0.13061 0.991434 0
    outer loop
      vertex -1.2329 12.8079 3.3
      vertex -0.618805 12.727 0.799999
      vertex -1.2329 12.8079 0.799999
    endloop
  endfacet
  facet normal 0.537301 0.843391 -0
    outer loop
      vertex -3.55 13.6512 0.799999
      vertex -4.07239 13.984 3.3
      vertex -3.55 13.6512 3.3
    endloop
  endfacet
  facet normal 0.537301 0.843391 0
    outer loop
      vertex -4.07239 13.984 3.3
      vertex -3.55 13.6512 0.799999
      vertex -4.07239 13.984 0.799999
    endloop
  endfacet
  facet normal -0.991443 -0.130541 0
    outer loop
      vertex 6.17641 20.3404 0
      vertex 6.10581 20.8766 0.799999
      vertex 6.10581 20.8766 0
    endloop
  endfacet
  facet normal -0.991443 -0.130541 0
    outer loop
      vertex 6.10581 20.8766 0.799999
      vertex 6.17641 20.3404 0
      vertex 6.17641 20.3404 0.799999
    endloop
  endfacet
  facet normal -0.999049 -0.0436113 0
    outer loop
      vertex 6.2 19.8 0
      vertex 6.17641 20.3404 0.799999
      vertex 6.17641 20.3404 0
    endloop
  endfacet
  facet normal -0.999049 -0.0436113 0
    outer loop
      vertex 6.17641 20.3404 0.799999
      vertex 6.2 19.8 0
      vertex 6.2 19.8 0.799999
    endloop
  endfacet
  facet normal -0.976299 -0.216427 0
    outer loop
      vertex 6.10581 20.8766 0
      vertex 5.98874 21.4047 0.799999
      vertex 5.98874 21.4047 0
    endloop
  endfacet
  facet normal -0.976299 -0.216427 0
    outer loop
      vertex 5.98874 21.4047 0.799999
      vertex 6.10581 20.8766 0
      vertex 6.10581 20.8766 0.799999
    endloop
  endfacet
  facet normal -0.216496 -0.976284 0
    outer loop
      vertex 1.07662 25.9058 0
      vertex 1.60468 25.7887 0.799999
      vertex 1.07662 25.9058 0.799999
    endloop
  endfacet
  facet normal -0.216496 -0.976284 -0
    outer loop
      vertex 1.60468 25.7887 0.799999
      vertex 1.07662 25.9058 0
      vertex 1.60468 25.7887 0
    endloop
  endfacet
  facet normal -0.843401 0.537285 0
    outer loop
      vertex 5.07874 16.2438 0
      vertex 5.36936 16.7 0.799999
      vertex 5.36936 16.7 0
    endloop
  endfacet
  facet normal -0.843401 0.537285 0
    outer loop
      vertex 5.36936 16.7 0.799999
      vertex 5.07874 16.2438 0
      vertex 5.07874 16.2438 0.799999
    endloop
  endfacet
  facet normal 0.382704 0.923871 -0
    outer loop
      vertex -2.12052 13.9739 0
      vertex -2.62023 14.1809 0.799999
      vertex -2.12052 13.9739 0.799999
    endloop
  endfacet
  facet normal 0.382704 0.923871 0
    outer loop
      vertex -2.62023 14.1809 0.799999
      vertex -2.12052 13.9739 0
      vertex -2.62023 14.1809 0
    endloop
  endfacet
  facet normal -0.976299 0.216427 0
    outer loop
      vertex 5.98874 18.1953 0
      vertex 6.10581 18.7234 0.799999
      vertex 6.10581 18.7234 0
    endloop
  endfacet
  facet normal -0.976299 0.216427 0
    outer loop
      vertex 6.10581 18.7234 0.799999
      vertex 5.98874 18.1953 0
      vertex 5.98874 18.1953 0.799999
    endloop
  endfacet
  facet normal 0.991443 -0.130541 0
    outer loop
      vertex -6.17641 20.3404 0.799999
      vertex -6.10581 20.8766 0
      vertex -6.10581 20.8766 0.799999
    endloop
  endfacet
  facet normal 0.991443 -0.130541 0
    outer loop
      vertex -6.10581 20.8766 0
      vertex -6.17641 20.3404 0.799999
      vertex -6.17641 20.3404 0
    endloop
  endfacet
  facet normal -0.130527 0.991445 0
    outer loop
      vertex 1.07662 13.6942 0
      vertex 0.540365 13.6236 0.799999
      vertex 1.07662 13.6942 0.799999
    endloop
  endfacet
  facet normal -0.130527 0.991445 0
    outer loop
      vertex 0.540365 13.6236 0.799999
      vertex 1.07662 13.6942 0
      vertex 0.540365 13.6236 0
    endloop
  endfacet
  facet normal 0.608683 0.793414 -0
    outer loop
      vertex -3.55617 14.7213 0
      vertex -3.98528 15.0505 0.799999
      vertex -3.55617 14.7213 0.799999
    endloop
  endfacet
  facet normal 0.608683 0.793414 0
    outer loop
      vertex -3.98528 15.0505 0.799999
      vertex -3.55617 14.7213 0
      vertex -3.98528 15.0505 0
    endloop
  endfacet
  facet normal -0.300632 -0.95374 0
    outer loop
      vertex 1.60468 25.7887 0
      vertex 2.12052 25.6261 0.799999
      vertex 1.60468 25.7887 0.799999
    endloop
  endfacet
  facet normal -0.300632 -0.95374 -0
    outer loop
      vertex 2.12052 25.6261 0.799999
      vertex 1.60468 25.7887 0
      vertex 2.12052 25.6261 0
    endloop
  endfacet
  facet normal 0.737289 -0.675577 0
    outer loop
      vertex -4.74948 23.7853 0.799999
      vertex -4.38406 24.1841 0
      vertex -4.38406 24.1841 0.799999
    endloop
  endfacet
  facet normal 0.737289 -0.675577 0
    outer loop
      vertex -4.38406 24.1841 0
      vertex -4.74948 23.7853 0.799999
      vertex -4.74948 23.7853 0
    endloop
  endfacet
  facet normal 0.953707 -0.300738 0
    outer loop
      vertex -5.98874 21.4047 0.799999
      vertex -5.82609 21.9205 0
      vertex -5.82609 21.9205 0.799999
    endloop
  endfacet
  facet normal 0.953707 -0.300738 0
    outer loop
      vertex -5.82609 21.9205 0
      vertex -5.98874 21.4047 0.799999
      vertex -5.98874 21.4047 0
    endloop
  endfacet
  facet normal 0.843401 0.537285 0
    outer loop
      vertex -5.07874 16.2438 0.799999
      vertex -5.36936 16.7 0
      vertex -5.36936 16.7 0.799999
    endloop
  endfacet
  facet normal 0.843401 0.537285 0
    outer loop
      vertex -5.36936 16.7 0
      vertex -5.07874 16.2438 0.799999
      vertex -5.07874 16.2438 0
    endloop
  endfacet
  facet normal 0.675576 0.737291 -0
    outer loop
      vertex -3.98528 15.0505 0
      vertex -4.38406 15.4159 0.799999
      vertex -3.98528 15.0505 0.799999
    endloop
  endfacet
  facet normal 0.675576 0.737291 0
    outer loop
      vertex -4.38406 15.4159 0.799999
      vertex -3.98528 15.0505 0
      vertex -4.38406 15.4159 0
    endloop
  endfacet
  facet normal 0.537415 -0.843318 0
    outer loop
      vertex -3.55617 24.8787 0
      vertex -3.1 25.1694 0.799999
      vertex -3.55617 24.8787 0.799999
    endloop
  endfacet
  facet normal 0.537415 -0.843318 0
    outer loop
      vertex -3.1 25.1694 0.799999
      vertex -3.55617 24.8787 0
      vertex -3.1 25.1694 0
    endloop
  endfacet
  facet normal -0.793353 0.608761 0
    outer loop
      vertex 4.74948 15.8147 0
      vertex 5.07874 16.2438 0.799999
      vertex 5.07874 16.2438 0
    endloop
  endfacet
  facet normal -0.793353 0.608761 0
    outer loop
      vertex 5.07874 16.2438 0.799999
      vertex 4.74948 15.8147 0
      vertex 4.74948 15.8147 0.799999
    endloop
  endfacet
  facet normal -0.608683 0.793414 0
    outer loop
      vertex 3.98528 15.0505 0
      vertex 3.55617 14.7213 0.799999
      vertex 3.98528 15.0505 0.799999
    endloop
  endfacet
  facet normal -0.608683 0.793414 0
    outer loop
      vertex 3.55617 14.7213 0.799999
      vertex 3.98528 15.0505 0
      vertex 3.55617 14.7213 0
    endloop
  endfacet
  facet normal 0.976299 -0.216427 0
    outer loop
      vertex -6.10581 20.8766 0.799999
      vertex -5.98874 21.4047 0
      vertex -5.98874 21.4047 0.799999
    endloop
  endfacet
  facet normal 0.976299 -0.216427 0
    outer loop
      vertex -5.98874 21.4047 0
      vertex -6.10581 20.8766 0.799999
      vertex -6.10581 20.8766 0
    endloop
  endfacet
  facet normal -0.991443 0.130541 0
    outer loop
      vertex 6.10581 18.7234 0
      vertex 6.17641 19.2596 0.799999
      vertex 6.17641 19.2596 0
    endloop
  endfacet
  facet normal -0.991443 0.130541 0
    outer loop
      vertex 6.17641 19.2596 0.799999
      vertex 6.10581 18.7234 0
      vertex 6.10581 18.7234 0.799999
    endloop
  endfacet
  facet normal -0.537415 -0.843318 0
    outer loop
      vertex 3.1 25.1694 0
      vertex 3.55617 24.8787 0.799999
      vertex 3.1 25.1694 0.799999
    endloop
  endfacet
  facet normal -0.537415 -0.843318 -0
    outer loop
      vertex 3.55617 24.8787 0.799999
      vertex 3.1 25.1694 0
      vertex 3.55617 24.8787 0
    endloop
  endfacet
  facet normal 0.976299 0.216427 0
    outer loop
      vertex -5.98874 18.1953 0.799999
      vertex -6.10581 18.7234 0
      vertex -6.10581 18.7234 0.799999
    endloop
  endfacet
  facet normal 0.976299 0.216427 0
    outer loop
      vertex -6.10581 18.7234 0
      vertex -5.98874 18.1953 0.799999
      vertex -5.98874 18.1953 0
    endloop
  endfacet
  facet normal -0.300632 0.95374 0
    outer loop
      vertex 2.12052 13.9739 0
      vertex 1.60468 13.8113 0.799999
      vertex 2.12052 13.9739 0.799999
    endloop
  endfacet
  facet normal -0.300632 0.95374 0
    outer loop
      vertex 1.60468 13.8113 0.799999
      vertex 2.12052 13.9739 0
      vertex 1.60468 13.8113 0
    endloop
  endfacet
  facet normal -0.843401 -0.537285 0
    outer loop
      vertex 5.36936 22.9 0
      vertex 5.07874 23.3562 0.799999
      vertex 5.07874 23.3562 0
    endloop
  endfacet
  facet normal -0.843401 -0.537285 0
    outer loop
      vertex 5.07874 23.3562 0.799999
      vertex 5.36936 22.9 0
      vertex 5.36936 22.9 0.799999
    endloop
  endfacet
  facet normal 0.793353 -0.608761 0
    outer loop
      vertex -5.07874 23.3562 0.799999
      vertex -4.74948 23.7853 0
      vertex -4.74948 23.7853 0.799999
    endloop
  endfacet
  facet normal 0.793353 -0.608761 0
    outer loop
      vertex -4.74948 23.7853 0
      vertex -5.07874 23.3562 0.799999
      vertex -5.07874 23.3562 0
    endloop
  endfacet
  facet normal -0.382704 0.923871 0
    outer loop
      vertex 2.62023 14.1809 0
      vertex 2.12052 13.9739 0.799999
      vertex 2.62023 14.1809 0.799999
    endloop
  endfacet
  facet normal -0.382704 0.923871 0
    outer loop
      vertex 2.12052 13.9739 0.799999
      vertex 2.62023 14.1809 0
      vertex 2.12052 13.9739 0
    endloop
  endfacet
  facet normal -0.953707 -0.300738 0
    outer loop
      vertex 5.98874 21.4047 0
      vertex 5.82609 21.9205 0.799999
      vertex 5.82609 21.9205 0
    endloop
  endfacet
  facet normal -0.953707 -0.300738 0
    outer loop
      vertex 5.82609 21.9205 0.799999
      vertex 5.98874 21.4047 0
      vertex 5.98874 21.4047 0.799999
    endloop
  endfacet
  facet normal 0.608683 -0.793414 0
    outer loop
      vertex -3.98528 24.5495 0
      vertex -3.55617 24.8787 0.799999
      vertex -3.98528 24.5495 0.799999
    endloop
  endfacet
  facet normal 0.608683 -0.793414 0
    outer loop
      vertex -3.55617 24.8787 0.799999
      vertex -3.98528 24.5495 0
      vertex -3.55617 24.8787 0
    endloop
  endfacet
  facet normal 0.793353 0.608761 0
    outer loop
      vertex -4.74948 15.8147 0.799999
      vertex -5.07874 16.2438 0
      vertex -5.07874 16.2438 0.799999
    endloop
  endfacet
  facet normal 0.793353 0.608761 0
    outer loop
      vertex -5.07874 16.2438 0
      vertex -4.74948 15.8147 0.799999
      vertex -4.74948 15.8147 0
    endloop
  endfacet
  facet normal 0.130527 -0.991445 0
    outer loop
      vertex -1.07662 25.9058 0
      vertex -0.540365 25.9764 0.799999
      vertex -1.07662 25.9058 0.799999
    endloop
  endfacet
  facet normal 0.130527 -0.991445 0
    outer loop
      vertex -0.540365 25.9764 0.799999
      vertex -1.07662 25.9058 0
      vertex -0.540365 25.9764 0
    endloop
  endfacet
  facet normal 0.382704 -0.923871 0
    outer loop
      vertex -2.62023 25.4191 0
      vertex -2.12052 25.6261 0.799999
      vertex -2.62023 25.4191 0.799999
    endloop
  endfacet
  facet normal 0.382704 -0.923871 0
    outer loop
      vertex -2.12052 25.6261 0.799999
      vertex -2.62023 25.4191 0
      vertex -2.12052 25.6261 0
    endloop
  endfacet
  facet normal 0.675576 -0.737291 0
    outer loop
      vertex -4.38406 24.1841 0
      vertex -3.98528 24.5495 0.799999
      vertex -4.38406 24.1841 0.799999
    endloop
  endfacet
  facet normal 0.675576 -0.737291 0
    outer loop
      vertex -3.98528 24.5495 0.799999
      vertex -4.38406 24.1841 0
      vertex -3.98528 24.5495 0
    endloop
  endfacet
  facet normal -0.999049 0.0436113 0
    outer loop
      vertex 6.17641 19.2596 0
      vertex 6.2 19.8 0.799999
      vertex 6.2 19.8 0
    endloop
  endfacet
  facet normal -0.999049 0.0436113 0
    outer loop
      vertex 6.2 19.8 0.799999
      vertex 6.17641 19.2596 0
      vertex 6.17641 19.2596 0.799999
    endloop
  endfacet
  facet normal 0.300632 0.95374 -0
    outer loop
      vertex -1.60468 13.8113 0
      vertex -2.12052 13.9739 0.799999
      vertex -1.60468 13.8113 0.799999
    endloop
  endfacet
  facet normal 0.300632 0.95374 0
    outer loop
      vertex -2.12052 13.9739 0.799999
      vertex -1.60468 13.8113 0
      vertex -2.12052 13.9739 0
    endloop
  endfacet
  facet normal 0.923881 -0.382679 0
    outer loop
      vertex -5.82609 21.9205 0.799999
      vertex -5.61911 22.4202 0
      vertex -5.61911 22.4202 0.799999
    endloop
  endfacet
  facet normal 0.923881 -0.382679 0
    outer loop
      vertex -5.61911 22.4202 0
      vertex -5.82609 21.9205 0.799999
      vertex -5.82609 21.9205 0
    endloop
  endfacet
  facet normal 0.887025 -0.461722 0
    outer loop
      vertex -5.61911 22.4202 0.799999
      vertex -5.36936 22.9 0
      vertex -5.36936 22.9 0.799999
    endloop
  endfacet
  facet normal 0.887025 -0.461722 0
    outer loop
      vertex -5.36936 22.9 0
      vertex -5.61911 22.4202 0.799999
      vertex -5.61911 22.4202 0
    endloop
  endfacet
  facet normal -0.461672 0.887051 0
    outer loop
      vertex 3.1 14.4306 0
      vertex 2.62023 14.1809 0.799999
      vertex 3.1 14.4306 0.799999
    endloop
  endfacet
  facet normal -0.461672 0.887051 0
    outer loop
      vertex 2.62023 14.1809 0.799999
      vertex 3.1 14.4306 0
      vertex 2.62023 14.1809 0
    endloop
  endfacet
  facet normal 0.953707 0.300738 0
    outer loop
      vertex -5.82609 17.6795 0.799999
      vertex -5.98874 18.1953 0
      vertex -5.98874 18.1953 0.799999
    endloop
  endfacet
  facet normal 0.953707 0.300738 0
    outer loop
      vertex -5.98874 18.1953 0
      vertex -5.82609 17.6795 0.799999
      vertex -5.82609 17.6795 0
    endloop
  endfacet
  facet normal -0.461672 -0.887051 0
    outer loop
      vertex 2.62023 25.4191 0
      vertex 3.1 25.1694 0.799999
      vertex 2.62023 25.4191 0.799999
    endloop
  endfacet
  facet normal -0.461672 -0.887051 -0
    outer loop
      vertex 3.1 25.1694 0.799999
      vertex 2.62023 25.4191 0
      vertex 3.1 25.1694 0
    endloop
  endfacet
  facet normal 0.216496 -0.976284 0
    outer loop
      vertex -1.60468 25.7887 0
      vertex -1.07662 25.9058 0.799999
      vertex -1.60468 25.7887 0.799999
    endloop
  endfacet
  facet normal 0.216496 -0.976284 0
    outer loop
      vertex -1.07662 25.9058 0.799999
      vertex -1.60468 25.7887 0
      vertex -1.07662 25.9058 0
    endloop
  endfacet
  facet normal -0.0436326 0.999048 0
    outer loop
      vertex 0.540365 13.6236 0
      vertex 0 13.6 0.799999
      vertex 0.540365 13.6236 0.799999
    endloop
  endfacet
  facet normal -0.0436326 0.999048 0
    outer loop
      vertex 0 13.6 0.799999
      vertex 0.540365 13.6236 0
      vertex 0 13.6 0
    endloop
  endfacet
  facet normal -0.887025 0.461722 0
    outer loop
      vertex 5.36936 16.7 0
      vertex 5.61911 17.1798 0.799999
      vertex 5.61911 17.1798 0
    endloop
  endfacet
  facet normal -0.887025 0.461722 0
    outer loop
      vertex 5.61911 17.1798 0.799999
      vertex 5.36936 16.7 0
      vertex 5.36936 16.7 0.799999
    endloop
  endfacet
  facet normal -0.793353 -0.608761 0
    outer loop
      vertex 5.07874 23.3562 0
      vertex 4.74948 23.7853 0.799999
      vertex 4.74948 23.7853 0
    endloop
  endfacet
  facet normal -0.793353 -0.608761 0
    outer loop
      vertex 4.74948 23.7853 0.799999
      vertex 5.07874 23.3562 0
      vertex 5.07874 23.3562 0.799999
    endloop
  endfacet
  facet normal -0.953707 0.300738 0
    outer loop
      vertex 5.82609 17.6795 0
      vertex 5.98874 18.1953 0.799999
      vertex 5.98874 18.1953 0
    endloop
  endfacet
  facet normal -0.953707 0.300738 0
    outer loop
      vertex 5.98874 18.1953 0.799999
      vertex 5.82609 17.6795 0
      vertex 5.82609 17.6795 0.799999
    endloop
  endfacet
  facet normal -0.382704 -0.923871 0
    outer loop
      vertex 2.12052 25.6261 0
      vertex 2.62023 25.4191 0.799999
      vertex 2.12052 25.6261 0.799999
    endloop
  endfacet
  facet normal -0.382704 -0.923871 -0
    outer loop
      vertex 2.62023 25.4191 0.799999
      vertex 2.12052 25.6261 0
      vertex 2.62023 25.4191 0
    endloop
  endfacet
  facet normal -0.675576 0.737291 0
    outer loop
      vertex 4.38406 15.4159 0
      vertex 3.98528 15.0505 0.799999
      vertex 4.38406 15.4159 0.799999
    endloop
  endfacet
  facet normal -0.675576 0.737291 0
    outer loop
      vertex 3.98528 15.0505 0.799999
      vertex 4.38406 15.4159 0
      vertex 3.98528 15.0505 0
    endloop
  endfacet
  facet normal 0.130527 0.991445 -0
    outer loop
      vertex -0.540365 13.6236 0
      vertex -1.07662 13.6942 0.799999
      vertex -0.540365 13.6236 0.799999
    endloop
  endfacet
  facet normal 0.130527 0.991445 0
    outer loop
      vertex -1.07662 13.6942 0.799999
      vertex -0.540365 13.6236 0
      vertex -1.07662 13.6942 0
    endloop
  endfacet
  facet normal 0.843401 -0.537285 0
    outer loop
      vertex -5.36936 22.9 0.799999
      vertex -5.07874 23.3562 0
      vertex -5.07874 23.3562 0.799999
    endloop
  endfacet
  facet normal 0.843401 -0.537285 0
    outer loop
      vertex -5.07874 23.3562 0
      vertex -5.36936 22.9 0.799999
      vertex -5.36936 22.9 0
    endloop
  endfacet
  facet normal -0.923881 -0.382679 0
    outer loop
      vertex 5.82609 21.9205 0
      vertex 5.61911 22.4202 0.799999
      vertex 5.61911 22.4202 0
    endloop
  endfacet
  facet normal -0.923881 -0.382679 0
    outer loop
      vertex 5.61911 22.4202 0.799999
      vertex 5.82609 21.9205 0
      vertex 5.82609 21.9205 0.799999
    endloop
  endfacet
  facet normal -0.737289 -0.675577 0
    outer loop
      vertex 4.74948 23.7853 0
      vertex 4.38406 24.1841 0.799999
      vertex 4.38406 24.1841 0
    endloop
  endfacet
  facet normal -0.737289 -0.675577 0
    outer loop
      vertex 4.38406 24.1841 0.799999
      vertex 4.74948 23.7853 0
      vertex 4.74948 23.7853 0.799999
    endloop
  endfacet
  facet normal 0.923881 0.382679 0
    outer loop
      vertex -5.61911 17.1798 0.799999
      vertex -5.82609 17.6795 0
      vertex -5.82609 17.6795 0.799999
    endloop
  endfacet
  facet normal 0.923881 0.382679 0
    outer loop
      vertex -5.82609 17.6795 0
      vertex -5.61911 17.1798 0.799999
      vertex -5.61911 17.1798 0
    endloop
  endfacet
  facet normal -0.887025 -0.461722 0
    outer loop
      vertex 5.61911 22.4202 0
      vertex 5.36936 22.9 0.799999
      vertex 5.36936 22.9 0
    endloop
  endfacet
  facet normal -0.887025 -0.461722 0
    outer loop
      vertex 5.36936 22.9 0.799999
      vertex 5.61911 22.4202 0
      vertex 5.61911 22.4202 0.799999
    endloop
  endfacet
  facet normal 0.461672 -0.887051 0
    outer loop
      vertex -3.1 25.1694 0
      vertex -2.62023 25.4191 0.799999
      vertex -3.1 25.1694 0.799999
    endloop
  endfacet
  facet normal 0.461672 -0.887051 0
    outer loop
      vertex -2.62023 25.4191 0.799999
      vertex -3.1 25.1694 0
      vertex -2.62023 25.4191 0
    endloop
  endfacet
  facet normal 0.887025 0.461722 0
    outer loop
      vertex -5.36936 16.7 0.799999
      vertex -5.61911 17.1798 0
      vertex -5.61911 17.1798 0.799999
    endloop
  endfacet
  facet normal 0.887025 0.461722 0
    outer loop
      vertex -5.61911 17.1798 0
      vertex -5.36936 16.7 0.799999
      vertex -5.36936 16.7 0
    endloop
  endfacet
  facet normal -0.608683 -0.793414 0
    outer loop
      vertex 3.55617 24.8787 0
      vertex 3.98528 24.5495 0.799999
      vertex 3.55617 24.8787 0.799999
    endloop
  endfacet
  facet normal -0.608683 -0.793414 -0
    outer loop
      vertex 3.98528 24.5495 0.799999
      vertex 3.55617 24.8787 0
      vertex 3.98528 24.5495 0
    endloop
  endfacet
  facet normal 0.300632 -0.95374 0
    outer loop
      vertex -2.12052 25.6261 0
      vertex -1.60468 25.7887 0.799999
      vertex -2.12052 25.6261 0.799999
    endloop
  endfacet
  facet normal 0.300632 -0.95374 0
    outer loop
      vertex -1.60468 25.7887 0.799999
      vertex -2.12052 25.6261 0
      vertex -1.60468 25.7887 0
    endloop
  endfacet
  facet normal 0.999049 0.0436113 0
    outer loop
      vertex -6.17641 19.2596 0.799999
      vertex -6.2 19.8 0
      vertex -6.2 19.8 0.799999
    endloop
  endfacet
  facet normal 0.999049 0.0436113 0
    outer loop
      vertex -6.2 19.8 0
      vertex -6.17641 19.2596 0.799999
      vertex -6.17641 19.2596 0
    endloop
  endfacet
  facet normal 0.216496 0.976284 -0
    outer loop
      vertex -1.07662 13.6942 0
      vertex -1.60468 13.8113 0.799999
      vertex -1.07662 13.6942 0.799999
    endloop
  endfacet
  facet normal 0.216496 0.976284 0
    outer loop
      vertex -1.60468 13.8113 0.799999
      vertex -1.07662 13.6942 0
      vertex -1.60468 13.8113 0
    endloop
  endfacet
  facet normal 0.0436326 -0.999048 0
    outer loop
      vertex -0.540365 25.9764 0
      vertex 0 26 0.799999
      vertex -0.540365 25.9764 0.799999
    endloop
  endfacet
  facet normal 0.0436326 -0.999048 0
    outer loop
      vertex 0 26 0.799999
      vertex -0.540365 25.9764 0
      vertex 0 26 0
    endloop
  endfacet
  facet normal 0.537415 0.843318 -0
    outer loop
      vertex -3.1 14.4306 0
      vertex -3.55617 14.7213 0.799999
      vertex -3.1 14.4306 0.799999
    endloop
  endfacet
  facet normal 0.537415 0.843318 0
    outer loop
      vertex -3.55617 14.7213 0.799999
      vertex -3.1 14.4306 0
      vertex -3.55617 14.7213 0
    endloop
  endfacet
  facet normal -0.537415 0.843318 0
    outer loop
      vertex 3.55617 14.7213 0
      vertex 3.1 14.4306 0.799999
      vertex 3.55617 14.7213 0.799999
    endloop
  endfacet
  facet normal -0.537415 0.843318 0
    outer loop
      vertex 3.1 14.4306 0.799999
      vertex 3.55617 14.7213 0
      vertex 3.1 14.4306 0
    endloop
  endfacet
  facet normal -0.216496 0.976284 0
    outer loop
      vertex 1.60468 13.8113 0
      vertex 1.07662 13.6942 0.799999
      vertex 1.60468 13.8113 0.799999
    endloop
  endfacet
  facet normal -0.216496 0.976284 0
    outer loop
      vertex 1.07662 13.6942 0.799999
      vertex 1.60468 13.8113 0
      vertex 1.07662 13.6942 0
    endloop
  endfacet
  facet normal 0.737289 0.675577 0
    outer loop
      vertex -4.38406 15.4159 0.799999
      vertex -4.74948 15.8147 0
      vertex -4.74948 15.8147 0.799999
    endloop
  endfacet
  facet normal 0.737289 0.675577 0
    outer loop
      vertex -4.74948 15.8147 0
      vertex -4.38406 15.4159 0.799999
      vertex -4.38406 15.4159 0
    endloop
  endfacet
  facet normal -0.923881 0.382679 0
    outer loop
      vertex 5.61911 17.1798 0
      vertex 5.82609 17.6795 0.799999
      vertex 5.82609 17.6795 0
    endloop
  endfacet
  facet normal -0.923881 0.382679 0
    outer loop
      vertex 5.82609 17.6795 0.799999
      vertex 5.61911 17.1798 0
      vertex 5.61911 17.1798 0.799999
    endloop
  endfacet
  facet normal -0.130527 -0.991445 0
    outer loop
      vertex 0.540365 25.9764 0
      vertex 1.07662 25.9058 0.799999
      vertex 0.540365 25.9764 0.799999
    endloop
  endfacet
  facet normal -0.130527 -0.991445 -0
    outer loop
      vertex 1.07662 25.9058 0.799999
      vertex 0.540365 25.9764 0
      vertex 1.07662 25.9058 0
    endloop
  endfacet
  facet normal -0.0436326 -0.999048 0
    outer loop
      vertex 0 26 0
      vertex 0.540365 25.9764 0.799999
      vertex 0 26 0.799999
    endloop
  endfacet
  facet normal -0.0436326 -0.999048 -0
    outer loop
      vertex 0.540365 25.9764 0.799999
      vertex 0 26 0
      vertex 0.540365 25.9764 0
    endloop
  endfacet
  facet normal 0.461672 0.887051 -0
    outer loop
      vertex -2.62023 14.1809 0
      vertex -3.1 14.4306 0.799999
      vertex -2.62023 14.1809 0.799999
    endloop
  endfacet
  facet normal 0.461672 0.887051 0
    outer loop
      vertex -3.1 14.4306 0.799999
      vertex -2.62023 14.1809 0
      vertex -3.1 14.4306 0
    endloop
  endfacet
  facet normal -0.675576 -0.737291 0
    outer loop
      vertex 3.98528 24.5495 0
      vertex 4.38406 24.1841 0.799999
      vertex 3.98528 24.5495 0.799999
    endloop
  endfacet
  facet normal -0.675576 -0.737291 -0
    outer loop
      vertex 4.38406 24.1841 0.799999
      vertex 3.98528 24.5495 0
      vertex 4.38406 24.1841 0
    endloop
  endfacet
  facet normal 0.0436326 0.999048 -0
    outer loop
      vertex 0 13.6 0
      vertex -0.540365 13.6236 0.799999
      vertex 0 13.6 0.799999
    endloop
  endfacet
  facet normal 0.0436326 0.999048 0
    outer loop
      vertex -0.540365 13.6236 0.799999
      vertex 0 13.6 0
      vertex -0.540365 13.6236 0
    endloop
  endfacet
  facet normal 0.991443 0.130541 0
    outer loop
      vertex -6.10581 18.7234 0.799999
      vertex -6.17641 19.2596 0
      vertex -6.17641 19.2596 0.799999
    endloop
  endfacet
  facet normal 0.991443 0.130541 0
    outer loop
      vertex -6.17641 19.2596 0
      vertex -6.10581 18.7234 0.799999
      vertex -6.10581 18.7234 0
    endloop
  endfacet
  facet normal 0.999049 -0.0436113 0
    outer loop
      vertex -6.2 19.8 0.799999
      vertex -6.17641 20.3404 0
      vertex -6.17641 20.3404 0.799999
    endloop
  endfacet
  facet normal 0.999049 -0.0436113 0
    outer loop
      vertex -6.17641 20.3404 0
      vertex -6.2 19.8 0.799999
      vertex -6.2 19.8 0
    endloop
  endfacet
  facet normal -0.737289 0.675577 0
    outer loop
      vertex 4.38406 15.4159 0
      vertex 4.74948 15.8147 0.799999
      vertex 4.74948 15.8147 0
    endloop
  endfacet
  facet normal -0.737289 0.675577 0
    outer loop
      vertex 4.74948 15.8147 0.799999
      vertex 4.38406 15.4159 0
      vertex 4.38406 15.4159 0.799999
    endloop
  endfacet
endsolid OpenSCAD_Model
